age,gender,region,income,tenure_months,monthly_spend,website_visits,support_tickets,email_click_rate,loyalty_score,campaign_type,discount_used,last_campaign_days,churn,Predicted_Churn,Probability
22,Female,North,33740.49,18,72.65,5,3,0.045,50.9,Ads,1,37,1,0,0.445
33,Female,East,90159.01,95,19.46,4,1,0.326,20.9,SMS,0,151,0,0,0.36
62,Male,North,52988.85,50,92.56,9,0,0.526,47.7,Social Media,1,76,1,0,0.495
21,Male,North,59750.19,26,163.39,7,2,0.288,68.1,SMS,0,52,1,1,0.865
41,Female,West,72827.63,80,61.58,7,2,0.225,49.0,Social Media,0,165,0,1,0.77
27,Other,South,49255.64,99,143.88,11,1,0.261,61.4,Social Media,0,71,1,1,0.77
39,Male,North,65174.12,110,160.1,9,0,0.295,49.6,SMS,1,131,1,1,0.92
57,Female,South,74460.04,113,123.44,5,4,0.377,71.1,Social Media,0,110,1,1,0.81
59,Female,North,96940.99,1,59.93,10,2,0.074,86.6,Social Media,1,163,1,1,0.775
46,Male,West,81585.42,36,40.53,6,2,0.21,49.0,SMS,0,120,0,1,0.515
61,Female,West,53398.93,85,83.97,9,2,0.117,47.8,Ads,1,71,1,0,0.44
73,Female,South,86572.24,66,117.63,9,1,0.108,49.6,Social Media,0,157,1,1,0.945
59,Male,North,49006.81,22,106.37,5,2,0.084,56.6,Email,0,35,1,1,0.72
71,Female,West,85336.94,69,58.19,8,4,0.435,63.0,Social Media,0,11,0,0,0.105
23,Female,East,29269.66,18,56.06,6,1,0.54,57.1,Email,0,67,1,0,0.29
44,Female,North,77427.92,63,97.34,7,0,0.039,87.6,SMS,1,24,0,0,0.365
60,Male,East,64193.07,35,78.65,5,2,0.459,63.9,SMS,0,97,0,1,0.68
42,Female,North,28851.98,38,98.63,7,4,0.398,70.3,SMS,1,21,0,0,0.385
40,Male,West,45822.22,45,63.25,14,4,0.496,39.8,Social Media,0,43,0,0,0.195
23,Female,East,46524.36,72,25.43,9,2,0.35,66.6,Social Media,0,104,0,0,0.11
55,Male,West,81091.26,42,41.28,3,2,0.138,56.4,Ads,0,162,1,1,0.74
27,Female,South,72939.34,78,34.91,8,1,0.285,63.1,Ads,0,96,0,0,0.1
66,Female,East,69299.9,115,119.79,11,2,0.372,52.0,Social Media,0,122,1,1,0.85
64,Male,South,52708.46,80,95.77,7,1,0.496,57.5,Social Media,1,47,0,0,0.245
37,Male,West,29766.33,96,27.53,6,0,0.504,39.0,Social Media,1,71,0,0,0.07
49,Female,West,76026.63,104,44.53,11,2,0.296,36.6,SMS,0,52,0,0,0.05
20,Other,North,66119.12,45,45.79,6,2,0.343,41.2,SMS,0,105,1,0,0.395
34,Male,North,38871.32,70,109.22,8,0,0.65,50.4,Ads,0,166,1,1,0.88
42,Male,East,94385.78,46,38.09,7,0,0.465,70.2,SMS,1,144,0,0,0.48
31,Female,South,60583.69,1,66.12,7,0,0.416,70.0,Ads,1,173,1,1,0.8
49,Female,East,70425.55,34,18.22,4,0,0.142,74.4,Social Media,0,170,1,0,0.47
33,Female,North,64263.58,36,74.44,6,1,0.251,62.3,Email,0,55,0,0,0.4
32,Female,East,87062.35,47,45.08,10,2,0.22,51.7,Ads,0,139,0,1,0.51
49,Male,South,67916.09,20,75.54,8,0,0.163,51.7,Ads,1,87,1,1,0.71
43,Female,North,45509.15,1,96.96,7,0,0.09,78.1,Social Media,0,166,1,1,0.96
43,Female,South,52432.26,62,119.95,4,1,0.107,36.3,Social Media,1,90,1,1,0.955
45,Male,South,76515.78,70,77.93,5,3,0.46,56.3,SMS,0,66,1,0,0.33
42,Male,South,46471.7,40,91.4,13,0,0.216,72.7,Ads,1,166,1,1,0.915
43,Other,North,43891.95,116,16.75,5,1,0.14,67.1,SMS,0,88,0,0,0.1
43,Female,North,15000.0,3,118.76,8,1,0.329,38.7,Social Media,1,133,1,1,0.925
52,Female,North,39958.74,102,105.48,11,2,0.226,28.2,Social Media,0,49,1,1,0.55
61,Female,North,32185.43,68,60.93,10,3,0.485,57.0,SMS,0,64,0,0,0.115
30,Female,South,62824.41,100,45.2,9,0,0.314,69.3,Social Media,0,46,0,0,0.04
53,Female,South,45021.73,90,104.12,10,2,0.4,63.7,Email,0,143,1,1,0.88
18,Male,North,43527.68,19,80.76,10,2,0.427,80.7,Ads,0,39,0,0,0.27
44,Male,West,66439.76,105,102.36,7,3,0.233,100.0,Ads,0,129,1,1,0.79
68,Female,East,82147.97,64,30.17,7,0,0.087,57.8,SMS,0,133,0,0,0.365
35,Male,North,70522.22,22,183.98,11,1,0.06,73.9,Email,1,46,1,1,0.8
34,Male,North,82914.42,28,85.77,7,3,0.187,19.0,Ads,0,58,1,1,0.66
19,Male,North,80746.35,46,84.77,6,3,0.051,64.9,Email,0,26,0,0,0.36
60,Female,West,61533.95,51,40.61,11,1,0.456,58.3,Social Media,0,96,0,0,0.15
58,Male,North,38431.14,109,21.85,7,1,0.13,55.9,Social Media,0,156,0,0,0.3
20,Female,North,30254.43,106,57.43,11,1,0.194,76.5,Email,1,139,1,0,0.405
40,Female,South,55552.99,73,82.82,9,4,0.647,91.9,Social Media,1,86,0,0,0.285
54,Male,South,48074.29,18,95.53,7,1,0.047,50.8,SMS,1,5,1,0,0.385
30,Female,North,32387.22,78,106.75,5,0,0.167,66.6,Email,0,34,0,0,0.47
40,Female,North,54611.13,3,83.68,8,1,0.661,82.1,SMS,0,34,0,0,0.235
40,Male,East,71355.0,3,86.05,9,0,0.385,46.1,Email,0,117,1,1,0.895
51,Male,East,27646.31,8,66.54,7,1,0.215,72.8,Email,0,126,1,1,0.715
29,Female,South,57909.7,80,161.53,13,1,0.171,67.0,Email,0,159,1,1,0.955
26,Female,North,81369.25,110,82.0,5,0,0.089,34.5,Social Media,1,51,1,0,0.305
32,Male,West,64141.5,50,113.58,8,1,0.566,49.1,Email,1,51,1,1,0.56
64,Female,North,41658.36,63,68.66,4,2,0.057,74.1,Social Media,1,15,0,0,0.205
67,Male,East,38891.24,11,108.72,15,0,0.386,54.3,Ads,1,43,0,1,0.64
48,Male,North,49670.5,93,85.16,9,2,0.819,65.9,SMS,0,37,0,0,0.065
57,Female,South,59526.35,104,69.34,1,5,0.55,75.4,Ads,0,79,0,0,0.165
52,Female,North,78540.79,95,87.32,5,2,0.269,43.3,Email,0,61,0,0,0.485
31,Female,East,68628.92,24,48.1,11,1,0.261,47.7,Email,1,83,1,0,0.295
32,Female,West,53928.64,118,53.63,5,0,0.562,82.2,SMS,1,60,0,0,0.075
61,Other,East,59332.8,42,98.87,7,1,0.169,34.1,Ads,0,3,0,0,0.445
46,Female,West,65651.31,27,77.47,7,2,0.405,55.2,SMS,0,12,0,0,0.225
35,Male,North,89791.36,119,118.56,9,3,0.373,69.9,Social Media,0,27,0,0,0.435
69,Female,South,53245.61,100,41.05,8,4,0.166,63.1,Social Media,0,120,0,0,0.255
19,Female,West,54536.34,7,123.09,7,3,0.117,69.7,Ads,0,3,1,1,0.645
69,Male,North,48471.56,49,91.39,4,4,0.239,35.5,Ads,1,76,1,1,0.755
50,Male,East,65368.51,61,106.61,5,3,0.223,51.1,Ads,0,76,1,1,0.81
58,Female,South,70660.93,91,106.53,9,1,0.081,73.1,Social Media,1,91,0,1,0.64
41,Other,East,65607.14,74,66.65,10,0,0.3,97.5,Social Media,0,48,0,0,0.095
35,Male,North,41552.47,58,101.67,11,1,0.175,71.1,Social Media,0,107,1,1,0.8
53,Other,South,26425.87,57,101.31,7,2,0.508,45.2,Email,0,120,1,1,0.775
45,Other,North,47737.4,92,46.48,8,1,0.067,64.2,SMS,0,54,0,0,0.115
53,Male,West,57963.77,55,77.56,10,2,0.305,62.5,Ads,0,174,1,1,0.775
58,Female,East,52361.73,36,120.86,3,3,0.206,91.4,Email,1,25,0,1,0.615
26,Male,West,42532.84,82,59.19,10,1,0.14,62.4,Email,0,104,0,0,0.34
52,Female,North,83188.56,29,100.56,8,0,0.062,55.9,SMS,0,85,1,1,0.885
51,Other,West,66203.36,83,49.49,6,1,0.191,70.3,SMS,1,113,0,0,0.265
47,Female,South,33317.0,117,98.21,13,1,0.044,44.7,Email,1,68,1,0,0.44
61,Male,North,54227.27,18,74.43,4,1,0.063,35.0,SMS,0,75,0,1,0.715
61,Male,East,90901.2,5,47.41,6,1,0.162,36.8,SMS,0,7,0,0,0.255
32,Male,West,54163.4,39,80.6,7,2,0.333,26.6,Ads,0,74,1,1,0.69
74,Male,South,67894.88,81,107.41,6,1,0.282,48.6,Email,0,155,1,1,0.87
50,Female,East,62893.51,39,80.65,7,0,0.092,57.6,SMS,0,90,1,1,0.8
54,Male,North,69637.71,50,69.85,16,0,0.652,65.9,Ads,0,106,0,0,0.265
51,Male,North,75431.77,14,103.48,11,2,0.318,76.9,Ads,0,104,1,1,0.76
61,Female,East,83443.89,52,46.7,5,2,0.185,11.9,SMS,1,4,0,0,0.205
19,Female,East,61625.63,40,68.35,6,0,0.145,65.4,SMS,0,164,1,1,0.88
60,Other,North,65279.27,82,51.75,10,4,0.324,79.0,Social Media,0,86,0,0,0.12
26,Male,East,57775.32,21,68.47,6,2,0.099,100.0,Email,1,19,0,0,0.27
53,Female,West,84003.87,38,93.9,7,3,0.207,62.2,Ads,0,112,1,1,0.875
42,Female,North,53546.87,80,64.13,11,3,0.502,43.0,Email,0,170,1,1,0.625
48,Male,West,64137.81,6,64.06,9,2,0.05,72.9,Social Media,0,50,0,0,0.265
38,Female,South,49446.41,51,97.96,12,3,0.249,59.3,Ads,0,63,1,1,0.515
69,Female,West,99230.44,95,218.49,6,2,0.143,89.7,Email,1,160,1,1,0.915
65,Male,South,81697.67,64,36.21,7,2,0.105,61.2,Social Media,1,25,0,0,0.1
54,Female,South,28090.07,38,70.27,8,1,0.134,36.6,Social Media,0,164,1,1,0.95
26,Male,East,65209.22,14,103.99,10,1,0.255,52.8,Ads,0,166,1,1,0.965
45,Male,North,56900.73,25,84.22,9,1,0.538,61.7,SMS,0,37,0,0,0.22
54,Female,North,52466.15,102,45.16,10,2,0.189,38.1,Social Media,0,143,0,0,0.445
28,Male,South,67059.3,59,86.98,4,4,0.249,50.3,Ads,0,90,1,1,0.75
37,Male,East,49869.2,71,110.82,9,2,0.226,34.1,Ads,0,20,1,1,0.62
64,Male,West,54218.51,80,63.56,5,3,0.607,29.7,Social Media,1,105,0,0,0.39
53,Male,South,46467.73,20,54.31,6,2,0.177,77.6,Social Media,0,141,1,1,0.76
52,Other,West,39114.79,91,101.66,5,1,0.057,65.4,Social Media,1,24,0,0,0.35
33,Female,South,35869.34,55,103.43,10,2,0.042,59.3,Ads,0,3,0,0,0.41
20,Female,East,51547.13,71,13.31,6,2,0.111,39.8,SMS,0,179,1,0,0.445
46,Female,North,66553.76,64,79.99,11,4,0.153,56.5,Email,0,55,0,0,0.25
56,Male,South,75368.29,62,91.37,8,0,0.426,49.7,SMS,1,40,0,0,0.345
60,Male,West,43675.08,13,158.05,6,1,0.216,82.4,Ads,0,108,1,1,0.93
31,Male,East,15000.0,34,22.15,7,1,0.084,65.3,Email,0,179,1,0,0.465
59,Male,West,66859.53,119,35.06,8,2,0.207,72.5,Email,0,43,0,0,0.045
30,Male,North,71502.72,75,59.9,6,1,0.299,92.8,Ads,0,136,0,0,0.475
65,Male,East,54936.03,91,112.5,11,0,0.428,72.7,Social Media,1,58,0,0,0.37
35,Male,South,55563.63,87,108.28,6,2,0.505,31.1,Email,0,118,1,1,0.895
57,Male,North,75168.87,54,67.8,7,1,0.1,28.6,Ads,0,72,1,0,0.345
27,Male,West,55585.92,18,79.62,10,2,0.277,47.7,Ads,0,95,1,1,0.795
19,Male,South,39819.41,31,62.24,9,0,0.482,99.3,Social Media,0,31,0,0,0.105
57,Female,South,56031.39,43,111.16,10,1,0.112,54.0,Email,0,39,0,1,0.785
31,Male,East,69895.95,75,99.4,6,3,0.135,75.9,Ads,1,102,1,1,0.695
35,Male,North,69975.95,85,97.29,10,3,0.176,100.0,Ads,1,132,0,1,0.805
18,Female,South,47509.61,74,64.32,10,1,0.238,97.6,Email,0,53,0,0,0.09
21,Female,South,60623.42,18,112.9,10,2,0.805,57.9,Social Media,1,99,1,1,0.585
19,Male,South,51077.06,110,62.56,8,1,0.202,61.2,Ads,1,175,1,1,0.655
42,Male,South,59282.05,101,155.57,12,2,0.249,61.6,Ads,0,124,1,1,0.885
60,Female,East,60123.35,42,95.98,12,1,0.569,59.3,SMS,0,95,0,1,0.72
22,Female,East,75868.48,19,111.23,5,0,0.332,76.5,Social Media,0,120,1,1,0.885
21,Male,North,57736.52,47,37.14,10,1,0.116,56.8,SMS,0,147,0,0,0.5
73,Male,East,82330.12,94,81.22,10,1,0.077,72.7,Email,0,32,0,0,0.21
38,Female,North,71721.12,39,43.26,7,0,0.25,30.8,Email,0,73,0,0,0.23
18,Male,North,39661.56,73,87.76,4,2,0.398,35.3,Social Media,0,29,1,0,0.325
39,Female,North,44265.75,41,78.86,8,1,0.287,57.6,Social Media,0,150,0,1,0.88
73,Male,West,64808.08,84,138.49,5,3,0.279,91.1,SMS,0,117,1,1,0.91
55,Male,West,57737.35,25,104.12,7,4,0.288,39.8,Social Media,0,92,1,1,0.885
73,Female,East,86498.59,119,95.45,4,0,0.274,84.9,SMS,0,147,1,1,0.755
36,Male,West,43812.58,81,127.63,14,2,0.294,33.5,Email,0,115,1,1,0.87
66,Male,West,78149.94,59,98.34,13,4,0.164,67.8,Ads,0,168,1,1,0.82
39,Male,East,58876.69,118,91.61,11,0,0.312,50.7,SMS,0,97,1,1,0.54
22,Male,East,60807.3,95,92.16,4,3,0.296,50.5,SMS,0,58,1,0,0.455
62,Female,West,24227.19,100,138.36,9,2,0.444,55.6,Email,0,168,1,1,0.9
31,Male,South,62995.78,31,76.4,6,1,0.217,51.8,Ads,1,52,1,0,0.38
20,Male,West,73334.01,54,72.71,12,0,0.229,65.3,Ads,1,153,0,1,0.76
31,Female,South,60837.92,58,5.0,8,2,0.313,44.8,SMS,1,29,0,0,0.025
41,Female,North,53740.24,11,87.31,10,3,0.162,58.6,Email,0,24,1,0,0.4
46,Male,South,58985.24,59,115.77,7,2,0.417,60.8,Email,1,40,0,0,0.42
61,Female,North,75808.15,113,101.45,7,1,0.441,64.0,Social Media,1,116,0,1,0.68
18,Female,East,40420.87,55,57.3,7,0,0.186,74.1,Email,0,81,1,0,0.255
64,Male,North,42280.07,26,77.32,2,1,0.45,55.0,SMS,1,90,1,1,0.595
25,Other,North,79863.76,74,98.74,8,1,0.227,64.7,SMS,0,23,0,0,0.265
66,Male,West,46876.79,97,137.2,6,3,0.285,53.9,Ads,0,153,1,1,0.945
21,Male,South,40230.01,14,47.82,10,1,0.28,55.1,SMS,0,109,0,0,0.44
47,Male,North,54836.46,107,59.95,13,3,0.296,66.0,Social Media,0,98,0,0,0.11
27,Female,South,38751.08,72,9.98,9,1,0.369,62.8,Social Media,1,76,0,0,0.08
54,Male,North,72944.5,28,74.63,7,0,0.183,56.4,Ads,0,101,0,1,0.75
24,Female,South,28498.64,116,96.08,7,1,0.102,14.2,Social Media,1,43,1,0,0.435
21,Male,North,61690.54,30,110.51,9,1,0.125,69.1,Ads,1,173,1,1,0.985
72,Female,North,48445.25,99,87.63,12,4,0.188,68.2,Social Media,1,122,1,1,0.765
26,Female,West,63113.73,53,104.02,9,1,0.348,44.2,Email,0,46,1,0,0.44
68,Female,West,47119.47,2,81.49,7,2,0.48,36.2,Email,1,132,1,1,0.88
29,Male,South,50903.04,39,98.26,6,1,0.351,70.9,Email,0,78,1,1,0.76
70,Female,South,53012.47,109,103.08,10,3,0.166,68.0,Email,0,129,1,1,0.785
38,Female,North,70570.59,75,64.03,3,1,0.523,49.3,Social Media,1,130,1,1,0.55
33,Female,East,51442.79,46,54.15,16,3,0.515,62.0,Email,0,30,0,0,0.045
38,Female,West,45782.95,33,78.23,6,1,0.479,79.5,Social Media,0,15,1,0,0.13
57,Female,North,48550.75,37,50.34,9,0,0.261,42.0,Email,1,43,1,0,0.155
59,Female,West,61084.06,62,81.17,9,0,0.092,23.0,SMS,1,71,1,1,0.62
65,Male,North,75828.07,110,130.08,9,0,0.112,89.5,Ads,0,94,1,1,0.79
55,Male,West,88705.64,92,65.46,4,1,0.052,100.0,Ads,1,32,0,0,0.135
33,Female,East,82555.89,97,84.28,6,1,0.448,29.2,Email,0,165,1,1,0.835
43,Male,West,22514.66,90,88.54,11,2,0.177,49.7,Social Media,1,31,1,0,0.26
32,Male,West,66212.0,115,55.74,8,0,0.657,78.3,SMS,0,126,0,0,0.18
43,Female,East,49617.38,26,123.85,11,1,0.252,60.5,Email,0,148,1,1,0.97
58,Female,East,71003.52,88,100.81,16,1,0.041,48.6,Social Media,0,1,0,0,0.445
28,Male,North,81523.22,23,119.09,8,1,0.465,75.9,Email,0,10,0,0,0.5
71,Female,East,75101.19,51,139.47,10,2,0.084,63.8,Social Media,0,48,1,1,0.81
24,Male,West,39069.32,44,52.89,9,0,0.4,41.8,Email,0,141,1,1,0.56
39,Female,North,31307.11,35,103.19,11,1,0.392,42.9,Ads,0,108,1,1,0.895
33,Male,East,57374.27,19,58.84,6,3,0.396,34.9,Ads,1,179,1,1,0.89
27,Other,East,75895.48,45,179.09,8,0,0.454,81.2,Ads,1,48,1,1,0.735
41,Female,North,60293.22,108,122.42,10,0,0.33,86.2,SMS,0,175,1,1,0.925
31,Male,East,25290.63,103,81.28,5,1,0.131,49.5,SMS,0,72,1,1,0.505
74,Male,North,55500.39,23,164.3,7,2,0.275,36.7,Email,0,51,1,1,0.875
47,Female,West,82831.28,49,130.94,4,0,0.682,50.8,Email,0,7,1,1,0.57
71,Female,West,64373.38,69,153.17,6,2,0.246,65.3,Social Media,0,35,1,1,0.78
64,Male,East,78475.47,34,113.22,11,3,0.399,44.0,Ads,0,53,1,1,0.815
50,Female,North,60538.64,118,57.29,9,0,0.097,67.2,Social Media,1,150,0,0,0.45
52,Female,West,32690.1,2,100.92,10,1,0.207,90.6,Email,1,126,1,1,0.85
43,Female,South,48865.44,9,56.02,8,1,0.06,30.5,Social Media,0,71,1,0,0.5
72,Male,North,55519.37,89,97.36,8,0,0.681,76.2,Social Media,0,118,0,1,0.585
70,Female,East,73067.12,82,60.94,6,0,0.285,36.2,Social Media,0,166,1,1,0.68
24,Female,West,86626.05,26,67.03,8,2,0.282,40.3,Ads,0,11,1,0,0.26
48,Female,South,61858.85,93,141.85,6,2,0.15,66.5,Social Media,0,25,1,1,0.715
56,Male,West,63554.23,19,103.95,11,3,0.207,67.3,Email,0,70,1,1,0.77
61,Female,South,51477.49,85,129.22,12,2,0.611,29.8,Email,0,31,1,0,0.44
41,Other,West,75948.33,119,96.57,7,2,0.516,19.7,Social Media,1,17,0,0,0.35
63,Female,East,48682.55,113,168.72,4,0,0.267,88.7,Ads,1,63,1,1,0.72
36,Male,East,59518.1,115,142.11,8,1,0.427,58.5,Ads,0,4,1,0,0.455
21,Male,South,61781.29,69,66.41,13,4,0.288,16.3,SMS,0,133,1,1,0.62
24,Male,East,39619.21,17,55.62,5,1,0.188,40.6,SMS,1,55,1,0,0.33
28,Female,East,66580.49,108,76.31,11,2,0.352,60.3,Social Media,1,40,0,0,0.075
61,Female,South,42033.44,76,98.86,9,2,0.559,49.8,SMS,0,23,1,0,0.315
22,Male,North,65336.33,22,119.03,8,2,0.288,71.3,Email,0,86,1,1,0.87
19,Other,North,62941.17,11,37.09,8,0,0.068,78.7,Email,0,23,0,0,0.19
53,Female,North,76935.52,55,83.85,6,2,0.123,50.7,SMS,1,175,1,1,0.935
19,Male,South,90400.46,36,73.66,5,4,0.336,65.6,Social Media,1,28,1,0,0.27
52,Female,West,15807.13,1,80.34,5,2,0.071,75.4,Ads,0,143,1,1,0.83
34,Male,West,64181.87,109,106.56,6,0,0.375,65.2,Ads,0,118,1,1,0.805
48,Female,West,48297.22,104,22.79,10,4,0.117,59.2,Email,0,177,0,0,0.415
65,Female,North,67965.23,3,65.24,12,1,0.514,80.7,SMS,0,14,0,0,0.09
20,Male,North,37845.16,72,68.61,15,1,0.455,79.3,Ads,0,75,0,0,0.11
45,Female,East,58120.91,111,76.89,7,2,0.34,51.7,SMS,0,83,0,0,0.385
56,Female,West,57090.28,42,5.0,5,1,0.256,47.8,Email,0,164,1,0,0.395
26,Male,West,51069.36,74,93.38,15,1,0.483,54.4,Social Media,0,51,0,0,0.255
31,Male,North,58132.72,32,72.21,7,1,0.099,67.4,SMS,1,171,1,1,0.915
72,Male,East,68871.04,82,119.45,8,2,0.359,70.2,Social Media,0,141,0,1,0.92
20,Male,West,59897.56,65,82.24,3,2,0.054,58.0,Social Media,0,150,1,1,0.92
48,Female,East,83698.78,87,104.11,4,4,0.306,36.6,Ads,0,73,1,1,0.735
45,Male,North,43421.13,115,54.53,10,1,0.419,100.0,Email,0,129,0,0,0.22
48,Male,West,38682.53,79,77.66,10,0,0.53,60.4,Ads,0,60,0,0,0.125
62,Male,South,53797.99,70,91.19,3,2,0.364,84.2,Email,1,6,0,0,0.195
39,Female,South,64259.34,28,75.43,6,1,0.151,89.9,Social Media,0,74,0,1,0.53
55,Male,North,21654.15,50,76.5,10,1,0.124,61.8,Social Media,0,148,1,1,0.82
30,Male,East,51980.4,37,78.37,6,2,0.723,75.5,SMS,0,74,1,0,0.395
53,Male,North,54077.09,30,62.86,5,0,0.159,96.9,Social Media,1,25,0,0,0.29
33,Male,North,52207.27,26,98.68,10,2,0.323,28.1,Ads,1,165,1,1,0.985
22,Female,North,73658.93,118,136.48,9,0,0.219,49.3,Social Media,0,2,1,1,0.605
73,Male,North,89148.05,96,91.6,9,1,0.332,51.0,Ads,0,122,1,1,0.71
20,Male,South,42019.18,44,106.4,13,1,0.073,80.9,Email,0,130,1,1,0.935
24,Female,North,61651.33,61,70.66,4,2,0.271,58.7,Email,0,166,1,1,0.86
32,Male,North,34121.88,80,124.02,4,1,0.471,60.3,Social Media,1,61,0,1,0.585
70,Male,East,56348.53,84,82.81,11,1,0.141,32.8,SMS,0,12,0,0,0.22
73,Male,North,77802.77,66,5.0,10,3,0.305,48.4,SMS,0,179,0,0,0.455
48,Male,South,45895.66,44,68.68,7,0,0.139,82.7,Social Media,0,80,0,0,0.375
64,Male,East,59074.95,12,101.43,11,2,0.173,84.0,Email,1,56,1,1,0.62
32,Female,East,68777.71,36,102.34,7,2,0.295,63.8,Social Media,0,118,1,1,0.91
68,Male,North,57236.37,97,87.61,6,1,0.531,55.9,Social Media,0,133,0,1,0.695
58,Male,North,80572.83,37,143.39,9,1,0.547,54.7,Social Media,0,146,1,1,0.925
35,Other,East,51923.27,53,130.57,5,0,0.105,20.7,Social Media,0,3,0,1,0.635
72,Female,East,63731.84,22,31.07,8,1,0.284,20.7,SMS,0,6,0,0,0.145
69,Male,West,51967.93,114,32.55,3,1,0.246,89.2,Social Media,0,58,0,0,0.145
23,Male,South,67532.54,49,44.27,8,2,0.327,61.4,SMS,0,36,0,0,0.06
59,Male,South,70780.82,53,58.97,8,3,0.315,36.8,Email,1,148,0,1,0.61
74,Male,South,70727.48,50,58.88,9,2,0.133,65.1,Ads,0,47,0,0,0.195
26,Male,East,92470.04,118,13.93,6,1,0.263,43.3,SMS,0,91,0,0,0.1
56,Female,West,58932.83,71,131.68,3,0,0.513,52.9,Email,0,178,1,1,0.93
67,Male,North,47345.59,90,85.94,8,1,0.33,100.0,SMS,1,124,0,1,0.63
18,Male,South,90335.58,5,47.46,5,1,0.323,65.0,Email,0,103,0,0,0.345
26,Male,North,66097.68,27,69.08,7,0,0.066,32.2,Email,0,170,1,1,0.94
68,Female,South,48536.31,105,122.94,5,2,0.106,51.6,Social Media,0,90,1,1,0.815
48,Female,South,72266.71,79,109.14,8,0,0.656,97.1,Email,0,42,0,0,0.315
47,Female,East,67426.81,104,84.3,6,7,0.478,66.8,Social Media,0,54,0,0,0.26
28,Female,South,51287.55,57,23.07,10,2,0.606,20.1,SMS,0,26,0,0,0.055
69,Female,North,60741.91,53,60.76,7,2,0.116,50.8,Ads,0,66,1,0,0.205
58,Male,South,62238.04,36,90.52,4,1,0.118,52.4,Social Media,0,37,1,1,0.64
25,Other,North,50704.15,100,109.92,9,0,0.424,71.5,Social Media,1,18,0,0,0.29
18,Other,South,51210.52,113,49.35,4,3,0.246,91.8,SMS,0,139,0,0,0.36
28,Male,South,24315.14,19,37.44,7,2,0.421,35.3,Social Media,0,134,0,1,0.52
66,Male,North,57295.92,112,62.29,6,2,0.34,59.5,Ads,0,134,0,0,0.45
55,Male,East,66817.14,99,51.48,4,0,0.048,50.0,Ads,0,15,0,0,0.105
74,Male,South,88557.74,46,57.55,4,2,0.181,68.3,Email,0,64,1,0,0.275
59,Female,East,47099.71,72,76.18,9,0,0.352,64.5,Social Media,1,13,0,0,0.18
44,Male,East,46941.81,18,103.91,4,1,0.214,46.7,Ads,0,55,1,1,0.88
32,Male,West,94643.14,99,96.06,8,2,0.209,64.0,SMS,0,134,1,1,0.82
56,Other,North,41726.02,42,113.23,11,1,0.271,100.0,Ads,0,116,1,1,0.875
25,Female,East,100158.82,7,65.64,12,1,0.544,30.1,Email,0,17,0,0,0.325
32,Male,East,72719.28,84,78.74,6,0,0.416,75.8,SMS,1,127,1,1,0.63
69,Female,North,72398.98,62,38.94,10,2,0.517,100.0,Ads,0,10,0,0,0.02
18,Female,North,61415.01,50,60.96,10,1,0.23,65.6,Email,1,22,0,0,0.1
70,Female,North,44642.81,70,110.92,11,1,0.536,62.0,Social Media,1,90,1,1,0.59
41,Male,East,53646.68,79,70.84,9,1,0.325,50.2,Email,0,161,1,1,0.825
49,Female,South,41819.29,8,52.99,7,3,0.318,69.4,Social Media,0,52,0,0,0.275
69,Female,North,67791.01,9,5.0,13,3,0.213,39.8,Email,1,137,0,0,0.39
48,Female,South,74525.13,86,76.14,11,1,0.111,18.9,Social Media,0,105,1,1,0.565
33,Male,North,80332.09,117,105.97,6,2,0.428,68.0,Social Media,0,115,0,1,0.625
60,Female,North,72493.97,69,104.38,5,5,0.413,49.2,Social Media,0,124,1,1,0.865
36,Male,East,52774.76,57,22.3,9,3,0.314,53.9,SMS,0,53,0,0,0.095
53,Male,South,36935.73,115,60.01,11,1,0.419,77.7,Email,0,44,0,0,0.035
55,Female,North,73964.75,1,39.43,10,1,0.664,72.3,Ads,0,110,0,0,0.355
40,Male,East,74508.31,57,18.7,6,0,0.027,68.9,Email,0,165,0,0,0.37
46,Male,South,85928.67,89,101.07,7,0,0.364,46.0,Ads,0,29,0,0,0.34
33,Male,West,74516.07,111,80.37,2,3,0.46,38.9,Email,0,60,0,0,0.315
66,Male,East,54634.53,46,70.21,7,2,0.756,84.5,Email,1,176,1,1,0.705
57,Female,North,97684.27,75,137.2,7,4,0.215,42.4,Social Media,0,41,1,1,0.74
53,Male,West,73730.97,39,5.0,5,1,0.511,54.5,Social Media,1,2,0,0,0.075
55,Male,West,68364.63,61,67.8,4,0,0.391,88.8,Email,0,29,1,0,0.085
70,Female,North,55046.17,101,144.78,6,2,0.417,54.0,Ads,0,169,1,1,0.975
53,Female,North,50717.43,58,133.02,10,0,0.109,81.1,Social Media,1,2,0,1,0.545
62,Male,North,50384.81,92,119.17,6,4,0.323,31.8,Ads,1,165,1,1,0.915
52,Male,North,61021.66,51,88.56,7,1,0.07,31.9,Social Media,0,48,0,1,0.53
34,Male,North,79163.3,51,54.48,10,3,0.353,64.4,Email,0,18,0,0,0.09
65,Male,South,74783.21,12,106.45,6,2,0.256,54.9,Email,0,94,1,1,0.9
50,Female,West,75376.0,81,100.78,10,3,0.638,52.8,SMS,0,146,1,1,0.79
65,Female,West,88108.75,107,58.19,13,2,0.334,54.5,Ads,1,43,0,0,0.065
44,Male,West,40281.83,119,73.53,6,2,0.146,56.3,Social Media,1,165,1,1,0.79
44,Female,North,55526.27,36,99.62,7,3,0.382,77.0,Social Media,0,12,0,0,0.265
70,Male,East,78342.54,62,36.35,5,6,0.119,90.1,Ads,0,81,0,0,0.3
66,Male,East,72599.35,99,42.87,8,0,0.054,59.4,Ads,1,27,0,0,0.06
27,Female,West,63693.1,72,74.16,7,2,0.265,23.6,Email,0,61,0,0,0.38
18,Female,North,70545.6,27,111.32,14,2,0.136,41.6,SMS,1,154,1,1,0.94
33,Male,West,27002.34,98,55.64,5,2,0.47,40.6,Social Media,1,14,0,0,0.135
36,Male,North,58956.97,106,96.79,9,1,0.298,49.3,SMS,0,147,1,1,0.84
51,Male,South,33674.5,42,52.55,4,1,0.327,77.9,Social Media,0,126,1,1,0.595
35,Male,East,44418.04,59,73.37,11,2,0.285,66.1,Email,1,155,1,1,0.785
64,Male,West,69699.03,37,48.77,4,0,0.173,47.7,Ads,0,141,1,1,0.71
39,Female,South,78656.91,93,39.87,11,1,0.337,61.6,Social Media,0,145,0,0,0.195
70,Female,East,78513.0,95,30.16,8,0,0.201,55.9,Ads,0,123,0,0,0.205
71,Other,East,29661.05,17,33.94,10,0,0.487,100.0,Ads,1,85,1,0,0.225
73,Male,North,54130.18,32,95.08,11,0,0.266,56.0,SMS,0,141,1,1,0.92
58,Male,South,61103.34,25,156.12,8,3,0.044,48.8,Social Media,1,51,1,1,0.845
35,Male,South,68373.43,53,93.84,6,1,0.08,51.7,Email,0,151,1,1,0.935
45,Female,East,62455.96,27,131.18,8,1,0.447,68.7,Email,0,17,1,1,0.645
53,Male,North,81401.86,7,97.28,14,0,0.361,97.0,Ads,0,12,0,0,0.27
50,Male,East,22202.94,56,66.52,9,3,0.177,59.4,Email,0,168,1,1,0.83
52,Female,North,53289.1,22,114.1,7,1,0.088,55.7,Email,0,70,0,1,0.89
62,Male,South,68966.33,9,111.21,8,3,0.049,72.5,Social Media,0,28,1,1,0.605
61,Female,South,64621.56,5,63.71,7,0,0.706,76.6,Ads,0,126,0,0,0.46
43,Female,West,81395.64,15,76.25,3,3,0.251,58.0,SMS,0,78,1,1,0.595
65,Male,North,47051.38,55,67.91,6,3,0.341,93.7,Social Media,0,31,0,0,0.085
65,Female,West,65028.69,84,91.08,11,2,0.328,27.5,Social Media,0,111,1,1,0.805
62,Male,West,89069.6,42,71.16,11,3,0.303,46.3,Ads,0,67,1,0,0.315
42,Female,West,39396.37,45,46.11,11,1,0.444,25.6,Email,0,148,1,0,0.485
60,Male,West,63827.85,35,33.27,10,1,0.344,54.1,Email,0,98,0,0,0.21
34,Male,South,28776.31,69,78.82,12,0,0.272,69.1,Ads,1,143,1,1,0.67
20,Female,West,77480.87,28,87.92,6,1,0.311,65.6,SMS,0,80,1,1,0.695
44,Female,East,55453.51,102,60.45,4,0,0.188,29.2,SMS,0,111,0,0,0.47
41,Female,North,70202.6,9,30.16,6,1,0.467,58.5,Email,0,164,1,1,0.53
69,Male,South,97677.1,80,55.13,11,1,0.241,34.0,Social Media,0,50,0,0,0.225
34,Male,North,54662.2,80,135.64,12,3,0.331,51.9,Ads,0,172,1,1,0.935
32,Female,West,44373.58,34,60.59,7,0,0.158,58.9,Social Media,0,178,1,1,0.835
27,Male,West,78672.8,6,113.85,14,2,0.313,25.6,SMS,0,179,1,1,0.97
29,Male,South,46218.57,101,87.73,4,0,0.185,69.8,Email,0,53,0,0,0.32
48,Male,East,75943.83,86,55.27,6,5,0.516,54.2,Email,0,113,0,0,0.3
54,Female,South,53588.02,20,50.01,9,3,0.452,55.9,Ads,0,175,1,1,0.76
26,Male,West,54159.05,98,81.23,3,2,0.579,86.4,Email,1,79,1,0,0.28
41,Male,North,71593.08,63,103.21,7,1,0.074,62.6,SMS,1,179,1,1,0.94
36,Other,North,80889.55,31,55.81,3,1,0.044,52.9,SMS,1,74,0,0,0.34
71,Female,North,55537.19,9,68.3,6,1,0.112,66.7,Ads,0,14,0,0,0.235
64,Male,South,40018.54,31,99.28,7,1,0.821,67.4,Social Media,1,64,0,1,0.55
22,Male,West,37942.47,87,100.17,6,1,0.333,77.7,SMS,0,176,1,1,0.91
46,Female,West,98287.04,32,93.24,6,1,0.284,42.3,Email,1,148,1,1,0.9
24,Male,East,40842.64,109,92.24,6,0,0.131,26.0,SMS,0,9,1,0,0.265
18,Male,East,35276.99,15,62.96,15,2,0.337,57.9,Social Media,0,120,1,1,0.645
34,Female,South,70107.01,80,48.12,12,0,0.137,87.6,Ads,0,96,0,0,0.12
69,Other,East,32472.5,3,63.3,10,4,0.298,64.1,Ads,0,40,0,0,0.255
64,Male,North,66323.67,57,86.62,13,1,0.346,46.5,Email,0,131,0,1,0.81
61,Male,South,35828.54,54,89.73,12,1,0.268,70.7,Social Media,0,168,1,1,0.805
65,Female,North,31838.46,40,112.5,11,1,0.328,48.7,Ads,0,107,1,1,0.915
32,Male,South,45545.54,27,53.54,7,1,0.083,74.2,SMS,1,75,0,0,0.32
40,Male,South,51739.49,6,86.42,6,0,0.241,62.4,Social Media,0,125,1,1,0.955
53,Male,East,60796.13,51,78.94,5,0,0.203,46.8,Ads,0,44,0,0,0.44
53,Female,West,67232.52,87,64.67,6,0,0.254,24.8,SMS,0,154,1,1,0.76
35,Male,North,28110.86,10,52.33,4,1,0.297,43.2,Ads,0,41,0,0,0.255
22,Male,South,51089.14,115,41.62,12,2,0.186,80.9,SMS,1,131,0,0,0.275
61,Male,North,85780.37,92,109.23,6,5,0.112,93.7,Ads,0,20,0,0,0.39
57,Female,West,39571.87,55,123.65,7,3,0.075,44.6,Social Media,1,141,1,1,0.9
47,Male,North,38872.04,64,103.34,10,1,0.333,67.0,SMS,0,125,1,1,0.85
59,Female,North,84653.28,64,58.48,10,2,0.128,69.9,Email,1,65,1,0,0.125
41,Male,South,50715.29,24,49.79,8,0,0.442,63.9,Social Media,0,46,0,0,0.095
51,Female,North,27994.51,108,77.77,8,2,0.195,69.5,SMS,0,64,0,0,0.17
45,Male,South,64807.81,102,35.48,10,2,0.346,90.8,Email,0,157,1,0,0.31
54,Female,East,53173.67,46,43.21,9,3,0.173,58.5,Ads,0,17,0,0,0.045
46,Male,West,58258.87,104,65.66,7,2,0.533,38.9,Email,0,117,0,0,0.3
74,Female,West,59276.12,67,88.47,5,1,0.162,75.0,Social Media,0,151,1,1,0.825
51,Female,East,58800.21,117,92.57,2,1,0.363,57.4,Social Media,0,13,0,0,0.185
22,Male,North,87597.62,110,92.83,9,2,0.132,55.6,Email,0,64,0,0,0.42
71,Other,North,43057.91,51,58.03,8,0,0.427,60.6,Ads,1,158,0,1,0.62
67,Male,North,48743.69,30,87.59,6,1,0.272,78.2,Email,0,3,0,0,0.305
26,Female,South,56456.86,83,103.24,9,1,0.373,24.3,Email,0,24,1,0,0.325
46,Female,North,71072.88,40,151.43,10,1,0.148,97.8,SMS,0,151,1,1,0.975
42,Female,East,66199.68,42,80.44,7,1,0.279,32.0,Social Media,1,10,0,0,0.245
33,Male,South,65866.41,53,44.05,6,2,0.177,44.9,Email,0,19,0,0,0.065
71,Female,North,50816.3,115,51.01,10,2,0.104,89.2,SMS,0,117,0,0,0.26
61,Female,West,57895.64,65,41.1,5,1,0.369,70.4,Ads,1,52,0,0,0.04
66,Male,East,74123.08,39,68.92,10,1,0.053,57.9,Ads,1,77,1,0,0.46
53,Male,West,25649.6,82,47.37,9,1,0.52,77.7,SMS,1,3,0,0,0.05
40,Male,South,52862.93,92,101.17,7,3,0.397,71.4,Social Media,0,139,1,1,0.86
61,Male,East,71980.5,2,59.24,11,0,0.045,71.2,Social Media,0,130,1,1,0.7
64,Male,East,78218.27,49,74.96,8,1,0.225,69.5,Email,0,114,0,1,0.6
73,Male,East,51771.35,93,8.64,7,1,0.124,46.9,Email,1,101,0,0,0.13
60,Male,South,82126.81,23,73.81,5,3,0.15,96.2,Social Media,1,58,1,0,0.365
25,Female,West,63645.31,10,10.07,4,5,0.084,53.0,Social Media,1,171,1,1,0.525
26,Female,West,29472.62,30,16.52,11,1,0.262,87.4,SMS,0,179,1,0,0.31
24,Male,West,36074.62,31,60.83,8,4,0.289,37.8,Ads,0,92,1,0,0.485
27,Male,East,60532.71,58,128.13,7,2,0.16,60.8,Ads,1,46,1,1,0.715
64,Female,South,57284.08,118,114.49,4,2,0.221,72.1,Ads,1,144,0,1,0.895
19,Female,South,47433.56,64,92.8,7,2,0.043,52.8,Ads,0,114,1,1,0.86
21,Female,East,48395.07,102,81.42,11,0,0.177,78.6,Ads,0,76,0,0,0.21
44,Male,South,39082.59,12,107.27,7,1,0.539,70.3,Email,1,30,0,0,0.5
56,Female,West,68551.68,64,62.41,9,2,0.605,36.9,Ads,0,103,1,0,0.335
44,Female,West,69343.07,28,119.52,7,3,0.47,75.7,Email,0,30,1,1,0.625
44,Female,West,69855.52,17,139.84,8,0,0.039,62.1,Ads,0,141,1,1,0.97
24,Female,South,73865.23,80,95.33,11,2,0.228,64.4,Social Media,1,160,0,1,0.855
41,Female,South,75352.53,73,109.64,5,2,0.138,59.0,Ads,0,118,1,1,0.95
58,Male,South,53602.39,90,10.39,4,2,0.27,89.5,Ads,0,89,0,0,0.1
67,Female,East,73078.14,60,81.27,3,2,0.243,55.7,SMS,1,85,0,1,0.63
26,Female,North,79717.77,29,49.4,3,2,0.428,63.4,Email,0,156,1,1,0.63
32,Other,North,68596.0,42,65.11,7,3,0.314,72.4,SMS,0,25,0,0,0.145
26,Female,South,48555.21,90,101.15,9,1,0.467,47.2,Ads,0,164,1,1,0.87
56,Male,West,63989.68,100,64.31,4,0,0.511,38.7,SMS,0,145,1,1,0.505
42,Female,West,70530.48,115,124.35,12,1,0.214,43.9,SMS,0,24,0,0,0.495
47,Male,North,54570.67,57,5.0,11,2,0.441,64.9,Social Media,0,100,0,0,0.09
74,Female,West,46015.34,109,56.05,12,3,0.353,68.9,Email,0,70,0,0,0.085
74,Female,North,70661.42,82,46.02,12,3,0.523,93.7,Email,1,173,0,0,0.41
71,Female,West,87195.49,4,112.52,7,1,0.227,58.5,SMS,0,143,1,1,0.96
35,Female,North,49471.73,93,67.11,16,0,0.443,54.1,Ads,0,140,0,0,0.415
67,Male,North,56693.51,26,43.13,15,3,0.145,51.4,SMS,0,70,0,0,0.135
20,Male,North,56618.48,68,136.09,4,1,0.215,52.2,Social Media,0,57,1,1,0.8
66,Female,West,66760.82,78,36.39,10,0,0.061,44.6,Email,1,175,1,1,0.575
52,Female,North,45573.14,90,38.72,5,1,0.693,45.0,SMS,1,7,0,0,0.035
37,Female,East,48168.44,71,99.0,10,3,0.054,77.1,SMS,0,174,1,1,0.91
30,Male,North,38000.91,96,100.05,7,0,0.102,72.4,SMS,0,71,0,1,0.55
69,Male,West,73547.88,28,50.63,4,0,0.408,78.4,SMS,0,37,0,0,0.095
36,Male,East,56650.35,91,88.79,5,2,0.198,39.4,Social Media,0,134,1,1,0.885
33,Male,North,49410.56,71,112.34,7,0,0.294,45.6,SMS,0,94,1,1,0.88
63,Male,West,83320.81,107,67.99,6,2,0.253,52.4,SMS,0,106,1,0,0.48
53,Female,North,67742.04,47,77.39,12,1,0.519,79.2,Social Media,0,53,1,0,0.12
49,Male,South,27976.29,56,82.81,9,4,0.6,62.4,Email,0,66,0,0,0.305
21,Female,North,35463.83,80,81.64,12,2,0.277,55.8,Ads,0,54,0,0,0.23
26,Male,South,83557.85,113,82.05,10,3,0.16,52.5,Email,0,169,1,1,0.81
42,Male,East,49085.85,86,111.67,13,3,0.34,77.6,Email,1,6,0,0,0.195
42,Female,South,84091.15,86,68.34,10,1,0.217,84.5,SMS,0,26,0,0,0.06
45,Male,East,56811.51,46,43.93,5,2,0.159,85.1,SMS,0,102,0,0,0.225
41,Male,South,32865.31,3,34.1,6,1,0.163,67.0,Ads,0,162,1,1,0.6
59,Male,East,75226.22,110,40.27,8,3,0.633,43.9,SMS,0,160,0,0,0.33
56,Female,North,52826.53,90,73.27,7,0,0.675,64.7,SMS,1,118,0,0,0.35
65,Male,North,76606.78,40,99.96,7,1,0.031,92.8,SMS,0,29,0,0,0.435
59,Female,North,49162.32,44,22.83,12,2,0.488,100.0,Social Media,0,166,1,0,0.265
22,Female,South,65175.14,41,90.05,9,3,0.224,51.5,Ads,1,166,1,1,0.915
46,Male,East,36570.5,10,61.42,11,0,0.514,71.2,Social Media,0,58,0,0,0.26
68,Male,South,66372.92,38,52.43,11,1,0.317,47.3,Social Media,1,82,1,0,0.335
27,Female,West,23171.82,44,98.46,8,1,0.571,57.2,SMS,0,131,1,1,0.805
71,Female,South,33175.87,65,79.56,8,3,0.486,32.3,Ads,1,160,1,1,0.79
47,Male,South,54439.41,40,101.35,8,2,0.275,97.7,Email,0,20,0,0,0.235
70,Female,East,41684.67,50,96.05,6,1,0.581,78.0,Email,1,83,0,1,0.535
32,Male,West,34670.38,97,102.31,8,2,0.355,69.7,Email,0,25,1,0,0.185
20,Female,West,49962.18,77,188.71,4,0,0.044,53.2,Social Media,0,4,1,1,0.765
56,Male,South,79297.79,39,132.95,9,0,0.174,100.0,Email,0,1,0,1,0.535
71,Female,South,41085.67,13,45.61,8,3,0.643,54.3,SMS,0,140,0,0,0.495
31,Female,East,83320.76,78,32.53,7,0,0.263,50.3,Email,0,87,0,0,0.125
67,Male,North,39653.43,103,66.32,10,5,0.606,38.4,SMS,0,33,0,0,0.135
54,Male,West,34255.4,25,122.14,9,2,0.209,86.4,Social Media,1,65,1,1,0.86
59,Male,West,89502.46,14,149.34,7,1,0.395,70.7,SMS,1,122,1,1,0.945
21,Female,South,71313.79,25,74.36,9,2,0.595,26.2,Social Media,0,98,0,1,0.615
35,Female,East,66775.85,59,104.07,16,0,0.513,91.5,SMS,0,27,0,0,0.275
27,Male,South,52172.54,104,21.1,6,2,0.599,21.2,Email,1,50,0,0,0.07
62,Female,South,43261.9,112,90.78,10,1,0.326,50.0,Social Media,0,168,1,1,0.795
59,Male,East,68081.41,119,93.36,8,0,0.101,31.1,Social Media,0,83,0,1,0.665
20,Male,West,34626.21,33,139.8,4,2,0.164,8.6,SMS,0,6,1,1,0.69
53,Female,South,48388.92,6,92.77,5,1,0.096,61.7,Social Media,0,77,0,1,0.79
27,Female,East,27185.25,109,82.57,10,1,0.355,75.6,Social Media,0,87,0,0,0.3
66,Male,East,79790.57,115,120.85,14,0,0.286,15.5,Social Media,0,79,1,1,0.745
59,Female,South,54592.02,92,81.37,11,3,0.622,62.2,Email,1,77,0,0,0.165
60,Male,West,67875.0,19,83.22,3,0,0.3,38.9,Email,1,176,1,1,0.965
71,Male,East,47246.07,26,68.16,11,1,0.404,55.9,Ads,0,83,0,0,0.4
63,Male,South,46226.03,31,108.66,7,2,0.08,55.1,Social Media,0,43,1,1,0.785
41,Female,West,37308.82,13,116.78,7,1,0.086,60.2,SMS,1,69,1,1,0.91
65,Male,North,71242.4,61,45.49,6,1,0.284,68.9,Ads,0,82,0,0,0.14
63,Female,South,28602.59,29,113.5,7,1,0.448,57.2,Email,0,125,1,1,0.96
58,Female,North,48072.36,30,68.24,8,1,0.157,100.0,Social Media,1,151,1,1,0.81
59,Male,East,51306.1,52,53.4,9,4,0.314,48.3,Email,0,172,1,1,0.685
70,Female,North,81830.87,90,61.97,11,2,0.376,73.1,Ads,0,38,0,0,0.07
68,Female,East,35148.32,7,95.1,9,1,0.161,76.6,Email,0,67,1,1,0.765
39,Female,West,85411.28,7,149.76,2,2,0.264,60.3,SMS,0,179,1,1,0.955
56,Male,East,56971.11,48,69.45,11,1,0.305,10.2,SMS,0,167,1,1,0.835
43,Female,South,34696.25,20,141.83,8,0,0.136,84.6,Social Media,0,94,1,1,0.87
49,Male,North,38230.04,52,29.97,5,0,0.212,84.5,SMS,1,35,0,0,0.075
35,Female,South,71529.18,109,87.88,6,1,0.046,54.2,Email,0,14,0,0,0.165
65,Female,North,69910.93,62,51.19,4,2,0.261,35.4,Social Media,0,97,0,0,0.485
56,Male,West,29345.53,98,118.93,14,1,0.389,78.5,Social Media,0,31,0,0,0.26
74,Male,East,58251.44,14,69.43,6,0,0.324,43.1,SMS,0,129,1,1,0.835
38,Female,South,47679.97,20,83.15,6,0,0.218,42.6,Ads,0,35,1,1,0.55
72,Male,South,44314.41,81,168.96,7,0,0.53,46.9,Ads,1,55,1,1,0.65
58,Female,North,55224.2,54,60.4,12,3,0.39,55.7,Ads,0,61,0,0,0.08
45,Male,West,47955.14,32,90.71,12,2,0.251,28.8,Social Media,1,105,1,1,0.835
57,Female,South,45273.3,118,5.0,7,0,0.127,95.2,SMS,1,100,0,0,0.11
37,Female,North,65788.69,98,98.93,6,1,0.341,81.2,Social Media,0,16,0,0,0.12
33,Male,East,63815.83,11,99.51,7,1,0.157,29.7,SMS,0,78,1,1,0.95
18,Male,East,97875.26,73,63.9,4,0,0.26,30.8,SMS,1,42,0,0,0.295
39,Male,North,68916.19,80,58.98,3,4,0.329,54.3,Social Media,1,96,1,0,0.245
68,Male,West,45837.03,48,103.79,10,1,0.346,82.3,SMS,1,111,1,1,0.785
37,Male,West,62721.11,62,53.73,10,2,0.343,54.9,Social Media,0,132,0,1,0.54
72,Male,South,72370.97,47,90.55,7,1,0.223,26.4,Email,0,69,1,1,0.72
35,Female,West,90020.82,33,122.39,4,3,0.268,38.3,Ads,0,18,1,1,0.775
26,Male,East,55391.15,72,196.9,12,4,0.358,50.8,Social Media,0,170,1,1,0.925
45,Male,South,74420.81,42,51.68,14,2,0.105,59.8,SMS,0,73,1,0,0.21
31,Male,West,115919.0,111,76.24,10,1,0.395,65.7,Ads,0,15,0,0,0.165
23,Other,South,66774.67,79,20.14,5,2,0.535,89.1,SMS,0,165,1,0,0.31
25,Female,North,84903.51,76,5.31,9,0,0.286,100.0,SMS,1,115,0,0,0.165
50,Female,South,68847.09,97,102.47,6,1,0.488,29.6,Ads,0,166,1,1,0.89
27,Male,North,63710.05,104,63.04,5,2,0.083,60.9,Email,0,160,1,1,0.74
62,Female,South,89608.97,25,127.43,9,1,0.506,50.3,Ads,1,121,1,1,0.95
40,Male,North,60765.8,4,43.24,13,3,0.373,59.7,Social Media,1,126,0,0,0.5
31,Female,North,60584.93,92,101.28,9,1,0.019,72.1,Ads,0,126,1,1,0.82
28,Female,East,60457.25,23,78.75,8,2,0.325,33.0,Ads,0,56,1,1,0.555
44,Female,East,39615.59,36,5.0,7,0,0.495,65.1,SMS,1,116,0,0,0.22
70,Other,West,58431.0,81,75.3,7,1,0.201,90.8,Email,0,178,0,1,0.705
65,Male,West,45570.3,52,97.78,8,7,0.372,62.7,Email,0,21,1,0,0.24
48,Male,South,41011.19,98,60.74,10,0,0.188,49.2,Email,0,81,0,0,0.175
26,Other,West,25205.57,3,52.69,9,1,0.396,76.1,Social Media,0,12,0,0,0.13
33,Female,East,63371.94,45,149.21,13,3,0.109,56.1,Ads,0,151,1,1,0.965
36,Male,West,77409.2,110,67.12,5,1,0.245,65.1,SMS,0,177,1,1,0.73
70,Other,South,65615.05,3,82.87,5,0,0.2,89.1,Ads,0,105,1,1,0.76
51,Female,North,45996.82,110,97.29,7,4,0.46,48.3,Social Media,0,20,0,0,0.235
68,Female,South,49781.94,72,126.51,7,1,0.222,70.5,SMS,0,7,0,0,0.495
51,Male,North,60746.33,70,37.2,5,3,0.352,23.8,Email,0,107,0,0,0.42
31,Female,South,61317.4,81,117.23,11,1,0.234,89.8,Social Media,1,40,0,0,0.355
36,Male,East,55515.56,108,102.84,6,1,0.213,67.2,Ads,0,23,1,0,0.275
63,Female,West,59425.33,55,152.43,6,0,0.381,50.4,Social Media,1,69,1,1,0.8
43,Female,West,56083.03,54,56.94,6,3,0.366,56.4,Email,0,13,0,0,0.07
25,Male,North,62627.1,72,169.42,9,0,0.142,85.4,Ads,1,4,1,1,0.65
55,Male,West,37797.6,25,133.6,8,3,0.246,78.4,SMS,0,107,1,1,0.935
74,Female,East,75464.14,76,38.38,9,2,0.256,77.8,SMS,1,77,0,0,0.09
26,Female,North,78794.58,38,57.76,11,3,0.435,74.7,Social Media,0,83,0,0,0.15
33,Female,North,88101.56,83,85.55,17,2,0.094,79.8,Social Media,0,22,0,0,0.155
57,Male,North,75174.85,51,159.61,8,2,0.308,70.5,Email,1,122,1,1,0.92
44,Female,West,86821.98,73,81.36,6,2,0.369,59.9,Social Media,1,38,0,0,0.26
45,Male,East,79316.13,54,105.0,11,3,0.415,40.9,Social Media,0,137,0,1,0.915
20,Male,East,89966.52,90,118.03,6,2,0.294,16.4,Email,1,45,1,1,0.57
19,Male,East,36798.55,50,101.67,6,3,0.437,59.0,Social Media,1,2,0,0,0.41
74,Male,North,59637.87,106,66.79,7,1,0.48,65.3,Ads,0,88,0,0,0.18
43,Male,South,94003.91,79,106.37,8,4,0.456,77.3,Social Media,0,37,0,0,0.345
50,Other,East,49234.85,19,114.62,5,1,0.458,49.5,Ads,0,128,1,1,0.95
61,Female,North,63927.42,95,105.34,10,2,0.459,38.9,SMS,0,176,1,1,0.94
21,Female,South,64602.67,48,113.52,8,3,0.326,56.4,Social Media,0,66,1,1,0.77
22,Other,North,36075.39,119,45.89,7,0,0.628,35.6,SMS,0,169,0,0,0.38
42,Male,North,39099.01,24,136.55,8,1,0.497,47.8,Ads,1,105,1,1,0.92
29,Male,South,94247.31,63,107.94,3,3,0.388,94.8,Social Media,0,73,1,1,0.57
57,Female,South,66881.09,8,79.63,10,2,0.165,40.9,Email,0,18,1,0,0.255
57,Female,South,77871.26,64,111.42,5,2,0.28,66.4,Social Media,0,97,1,1,0.81
62,Male,North,50493.61,47,98.42,10,4,0.053,78.5,Email,0,42,0,0,0.405
56,Male,North,50130.43,11,111.37,4,2,0.137,81.3,Ads,0,43,1,1,0.75
31,Male,West,60633.84,16,79.53,14,2,0.24,88.4,Email,0,135,1,1,0.84
74,Female,South,52315.59,21,117.12,5,0,0.391,42.2,Ads,0,1,0,1,0.525
48,Female,North,79620.65,35,40.15,9,3,0.466,51.6,Ads,0,150,0,1,0.545
57,Female,North,48204.04,100,65.51,11,6,0.201,68.4,SMS,0,166,1,1,0.725
42,Male,North,53601.89,119,16.39,7,1,0.059,72.0,SMS,1,178,0,0,0.27
74,Other,South,74812.65,58,75.32,5,1,0.205,64.7,Email,1,48,0,0,0.3
21,Other,North,58639.39,87,97.16,10,1,0.38,57.6,Social Media,0,99,1,1,0.58
71,Female,South,64429.05,102,146.28,7,1,0.457,70.3,SMS,1,87,1,1,0.735
51,Female,South,42153.61,99,116.78,12,1,0.655,55.7,Email,0,111,0,1,0.745
22,Male,West,64984.27,85,56.26,7,0,0.614,54.3,Social Media,0,43,0,0,0.085
64,Male,East,74126.94,52,76.83,8,2,0.266,56.1,SMS,1,7,0,0,0.16
28,Male,North,60572.82,108,121.49,5,0,0.438,62.4,Ads,1,66,1,1,0.585
64,Female,East,70229.87,23,81.33,8,1,0.303,76.2,Social Media,0,75,0,1,0.63
33,Female,East,59540.02,12,90.89,12,0,0.453,84.1,Email,0,123,1,1,0.86
63,Male,South,43181.15,45,96.86,8,1,0.242,49.8,Email,0,68,0,1,0.785
71,Male,East,40786.05,48,48.61,4,0,0.06,77.3,SMS,0,58,0,0,0.195
27,Male,North,33886.33,73,50.18,10,2,0.6,55.1,Email,0,18,0,0,0.025
66,Male,East,83636.8,33,85.52,13,1,0.329,54.4,SMS,0,53,0,0,0.44
58,Male,North,58145.81,33,36.33,9,0,0.418,74.1,Social Media,0,131,1,0,0.235
69,Female,South,42371.16,32,99.82,9,0,0.394,64.9,Ads,0,174,1,1,0.935
43,Female,North,60064.63,102,68.54,6,1,0.157,63.6,Social Media,0,40,0,0,0.075
55,Female,South,85645.71,73,101.11,8,1,0.458,69.0,Ads,0,75,0,0,0.495
73,Female,North,70363.01,73,107.7,10,1,0.072,88.2,Social Media,1,71,1,1,0.545
64,Female,North,60419.32,21,105.91,4,2,0.026,59.8,Ads,1,155,1,1,0.95
38,Female,South,75564.89,28,84.98,10,0,0.315,67.8,Social Media,0,14,0,0,0.165
21,Male,West,54018.67,36,98.02,5,1,0.306,70.4,SMS,0,38,0,0,0.5
69,Male,West,77014.0,95,67.06,4,1,0.252,45.4,Ads,0,62,1,0,0.165
60,Male,West,45131.36,46,79.07,8,3,0.1,48.4,Email,1,24,0,0,0.335
63,Female,West,68245.83,94,23.26,9,1,0.457,82.6,Ads,1,87,0,0,0.035
63,Male,West,61194.47,58,50.17,10,1,0.236,16.1,Email,0,10,0,0,0.105
37,Male,North,61364.07,2,82.71,9,1,0.315,87.0,Ads,0,26,0,0,0.3
66,Male,West,47716.19,56,101.89,10,2,0.115,57.3,Email,1,80,0,1,0.795
64,Male,West,41438.56,13,93.93,13,1,0.138,21.4,Social Media,1,50,1,1,0.64
36,Female,West,47787.83,112,99.9,11,1,0.301,59.2,Ads,1,113,1,1,0.555
55,Female,West,69112.36,94,72.09,4,1,0.188,60.6,Social Media,1,28,0,0,0.125
19,Male,South,55286.06,115,115.72,2,2,0.623,81.2,Social Media,1,120,1,1,0.745
73,Female,West,32663.09,90,67.65,11,0,0.046,37.3,Social Media,0,3,0,0,0.225
55,Female,West,51171.09,97,128.48,6,1,0.43,57.6,SMS,0,79,1,1,0.825
46,Male,South,27002.36,76,27.84,10,3,0.838,78.5,Ads,0,24,0,0,0.075
45,Female,North,56513.59,69,40.72,8,2,0.065,41.5,SMS,0,123,1,0,0.41
54,Other,West,52293.17,111,54.02,8,1,0.183,75.9,SMS,0,3,0,0,0.055
37,Male,South,57362.54,57,91.6,4,1,0.093,45.3,Social Media,0,125,1,1,0.91
56,Female,West,80083.18,55,108.17,9,1,0.511,100.0,SMS,0,69,0,0,0.44
70,Female,North,38984.43,69,137.8,7,1,0.058,41.3,Email,1,167,1,1,0.97
70,Male,East,81365.73,20,120.78,9,1,0.215,78.2,SMS,0,102,1,1,0.915
61,Male,West,70909.73,104,106.87,4,2,0.025,65.4,Email,0,32,0,0,0.33
42,Male,East,47703.9,116,63.73,7,3,0.101,38.7,SMS,0,31,0,0,0.105
28,Male,West,52089.51,87,91.25,9,2,0.395,84.5,Social Media,0,25,0,0,0.115
48,Female,West,60841.26,100,39.92,9,1,0.168,73.7,Email,1,127,0,0,0.235
53,Male,North,42259.65,45,114.89,11,2,0.226,56.3,SMS,0,147,1,1,0.95
22,Male,North,83590.61,11,100.28,11,0,0.246,47.4,SMS,0,100,1,1,0.885
44,Male,South,51920.3,109,80.75,12,2,0.243,78.2,Ads,0,14,0,0,0.095
31,Male,North,69141.8,99,34.44,7,1,0.181,100.0,Social Media,0,131,0,0,0.24
53,Male,East,73877.93,119,96.05,9,4,0.075,49.4,Social Media,0,130,1,1,0.825
56,Female,East,59639.58,109,84.25,10,2,0.329,34.8,SMS,1,35,0,0,0.205
51,Male,North,64170.07,26,102.05,9,1,0.196,80.2,Ads,0,64,1,1,0.755
70,Female,West,65491.96,48,40.0,6,0,0.495,64.9,Ads,0,31,0,0,0.065
20,Male,North,57090.85,15,131.71,4,1,0.301,22.7,Ads,1,84,1,1,0.905
18,Female,West,45316.43,53,72.45,7,2,0.234,77.1,Email,0,148,1,1,0.785
68,Male,East,50905.83,51,56.65,7,2,0.364,55.1,Email,1,11,0,0,0.155
59,Female,North,94934.67,92,132.37,8,0,0.511,60.5,Ads,1,1,1,0,0.435
29,Female,East,93482.29,62,140.37,7,0,0.359,69.3,Social Media,1,55,1,1,0.76
62,Male,West,48840.77,119,54.49,8,3,0.019,57.3,Email,1,173,0,1,0.57
34,Male,North,50628.43,89,109.21,9,2,0.608,73.9,Ads,1,145,0,1,0.755
51,Male,North,42308.78,56,42.34,11,2,0.175,74.2,Social Media,1,138,1,0,0.445
45,Male,West,47819.02,114,63.54,15,0,0.509,56.9,Social Media,0,134,1,0,0.315
22,Female,North,47495.12,84,42.13,9,1,0.401,43.8,SMS,1,72,0,0,0.11
54,Male,East,68454.62,80,102.54,11,2,0.271,69.7,Email,0,30,0,0,0.16
53,Female,South,50380.98,2,56.35,6,1,0.268,84.7,Social Media,1,72,0,0,0.34
55,Female,West,58697.15,5,105.86,6,0,0.008,56.9,Social Media,1,112,1,1,0.855
24,Male,North,72847.59,37,85.99,12,1,0.146,71.9,Ads,0,179,1,1,0.9
65,Female,North,40127.11,25,74.04,9,2,0.169,3.1,Email,0,108,1,1,0.815
55,Male,South,50415.07,19,128.48,8,1,0.568,44.5,Email,0,102,1,1,0.945
40,Female,East,26073.85,37,79.73,9,2,0.582,39.1,Ads,0,113,0,1,0.72
40,Male,North,67468.58,69,87.89,11,3,0.21,56.2,Email,1,151,1,1,0.88
19,Other,North,90102.4,81,148.44,10,4,0.369,20.9,Social Media,0,32,1,1,0.665
37,Male,North,53340.28,16,85.4,5,4,0.166,51.9,Social Media,1,145,1,1,0.955
64,Female,South,53464.72,92,36.88,9,3,0.244,80.1,Email,0,95,0,0,0.09
39,Female,South,50802.54,27,70.97,2,3,0.221,57.7,Email,0,23,0,0,0.3
36,Male,North,40223.04,85,75.65,7,2,0.278,37.9,Social Media,0,25,1,0,0.14
33,Male,South,71167.35,114,74.03,6,0,0.102,62.5,Social Media,0,1,0,0,0.105
41,Female,West,60886.1,98,118.18,6,2,0.038,53.3,SMS,0,145,1,1,0.925
35,Female,West,88501.93,102,48.63,7,2,0.151,48.6,Ads,0,54,0,0,0.055
53,Female,North,70911.03,7,56.88,9,2,0.357,39.7,SMS,0,175,1,1,0.835
29,Female,East,55040.84,23,5.0,11,1,0.117,50.9,Email,1,167,0,0,0.405
61,Male,West,75579.5,42,31.11,7,1,0.466,29.8,Ads,0,129,0,1,0.52
18,Male,North,84106.7,34,54.82,7,2,0.088,51.3,Email,0,177,1,1,0.775
66,Female,East,81724.18,53,95.6,8,1,0.79,60.4,Email,0,84,1,1,0.51
36,Male,East,61743.86,113,75.7,15,1,0.252,86.8,Ads,0,48,0,0,0.05
53,Female,South,53305.15,113,98.67,10,2,0.322,67.2,Ads,0,157,1,1,0.83
31,Male,East,73333.13,29,57.73,7,3,0.281,73.3,Ads,1,27,0,0,0.09
18,Female,South,39120.64,89,84.01,5,1,0.428,50.7,Ads,0,41,0,0,0.175
61,Female,North,50184.5,111,125.4,10,1,0.527,67.7,SMS,1,130,1,1,0.82
72,Male,West,44115.75,42,52.19,7,3,0.328,25.4,SMS,1,8,0,0,0.165
45,Male,North,45969.76,78,30.72,4,2,0.451,90.0,Email,0,42,0,0,0.04
19,Male,South,43325.47,116,73.02,7,2,0.062,80.0,SMS,0,166,0,1,0.65
45,Female,South,51133.04,48,5.0,10,2,0.385,79.0,Social Media,0,135,0,0,0.18
35,Female,South,35530.57,65,63.47,9,2,0.301,39.5,Ads,1,68,0,0,0.195
33,Female,East,75579.47,38,89.5,6,0,0.379,81.1,Social Media,0,67,0,1,0.595
43,Female,South,60860.14,65,128.99,7,0,0.329,36.5,Social Media,0,102,1,1,0.96
20,Female,East,68782.81,33,49.2,12,1,0.464,75.0,Email,0,131,1,0,0.46
39,Male,East,76156.73,94,100.94,5,3,0.212,32.3,Social Media,0,115,1,1,0.86
65,Male,South,58264.78,106,117.9,9,0,0.358,100.0,Social Media,0,90,0,1,0.635
54,Male,East,35403.36,99,50.99,7,2,0.402,51.8,Ads,0,117,0,0,0.21
44,Male,North,65294.05,24,57.91,10,1,0.441,81.4,Ads,0,24,0,0,0.055
36,Male,North,36352.94,114,135.55,7,2,0.337,79.8,SMS,1,41,1,1,0.535
47,Male,North,73763.26,56,114.54,9,2,0.445,67.5,Ads,0,2,0,0,0.34
24,Male,West,83503.31,64,69.09,7,1,0.116,73.6,Social Media,1,16,0,0,0.15
46,Female,West,71242.46,17,92.42,9,1,0.607,75.9,Social Media,0,163,1,1,0.835
38,Female,West,45729.76,26,83.95,5,1,0.359,20.4,Ads,1,92,1,1,0.825
33,Male,North,62333.6,86,57.61,5,1,0.292,94.1,Email,0,94,1,0,0.17
29,Male,North,58060.92,30,86.1,12,4,0.363,36.9,Social Media,0,111,1,1,0.835
32,Male,East,67681.63,84,90.38,11,2,0.095,30.6,Social Media,0,99,1,1,0.895
23,Male,South,61128.76,85,131.22,5,0,0.366,71.7,Social Media,0,67,1,1,0.605
70,Female,East,86436.57,82,21.77,11,1,0.273,46.7,SMS,1,30,0,0,0.115
48,Female,North,66966.16,2,92.2,9,1,0.26,72.5,Ads,0,149,1,1,0.91
56,Male,North,89318.69,73,45.36,7,1,0.217,49.3,Ads,0,117,0,0,0.35
27,Male,South,46519.25,118,47.9,10,2,0.07,52.1,Email,0,177,0,1,0.59
69,Female,West,70295.4,42,30.91,8,3,0.352,63.9,Ads,1,123,1,0,0.35
58,Male,East,53912.97,38,90.7,10,1,0.247,85.7,Email,0,163,1,1,0.935
45,Male,East,46424.52,31,83.71,13,3,0.238,45.3,Social Media,1,170,1,1,0.96
69,Male,East,79413.97,103,40.15,5,0,0.381,96.7,Email,0,148,0,0,0.305
57,Female,South,52329.8,91,44.99,1,1,0.438,32.0,Social Media,1,60,0,0,0.185
72,Male,South,21011.21,66,126.31,7,0,0.272,63.3,Ads,0,69,1,1,0.635
18,Male,West,79901.91,100,106.59,11,2,0.428,73.2,SMS,0,146,1,1,0.745
59,Female,West,71836.59,43,82.74,8,1,0.057,67.4,Ads,0,166,1,1,0.915
71,Male,East,53601.46,4,92.12,5,3,0.422,68.2,SMS,0,138,1,1,0.955
27,Male,North,87714.27,56,83.83,9,4,0.344,57.2,SMS,0,61,0,0,0.42
23,Female,East,27100.93,112,90.69,8,1,0.461,65.8,SMS,0,7,1,0,0.08
44,Male,East,66746.43,13,106.65,7,1,0.617,54.3,Social Media,0,32,1,1,0.61
27,Male,West,52828.18,118,125.4,9,3,0.121,40.6,SMS,0,172,1,1,0.925
74,Male,South,78931.9,101,52.59,7,1,0.313,41.5,Ads,0,26,0,0,0.07
31,Male,South,79617.69,14,71.06,8,0,0.34,84.1,Email,0,30,0,0,0.15
20,Male,East,99282.76,46,159.96,5,2,0.298,39.6,Social Media,0,168,1,1,0.915
67,Male,South,45550.43,17,55.44,7,1,0.269,41.5,Ads,1,126,1,1,0.78
18,Male,North,74870.28,8,95.29,7,1,0.362,72.5,Email,0,133,1,1,0.855
33,Male,North,49609.51,29,48.33,6,0,0.197,70.9,Ads,0,50,0,0,0.235
61,Female,South,73563.36,100,138.08,5,3,0.346,84.8,Ads,0,152,1,1,0.915
72,Male,East,64118.31,45,7.33,7,2,0.492,66.3,Ads,0,173,0,0,0.37
58,Male,South,22516.61,11,71.65,5,3,0.384,44.2,SMS,0,89,1,1,0.61
42,Male,West,67726.44,116,40.74,6,2,0.274,77.1,SMS,0,140,0,0,0.155
31,Male,West,37823.69,40,135.36,3,1,0.479,43.1,Email,0,61,1,1,0.81
53,Male,North,49216.16,27,85.14,7,2,0.386,100.0,Ads,0,148,1,1,0.825
44,Male,West,71984.55,97,33.73,11,1,0.76,86.4,SMS,0,82,0,0,0.05
60,Male,South,70355.01,100,68.83,6,1,0.061,35.5,SMS,1,93,0,1,0.52
32,Other,West,63230.4,89,77.63,10,1,0.396,48.0,Social Media,0,12,0,0,0.075
28,Male,North,45229.64,24,138.29,11,3,0.206,64.5,Email,1,141,1,1,0.955
62,Male,East,82862.82,8,90.51,6,1,0.492,100.0,Social Media,0,93,1,1,0.67
37,Male,North,54151.22,37,70.36,12,2,0.251,56.6,Email,1,170,1,1,0.915
59,Other,South,39546.73,26,114.76,12,0,0.094,52.4,Email,1,172,1,1,0.96
43,Female,North,62740.46,90,58.62,9,1,0.31,78.5,Email,0,15,0,0,0.04
19,Male,North,72130.55,85,95.72,6,4,0.184,60.2,Ads,0,98,1,1,0.605
46,Female,South,61950.99,58,114.82,11,5,0.417,64.6,Social Media,0,42,0,0,0.465
31,Male,North,15000.0,2,104.62,9,1,0.263,61.9,Ads,1,52,0,1,0.73
41,Male,East,56672.98,72,83.76,7,0,0.108,97.6,SMS,0,31,0,0,0.235
30,Male,South,54381.07,114,90.43,10,1,0.199,80.0,Ads,0,59,0,0,0.3
43,Female,West,61611.87,106,106.0,7,1,0.327,44.9,Ads,0,135,1,1,0.855
51,Female,West,69441.79,38,58.44,7,2,0.194,38.8,Ads,0,11,0,0,0.17
66,Male,South,55841.33,50,98.15,7,2,0.333,42.5,Social Media,0,32,1,0,0.465
37,Male,West,58508.41,25,57.99,10,1,0.434,100.0,Ads,0,60,0,0,0.145
23,Female,North,60562.46,94,54.77,10,5,0.425,48.5,Email,1,3,0,0,0.09
46,Male,South,84030.79,53,35.63,4,0,0.466,83.8,Social Media,1,164,1,1,0.62
44,Female,South,45530.9,73,103.48,14,2,0.273,65.5,SMS,0,132,1,1,0.785
65,Female,West,37563.76,112,59.5,5,2,0.014,95.1,SMS,1,61,0,0,0.235
39,Female,South,37877.0,79,96.47,7,1,0.57,61.7,Email,0,79,1,0,0.375
42,Female,North,59784.52,32,101.44,10,5,0.209,37.0,Email,1,36,0,1,0.64
34,Male,East,29741.24,58,63.56,8,4,0.135,62.8,Email,0,1,0,0,0.2
40,Male,South,49665.12,102,107.15,10,2,0.372,84.8,Social Media,0,110,1,1,0.66
50,Male,West,71469.73,102,41.14,6,2,0.278,56.1,SMS,1,117,1,0,0.19
74,Male,West,58545.58,89,154.22,6,1,0.082,78.7,Ads,0,92,1,1,0.81
50,Male,North,54859.88,118,33.35,7,1,0.372,30.6,Social Media,1,155,0,0,0.325
25,Female,South,72900.42,25,70.8,7,2,0.355,39.6,Email,0,104,1,1,0.78
52,Female,East,15000.0,69,72.92,6,0,0.089,63.1,Email,0,38,1,0,0.31
66,Other,West,84735.22,77,120.97,9,0,0.292,50.0,Email,1,143,1,1,0.89
55,Male,South,79443.09,102,71.64,6,3,0.703,86.7,Email,0,71,0,0,0.165
35,Female,West,83644.35,27,56.4,9,1,0.313,69.4,Social Media,0,65,0,0,0.185
71,Female,North,69659.38,56,66.69,10,0,0.396,98.5,Email,0,15,0,0,0.09
22,Male,North,58772.48,72,36.61,13,1,0.292,30.1,Email,0,49,0,0,0.095
35,Male,West,53472.38,88,113.4,6,1,0.538,47.0,Ads,1,57,1,0,0.43
59,Female,South,51644.53,98,5.0,12,1,0.224,72.4,SMS,0,18,0,0,0.02
74,Female,West,57551.98,32,19.17,8,0,0.407,60.9,Social Media,0,158,0,0,0.36
30,Male,West,36619.9,108,20.34,9,2,0.185,70.4,Ads,0,30,0,0,0.015
24,Female,East,64839.87,101,92.1,10,1,0.234,47.9,Social Media,0,149,1,1,0.83
23,Male,South,65117.6,115,81.74,14,0,0.325,89.8,Ads,0,104,1,0,0.29
41,Female,South,37150.78,69,122.71,9,0,0.326,76.6,Social Media,0,150,1,1,0.935
58,Female,East,103562.31,8,87.37,10,1,0.156,75.7,SMS,0,43,0,1,0.525
39,Male,East,18319.48,36,111.64,9,1,0.401,75.7,SMS,0,107,1,1,0.775
34,Male,West,68795.47,18,30.12,8,0,0.121,62.3,Ads,0,28,0,0,0.09
19,Male,West,47377.41,115,134.64,7,4,0.195,39.1,Social Media,0,97,1,1,0.755
18,Male,South,71311.22,102,31.26,13,0,0.419,31.3,Social Media,1,7,0,0,0.105
57,Male,East,64362.71,95,88.27,10,1,0.342,43.9,Ads,1,142,1,1,0.745
67,Male,North,68440.24,92,100.64,11,4,0.092,77.9,Email,0,135,1,1,0.78
62,Female,North,51334.5,54,123.0,6,1,0.41,25.0,Ads,0,46,1,1,0.69
60,Male,West,70076.59,108,116.32,4,2,0.02,53.4,Social Media,1,170,1,1,0.875
47,Female,East,84370.69,96,104.16,10,1,0.179,45.8,Ads,0,157,1,1,0.94
73,Female,East,57076.51,8,26.36,10,1,0.242,65.0,SMS,1,160,1,0,0.45
18,Other,North,56837.58,55,129.47,8,0,0.388,58.9,Ads,0,156,1,1,0.905
63,Male,North,68482.07,25,63.64,10,2,0.242,59.7,Social Media,1,156,1,1,0.84
50,Female,West,93553.28,80,68.72,14,0,0.256,67.0,Ads,0,48,0,0,0.11
34,Female,East,63763.03,71,125.88,9,1,0.157,73.6,Social Media,0,6,0,0,0.475
51,Female,East,49761.65,80,100.75,7,2,0.302,42.3,Ads,1,101,1,1,0.755
58,Male,North,59125.96,22,50.08,4,0,0.15,40.1,Social Media,0,139,1,1,0.875
21,Male,North,66782.59,87,67.54,14,0,0.344,50.5,SMS,1,116,1,0,0.385
63,Female,East,23104.51,29,70.78,6,2,0.12,47.1,Ads,1,53,0,1,0.52
55,Male,South,40569.71,112,98.47,5,0,0.245,72.8,Email,1,86,0,1,0.545
36,Female,North,69734.26,37,66.85,4,1,0.071,72.4,Email,0,119,0,1,0.66
20,Male,South,65680.96,79,34.95,7,3,0.193,40.6,Social Media,0,21,0,0,0.105
45,Male,West,51252.3,87,60.5,17,4,0.067,100.0,Email,0,171,0,0,0.5
36,Female,West,28840.64,87,141.35,9,5,0.38,58.1,SMS,1,77,1,1,0.68
61,Female,South,51728.41,28,125.39,4,2,0.362,79.3,Ads,0,10,1,0,0.5
37,Male,East,65650.38,68,92.32,10,1,0.022,56.8,SMS,0,150,1,1,0.9
67,Female,North,54118.45,6,64.22,6,1,0.383,29.3,Social Media,1,44,0,0,0.25
66,Male,East,82139.56,51,80.84,6,2,0.266,70.1,Email,0,19,1,0,0.22
50,Male,South,65403.94,92,111.55,10,1,0.09,56.4,Ads,0,49,1,0,0.46
33,Other,East,74824.2,118,136.3,5,1,0.306,71.7,Email,0,17,0,1,0.53
20,Female,West,33135.17,34,128.27,9,3,0.456,68.5,Email,1,145,1,1,0.925
33,Male,South,31619.09,46,142.81,6,1,0.135,53.3,Social Media,1,140,1,1,0.975
61,Male,North,64627.46,63,106.46,6,2,0.199,47.8,Ads,0,12,0,0,0.375
61,Female,North,75503.83,26,89.73,6,0,0.184,60.4,Social Media,1,148,1,1,0.925
46,Male,East,56297.3,76,133.17,7,0,0.277,50.0,Email,0,96,1,1,0.9
20,Female,West,64587.44,20,70.46,7,0,0.168,62.7,SMS,0,47,0,0,0.31
61,Female,South,64540.3,85,28.04,9,3,0.476,42.7,Ads,1,171,0,0,0.315
70,Male,East,76155.8,39,71.79,8,5,0.362,73.5,Ads,0,99,0,0,0.37
18,Male,East,27146.16,45,91.11,6,1,0.172,60.4,Social Media,0,104,0,1,0.755
45,Male,North,84338.86,57,114.38,7,2,0.151,37.5,Email,0,9,0,1,0.53
60,Male,East,55171.26,35,79.97,7,1,0.325,83.2,Email,0,130,1,1,0.86
40,Other,South,53688.14,64,92.72,5,4,0.571,63.1,SMS,0,91,1,1,0.59
66,Female,South,51122.49,38,62.87,10,2,0.299,65.8,Social Media,0,78,1,0,0.225
28,Female,West,66228.92,93,70.06,7,4,0.061,15.4,Social Media,0,164,1,1,0.845
31,Female,South,56612.22,82,46.01,5,2,0.393,62.6,SMS,0,55,0,0,0.04
53,Female,South,103793.85,6,74.45,8,1,0.162,49.1,Email,0,142,1,1,0.835
71,Male,West,31942.15,106,68.34,8,1,0.181,28.5,Social Media,1,81,0,0,0.385
52,Male,South,27269.28,38,117.42,8,0,0.394,64.1,Ads,0,124,1,1,0.9
35,Male,East,89117.06,27,105.3,8,2,0.157,90.9,SMS,0,14,0,1,0.53
54,Female,North,54362.46,14,148.09,8,1,0.191,54.0,Email,1,90,1,1,0.92
60,Female,South,60284.21,10,60.75,6,3,0.229,52.0,Social Media,0,114,0,1,0.805
32,Male,West,73926.03,106,113.11,8,1,0.201,41.4,SMS,0,16,0,1,0.55
27,Female,West,72660.24,11,120.06,15,0,0.202,45.0,Email,0,137,1,1,0.94
50,Female,North,49801.07,25,75.76,6,2,0.129,30.9,SMS,1,157,1,1,0.98
33,Female,West,47338.02,102,27.38,8,2,0.332,37.2,Email,1,56,0,0,0.065
26,Male,South,47423.62,33,96.3,4,3,0.445,18.3,Ads,1,99,1,1,0.84
72,Male,East,77287.28,105,72.86,10,0,0.494,63.1,Social Media,0,38,0,0,0.11
26,Male,North,64860.29,7,35.36,9,1,0.137,92.0,Social Media,0,10,1,0,0.075
54,Male,North,45012.39,4,77.31,7,2,0.368,82.0,Email,0,32,1,0,0.21
73,Male,West,73873.43,45,65.24,7,1,0.067,43.2,Email,0,148,1,1,0.835
47,Male,South,69591.07,35,40.77,6,0,0.068,67.5,Ads,0,92,0,0,0.305
28,Female,East,63866.08,43,79.29,6,1,0.552,86.7,SMS,0,107,0,1,0.625
22,Female,South,43558.68,7,38.71,10,0,0.221,37.2,Ads,0,176,1,1,0.72
27,Female,West,63354.96,76,54.62,7,1,0.497,74.5,Ads,0,166,0,1,0.505
64,Female,West,71226.46,48,104.59,10,0,0.33,64.4,Email,0,128,1,1,0.9
62,Other,North,53289.71,24,100.06,11,2,0.391,49.4,Email,0,151,1,1,0.98
31,Female,North,73606.61,46,78.71,8,3,0.142,41.0,Social Media,0,81,1,1,0.665
53,Male,East,61687.92,29,108.52,9,3,0.258,75.0,SMS,1,68,1,1,0.79
52,Female,South,32532.46,24,60.17,7,2,0.205,89.0,Email,0,70,1,0,0.275
28,Female,West,57377.42,82,55.16,10,0,0.112,61.7,Email,0,156,1,1,0.59
67,Other,East,36935.13,109,104.45,7,0,0.05,46.6,Ads,0,160,1,1,0.865
49,Female,West,49253.45,24,46.66,4,1,0.425,63.1,Ads,0,177,0,1,0.725
36,Male,West,59034.86,51,48.04,15,1,0.397,29.4,Email,1,44,0,0,0.115
31,Male,North,37714.56,51,46.44,4,4,0.137,82.3,Ads,1,17,0,0,0.145
20,Male,West,55642.85,84,142.77,6,0,0.332,68.1,Email,0,38,0,1,0.62
30,Male,South,84226.76,37,73.51,8,0,0.287,73.7,SMS,0,26,0,0,0.145
42,Female,South,69043.56,19,56.51,8,0,0.292,64.7,SMS,1,62,0,0,0.235
19,Female,West,47524.96,115,43.66,6,2,0.136,32.1,SMS,1,44,0,0,0.135
58,Other,West,74361.88,82,86.5,6,1,0.296,50.9,Social Media,0,114,1,1,0.75
71,Female,South,88503.84,71,89.52,3,3,0.328,46.4,Ads,0,111,1,1,0.845
32,Female,West,48728.03,96,51.12,5,1,0.401,54.7,Ads,0,13,0,0,0.03
33,Female,West,24317.1,37,29.29,8,3,0.385,28.4,SMS,1,141,0,0,0.455
60,Female,East,52748.82,46,6.43,8,3,0.604,63.8,SMS,0,142,0,0,0.2
59,Male,East,66271.37,96,27.85,4,1,0.394,61.1,Ads,0,155,0,0,0.325
22,Female,East,73097.68,66,97.02,7,2,0.34,31.9,Email,0,150,1,1,0.925
68,Female,East,81901.61,69,84.86,7,2,0.24,51.3,SMS,0,52,1,0,0.42
47,Female,West,33618.13,106,107.76,5,1,0.257,48.8,Ads,0,144,1,1,0.94
19,Male,East,105806.02,4,70.45,11,0,0.243,71.4,Email,0,9,0,0,0.27
41,Female,West,46323.69,62,87.13,8,1,0.246,52.7,Ads,0,160,1,1,0.905
60,Female,South,49279.67,96,17.87,3,2,0.385,67.2,SMS,0,80,0,0,0.07
25,Other,North,87139.47,86,110.64,7,0,0.643,81.9,Social Media,0,24,1,0,0.26
36,Male,West,52425.56,27,63.62,10,0,0.385,69.5,Ads,0,178,1,1,0.775
40,Female,North,61098.49,18,95.51,7,1,0.085,64.9,Social Media,0,69,1,1,0.86
58,Female,North,23299.49,41,116.32,8,8,0.281,80.5,Email,1,36,1,1,0.595
25,Female,East,49638.38,67,34.31,14,3,0.02,51.8,SMS,1,146,0,1,0.54
70,Female,West,57323.6,112,132.66,8,2,0.111,75.7,Ads,0,120,1,1,0.805
49,Female,South,64751.3,11,60.46,4,1,0.043,82.9,Social Media,0,69,0,0,0.405
27,Female,South,52900.55,45,66.64,11,1,0.613,91.9,Email,0,159,1,1,0.65
37,Female,West,51252.08,42,107.23,7,0,0.204,79.2,SMS,0,170,0,1,0.97
19,Female,South,77373.21,92,27.59,9,3,0.552,99.4,Email,0,42,0,0,0.065
62,Female,East,74738.98,86,95.51,11,0,0.112,63.5,SMS,0,94,0,1,0.71
60,Female,East,51376.11,94,97.56,7,1,0.215,75.7,Email,0,1,1,0,0.25
29,Female,East,45039.03,52,107.65,6,0,0.608,43.8,Ads,0,138,1,1,0.83
20,Male,West,79711.5,116,54.74,6,1,0.055,80.9,SMS,1,123,0,0,0.38
18,Male,North,59969.36,38,8.14,7,2,0.531,100.0,SMS,0,34,0,0,0.125
39,Female,West,54277.37,8,56.75,6,1,0.289,67.2,Social Media,1,90,0,0,0.415
70,Female,North,84917.91,70,68.62,4,0,0.203,18.9,Social Media,0,77,0,0,0.49
40,Male,North,69957.78,92,5.0,6,0,0.251,74.2,Email,1,84,0,0,0.055
73,Male,East,86770.81,6,84.38,14,1,0.234,38.5,Ads,0,143,1,1,0.91
38,Other,North,60821.29,67,85.49,9,1,0.048,51.7,Ads,1,145,1,1,0.86
67,Female,West,75527.39,70,118.58,7,1,0.409,66.0,Ads,1,22,1,0,0.385
28,Female,South,65383.88,52,54.2,3,2,0.325,93.5,Social Media,0,41,0,0,0.095
25,Male,East,79738.72,19,45.79,7,0,0.072,83.1,Social Media,0,58,0,0,0.275
44,Female,West,90674.74,97,102.0,10,0,0.302,75.6,Email,0,17,0,0,0.25
38,Female,South,64991.09,62,24.79,6,4,0.175,38.1,Social Media,0,43,0,0,0.115
28,Male,North,59369.02,55,70.93,8,0,0.237,74.0,Email,0,23,0,0,0.1
58,Male,North,50591.62,90,118.83,9,3,0.108,34.2,Ads,0,155,1,1,0.98
39,Female,South,71762.5,106,119.52,9,1,0.135,31.2,Ads,0,9,0,1,0.535
61,Male,South,79734.52,70,104.78,8,1,0.529,53.8,Email,0,24,0,0,0.35
29,Female,South,40176.34,8,103.87,10,1,0.198,52.0,Email,0,35,1,1,0.695
46,Male,North,62524.2,5,84.03,8,0,0.153,28.0,Ads,0,160,1,1,0.955
39,Male,South,43934.02,56,32.25,13,2,0.26,71.5,SMS,0,42,0,0,0.035
35,Female,North,50870.7,46,73.57,2,2,0.297,57.5,Ads,0,93,1,1,0.59
32,Male,West,17698.03,83,106.39,12,0,0.38,49.8,SMS,0,128,1,1,0.78
59,Female,South,42702.0,95,102.28,4,1,0.28,55.3,Email,0,82,1,1,0.6
41,Male,South,97504.91,87,93.67,11,0,0.015,50.3,SMS,0,120,1,1,0.695
72,Male,South,42570.02,22,83.49,6,2,0.148,68.4,Social Media,1,161,1,1,0.905
46,Male,North,62958.7,61,96.09,7,2,0.396,89.1,Ads,0,102,0,1,0.75
61,Male,North,64524.38,113,24.43,13,2,0.197,34.6,Email,0,25,0,0,0.035
50,Female,West,33207.29,81,53.18,8,0,0.167,64.0,Social Media,0,157,1,1,0.505
67,Female,West,74264.82,11,34.29,4,1,0.581,19.8,SMS,0,80,0,0,0.285
50,Female,North,49726.74,89,59.33,8,1,0.181,56.1,Email,0,122,0,0,0.425
47,Female,East,34354.47,33,5.0,6,0,0.481,82.5,SMS,0,50,0,0,0.09
27,Male,West,78167.62,15,68.37,6,1,0.226,43.0,Ads,1,164,1,1,0.92
67,Male,North,56724.21,67,51.85,6,1,0.386,56.8,Email,1,66,0,0,0.105
39,Female,North,53314.87,92,155.9,8,0,0.333,48.0,Social Media,1,150,1,1,0.955
62,Male,West,84238.5,71,85.84,5,0,0.286,30.6,Social Media,0,115,0,1,0.86
33,Female,West,88963.44,9,96.99,7,3,0.12,64.1,SMS,0,37,1,1,0.645
24,Male,North,74990.48,50,83.61,5,2,0.561,79.3,Ads,0,133,1,1,0.77
59,Female,North,47506.93,14,82.64,6,2,0.009,57.9,Ads,1,39,1,0,0.46
25,Female,East,59588.28,36,28.26,12,1,0.15,70.1,SMS,1,168,0,1,0.555
22,Male,South,59341.53,24,69.01,11,2,0.486,38.7,Ads,0,68,0,0,0.34
39,Male,East,31153.15,17,88.77,10,1,0.31,89.2,SMS,1,167,1,1,0.915
40,Male,West,54975.63,21,75.03,12,1,0.367,62.1,Ads,0,174,0,1,0.89
24,Male,East,70673.98,27,91.96,6,2,0.317,74.1,Email,0,79,0,1,0.745
23,Female,North,60567.98,45,13.54,7,0,0.468,58.7,Social Media,0,173,0,0,0.285
20,Male,South,55937.8,19,126.77,6,1,0.122,100.0,SMS,0,103,1,1,0.885
26,Female,North,106008.39,14,75.59,8,1,0.148,65.4,Ads,0,10,0,0,0.3
67,Female,North,73130.33,2,93.1,10,1,0.5,80.6,SMS,0,70,1,1,0.605
63,Female,North,41564.88,27,92.28,11,0,0.305,56.9,Social Media,0,121,1,1,0.875
55,Female,East,86920.43,13,38.78,4,1,0.683,80.1,Social Media,1,136,1,0,0.37
70,Female,North,48358.36,40,61.1,6,0,0.49,41.7,SMS,0,75,0,0,0.27
62,Female,North,39432.04,23,101.32,6,4,0.567,49.8,Social Media,0,21,1,1,0.515
55,Female,North,104843.1,101,79.77,9,0,0.14,82.7,Ads,0,158,1,1,0.715
53,Male,South,78567.59,50,84.76,8,2,0.186,69.6,Social Media,1,98,0,1,0.685
73,Male,East,67551.94,55,100.96,8,0,0.276,52.3,Social Media,0,64,1,1,0.545
71,Male,East,81776.37,78,50.0,10,3,0.186,22.0,Ads,0,135,1,1,0.55
32,Female,West,44325.99,8,126.61,10,3,0.454,51.8,SMS,0,31,1,1,0.73
21,Female,West,79712.14,8,73.54,3,1,0.211,35.3,Ads,1,125,1,1,0.875
39,Male,West,44182.14,69,101.29,8,2,0.279,75.2,SMS,0,42,1,0,0.275
41,Male,North,47197.09,8,106.94,6,1,0.369,48.6,Email,0,169,1,1,0.97
18,Male,West,70714.56,66,77.94,5,0,0.368,71.9,Ads,0,155,1,1,0.79
36,Female,North,66372.7,90,51.1,7,1,0.62,54.9,SMS,0,175,0,0,0.435
57,Female,South,63885.54,99,87.36,8,3,0.415,13.9,Social Media,0,124,1,1,0.75
36,Female,East,61420.24,77,97.37,11,0,0.71,33.8,SMS,0,5,0,0,0.23
56,Male,West,49808.12,89,119.17,6,1,0.41,56.4,Social Media,0,29,1,0,0.3
66,Female,North,74469.4,28,65.67,10,1,0.134,48.5,SMS,0,10,0,0,0.18
65,Female,East,91513.5,82,60.27,5,0,0.347,55.9,Social Media,1,93,0,0,0.34
66,Male,East,39628.35,74,86.88,9,1,0.421,53.9,SMS,1,149,1,1,0.765
19,Male,South,32604.41,104,118.33,8,1,0.268,100.0,Social Media,0,135,1,1,0.865
25,Female,North,44581.11,5,86.57,11,3,0.13,78.0,Social Media,1,134,1,1,0.92
35,Female,East,33943.9,47,96.13,8,1,0.362,62.0,Ads,0,138,1,1,0.925
47,Male,South,29985.46,82,115.61,10,1,0.423,100.0,Ads,0,119,1,1,0.805
68,Female,East,76795.59,60,39.34,8,1,0.169,41.2,Ads,0,146,1,1,0.56
33,Male,West,36874.79,96,125.92,3,2,0.461,93.8,Ads,0,94,1,1,0.74
54,Female,West,66198.75,55,95.96,5,0,0.154,11.6,SMS,0,74,1,1,0.755
58,Female,West,45874.85,11,96.63,2,1,0.213,49.2,SMS,0,147,1,1,0.95
58,Female,South,65683.23,25,78.94,7,3,0.147,52.3,SMS,1,59,0,1,0.53
46,Female,South,92158.66,34,69.37,10,1,0.464,13.2,SMS,0,69,1,0,0.37
49,Male,North,78731.43,10,57.02,4,2,0.255,84.6,Email,0,162,1,1,0.85
40,Male,South,62482.1,74,26.19,7,0,0.656,33.6,SMS,0,84,0,0,0.07
52,Female,South,36525.97,110,112.0,7,1,0.416,86.1,SMS,0,46,0,0,0.21
42,Female,North,51181.87,13,5.0,7,2,0.211,39.7,Ads,1,67,0,0,0.225
56,Other,North,88124.47,49,5.0,5,0,0.371,80.4,Ads,1,71,0,0,0.14
61,Male,North,89849.02,118,24.4,8,0,0.127,45.5,Email,1,8,0,0,0.065
40,Male,North,15000.0,14,62.91,11,2,0.132,55.9,Social Media,1,20,0,0,0.365
67,Female,North,74743.42,40,69.09,4,3,0.472,46.3,Email,1,157,1,1,0.74
36,Male,South,41121.65,94,83.01,7,2,0.313,31.9,Ads,1,78,1,0,0.5
67,Male,East,75405.39,41,46.06,9,0,0.132,70.1,Social Media,0,56,0,0,0.12
67,Male,West,57914.78,7,69.32,7,2,0.34,50.4,Email,0,92,0,1,0.57
69,Female,East,59732.42,26,8.97,12,2,0.142,69.6,Social Media,1,88,0,0,0.22
46,Male,East,77015.07,19,73.38,10,0,0.321,69.1,Social Media,0,10,0,0,0.155
28,Female,West,82340.15,30,40.7,10,3,0.323,78.2,Social Media,1,55,0,0,0.11
28,Male,West,18177.09,78,137.15,11,1,0.261,44.3,Social Media,0,22,1,1,0.595
26,Male,West,72155.3,56,109.31,3,3,0.257,49.8,SMS,0,141,1,1,0.895
43,Female,West,73358.51,110,26.59,4,2,0.547,46.0,Email,0,84,0,0,0.07
18,Male,West,78760.25,60,30.5,6,1,0.441,35.9,SMS,0,7,0,0,0.105
44,Male,South,50164.55,23,90.46,8,1,0.192,54.5,Ads,0,168,1,1,0.96
34,Male,West,42931.84,111,71.97,9,0,0.136,67.3,SMS,0,90,0,0,0.26
36,Male,North,69811.5,92,10.63,11,3,0.499,40.8,Email,0,173,0,0,0.21
50,Male,West,57247.91,1,81.83,4,0,0.412,86.1,Social Media,0,41,1,0,0.47
45,Female,East,88082.04,31,66.8,12,3,0.047,46.6,Email,0,22,1,0,0.365
52,Male,West,77818.76,16,106.85,11,3,0.332,13.7,Ads,0,107,1,1,0.935
27,Female,East,29751.34,9,112.35,7,4,0.218,85.0,Ads,0,55,1,1,0.72
27,Female,East,74791.61,98,151.98,8,3,0.135,78.0,SMS,0,33,1,1,0.69
35,Male,North,38302.64,9,105.86,9,0,0.247,58.9,Ads,0,102,1,1,0.87
65,Female,North,54404.18,60,77.09,7,1,0.286,32.4,SMS,0,88,0,1,0.665
37,Male,South,58721.85,103,102.73,4,0,0.104,43.5,Ads,1,162,1,1,0.92
42,Male,West,88280.55,41,68.32,10,0,0.69,43.6,Social Media,1,154,1,1,0.69
59,Female,West,19131.5,115,43.12,8,1,0.232,92.9,Ads,0,38,0,0,0.1
56,Male,East,54892.77,44,60.11,11,4,0.142,53.4,SMS,1,68,0,0,0.31
31,Female,East,73772.71,14,60.81,5,1,0.277,77.6,Ads,1,165,1,1,0.9
36,Male,West,47044.53,91,25.77,7,0,0.371,41.6,Social Media,0,155,0,0,0.32
35,Male,North,31101.66,1,97.74,8,3,0.228,48.4,Ads,0,67,1,1,0.825
70,Male,West,17922.1,77,98.0,10,1,0.514,83.5,Ads,0,64,0,0,0.285
50,Female,East,80783.68,99,80.67,9,0,0.351,74.4,SMS,0,32,0,0,0.095
65,Female,East,42078.19,70,20.89,8,0,0.552,81.3,Email,1,44,0,0,0.095
70,Female,West,56230.95,41,41.94,8,0,0.587,73.3,Ads,0,28,0,0,0.085
37,Female,West,35508.74,24,120.31,4,0,0.057,66.0,Email,0,149,1,1,0.945
60,Female,North,52080.29,21,39.62,11,1,0.2,80.8,Social Media,1,178,0,1,0.665
52,Female,East,66277.98,18,68.44,9,1,0.356,69.0,SMS,0,104,0,1,0.565
58,Male,North,64374.4,94,16.04,7,0,0.301,43.9,SMS,1,128,0,0,0.13
19,Male,North,72053.53,92,108.85,11,2,0.546,91.9,Social Media,0,72,1,0,0.41
32,Female,West,101429.14,31,51.71,10,3,0.25,30.0,Email,1,125,0,1,0.68
71,Female,North,49769.43,67,94.1,8,2,0.255,64.4,Ads,1,60,0,0,0.445
32,Female,East,37505.2,56,49.17,3,1,0.176,83.7,Ads,0,42,0,0,0.08
33,Male,North,50417.87,10,89.96,5,2,0.031,53.6,Email,0,114,1,1,0.945
36,Female,West,80265.54,99,74.86,8,2,0.119,54.5,Ads,0,115,0,1,0.55
62,Male,South,71282.33,56,65.44,13,2,0.22,80.1,Email,1,144,0,1,0.615
40,Female,South,26719.34,14,83.82,12,1,0.056,64.1,Email,0,39,1,0,0.365
33,Female,North,80261.72,113,35.19,8,2,0.484,47.0,Ads,1,91,0,0,0.04
26,Female,West,48384.27,34,111.5,6,2,0.035,68.2,SMS,0,120,1,1,0.91
18,Female,South,61179.43,25,69.7,17,1,0.455,54.3,SMS,1,170,1,1,0.705
31,Male,West,46998.53,105,73.72,6,4,0.123,46.6,SMS,0,27,0,0,0.105
48,Male,South,77334.15,43,77.63,10,1,0.261,90.1,Social Media,0,10,0,0,0.115
49,Female,South,85336.85,87,67.63,8,0,0.149,51.4,Ads,0,77,1,0,0.335
27,Female,South,62810.76,71,57.09,8,1,0.392,57.3,Email,0,152,1,1,0.56
31,Female,West,69827.26,106,111.88,13,1,0.184,90.6,SMS,0,80,1,1,0.57
37,Female,East,48459.32,100,31.11,10,3,0.395,53.3,Ads,0,79,0,0,0.055
67,Male,North,40975.63,24,45.48,7,1,0.364,64.2,Ads,0,168,0,1,0.605
21,Male,East,73393.71,97,81.88,6,0,0.302,63.6,Email,0,139,1,1,0.71
60,Male,North,34648.46,41,33.32,7,1,0.434,42.4,Social Media,0,131,0,0,0.445
59,Female,East,53326.81,102,87.77,9,3,0.135,52.3,Email,1,84,0,1,0.555
52,Male,West,51159.66,26,76.04,7,3,0.095,100.0,Ads,0,4,0,0,0.2
33,Female,South,59540.9,75,101.56,12,1,0.536,33.2,Social Media,0,3,0,0,0.19
37,Female,North,80401.69,73,91.23,12,0,0.334,26.9,Social Media,0,161,1,1,0.895
26,Female,North,37975.22,106,77.74,11,0,0.144,100.0,Ads,0,32,0,0,0.075
55,Female,West,62516.24,60,101.95,8,1,0.267,64.3,SMS,0,63,0,0,0.495
40,Female,East,69911.21,119,131.41,5,2,0.263,40.0,Email,0,30,1,1,0.725
44,Female,East,56499.57,71,58.05,7,2,0.43,47.4,Ads,1,5,0,0,0.105
35,Male,East,54539.5,25,122.74,11,3,0.644,44.8,Email,1,9,0,0,0.44
60,Female,North,106517.2,63,95.84,12,3,0.222,100.0,Ads,1,146,1,1,0.83
59,Male,East,48479.74,112,61.2,7,0,0.625,53.0,Ads,1,171,1,1,0.51
47,Male,South,59319.47,6,108.84,3,3,0.076,51.0,Social Media,1,7,1,1,0.695
42,Male,North,68634.58,108,48.14,13,1,0.175,63.0,Ads,0,141,1,0,0.235
48,Female,South,75623.08,59,132.99,4,1,0.282,24.4,Email,0,44,1,1,0.815
43,Male,West,39308.35,70,38.42,9,1,0.627,59.5,Social Media,0,72,0,0,0.07
33,Female,East,28822.97,99,55.42,3,1,0.336,64.2,Email,0,122,1,0,0.335
32,Female,West,86791.21,65,78.4,6,1,0.155,53.2,Ads,0,154,1,1,0.875
22,Female,East,66984.06,58,85.78,8,0,0.426,65.3,SMS,0,97,1,1,0.71
35,Male,East,57667.31,15,47.42,5,2,0.115,18.7,Social Media,1,29,0,0,0.355
42,Female,West,45010.34,58,84.0,4,2,0.184,100.0,Social Media,0,20,1,0,0.215
52,Female,South,60371.76,102,47.99,10,5,0.386,36.7,Social Media,0,73,0,0,0.13
53,Male,North,44630.8,109,106.35,4,1,0.556,59.1,Email,1,63,1,0,0.445
23,Female,West,53790.24,44,124.58,9,1,0.457,54.6,Social Media,1,80,1,1,0.835
47,Female,West,56633.04,22,121.58,11,2,0.109,48.6,Social Media,1,28,1,1,0.84
58,Male,West,71434.85,91,66.9,6,2,0.394,84.9,Email,0,137,1,0,0.495
18,Male,North,75234.15,114,47.3,8,0,0.271,71.1,Social Media,0,56,0,0,0.07
59,Male,North,98910.62,68,62.65,6,2,0.39,55.4,SMS,1,81,0,0,0.255
50,Male,South,55254.8,57,92.84,6,0,0.528,67.0,SMS,1,62,1,0,0.395
47,Male,South,62551.33,114,49.39,6,2,0.522,68.4,Ads,0,121,0,0,0.17
59,Male,South,66130.45,58,99.75,7,2,0.347,47.0,Social Media,0,171,1,1,0.945
30,Male,North,46098.93,56,118.27,8,0,0.18,71.9,Social Media,0,80,0,1,0.725
66,Female,North,34328.49,101,20.21,5,1,0.269,64.6,Social Media,0,115,0,0,0.095
31,Female,West,44763.67,94,51.57,7,1,0.078,70.6,Ads,0,23,0,0,0.025
36,Male,East,49002.36,90,65.13,11,0,0.085,27.6,Email,0,70,0,0,0.29
48,Female,West,51386.14,45,82.63,6,3,0.208,92.9,Email,1,106,1,1,0.755
58,Female,West,63927.0,66,62.67,11,3,0.109,48.5,SMS,0,4,0,0,0.18
74,Male,East,73622.29,111,123.64,12,1,0.269,36.8,Social Media,1,59,1,1,0.595
52,Other,North,75372.33,62,103.84,9,2,0.466,69.0,Ads,0,21,0,0,0.38
65,Female,South,58546.52,25,113.34,4,2,0.305,30.0,Email,0,152,1,1,0.98
42,Male,North,60830.28,27,110.59,11,0,0.409,65.8,Social Media,0,104,1,1,0.87
62,Male,East,32090.26,15,41.73,8,3,0.322,55.5,Social Media,1,100,1,0,0.41
42,Female,West,80240.37,5,66.8,10,1,0.418,72.6,Social Media,0,53,0,0,0.175
63,Male,East,76580.66,99,107.78,9,3,0.093,66.2,Social Media,1,153,1,1,0.905
34,Other,South,58105.22,25,49.56,13,1,0.232,57.2,Email,0,133,1,1,0.615
21,Male,South,67994.82,15,60.3,7,1,0.144,62.2,Email,1,104,1,1,0.64
35,Male,North,45477.91,93,95.86,8,3,0.171,84.6,Ads,0,40,0,0,0.265
25,Male,East,65224.93,21,10.55,6,2,0.523,30.6,Ads,0,48,0,0,0.125
23,Female,East,56625.4,62,81.92,10,4,0.19,56.0,Email,1,38,0,0,0.275
36,Male,South,56429.58,56,112.24,10,2,0.357,83.3,SMS,0,65,0,1,0.57
23,Female,South,35133.1,110,83.62,3,2,0.425,65.8,SMS,0,29,0,0,0.17
50,Male,West,39029.56,42,33.36,7,2,0.432,72.6,Social Media,0,118,0,0,0.215
28,Female,South,77378.99,39,65.45,8,0,0.111,53.7,Ads,0,63,0,0,0.255
68,Female,East,54410.25,98,30.55,8,8,0.202,56.0,Social Media,0,2,0,0,0.145
70,Male,West,41012.81,107,87.59,6,1,0.444,71.7,Social Media,1,176,1,1,0.68
38,Male,North,68554.95,88,35.73,10,1,0.359,54.7,Ads,0,15,0,0,0.02
51,Other,East,51668.9,108,16.3,7,0,0.406,48.6,Ads,0,123,0,0,0.17
43,Female,West,101945.06,25,91.15,12,0,0.135,76.9,Ads,0,141,1,1,0.825
59,Female,West,60201.56,92,34.01,7,2,0.116,44.0,Social Media,0,110,0,0,0.13
43,Female,South,47666.88,108,44.48,3,2,0.244,64.8,Ads,1,173,1,1,0.525
49,Female,East,28882.34,40,79.86,10,1,0.075,66.4,Email,0,4,1,0,0.19
65,Female,North,36248.92,1,76.64,9,2,0.443,91.5,Email,0,74,1,0,0.425
74,Male,East,92747.41,33,126.7,6,0,0.08,55.1,SMS,1,161,1,1,0.91
27,Female,East,49848.9,46,130.88,10,3,0.126,62.2,Social Media,0,42,1,1,0.78
72,Female,West,61573.35,30,111.66,6,1,0.522,56.0,Social Media,0,42,1,1,0.605
55,Male,West,86676.84,76,103.13,5,0,0.56,93.3,Email,0,72,0,0,0.485
65,Male,East,68720.26,18,57.46,10,1,0.145,99.0,Email,0,59,0,0,0.27
26,Female,South,53447.92,26,106.85,8,0,0.107,79.6,SMS,1,42,1,1,0.635
33,Female,East,79946.49,73,80.35,7,0,0.492,79.8,Social Media,0,138,0,1,0.68
64,Male,South,78053.82,40,76.1,13,2,0.307,99.4,Social Media,1,34,0,0,0.175
61,Female,South,66168.26,95,112.09,16,2,0.386,60.8,SMS,0,92,0,1,0.705
18,Female,South,59170.99,117,141.73,11,1,0.161,43.2,SMS,1,11,1,1,0.54
61,Male,West,64960.06,64,105.19,8,0,0.121,71.3,Social Media,0,142,1,1,0.92
70,Female,East,85622.74,105,92.68,7,0,0.193,100.0,Social Media,0,75,1,0,0.405
60,Male,East,62794.93,99,71.46,6,1,0.154,21.2,SMS,0,115,1,1,0.61
65,Male,North,63888.32,29,98.92,4,2,0.592,61.6,Social Media,1,162,1,1,0.925
36,Male,East,60147.46,117,86.33,10,0,0.16,24.6,Email,0,57,0,0,0.39
30,Female,South,65530.49,101,50.56,9,3,0.192,85.6,Ads,1,142,1,0,0.315
49,Other,South,38220.26,70,52.08,8,1,0.294,82.2,SMS,0,169,1,1,0.545
63,Female,East,64923.01,68,107.31,5,1,0.32,41.0,SMS,0,150,1,1,0.96
47,Female,North,70527.3,32,117.23,6,2,0.356,51.1,Social Media,1,34,1,1,0.835
67,Female,South,47428.63,73,105.1,6,4,0.11,42.8,Email,0,54,1,1,0.73
23,Female,South,69604.9,42,94.6,9,1,0.136,34.9,Email,1,110,1,1,0.89
35,Male,South,36115.27,38,98.17,8,1,0.131,83.6,Email,1,28,0,0,0.415
72,Male,North,36757.96,41,89.16,8,1,0.502,77.7,Social Media,0,77,0,0,0.44
60,Female,East,89474.82,112,73.11,8,4,0.607,31.9,Social Media,1,117,0,0,0.42
49,Female,South,48817.35,67,78.75,2,2,0.246,75.3,Social Media,0,50,0,0,0.305
74,Female,North,52057.12,70,43.71,6,0,0.331,38.7,Social Media,0,114,1,0,0.33
31,Female,West,85743.12,17,63.05,11,1,0.205,43.9,Social Media,0,47,0,0,0.305
32,Male,North,60751.89,90,95.84,8,3,0.219,59.4,Ads,1,175,1,1,0.88
54,Female,North,65869.92,57,87.66,5,0,0.076,27.6,Social Media,0,41,1,1,0.52
32,Female,North,38703.96,89,88.31,12,1,0.254,24.2,SMS,0,138,0,1,0.81
35,Female,East,65313.36,118,83.89,7,0,0.089,39.0,Social Media,0,83,0,1,0.57
63,Female,West,67391.21,43,17.88,7,3,0.259,76.3,SMS,0,78,0,0,0.205
31,Male,South,38803.48,4,130.11,9,0,0.113,100.0,SMS,0,117,1,1,0.845
56,Female,West,66858.33,103,35.89,5,1,0.752,52.1,SMS,0,153,0,0,0.2
64,Male,West,36644.48,95,78.85,8,1,0.064,51.3,Social Media,0,160,0,1,0.85
65,Male,North,61124.4,72,80.28,8,2,0.17,62.3,SMS,1,125,1,1,0.75
43,Female,West,82736.29,50,78.91,11,3,0.21,57.4,Ads,1,10,0,0,0.245
68,Female,South,76682.24,117,75.61,8,1,0.174,94.2,Social Media,0,1,0,0,0.09
43,Male,North,44281.48,32,78.53,8,2,0.205,55.2,SMS,1,54,0,0,0.5
71,Female,South,98831.1,59,53.8,10,2,0.108,65.6,Ads,0,177,1,1,0.82
28,Male,East,60544.42,106,54.2,5,1,0.026,58.5,Social Media,0,74,0,0,0.185
47,Female,East,51399.38,87,166.54,8,1,0.117,62.2,Email,0,173,1,1,0.975
36,Female,South,45916.99,84,88.6,7,1,0.548,65.8,Ads,0,168,1,1,0.76
73,Female,East,63895.07,57,64.89,11,2,0.261,68.8,Ads,0,138,0,1,0.6
54,Male,East,62756.43,95,76.88,9,2,0.262,18.1,SMS,1,5,0,0,0.17
62,Female,East,73015.6,95,72.12,4,4,0.34,55.5,Email,1,167,1,1,0.84
40,Female,North,64992.1,81,127.49,10,2,0.307,65.8,Ads,1,46,1,1,0.65
22,Male,South,51984.22,111,84.51,4,1,0.502,78.2,Email,1,61,0,0,0.25
70,Female,South,87496.08,72,105.62,9,3,0.066,85.7,Social Media,1,116,1,1,0.795
56,Male,East,76264.8,85,89.75,10,4,0.144,100.0,Social Media,0,132,1,1,0.74
31,Male,South,84355.17,48,31.14,7,3,0.2,32.1,SMS,1,103,1,0,0.305
58,Male,North,75838.42,15,51.75,7,1,0.518,45.0,Email,1,3,0,0,0.13
45,Male,East,61961.74,31,68.07,6,2,0.348,64.7,Ads,1,135,1,1,0.775
61,Female,East,116838.56,13,59.9,7,0,0.34,76.7,Social Media,0,153,1,1,0.795
44,Male,North,55032.88,21,83.36,9,2,0.2,68.0,Email,1,7,0,0,0.32
48,Female,West,66796.55,47,138.7,8,0,0.344,80.4,SMS,0,143,1,1,0.965
32,Other,West,64067.7,23,70.55,4,0,0.41,55.2,Ads,0,90,0,1,0.575
51,Male,West,68483.11,34,54.47,10,0,0.049,27.9,Social Media,1,48,1,0,0.255
30,Female,South,47218.67,81,62.04,15,1,0.064,68.3,SMS,0,22,0,0,0.085
23,Male,North,62035.59,67,100.01,10,0,0.42,35.4,Social Media,0,87,1,1,0.785
70,Male,West,78516.67,45,84.63,9,1,0.315,60.5,Ads,0,11,0,0,0.21
21,Female,South,51730.65,41,85.0,5,1,0.085,71.2,Social Media,1,97,1,1,0.74
66,Male,West,76098.09,103,35.93,8,1,0.157,60.2,SMS,0,14,0,0,0.07
62,Male,West,60562.57,28,94.32,6,1,0.27,46.0,Social Media,0,173,1,1,0.955
69,Female,South,27922.98,89,81.39,10,1,0.24,47.7,Ads,1,36,0,0,0.14
30,Female,North,47382.11,100,95.21,9,1,0.493,60.2,SMS,1,178,1,1,0.745
23,Male,West,61393.1,30,5.0,9,2,0.326,46.1,Email,0,124,0,0,0.29
74,Male,South,83319.85,108,66.05,10,3,0.387,52.8,Ads,0,17,0,0,0.055
33,Female,East,42869.75,21,55.8,4,3,0.245,47.5,Email,1,59,0,0,0.335
50,Male,North,48669.19,77,34.17,7,0,0.212,99.9,SMS,0,67,0,0,0.055
62,Male,West,45457.27,50,129.01,9,1,0.253,59.2,Social Media,1,58,1,1,0.825
62,Female,North,60200.54,50,41.81,13,4,0.16,91.3,Email,0,45,0,0,0.09
66,Male,West,59706.07,17,55.02,9,1,0.71,48.8,Email,0,88,0,0,0.24
41,Female,West,63735.59,25,56.65,10,1,0.559,55.0,Ads,0,89,0,0,0.19
67,Male,North,48473.71,87,118.01,4,3,0.509,52.2,Social Media,0,63,1,1,0.63
30,Male,East,54666.68,28,67.05,10,1,0.382,85.4,Email,1,92,0,0,0.31
52,Male,South,53019.1,87,108.28,8,1,0.523,91.8,Email,0,159,1,1,0.895
45,Female,South,70397.08,69,44.26,8,0,0.576,39.6,Ads,0,161,1,1,0.51
29,Male,West,45407.57,49,116.85,7,1,0.56,45.7,Ads,0,1,0,0,0.355
32,Female,East,48979.72,83,100.1,6,1,0.39,46.6,Social Media,0,54,1,0,0.395
74,Male,West,70235.84,78,64.36,6,0,0.597,68.1,Ads,0,44,0,0,0.09
29,Male,North,41567.63,82,66.52,7,4,0.374,46.5,Email,0,23,0,0,0.08
35,Female,South,60649.42,60,92.66,14,2,0.218,36.3,SMS,0,170,1,1,0.87
21,Female,North,51833.31,108,25.98,5,0,0.673,66.8,Social Media,0,75,0,0,0.045
34,Male,East,62465.43,13,88.76,5,2,0.202,39.6,SMS,1,9,0,0,0.465
34,Male,East,97762.95,57,81.08,9,2,0.068,81.5,SMS,0,137,1,1,0.73
47,Female,East,34192.86,58,72.44,7,4,0.502,80.7,SMS,0,173,1,1,0.68
69,Female,East,55582.36,118,95.14,8,1,0.532,61.4,Ads,0,60,0,0,0.365
41,Female,West,62401.21,73,90.34,5,2,0.066,32.6,Email,0,109,1,1,0.875
31,Male,South,33153.26,67,125.09,7,4,0.047,58.3,Social Media,1,101,1,1,0.885
57,Male,South,94389.07,15,22.23,6,2,0.259,73.3,SMS,0,70,0,0,0.255
19,Female,East,42653.31,41,106.56,6,1,0.214,98.2,SMS,0,167,1,1,0.92
63,Other,West,60498.2,103,79.8,9,1,0.484,81.9,SMS,0,124,1,0,0.35
44,Male,South,52044.42,25,31.64,9,3,0.317,78.4,Social Media,0,10,0,0,0.05
38,Female,East,103122.34,88,64.39,6,2,0.226,95.4,Social Media,0,95,0,0,0.235
73,Male,West,59888.98,40,141.38,7,2,0.116,43.0,SMS,0,68,1,1,0.865
38,Female,West,41641.32,65,98.97,5,1,0.174,29.1,Ads,1,63,1,1,0.76
72,Female,East,49365.06,88,92.9,6,1,0.042,64.7,Social Media,0,80,1,1,0.565
64,Male,East,44335.66,88,97.36,10,3,0.379,77.6,Email,0,170,1,1,0.805
67,Male,South,67434.36,39,22.96,7,1,0.185,100.0,Email,0,58,0,0,0.08
59,Male,East,63238.85,7,129.66,10,3,0.187,73.7,SMS,1,109,1,1,0.935
49,Other,East,62634.03,108,99.89,7,3,0.063,89.1,Ads,0,150,1,1,0.845
71,Female,South,77829.5,7,90.7,14,0,0.124,73.6,Social Media,0,142,1,1,0.86
60,Female,West,45565.31,97,65.04,3,0,0.271,63.0,Email,1,42,0,0,0.16
22,Male,West,68911.64,50,120.18,9,5,0.141,72.9,Email,0,107,1,1,0.84
50,Female,East,62722.15,10,41.55,5,3,0.09,67.9,Ads,0,178,1,1,0.82
74,Female,West,57729.82,108,110.64,7,1,0.143,76.1,SMS,0,138,1,1,0.845
19,Male,South,35740.79,108,90.25,2,0,0.201,45.8,Ads,0,48,0,0,0.27
19,Male,North,71748.38,53,119.43,11,4,0.197,13.4,Ads,1,71,1,1,0.705
25,Male,East,114959.01,26,84.65,8,1,0.15,50.9,Email,1,81,1,1,0.755
49,Male,North,27126.91,11,78.88,8,1,0.426,40.1,Ads,0,64,0,0,0.445
28,Female,West,27246.76,65,83.17,12,2,0.132,54.5,SMS,0,21,0,0,0.215
49,Female,East,49067.48,59,69.15,10,0,0.413,58.7,Email,0,61,0,0,0.19
63,Female,North,52752.49,9,60.88,7,2,0.702,47.6,Social Media,0,83,0,0,0.355
22,Female,North,61937.74,88,165.7,10,1,0.111,34.9,SMS,0,162,1,1,0.97
46,Female,East,97303.24,82,29.34,2,2,0.365,31.6,Ads,1,106,0,0,0.335
69,Female,North,53912.1,87,55.95,8,1,0.36,32.8,Ads,1,146,0,1,0.64
59,Male,South,67318.45,17,96.99,8,1,0.33,49.9,Social Media,0,165,1,1,0.925
52,Male,North,80421.41,53,78.52,10,3,0.287,42.3,Social Media,0,67,0,0,0.33
43,Male,West,52886.62,49,81.29,8,3,0.603,57.8,Ads,1,107,1,1,0.64
64,Male,North,38723.69,46,106.84,5,1,0.119,65.0,SMS,0,26,0,1,0.595
52,Female,West,33897.04,105,83.12,9,0,0.183,57.0,Email,1,179,0,1,0.805
58,Male,West,64534.67,35,85.07,9,3,0.135,66.9,SMS,1,27,1,0,0.395
50,Male,West,79587.84,65,65.63,8,0,0.168,69.9,Ads,1,131,1,1,0.58
37,Male,South,55580.08,98,66.16,10,3,0.42,69.1,Social Media,0,93,1,0,0.115
59,Male,North,72536.75,53,129.38,10,5,0.26,35.0,Social Media,0,31,1,1,0.74
74,Female,South,34465.77,80,112.83,11,0,0.204,63.2,Social Media,1,37,0,0,0.48
42,Male,South,49473.64,117,70.88,8,2,0.392,83.8,Social Media,0,30,0,0,0.065
62,Female,North,71052.13,20,94.09,7,4,0.331,51.3,Email,0,79,0,1,0.78
35,Female,East,41523.15,16,81.14,14,1,0.193,63.5,Email,0,76,0,1,0.58
65,Female,North,79259.78,33,20.34,8,0,0.281,49.8,Email,0,131,0,0,0.37
66,Male,East,64251.05,57,43.72,6,1,0.372,68.7,Social Media,0,163,0,1,0.685
68,Male,West,54003.89,88,109.63,9,1,0.454,62.4,Ads,0,132,0,1,0.81
37,Female,South,48427.04,88,150.0,6,1,0.407,75.4,Social Media,0,67,1,1,0.78
38,Male,West,76929.25,95,136.72,9,1,0.349,39.3,Ads,0,118,1,1,0.895
48,Female,North,88538.16,21,86.89,12,1,0.725,63.1,Ads,0,66,0,0,0.44
73,Male,West,31349.39,20,91.84,4,0,0.166,64.1,Email,0,163,1,1,0.93
32,Male,West,86135.04,71,58.36,5,2,0.067,42.5,Social Media,0,138,1,1,0.765
52,Male,South,63380.89,116,99.21,10,2,0.195,98.4,Email,0,51,1,0,0.245
40,Female,North,54448.43,25,101.21,11,0,0.513,85.0,Ads,1,137,1,1,0.885
32,Male,North,92691.89,5,117.91,4,3,0.222,52.6,Email,1,90,1,1,0.885
40,Female,West,55025.43,27,38.18,5,2,0.336,64.7,SMS,0,91,1,0,0.195
22,Male,North,49116.65,43,88.63,17,2,0.225,29.7,Ads,0,24,0,0,0.405
58,Male,South,39667.41,40,60.82,6,4,0.149,85.8,Ads,0,178,0,1,0.69
20,Female,North,68969.33,78,89.25,11,1,0.298,75.3,Social Media,0,134,1,1,0.745
59,Male,West,52191.59,69,72.19,9,1,0.406,46.7,Social Media,0,171,1,1,0.75
38,Female,East,21128.95,57,140.31,7,1,0.094,60.8,Email,0,115,1,1,0.86
20,Male,North,84742.02,110,68.87,7,2,0.313,59.8,Ads,0,93,1,0,0.2
23,Male,East,47878.67,39,72.73,5,1,0.263,69.7,Social Media,1,144,1,1,0.89
53,Female,South,55333.4,12,65.83,4,0,0.211,72.0,Social Media,0,106,1,1,0.535
60,Female,East,88925.96,61,65.69,4,2,0.131,47.7,Social Media,0,131,1,1,0.78
55,Male,East,41284.29,1,5.0,3,1,0.464,100.0,Ads,0,69,0,0,0.24
53,Male,East,96527.66,71,66.99,12,1,0.211,61.4,Email,0,27,0,0,0.105
68,Male,West,41274.95,30,110.41,9,1,0.747,59.6,Social Media,1,145,1,1,0.785
50,Male,North,52964.47,83,137.5,6,1,0.612,51.4,Email,0,159,1,1,0.93
65,Male,North,54939.64,119,99.14,8,2,0.551,59.8,Email,1,24,0,0,0.195
56,Male,South,69865.95,87,183.49,8,2,0.026,54.0,Email,0,81,1,1,0.87
47,Female,South,48533.31,90,80.05,8,1,0.112,66.3,Social Media,0,109,1,1,0.615
29,Female,West,92629.77,30,5.0,9,4,0.197,52.1,Ads,0,174,0,0,0.475
19,Female,North,64283.75,24,55.93,7,0,0.151,53.8,Social Media,0,141,1,1,0.86
54,Female,North,84997.22,72,37.42,12,2,0.245,48.6,Social Media,0,2,0,0,0.04
57,Male,South,76315.93,54,108.88,10,4,0.393,25.8,Ads,0,153,1,1,0.94
55,Male,South,44195.71,20,82.97,4,1,0.435,16.8,Social Media,0,80,1,1,0.75
32,Male,West,81534.57,61,26.82,8,1,0.376,71.7,SMS,1,175,1,0,0.4
72,Female,North,67259.48,51,83.4,7,2,0.32,82.7,Social Media,1,179,1,1,0.885
24,Female,West,28578.33,69,35.09,8,3,0.371,69.5,SMS,0,49,0,0,0.065
66,Male,East,40566.67,112,59.57,4,1,0.285,51.9,Social Media,0,89,0,0,0.235
19,Female,West,75140.78,17,105.76,14,2,0.1,74.3,Social Media,1,48,0,1,0.655
36,Female,West,46756.49,24,96.06,7,2,0.07,69.6,Social Media,0,110,0,1,0.955
66,Male,West,55722.74,25,107.48,9,2,0.255,53.4,Ads,0,64,1,1,0.765
67,Other,West,66411.44,3,84.75,11,3,0.101,64.5,Social Media,1,34,1,1,0.545
50,Male,South,68850.25,99,116.83,10,2,0.144,18.9,Email,0,43,1,1,0.59
68,Female,North,29808.54,69,150.09,8,1,0.227,43.3,Email,0,68,1,1,0.86
43,Male,South,44887.19,40,27.87,8,1,0.468,53.6,SMS,0,162,1,0,0.405
41,Female,West,67941.94,35,33.73,9,0,0.411,46.2,Ads,1,116,0,0,0.325
47,Male,South,52457.22,102,35.81,9,2,0.114,79.1,Email,0,104,1,0,0.095
56,Female,West,50592.75,3,79.78,6,1,0.511,97.3,SMS,0,67,0,1,0.56
32,Male,West,27802.38,55,82.26,6,0,0.479,45.0,SMS,1,13,0,0,0.15
19,Male,North,93141.46,13,143.63,9,2,0.093,75.4,SMS,0,127,1,1,0.94
48,Male,North,51875.56,91,47.29,6,2,0.115,76.5,SMS,1,113,1,0,0.155
27,Male,North,70304.3,10,102.32,8,1,0.425,36.9,Social Media,0,178,1,1,0.97
18,Male,West,87812.44,69,97.94,4,4,0.296,93.2,Social Media,1,131,1,1,0.765
60,Male,South,79721.56,42,5.0,4,2,0.264,76.3,SMS,0,47,0,0,0.065
50,Male,West,32140.99,5,128.78,9,1,0.227,80.4,Social Media,0,66,1,1,0.9
45,Female,East,84458.54,25,39.88,14,4,0.116,28.7,Social Media,0,64,0,0,0.355
26,Male,East,64378.7,43,96.68,12,3,0.151,33.3,Social Media,0,165,1,1,0.95
35,Male,East,47339.07,99,66.71,9,0,0.177,60.7,Ads,0,40,0,0,0.035
70,Female,East,24805.06,119,93.54,9,1,0.531,17.6,Ads,0,168,1,1,0.7
39,Male,North,52732.48,65,40.42,6,3,0.462,73.4,Email,0,47,1,0,0.035
35,Female,North,49230.39,39,70.3,14,0,0.339,53.6,Social Media,0,165,1,1,0.875
35,Female,West,65060.78,89,71.28,12,1,0.428,39.7,Email,1,33,0,0,0.08
67,Female,South,60028.04,80,30.62,4,1,0.391,81.4,Email,1,122,0,0,0.185
23,Male,North,68511.47,33,67.82,8,0,0.445,74.5,Email,0,30,0,0,0.085
25,Female,North,79237.29,5,43.12,10,1,0.555,67.9,SMS,1,164,1,1,0.615
53,Female,South,54412.08,109,58.78,10,0,0.218,55.3,Email,0,179,1,1,0.625
25,Male,North,83477.96,49,92.04,7,2,0.293,64.3,Email,0,140,1,1,0.91
71,Female,West,38605.94,41,92.04,9,2,0.143,52.5,Email,1,43,1,1,0.57
33,Female,South,61815.2,26,107.63,4,2,0.397,62.2,Email,1,42,0,1,0.61
33,Male,South,67360.91,25,75.2,4,2,0.159,70.1,SMS,1,151,1,1,0.9
64,Other,South,50413.71,39,34.44,10,2,0.103,81.6,SMS,0,68,0,0,0.135
48,Female,East,71078.63,66,69.99,10,1,0.145,62.8,Ads,0,48,0,0,0.135
47,Male,North,77824.77,66,75.31,4,3,0.206,63.6,Ads,1,122,1,1,0.665
65,Female,North,68773.83,28,121.48,6,2,0.152,100.0,SMS,0,6,1,1,0.6
64,Male,West,47686.76,106,120.58,4,2,0.295,27.5,SMS,1,106,0,1,0.835
53,Female,South,28230.68,116,37.03,11,3,0.078,55.1,Email,0,27,0,0,0.085
74,Male,North,57163.88,67,51.12,7,4,0.431,33.1,Email,1,102,1,0,0.245
51,Female,East,70453.7,103,108.53,6,3,0.243,51.1,Social Media,1,141,0,1,0.925
23,Female,North,78584.13,76,116.52,6,0,0.146,72.6,Email,0,46,0,1,0.6
60,Male,North,38753.94,27,5.0,14,0,0.067,61.1,Email,1,66,0,0,0.195
61,Male,North,55639.42,18,150.24,4,0,0.1,84.7,Social Media,0,85,1,1,0.91
25,Male,East,31653.49,77,48.01,6,1,0.096,53.5,Ads,0,147,1,0,0.5
55,Female,West,86497.56,70,73.33,10,2,0.071,92.3,Social Media,0,38,0,0,0.13
19,Female,East,57902.15,17,51.48,11,0,0.234,42.9,Social Media,0,163,1,1,0.81
44,Male,East,51694.85,4,41.26,10,2,0.231,49.5,Social Media,1,45,0,0,0.135
69,Female,West,56026.11,9,55.74,6,0,0.457,98.5,Email,0,157,1,1,0.6
20,Female,East,72318.99,116,66.99,7,2,0.207,47.5,Ads,1,11,0,0,0.08
25,Male,East,57528.67,113,58.19,12,0,0.216,69.4,Email,0,9,0,0,0.06
67,Female,West,54233.03,76,79.28,6,0,0.793,41.1,Social Media,0,94,0,0,0.415
56,Female,West,31025.01,78,6.85,7,4,0.075,77.9,Ads,0,85,0,0,0.08
60,Female,North,60115.13,3,132.22,7,1,0.188,31.1,Email,0,57,1,1,0.89
44,Male,North,77991.6,11,36.2,13,2,0.46,52.9,SMS,0,18,0,0,0.07
65,Male,West,53427.19,62,74.09,10,3,0.162,99.0,SMS,0,32,1,0,0.09
65,Male,South,73065.44,43,63.74,7,3,0.019,60.1,SMS,1,4,0,0,0.275
72,Male,South,47707.23,38,84.52,5,1,0.199,61.1,Email,1,2,1,0,0.315
73,Male,South,55293.56,36,77.09,9,3,0.104,34.6,Email,1,60,1,1,0.505
47,Male,East,63149.19,66,78.67,11,3,0.261,74.3,Email,0,107,1,1,0.6
55,Male,North,58722.12,43,55.89,11,3,0.145,47.3,Ads,1,5,0,0,0.09
39,Male,North,74057.18,26,102.8,14,2,0.332,43.1,Email,1,62,1,1,0.655
29,Female,North,52419.73,8,128.95,9,0,0.229,92.2,Ads,1,171,1,1,0.955
45,Male,West,90875.22,93,116.88,12,1,0.242,34.2,Social Media,1,179,1,1,0.915
26,Male,West,52322.26,81,149.17,11,0,0.057,81.3,Ads,0,143,1,1,0.895
64,Male,East,86211.92,71,131.1,7,2,0.329,47.3,Email,0,149,1,1,0.92
71,Other,West,55073.91,75,15.4,7,0,0.254,77.3,SMS,1,152,0,0,0.27
56,Male,West,55512.58,68,61.1,8,2,0.15,69.4,Ads,1,145,1,1,0.705
61,Male,North,26699.66,33,46.15,8,0,0.231,72.4,SMS,0,167,1,1,0.66
47,Male,South,37713.92,70,77.91,6,0,0.402,47.4,Ads,0,50,0,0,0.18
74,Female,South,32150.31,100,74.96,11,1,0.197,78.8,SMS,0,58,0,0,0.195
43,Female,North,84670.88,69,85.1,10,2,0.377,48.1,SMS,0,113,1,1,0.7
24,Female,East,62533.15,22,60.68,7,2,0.09,38.9,SMS,0,117,1,1,0.805
40,Female,South,15208.46,23,135.28,10,1,0.149,68.3,SMS,1,141,1,1,0.9
37,Female,South,46898.99,57,67.28,7,1,0.46,66.6,Ads,0,38,0,0,0.07
38,Female,North,76806.9,75,79.35,8,0,0.415,18.3,Email,0,117,1,1,0.74
32,Female,East,48647.28,99,129.01,18,2,0.211,31.2,Ads,0,153,1,1,0.925
29,Male,West,40237.26,91,59.92,13,4,0.199,63.0,Social Media,0,152,0,1,0.515
48,Female,North,40931.02,68,70.39,4,2,0.642,74.5,SMS,0,67,0,0,0.1
20,Male,East,70716.23,70,104.3,6,0,0.273,81.0,Email,0,83,1,1,0.625
50,Male,West,67039.71,117,76.17,6,1,0.283,68.5,Social Media,1,168,1,1,0.725
25,Female,North,78180.12,59,149.27,4,1,0.454,50.6,SMS,0,78,1,1,0.775
74,Male,West,57835.13,49,36.18,10,1,0.303,43.9,Email,0,159,1,1,0.505
66,Female,North,97682.26,103,135.81,6,1,0.463,78.7,SMS,0,125,1,1,0.755
57,Female,South,82865.29,87,68.95,6,2,0.278,43.8,SMS,0,164,1,1,0.865
45,Female,North,55682.0,46,114.68,7,0,0.571,47.0,Social Media,0,112,1,1,0.895
44,Male,North,52060.83,110,72.7,11,0,0.281,79.9,SMS,1,13,0,0,0.05
58,Female,West,70754.9,21,171.46,12,0,0.163,63.6,Email,0,102,1,1,0.945
32,Female,South,65564.75,65,55.98,8,0,0.132,62.7,Social Media,1,7,0,0,0.06
69,Female,North,31741.4,41,110.08,6,2,0.218,72.4,Social Media,0,14,0,1,0.58
25,Male,South,63071.44,64,106.16,11,2,0.168,40.6,Social Media,0,161,1,1,0.975
72,Female,East,53576.54,75,55.35,7,2,0.265,88.1,Social Media,0,157,1,1,0.545
50,Female,South,59132.18,42,88.22,8,0,0.185,60.0,Social Media,0,58,1,1,0.55
62,Female,North,37036.23,24,76.13,7,1,0.037,53.1,SMS,1,156,1,1,0.895
50,Female,East,47929.02,11,42.53,11,2,0.079,73.8,Social Media,0,62,1,0,0.145
66,Female,North,65176.17,81,57.81,14,2,0.229,32.2,Ads,0,51,0,0,0.095
21,Female,West,49547.57,12,24.63,10,1,0.125,84.3,Social Media,0,31,0,0,0.175
59,Male,East,53144.52,75,84.08,5,4,0.516,87.0,SMS,1,35,0,0,0.19
44,Male,South,62862.43,75,87.87,6,0,0.249,54.6,Social Media,0,127,0,1,0.81
23,Female,West,54128.41,48,72.75,7,2,0.376,53.0,Ads,0,165,1,1,0.82
50,Female,West,46245.39,49,86.26,8,1,0.235,30.0,Email,0,128,1,1,0.84
36,Female,East,49778.17,86,141.64,15,2,0.287,82.6,Social Media,0,105,1,1,0.865
47,Female,East,59165.83,105,143.2,9,0,0.137,76.3,Email,0,103,1,1,0.895
51,Other,East,36869.3,68,71.05,9,0,0.315,56.5,Email,0,15,0,0,0.075
20,Male,North,66576.6,40,88.77,6,1,0.064,68.1,Ads,0,85,0,1,0.725
66,Male,West,71858.04,16,55.06,6,3,0.261,57.3,Ads,0,98,1,0,0.465
44,Female,East,72680.45,104,75.28,10,3,0.353,81.7,SMS,0,3,0,0,0.125
57,Female,North,66463.76,43,59.28,6,1,0.146,74.9,SMS,0,8,0,0,0.125
69,Male,West,52680.86,84,73.53,2,2,0.017,75.9,Social Media,0,96,1,0,0.465
51,Male,North,38846.83,82,53.49,14,2,0.1,86.3,Email,1,166,1,1,0.505
61,Female,South,53793.04,79,71.8,8,0,0.11,89.2,Ads,0,169,1,1,0.765
24,Female,South,62133.63,3,84.27,6,2,0.082,76.7,Social Media,0,174,1,1,0.93
23,Female,South,67753.41,26,90.66,6,2,0.425,93.9,SMS,0,156,1,1,0.855
21,Female,North,47840.6,22,21.43,11,1,0.248,97.3,Social Media,1,26,0,0,0.115
26,Male,West,53249.68,112,145.19,3,0,0.431,84.6,SMS,0,169,1,1,0.895
66,Female,West,47340.2,66,63.99,11,0,0.536,28.0,Email,1,89,1,0,0.225
51,Female,South,45509.93,31,109.6,4,0,0.567,62.9,Ads,0,60,1,1,0.76
43,Male,South,48248.56,106,105.3,7,1,0.19,40.6,SMS,0,74,1,1,0.705
41,Male,West,57057.53,43,58.26,5,0,0.147,91.0,SMS,1,97,0,1,0.55
65,Male,North,74679.13,10,108.44,3,1,0.178,42.4,SMS,0,145,1,1,0.985
52,Male,South,71001.01,84,64.56,1,3,0.169,73.5,SMS,0,119,1,1,0.525
63,Male,North,60047.07,1,98.03,10,0,0.269,47.6,Ads,0,113,1,1,0.94
58,Male,East,35216.61,99,71.54,10,1,0.427,37.6,Email,0,69,0,0,0.185
45,Male,West,45531.49,32,87.86,8,0,0.192,54.6,Ads,0,66,1,1,0.745
37,Female,East,50254.67,29,46.76,13,0,0.465,35.7,SMS,0,15,0,0,0.08
63,Female,West,69455.84,87,81.0,14,1,0.3,68.4,Social Media,0,172,1,1,0.685
71,Female,East,73679.44,103,138.49,8,1,0.24,70.9,Social Media,0,61,1,1,0.695
65,Other,East,46264.67,27,65.08,4,2,0.065,68.8,Social Media,0,83,0,1,0.575
20,Male,South,67987.35,109,87.11,9,0,0.098,93.7,Social Media,0,153,0,1,0.825
63,Female,South,57049.2,16,122.04,12,1,0.502,83.1,SMS,1,13,1,0,0.42
61,Female,South,57310.57,96,51.82,12,3,0.172,36.1,Social Media,1,9,0,0,0.05
30,Other,West,40641.81,112,127.37,11,2,0.111,61.3,Social Media,0,64,1,1,0.73
25,Male,North,47878.33,91,60.5,11,1,0.665,67.3,Ads,0,38,0,0,0.065
40,Male,South,78318.62,16,137.19,8,2,0.067,76.3,Social Media,0,152,1,1,0.965
41,Female,North,96515.77,20,109.48,14,0,0.182,52.8,Social Media,0,50,1,1,0.705
47,Male,North,33337.33,89,5.0,11,0,0.256,58.5,Ads,0,26,0,0,0.035
69,Male,East,24335.3,10,69.41,9,1,0.226,70.7,Email,0,70,1,0,0.315
52,Male,North,63872.73,61,65.21,4,2,0.23,92.9,SMS,0,141,1,1,0.65
45,Male,West,70780.95,91,118.02,4,1,0.067,54.8,Ads,0,31,0,0,0.43
20,Female,South,67734.15,70,117.32,9,3,0.363,62.6,SMS,1,147,1,1,0.87
46,Female,South,45245.43,117,183.27,7,2,0.29,47.0,Ads,0,104,1,1,0.87
63,Female,South,84932.54,96,65.39,9,1,0.17,72.4,Social Media,1,116,1,0,0.375
26,Female,West,39603.65,113,97.55,10,3,0.352,81.4,Ads,0,9,0,0,0.125
24,Male,North,82642.49,46,95.71,8,1,0.395,42.6,SMS,0,152,1,1,0.895
18,Male,North,69602.88,13,95.64,5,1,0.294,52.7,Ads,0,4,0,0,0.475
34,Male,East,79721.4,77,68.39,7,3,0.456,52.7,Ads,0,105,0,0,0.42
55,Male,North,34212.74,109,76.47,10,1,0.304,59.5,Social Media,1,64,1,0,0.105
31,Female,West,40072.1,58,101.57,8,2,0.302,81.4,SMS,0,62,0,0,0.47
51,Male,South,17473.68,16,93.61,10,2,0.27,72.7,Ads,0,154,1,1,0.9
23,Male,East,60295.04,72,105.06,5,3,0.299,71.0,SMS,0,79,1,1,0.565
38,Male,East,71793.37,10,71.34,6,3,0.124,84.7,Email,0,56,0,0,0.37
51,Female,South,49931.88,33,112.95,8,1,0.053,60.4,Email,0,171,1,1,0.955
28,Female,West,43450.81,17,96.0,12,4,0.52,60.7,SMS,0,45,1,0,0.44
61,Female,East,59299.8,59,61.36,10,1,0.283,42.3,Ads,0,141,0,1,0.75
59,Female,North,73143.72,55,150.08,8,3,0.323,45.4,Ads,1,75,1,1,0.81
62,Female,East,65479.54,1,93.96,4,1,0.168,60.6,SMS,1,78,1,1,0.8
50,Female,South,70227.21,37,93.51,6,2,0.262,44.0,Ads,0,26,0,0,0.42
44,Male,North,37733.83,72,46.43,9,2,0.25,41.9,Email,0,88,0,0,0.17
21,Male,North,57128.16,47,59.97,10,2,0.234,62.7,Email,0,151,1,1,0.71
18,Male,South,68152.73,20,48.22,10,0,0.088,100.0,Social Media,1,125,0,1,0.52
63,Male,South,71495.4,21,69.83,7,0,0.32,43.5,Email,1,33,1,0,0.215
71,Female,East,69614.48,98,66.84,10,4,0.193,47.8,SMS,0,119,1,0,0.465
22,Female,East,85194.3,37,124.72,4,0,0.545,62.1,SMS,0,143,1,1,0.875
66,Female,South,46159.04,45,88.16,8,1,0.097,41.1,Ads,0,1,1,0,0.26
23,Female,North,66643.86,34,73.81,12,4,0.48,75.6,Email,1,113,0,1,0.57
68,Male,North,36329.25,53,110.53,9,2,0.069,88.4,Ads,0,92,1,1,0.77
53,Female,East,50660.51,118,146.22,8,1,0.116,19.4,Email,1,125,1,1,0.895
23,Male,North,66169.71,43,83.93,5,3,0.137,84.1,Email,0,138,1,1,0.87
64,Male,South,91224.25,68,58.86,5,2,0.41,84.4,Social Media,0,36,0,0,0.085
38,Male,West,37859.28,26,107.57,11,1,0.04,56.2,Ads,0,117,1,1,0.97
51,Female,West,55886.15,98,69.19,13,1,0.179,56.1,Email,0,27,0,0,0.05
50,Male,West,55581.84,21,64.12,16,4,0.243,51.0,Social Media,0,74,0,0,0.345
66,Male,West,49868.91,116,78.41,4,2,0.339,100.0,Ads,0,50,0,0,0.14
41,Male,East,55761.09,12,75.85,6,2,0.286,100.0,Email,1,76,1,0,0.4
67,Female,North,85294.88,22,54.57,5,1,0.489,59.6,Social Media,1,69,0,0,0.325
51,Male,North,45043.57,78,14.97,7,1,0.255,96.7,Email,1,74,0,0,0.1
57,Female,East,55315.39,37,26.78,9,0,0.394,73.4,SMS,0,44,0,0,0.055
25,Female,North,62365.86,87,52.26,9,0,0.124,56.0,SMS,0,65,0,0,0.125
56,Male,East,54061.59,67,71.73,4,0,0.113,36.4,Social Media,0,1,0,0,0.195
74,Male,East,56962.72,65,123.65,12,1,0.372,70.8,SMS,1,44,0,0,0.435
24,Female,West,48233.41,51,82.84,5,2,0.172,80.8,Ads,1,133,1,1,0.82
52,Female,East,73106.67,98,119.64,9,1,0.335,76.9,SMS,0,93,0,1,0.75
47,Male,South,53317.88,36,100.91,14,1,0.394,76.2,Ads,1,114,1,1,0.865
64,Male,North,61973.27,106,84.03,6,1,0.16,47.2,SMS,0,147,1,1,0.885
68,Female,East,45142.0,73,111.64,8,2,0.058,94.2,Email,0,172,1,1,0.925
34,Female,East,66130.87,11,64.07,5,0,0.169,52.1,Email,0,68,0,0,0.49
74,Female,East,70301.39,37,126.28,6,3,0.086,74.5,SMS,0,175,1,1,0.985
22,Male,West,77431.46,96,76.95,11,4,0.067,74.4,SMS,0,6,0,0,0.155
56,Female,North,53875.34,74,123.61,10,2,0.595,61.1,Social Media,0,112,1,1,0.815
30,Male,North,94103.24,10,92.39,5,0,0.23,80.1,Email,0,137,1,1,0.825
47,Male,South,80264.7,107,40.53,10,0,0.167,82.1,Social Media,0,76,0,0,0.025
29,Male,West,59070.25,31,53.46,11,4,0.199,59.3,SMS,1,12,0,0,0.15
28,Male,South,47515.65,111,96.88,6,2,0.45,42.9,Social Media,1,5,0,0,0.15
36,Female,South,58083.3,96,93.25,8,2,0.513,78.4,Email,1,85,1,0,0.305
27,Female,South,82500.08,117,128.81,10,0,0.051,64.5,SMS,0,23,0,0,0.445
55,Other,West,52836.51,99,34.08,6,3,0.176,71.1,Social Media,0,97,0,0,0.115
44,Male,North,49417.23,8,61.96,3,0,0.478,39.9,Email,0,87,0,0,0.5
61,Female,East,66717.61,13,118.67,11,3,0.277,93.4,Email,0,4,0,1,0.52
20,Female,East,76068.68,119,69.4,11,2,0.387,46.5,Email,0,100,0,0,0.28
54,Female,South,82979.93,20,92.79,7,2,0.106,65.8,Email,0,10,0,0,0.295
65,Female,South,63232.54,95,125.7,5,1,0.02,61.6,Email,1,93,0,1,0.735
57,Female,East,60196.97,65,117.37,10,0,0.529,38.7,Social Media,0,121,1,1,0.87
63,Female,South,60755.29,51,95.38,11,0,0.27,65.7,Social Media,1,139,1,1,0.89
60,Female,West,22096.34,110,140.86,4,3,0.143,69.1,Email,0,35,0,1,0.515
44,Male,South,59547.21,114,130.07,9,0,0.353,69.8,Email,0,168,1,1,0.9
34,Female,North,91187.97,86,50.17,8,3,0.408,75.9,SMS,0,149,0,0,0.355
69,Other,West,69014.5,40,135.42,4,3,0.335,53.6,Ads,1,106,1,1,0.95
56,Female,West,89481.62,12,97.13,9,0,0.126,71.9,SMS,0,54,0,1,0.61
33,Female,East,74600.07,24,50.11,6,2,0.077,67.5,Ads,0,87,0,0,0.385
67,Male,South,56574.53,7,71.05,8,2,0.189,60.5,Social Media,0,163,1,1,0.92
48,Female,North,41958.54,83,53.27,5,0,0.214,41.3,SMS,0,26,0,0,0.08
40,Female,South,44499.41,97,138.04,10,0,0.496,81.4,Social Media,1,14,1,0,0.36
56,Female,East,27174.67,100,103.16,3,2,0.572,64.0,Email,0,167,1,1,0.765
51,Male,South,62410.1,33,13.65,11,0,0.515,62.2,Social Media,0,75,0,0,0.075
73,Male,East,77215.26,2,79.13,12,2,0.235,15.5,Ads,0,172,1,1,0.865
32,Other,North,62737.53,40,28.49,11,3,0.213,55.5,Ads,0,91,0,0,0.17
33,Male,East,31730.91,75,57.67,5,1,0.098,67.3,SMS,0,36,0,0,0.095
65,Other,East,44229.11,62,74.93,7,1,0.474,45.2,Email,0,149,1,1,0.765
48,Female,South,58846.39,12,87.69,8,1,0.27,82.0,Email,0,69,0,1,0.73
31,Female,South,59726.47,74,125.02,11,2,0.573,33.0,Social Media,0,54,1,1,0.705
67,Female,South,70407.95,85,61.76,6,2,0.285,63.7,SMS,0,101,0,0,0.31
38,Female,East,100487.62,1,25.6,6,0,0.375,27.4,SMS,0,105,1,0,0.47
19,Male,North,50790.67,90,114.2,6,2,0.265,47.4,Social Media,0,101,1,1,0.905
73,Male,West,56369.86,90,76.9,2,1,0.06,97.6,SMS,0,106,1,0,0.5
74,Male,North,80326.55,108,119.18,7,4,0.328,53.4,Social Media,0,46,0,0,0.5
57,Female,South,73259.15,51,91.63,9,2,0.265,100.0,Ads,0,32,0,0,0.315
66,Male,South,75850.24,23,24.36,5,0,0.184,75.2,Email,1,95,1,0,0.29
44,Male,North,69085.75,60,80.77,15,1,0.331,42.5,Email,0,125,1,1,0.715
43,Female,West,82847.95,11,139.18,8,2,0.09,92.0,Email,0,53,1,1,0.825
24,Male,East,56786.25,64,59.96,6,1,0.271,85.0,SMS,0,68,1,0,0.2
35,Female,West,76648.47,79,86.9,11,4,0.69,63.7,Social Media,1,45,0,0,0.175
19,Male,East,63458.81,57,98.57,1,1,0.431,24.6,SMS,0,50,1,1,0.575
70,Female,West,47387.81,53,30.06,15,2,0.656,78.2,Ads,0,93,0,0,0.125
29,Male,North,58651.22,98,52.07,8,1,0.458,74.0,SMS,1,142,0,0,0.185
25,Female,North,54023.64,97,33.11,5,0,0.635,57.8,Ads,1,72,0,0,0.085
24,Female,West,60825.11,88,103.54,8,0,0.131,55.1,Social Media,0,102,1,1,0.795
38,Female,East,54551.68,78,94.21,9,2,0.578,90.1,Social Media,0,11,0,0,0.095
41,Female,East,79608.08,113,89.8,9,1,0.521,18.6,Email,0,64,0,0,0.34
44,Female,South,37572.27,11,15.18,10,1,0.047,100.0,SMS,1,17,0,0,0.15
59,Female,West,47572.6,77,10.31,11,1,0.179,31.0,Ads,0,150,0,0,0.38
46,Other,West,75125.49,84,72.23,10,2,0.168,52.9,Ads,0,35,0,0,0.16
43,Female,West,60024.08,15,94.16,6,2,0.126,82.2,Email,0,7,0,0,0.355
34,Female,South,68195.07,57,120.1,9,7,0.352,52.3,SMS,0,66,1,1,0.735
50,Male,South,24762.6,79,113.78,10,2,0.194,78.0,Email,0,19,1,0,0.27
55,Female,East,49191.88,100,71.71,13,3,0.038,37.0,Email,0,27,0,0,0.115
32,Female,South,91998.48,101,81.72,5,2,0.335,51.8,Email,0,131,1,1,0.84
24,Female,East,87323.7,45,77.91,16,2,0.081,37.0,Ads,1,170,1,1,0.85
24,Female,South,50804.71,73,51.4,8,1,0.319,34.8,Ads,0,23,0,0,0.065
31,Male,East,48144.46,105,88.1,13,3,0.13,46.9,Social Media,1,170,1,1,0.875
72,Other,North,68066.6,41,94.06,9,2,0.207,82.2,Email,1,75,0,1,0.665
34,Male,South,94783.82,82,145.46,8,2,0.425,0.1,Email,0,53,1,1,0.735
74,Male,North,96897.31,93,78.21,11,0,0.123,100.0,Ads,0,114,1,0,0.485
72,Male,South,33771.63,15,86.65,7,1,0.208,56.9,SMS,0,165,1,1,0.955
31,Male,West,72264.61,113,46.74,4,1,0.066,77.8,SMS,1,62,0,0,0.09
62,Male,East,54385.88,112,53.42,4,4,0.369,65.5,Social Media,0,75,0,0,0.155
66,Male,West,16545.71,112,85.88,7,1,0.11,80.8,Social Media,0,63,0,0,0.395
31,Male,West,56676.69,43,81.27,3,3,0.351,24.3,SMS,1,63,1,1,0.595
54,Female,North,58388.92,17,70.36,8,0,0.377,54.9,SMS,0,72,1,0,0.425
40,Male,West,39230.35,59,49.72,6,1,0.529,70.9,SMS,0,33,0,0,0.035
32,Male,East,73557.4,90,86.15,10,2,0.125,73.6,Ads,0,158,1,1,0.79
42,Female,West,83535.67,24,109.02,5,2,0.088,71.6,SMS,0,8,0,1,0.545
55,Female,East,63102.91,92,115.78,3,1,0.391,25.2,Social Media,1,23,1,0,0.485
59,Female,West,59110.71,101,94.39,11,2,0.278,90.0,SMS,1,140,1,1,0.61
42,Male,North,46831.3,46,33.93,13,1,0.045,50.7,Social Media,1,176,0,1,0.655
71,Female,North,39018.37,62,70.01,8,1,0.144,64.5,Ads,1,6,0,0,0.115
35,Female,East,51365.85,44,104.37,9,0,0.39,42.3,Social Media,0,38,0,1,0.6
33,Male,West,57459.67,116,34.12,12,3,0.206,61.2,Ads,0,126,0,0,0.18
39,Female,East,61137.04,2,130.74,6,1,0.382,70.3,Ads,0,134,1,1,0.935
43,Female,West,63241.85,38,102.01,9,2,0.538,59.2,Social Media,0,81,1,1,0.58
45,Female,South,73787.68,56,79.66,6,0,0.329,58.9,Social Media,0,57,1,0,0.285
54,Male,West,41935.04,55,56.79,7,4,0.31,100.0,SMS,0,118,0,0,0.445
65,Male,North,87524.31,82,57.99,5,3,0.301,45.8,Social Media,1,67,0,0,0.26
18,Male,South,42471.74,17,143.52,8,2,0.187,29.9,Ads,1,55,1,1,0.79
41,Female,West,46157.35,51,124.5,5,2,0.178,52.9,SMS,0,135,1,1,0.965
47,Female,North,60562.47,61,85.54,5,2,0.419,83.0,SMS,1,86,0,1,0.52
26,Female,North,71805.17,96,42.18,9,2,0.121,54.3,Email,0,14,0,0,0.045
42,Female,North,67333.67,114,69.72,9,0,0.08,57.7,Ads,1,15,0,0,0.06
23,Male,North,56049.8,85,89.38,7,2,0.163,37.2,Social Media,0,10,0,0,0.15
54,Female,West,18719.21,25,111.61,13,2,0.232,43.6,Email,0,45,1,1,0.785
43,Male,West,43014.4,75,174.41,6,1,0.19,69.0,Ads,1,163,1,1,0.985
26,Male,East,88705.99,77,67.94,5,2,0.448,68.8,Ads,1,124,0,0,0.43
50,Male,East,64675.61,22,86.85,6,1,0.196,63.0,Ads,0,59,1,1,0.7
33,Female,South,45803.4,67,115.72,10,0,0.529,100.0,Social Media,0,42,0,0,0.255
43,Male,South,104798.23,116,26.24,6,2,0.442,41.9,Ads,0,43,0,0,0.12
62,Female,South,55102.96,79,91.28,4,1,0.25,43.0,SMS,1,153,1,1,0.86
63,Male,South,56773.92,108,61.03,6,0,0.178,100.0,Ads,1,161,1,1,0.61
63,Male,East,73449.26,92,129.62,4,2,0.226,52.3,Email,1,34,1,1,0.61
26,Male,North,33265.42,102,47.78,10,1,0.22,27.2,Email,0,56,0,0,0.095
36,Female,South,81344.46,107,108.19,10,0,0.239,73.2,Email,0,134,0,1,0.83
58,Other,South,50990.02,69,27.73,8,1,0.091,54.9,Email,0,36,0,0,0.09
26,Female,South,44571.73,27,66.55,4,2,0.214,88.2,Email,0,107,1,0,0.47
68,Female,North,55451.27,92,60.41,10,1,0.328,66.7,Ads,1,52,0,0,0.095
70,Other,South,42524.28,31,116.9,11,2,0.213,44.9,Email,0,67,1,1,0.875
52,Male,West,50381.84,119,115.06,5,1,0.306,51.2,Social Media,0,62,1,1,0.59
74,Male,North,88795.64,68,29.34,3,1,0.375,43.3,Social Media,0,44,0,0,0.14
21,Female,North,63293.2,92,49.49,9,1,0.626,60.4,SMS,0,71,0,0,0.045
71,Female,North,60561.41,21,99.67,10,0,0.583,49.1,Email,0,172,1,1,0.94
51,Male,South,32928.92,35,5.0,8,1,0.193,76.5,Email,0,150,0,0,0.355
30,Male,East,78988.4,85,119.92,7,2,0.249,47.5,Ads,0,168,1,1,0.94
41,Male,North,59189.69,72,107.18,11,0,0.158,36.1,Email,0,138,0,1,0.935
70,Female,West,50172.65,33,54.85,7,0,0.327,48.8,Email,0,6,0,0,0.1
57,Male,East,69086.11,88,63.71,10,5,0.12,67.0,Ads,1,112,1,0,0.38
45,Female,South,83860.78,65,12.13,9,2,0.24,43.8,Social Media,0,136,0,0,0.21
26,Female,South,60201.63,43,75.94,12,2,0.494,79.8,Ads,0,90,1,0,0.405
54,Male,South,54808.19,17,48.49,11,1,0.433,80.0,Email,0,44,0,0,0.1
30,Male,West,71313.36,16,134.64,9,1,0.378,50.4,Email,0,104,1,1,0.955
28,Other,North,78155.52,68,71.06,5,3,0.14,90.9,SMS,1,58,0,0,0.22
59,Male,East,36907.35,81,86.31,6,2,0.171,48.2,Email,0,162,1,1,0.93
46,Female,South,47530.78,105,74.08,10,1,0.856,75.8,SMS,1,144,1,0,0.39
37,Female,South,68937.13,60,50.26,7,2,0.35,76.8,Email,0,65,0,0,0.1
49,Female,East,60104.26,97,138.66,8,1,0.292,71.9,Email,0,64,1,1,0.8
26,Male,South,29239.98,88,96.04,11,1,0.379,17.4,Social Media,0,67,1,1,0.51
63,Male,North,40405.22,53,47.44,12,1,0.567,64.1,Email,1,21,0,0,0.035
58,Female,East,79767.58,58,25.38,8,1,0.489,47.0,Social Media,0,55,0,0,0.06
55,Female,North,58857.04,66,96.02,9,3,0.254,47.8,SMS,0,17,0,0,0.405
24,Female,South,42257.3,108,109.56,11,1,0.125,23.5,Social Media,0,26,0,0,0.485
39,Female,East,55078.84,82,154.33,8,2,0.297,61.7,Social Media,0,13,1,1,0.67
45,Male,East,67194.83,105,68.98,8,1,0.315,45.9,SMS,1,174,1,1,0.755
72,Male,North,105564.35,75,85.5,5,1,0.382,53.5,SMS,0,98,1,1,0.57
28,Male,East,53113.99,21,105.1,6,2,0.198,38.7,Ads,1,90,1,1,0.935
70,Male,West,53312.26,75,126.63,6,1,0.065,55.2,Ads,1,15,1,1,0.525
58,Female,North,69875.38,72,90.65,10,1,0.588,86.5,Email,0,120,1,1,0.695
42,Female,North,43877.85,45,33.44,8,3,0.485,82.1,Email,0,154,0,0,0.325
18,Male,South,50592.33,39,40.55,5,1,0.274,78.8,Social Media,0,61,1,0,0.215
33,Other,West,56487.07,105,77.13,8,2,0.357,79.0,SMS,0,31,0,0,0.105
20,Male,North,29412.2,106,91.43,11,2,0.495,81.8,Email,0,170,1,1,0.64
26,Male,North,101391.73,95,18.18,6,3,0.165,39.6,Social Media,1,47,0,0,0.215
18,Female,East,43865.22,91,94.97,4,2,0.089,45.5,Social Media,0,137,1,1,0.87
29,Female,North,45184.26,15,81.26,7,0,0.172,86.5,Ads,0,151,1,1,0.89
64,Male,North,51437.48,25,69.2,4,2,0.375,52.0,SMS,0,5,0,0,0.18
33,Female,South,63833.7,90,5.0,14,1,0.632,53.0,Social Media,0,84,0,0,0.075
42,Other,West,32616.46,98,104.85,10,0,0.53,79.7,SMS,0,25,0,0,0.16
47,Male,North,62966.71,32,72.67,12,1,0.174,88.7,Ads,1,82,0,0,0.5
23,Female,North,75265.35,112,84.35,15,3,0.184,100.0,Social Media,1,43,0,0,0.22
25,Female,East,36725.36,77,9.57,5,2,0.153,98.2,Social Media,0,98,0,0,0.135
63,Female,West,59590.63,66,74.93,8,0,0.277,46.1,Social Media,0,67,0,0,0.335
68,Male,West,26702.68,38,94.18,5,2,0.208,65.6,Social Media,1,151,1,1,0.93
38,Male,East,48010.82,45,84.85,7,1,0.546,48.1,Email,0,81,0,0,0.43
74,Male,West,51771.22,6,76.27,4,1,0.1,19.9,Social Media,0,89,1,1,0.72
69,Female,North,26685.9,52,76.08,10,2,0.316,50.2,Social Media,0,44,0,0,0.28
74,Female,West,59430.83,81,5.0,8,2,0.403,71.3,Social Media,1,139,0,0,0.17
30,Male,West,55031.39,42,104.03,5,2,0.311,67.1,Social Media,1,122,1,1,0.89
58,Other,South,38986.2,98,109.07,16,3,0.283,22.8,Ads,0,24,0,0,0.415
53,Female,North,75712.51,35,147.26,6,3,0.511,90.3,Ads,0,136,1,1,0.9
49,Male,South,76939.09,3,64.79,11,0,0.201,98.1,Ads,1,166,1,1,0.705
52,Male,South,60844.66,59,105.65,9,2,0.266,90.0,Social Media,0,43,1,0,0.24
50,Male,North,75959.54,32,33.77,6,1,0.384,60.8,Email,1,68,0,0,0.16
39,Male,East,56385.01,78,107.64,5,3,0.497,76.9,Ads,1,128,1,1,0.815
34,Female,South,68847.83,12,14.39,4,2,0.382,83.8,Ads,0,64,0,0,0.135
25,Male,South,92924.9,18,76.83,7,3,0.187,46.1,Social Media,0,140,1,1,0.875
68,Female,South,77485.38,28,127.32,7,3,0.138,77.5,Social Media,1,95,1,1,0.92
59,Female,East,45273.01,58,89.61,10,1,0.294,39.6,Social Media,0,83,1,1,0.665
66,Male,East,89013.36,23,97.34,8,1,0.208,63.5,SMS,1,54,1,1,0.685
53,Male,West,63931.67,119,44.38,7,0,0.246,50.6,SMS,1,5,0,0,0.075
29,Female,West,93556.63,63,37.64,14,4,0.248,58.2,Email,0,114,1,0,0.265
63,Female,West,62122.1,7,29.57,6,3,0.448,65.0,Social Media,0,128,1,0,0.315
62,Male,West,64691.28,15,82.83,10,2,0.504,57.8,Social Media,1,28,0,0,0.255
52,Female,South,82235.1,108,31.37,7,1,0.156,50.7,Ads,0,59,0,0,0.045
60,Female,West,57688.21,105,22.33,10,3,0.195,61.2,SMS,0,115,0,0,0.135
50,Female,West,26595.64,91,157.24,7,0,0.214,62.9,SMS,0,55,1,1,0.76
44,Female,East,50899.29,85,55.33,12,0,0.18,73.1,Ads,0,113,0,0,0.27
18,Male,North,78528.67,2,131.77,10,2,0.26,48.0,Ads,0,7,1,1,0.725
24,Male,North,61526.54,91,104.06,8,2,0.123,35.3,Social Media,0,31,0,1,0.505
52,Male,West,47212.68,55,93.72,7,3,0.204,99.6,Ads,0,171,1,1,0.9
25,Female,West,71176.73,58,38.88,7,0,0.212,49.4,Social Media,0,114,0,0,0.37
54,Male,South,79450.55,30,95.79,6,0,0.14,71.3,Social Media,0,129,1,1,0.9
73,Male,South,52147.19,58,80.91,7,2,0.139,69.2,Email,0,158,1,1,0.82
20,Male,East,35588.47,70,128.26,4,2,0.416,60.9,SMS,0,63,0,1,0.67
65,Male,North,54326.32,96,123.42,5,3,0.119,46.0,Ads,1,157,1,1,0.96
35,Male,North,36103.54,18,71.25,6,1,0.155,67.6,Ads,0,116,1,1,0.705
46,Female,North,109926.69,90,29.95,5,2,0.444,58.4,Email,0,32,0,0,0.105
65,Male,West,67152.73,4,88.73,10,0,0.256,60.3,SMS,0,140,1,1,0.93
52,Female,West,61162.98,19,68.0,10,1,0.374,50.3,Email,0,151,1,1,0.795
29,Male,West,57103.7,50,56.95,7,1,0.399,87.6,Email,1,43,0,0,0.075
33,Male,East,48849.48,63,59.96,5,1,0.074,65.0,Email,0,3,0,0,0.125
19,Female,West,68245.98,98,38.66,6,3,0.256,33.6,SMS,1,147,0,0,0.465
38,Female,East,79162.11,1,84.48,10,5,0.081,30.0,SMS,0,160,1,1,0.93
47,Male,South,83094.4,116,132.46,15,3,0.342,64.2,Social Media,0,8,0,0,0.41
45,Male,North,68897.86,39,58.71,8,2,0.103,95.7,Email,0,111,0,1,0.535
61,Female,West,70274.73,8,63.73,6,2,0.206,46.9,Ads,0,31,1,0,0.235
28,Female,West,84044.46,13,106.76,5,4,0.235,82.3,Ads,1,4,0,1,0.57
25,Male,South,82415.87,21,53.5,6,0,0.06,65.5,Email,1,64,1,0,0.31
31,Male,North,34737.83,57,97.13,13,0,0.539,92.5,Email,0,60,0,0,0.335
31,Male,North,61793.49,95,65.37,6,2,0.463,44.1,SMS,1,82,0,0,0.2
43,Female,North,86237.09,54,82.73,12,3,0.324,72.9,Social Media,1,18,1,0,0.245
22,Female,South,82033.94,11,103.35,13,2,0.598,93.4,SMS,0,97,1,1,0.665
64,Male,West,123422.55,5,38.91,6,0,0.42,10.3,Email,0,106,0,0,0.49
64,Male,South,80048.65,108,67.76,11,3,0.323,74.3,Ads,0,99,0,0,0.16
27,Male,North,49120.94,72,71.02,10,2,0.195,80.7,Email,0,84,0,0,0.155
29,Male,South,56949.36,90,64.29,10,1,0.486,46.9,Social Media,1,141,0,1,0.53
37,Female,West,47893.79,22,89.81,11,3,0.516,61.1,Email,0,48,0,0,0.265
55,Female,North,97890.97,51,69.9,13,4,0.193,60.8,Email,0,84,0,0,0.415
32,Female,West,70386.3,63,76.09,7,1,0.127,51.0,Social Media,1,138,1,1,0.815
42,Male,West,74523.06,15,78.3,6,0,0.264,68.0,SMS,0,6,0,0,0.295
26,Female,South,43824.03,95,100.32,8,1,0.236,82.5,Social Media,0,69,0,0,0.405
42,Male,West,63363.45,35,131.79,8,1,0.274,86.7,Ads,0,22,1,1,0.66
33,Male,North,62346.51,34,126.81,16,2,0.217,30.3,Email,0,47,1,1,0.815
24,Female,South,70853.75,103,37.39,14,1,0.176,50.3,SMS,0,78,0,0,0.075
59,Female,West,81412.49,59,101.87,3,2,0.346,82.6,Social Media,1,15,0,0,0.32
55,Female,South,90339.99,1,66.64,3,1,0.055,89.7,Ads,0,153,1,1,0.78
20,Male,South,77004.13,67,82.03,4,2,0.147,61.3,Email,0,31,0,0,0.285
55,Other,North,90461.8,60,26.76,5,1,0.077,19.2,SMS,0,166,1,1,0.64
26,Female,East,52860.22,115,70.63,11,0,0.256,38.2,SMS,0,107,0,0,0.405
57,Male,West,90675.52,32,60.96,6,0,0.293,64.5,Email,0,80,0,0,0.36
52,Female,East,65774.87,73,117.88,12,1,0.545,52.1,SMS,0,25,0,0,0.35
54,Female,North,44257.29,91,114.42,8,2,0.123,53.9,Social Media,0,79,0,1,0.82
30,Female,South,57000.84,105,143.14,6,1,0.272,53.4,Email,0,153,1,1,0.95
37,Female,East,52657.42,3,126.77,11,2,0.122,83.5,SMS,1,75,1,1,0.915
23,Male,South,77503.81,49,47.33,7,2,0.698,49.6,SMS,0,124,0,0,0.375
40,Female,North,58592.83,53,115.36,5,2,0.11,66.0,Social Media,0,124,1,1,0.94
31,Male,South,71399.55,48,66.17,10,4,0.442,70.0,Email,0,129,0,1,0.59
57,Female,South,90752.5,58,63.28,8,2,0.207,25.2,Social Media,0,78,1,0,0.46
32,Male,West,85161.28,55,162.12,5,0,0.144,42.4,Email,0,176,1,1,0.94
67,Male,South,81652.64,86,138.93,7,2,0.285,57.9,Ads,1,28,0,1,0.735
47,Other,South,23188.86,59,84.88,1,4,0.421,76.7,Email,0,82,0,1,0.525
60,Female,South,93316.72,48,143.31,12,0,0.102,57.0,SMS,1,42,1,1,0.75
26,Female,South,57128.82,45,109.93,6,2,0.033,73.3,Social Media,0,164,1,1,0.97
71,Female,East,55492.82,81,66.8,11,1,0.256,71.1,SMS,1,76,0,0,0.175
54,Male,West,33982.41,41,62.39,10,1,0.458,42.3,Ads,0,137,0,1,0.715
35,Male,East,41667.12,44,112.39,4,1,0.692,68.5,Social Media,0,90,1,1,0.65
57,Female,South,75345.4,84,100.25,9,0,0.279,43.7,Social Media,0,29,0,0,0.28
69,Female,South,82597.02,15,61.56,6,1,0.452,67.5,Ads,0,166,0,1,0.78
49,Female,North,52575.13,51,88.53,5,1,0.166,17.8,Email,1,32,0,1,0.505
47,Male,West,93105.96,94,89.57,8,1,0.359,84.4,Ads,0,156,0,1,0.705
60,Male,North,41832.46,100,72.66,5,1,0.067,100.0,Social Media,0,136,0,1,0.515
45,Male,North,77198.49,40,75.08,7,0,0.046,58.2,Email,0,82,1,1,0.635
67,Other,East,36110.89,106,91.29,4,1,0.134,66.5,Email,0,24,0,0,0.245
33,Female,East,65654.15,69,70.92,9,2,0.453,81.8,SMS,1,150,0,1,0.59
47,Male,South,56049.32,116,60.12,4,0,0.382,66.9,SMS,1,18,0,0,0.07
71,Male,West,82825.15,26,29.34,8,2,0.454,56.5,Ads,0,151,1,0,0.475
53,Female,North,52981.09,33,106.91,5,3,0.496,76.5,SMS,1,26,0,1,0.61
29,Male,North,68300.51,78,116.44,9,2,0.175,35.4,Ads,0,152,1,1,0.97
41,Male,South,49435.99,45,67.65,11,1,0.494,54.3,Email,0,50,0,0,0.13
40,Female,East,94386.4,80,48.62,4,3,0.091,30.4,Social Media,1,52,0,0,0.255
36,Female,North,37052.68,35,99.37,3,2,0.402,100.0,SMS,1,60,1,1,0.565
35,Female,South,43447.54,30,136.23,3,0,0.396,53.0,Ads,0,23,1,1,0.81
34,Female,South,64274.7,4,68.1,9,1,0.28,12.6,SMS,0,25,1,0,0.295
45,Male,North,74243.92,113,73.24,5,3,0.236,62.1,Email,0,146,1,1,0.67
53,Female,West,75704.52,94,135.18,8,2,0.352,72.6,Social Media,1,105,1,1,0.83
31,Female,West,84390.07,50,90.92,6,5,0.162,43.6,Social Media,0,116,1,1,0.875
39,Female,North,37250.27,116,120.64,3,2,0.374,38.1,Social Media,0,16,0,0,0.415
41,Female,West,62279.68,112,24.3,8,1,0.728,50.2,SMS,0,143,0,0,0.095
34,Male,North,83623.99,35,58.94,6,2,0.336,45.8,Email,0,40,0,0,0.215
64,Female,West,42026.93,31,76.11,5,1,0.163,36.9,Email,0,173,1,1,0.955
24,Female,North,66477.42,114,110.19,10,1,0.448,30.6,SMS,1,130,1,1,0.8
50,Other,South,60651.81,37,87.4,4,1,0.143,60.4,Ads,1,78,1,1,0.79
35,Male,West,55137.47,102,106.26,10,1,0.305,100.0,SMS,0,100,1,1,0.525
46,Male,North,75503.35,35,5.0,11,4,0.089,57.0,Ads,0,70,0,0,0.155
30,Male,West,87547.52,54,100.21,8,1,0.107,82.2,SMS,0,80,1,1,0.65
35,Female,East,80256.32,75,76.07,13,3,0.432,40.7,Social Media,0,21,0,0,0.185
38,Male,South,59930.24,15,114.79,6,3,0.203,81.2,Social Media,0,69,0,1,0.87
63,Other,East,80094.74,56,109.75,7,1,0.446,62.0,SMS,0,24,0,0,0.355
32,Male,West,39367.78,59,5.0,8,0,0.072,41.9,Email,1,20,0,0,0.08
36,Female,East,15000.0,92,76.81,10,1,0.249,35.1,Ads,0,120,1,1,0.62
29,Male,North,41310.29,30,96.62,9,1,0.166,71.1,Social Media,1,133,1,1,0.95
20,Male,North,57007.83,69,67.87,8,4,0.073,67.0,Social Media,0,99,1,0,0.355
71,Female,North,48447.9,25,143.45,9,4,0.404,79.4,Ads,1,179,1,1,0.97
65,Male,East,30009.25,13,99.23,8,2,0.02,47.1,Social Media,0,174,1,1,0.97
41,Female,North,86424.1,55,93.47,4,2,0.139,45.7,Social Media,0,154,1,1,0.925
41,Male,South,28187.03,8,33.82,7,1,0.351,48.5,Social Media,1,60,0,0,0.17
25,Male,West,37229.68,93,100.3,9,2,0.239,77.8,SMS,0,67,0,0,0.425
59,Male,South,69707.02,93,78.18,10,4,0.497,45.5,SMS,0,156,0,1,0.69
45,Male,East,54761.13,35,155.75,5,1,0.332,64.3,Social Media,0,160,1,1,0.98
29,Female,West,60516.14,14,106.99,11,1,0.39,31.2,Ads,0,33,0,1,0.57
42,Female,South,80606.24,115,94.82,6,1,0.322,53.5,SMS,0,132,0,1,0.845
63,Female,South,56186.29,21,91.07,7,3,0.155,100.0,SMS,1,136,1,1,0.895
59,Male,East,74589.8,41,41.75,8,2,0.398,65.1,Social Media,1,107,0,0,0.205
53,Male,East,56636.04,81,94.79,12,1,0.401,70.3,Ads,1,126,0,1,0.715
63,Male,North,66724.0,69,80.91,0,1,0.084,64.0,Ads,0,101,1,1,0.675
59,Female,South,56088.9,17,42.36,10,2,0.068,74.0,SMS,1,167,1,1,0.69
61,Female,East,73158.24,8,83.79,9,1,0.678,67.9,Social Media,0,134,1,1,0.74
28,Male,East,70684.19,97,165.13,12,2,0.372,65.1,SMS,0,170,1,1,0.915
70,Female,West,63380.24,38,65.3,8,0,0.69,50.3,Ads,0,61,0,0,0.185
47,Female,North,73631.32,45,5.0,11,4,0.321,73.0,SMS,0,66,0,0,0.07
63,Male,West,48700.96,112,94.89,5,1,0.313,22.2,Social Media,0,110,1,1,0.84
48,Female,West,45016.32,33,135.07,7,0,0.349,39.9,Email,0,177,1,1,0.96
39,Female,East,81628.98,30,148.91,8,0,0.672,42.1,SMS,1,153,1,1,0.9
35,Male,South,71550.16,105,41.62,6,0,0.143,66.8,Social Media,1,117,1,0,0.27
42,Female,South,52624.05,40,115.53,7,0,0.152,49.5,Email,0,166,1,1,0.97
50,Male,West,55171.1,41,129.27,3,0,0.247,50.0,Email,0,1,1,1,0.695
71,Female,East,72392.21,109,20.02,4,1,0.237,54.4,Ads,0,96,0,0,0.12
27,Female,West,73756.35,88,52.63,9,2,0.264,100.0,Ads,0,90,0,0,0.11
24,Female,East,47419.38,58,136.26,7,3,0.165,92.1,Email,1,153,1,1,0.965
22,Male,West,59041.71,30,81.82,9,0,0.445,63.2,SMS,1,94,1,1,0.71
41,Female,West,53799.91,41,85.32,10,0,0.1,60.1,Social Media,1,141,1,1,0.905
49,Male,East,20579.37,93,117.27,7,0,0.446,42.6,Social Media,0,63,0,1,0.58
72,Male,West,66634.83,89,130.36,8,1,0.171,74.1,Email,0,1,1,0,0.5
57,Male,East,45883.18,96,138.45,7,0,0.245,41.3,Ads,0,127,1,1,0.975
49,Female,South,61286.65,20,88.44,5,3,0.479,46.8,Ads,0,136,1,1,0.96
28,Male,West,58177.45,16,123.75,7,0,0.086,83.5,SMS,0,113,1,1,0.915
35,Male,West,54599.69,110,93.51,9,1,0.32,73.9,Email,0,126,0,1,0.665
63,Female,North,67384.99,44,132.07,5,1,0.301,61.7,SMS,0,47,1,1,0.78
45,Male,North,24697.34,85,104.83,8,1,0.326,48.7,SMS,0,17,0,0,0.245
25,Male,South,61583.15,67,25.34,4,2,0.483,72.0,SMS,0,42,0,0,0.06
42,Male,East,71160.53,62,47.01,12,2,0.291,62.5,Email,0,120,1,0,0.255
48,Male,South,86988.78,100,73.12,5,1,0.216,73.5,Email,1,80,0,0,0.23
31,Female,North,40069.12,61,72.19,10,3,0.037,49.3,Ads,0,42,0,0,0.3
61,Female,North,60078.36,54,57.18,4,3,0.457,28.3,Social Media,1,132,1,1,0.67
74,Female,North,55853.02,16,123.47,7,1,0.587,49.9,SMS,0,161,1,1,0.95
61,Female,North,29645.27,10,134.63,7,2,0.241,51.6,SMS,0,163,1,1,0.98
74,Female,East,88848.9,84,81.42,11,0,0.503,78.8,Ads,0,91,0,0,0.36
47,Male,North,47123.28,85,124.84,3,1,0.328,70.1,Social Media,0,11,1,0,0.455
46,Female,North,46469.85,2,108.61,6,3,0.32,58.3,SMS,0,178,1,1,0.965
47,Female,South,77579.73,42,65.19,7,2,0.22,72.9,Email,1,71,0,0,0.205
73,Female,North,68443.52,10,95.26,9,0,0.42,67.7,Email,0,75,1,1,0.675
30,Female,West,78612.51,59,50.03,6,2,0.224,70.6,Ads,0,177,1,1,0.685
22,Male,West,89299.49,96,7.05,9,2,0.374,87.5,Ads,0,140,0,0,0.155
71,Female,West,58960.8,2,147.72,8,0,0.678,60.5,Email,0,145,1,1,0.905
46,Female,West,96061.91,35,60.29,10,1,0.13,73.6,Ads,1,105,1,1,0.525
55,Male,South,63970.52,74,83.63,8,1,0.165,55.5,Email,0,23,0,0,0.155
23,Male,South,38730.91,106,63.12,7,2,0.311,59.0,Email,0,140,1,1,0.515
55,Female,East,73516.76,117,59.96,6,1,0.229,70.8,SMS,0,154,1,1,0.595
71,Male,East,63074.59,38,89.18,7,4,0.208,68.7,Social Media,0,151,1,1,0.935
68,Male,South,67690.02,14,40.71,18,1,0.353,70.4,Social Media,0,127,0,0,0.465
62,Male,South,61899.43,35,65.45,2,3,0.221,55.8,Email,0,78,0,1,0.555
54,Female,North,70384.11,45,35.41,7,0,0.089,62.9,Email,0,93,1,0,0.26
53,Female,North,71721.76,110,55.55,10,2,0.229,24.2,Email,1,68,0,0,0.145
73,Other,North,72391.19,75,114.72,10,1,0.194,19.9,Ads,0,137,1,1,0.93
66,Female,West,69710.81,38,40.39,5,2,0.112,56.0,SMS,1,90,0,0,0.28
70,Female,West,84358.66,24,72.49,8,0,0.423,93.6,Social Media,1,131,0,1,0.71
63,Female,North,57683.31,78,90.84,5,0,0.348,50.3,Social Media,0,144,1,1,0.915
29,Female,South,63780.81,53,24.68,7,1,0.161,35.9,SMS,0,116,1,0,0.325
35,Female,West,52245.24,89,71.31,9,2,0.547,57.5,Email,0,148,0,1,0.585
63,Male,South,53740.26,68,99.05,8,1,0.115,63.0,Social Media,0,135,1,1,0.92
71,Male,East,85745.76,107,106.03,8,1,0.448,9.5,Social Media,1,165,1,1,0.87
71,Male,West,66065.03,98,118.47,9,1,0.223,42.6,Email,0,172,1,1,0.93
69,Male,South,47810.12,83,82.77,8,3,0.277,20.1,Social Media,0,6,0,0,0.215
58,Female,South,67603.78,101,109.07,12,1,0.422,61.0,Email,0,101,1,1,0.655
38,Male,North,23399.22,5,89.69,7,4,0.159,82.5,Social Media,1,132,1,1,0.9
66,Male,East,62924.38,1,67.93,8,0,0.524,62.4,SMS,0,176,1,1,0.735
26,Male,South,86097.55,25,120.48,8,1,0.252,79.2,Social Media,1,83,1,1,0.87
58,Male,South,72930.22,57,137.06,5,3,0.407,31.7,Ads,0,136,1,1,0.975
27,Female,West,44262.38,32,63.56,10,1,0.494,59.2,Ads,1,179,1,1,0.79
67,Female,South,38973.93,27,63.29,8,1,0.065,50.2,Ads,0,55,1,0,0.315
43,Male,East,27770.09,65,88.03,9,1,0.165,34.8,Email,0,80,0,1,0.66
69,Male,East,84728.45,103,46.11,9,1,0.247,71.1,Email,0,62,0,0,0.075
30,Female,South,84561.86,59,121.5,5,0,0.418,64.2,Email,0,106,1,1,0.855
65,Female,North,66601.16,19,28.64,4,2,0.205,41.5,Social Media,1,137,1,1,0.59
20,Female,East,40023.78,88,83.22,13,2,0.398,94.8,Email,0,132,1,1,0.605
60,Female,West,50740.48,49,79.82,10,2,0.231,65.5,SMS,1,89,0,1,0.56
21,Female,South,81311.3,82,81.58,5,0,0.057,85.5,SMS,0,43,1,0,0.21
49,Male,East,61754.32,43,86.82,9,1,0.223,70.3,SMS,0,56,0,0,0.3
42,Male,North,47180.09,43,51.8,6,3,0.305,44.3,Social Media,0,168,1,1,0.845
47,Male,West,26318.77,22,46.04,5,1,0.168,82.8,Email,0,130,1,1,0.545
56,Female,West,70798.67,82,127.26,9,2,0.834,36.0,Social Media,0,52,0,1,0.55
72,Male,West,65710.84,61,63.28,12,0,0.218,84.7,Email,0,62,0,0,0.24
51,Male,West,50512.17,2,136.39,11,1,0.143,53.3,SMS,0,129,1,1,0.97
42,Female,West,60099.03,4,92.81,10,3,0.802,70.0,Ads,0,109,1,1,0.525
47,Male,West,66162.29,22,5.0,5,2,0.132,75.2,Ads,0,169,0,1,0.535
52,Male,North,41952.94,42,104.98,6,1,0.391,68.1,Social Media,0,19,0,0,0.435
56,Female,South,60424.25,68,47.71,6,3,0.307,75.0,SMS,0,73,1,0,0.12
39,Female,East,69474.65,31,103.59,5,2,0.269,76.6,Email,0,178,1,1,0.97
61,Male,North,71183.89,29,93.4,10,2,0.341,46.8,SMS,0,48,1,1,0.675
30,Male,South,56436.88,48,36.05,16,2,0.307,66.1,Ads,1,76,0,0,0.14
61,Female,East,82682.09,97,130.98,10,1,0.464,44.5,Email,1,119,1,1,0.875
37,Female,East,65364.07,99,110.68,8,1,0.083,59.7,Email,1,115,1,1,0.935
67,Male,South,72159.4,8,53.76,12,0,0.548,60.7,SMS,1,2,0,0,0.13
66,Female,West,63428.87,1,55.97,7,1,0.11,74.2,Social Media,0,173,1,1,0.83
67,Male,North,56736.28,72,73.49,4,2,0.198,54.0,Email,0,122,0,1,0.725
29,Male,East,66152.54,45,55.41,9,2,0.378,41.0,Ads,0,8,0,0,0.09
64,Male,South,78448.19,77,61.3,12,2,0.17,64.4,Ads,1,157,1,1,0.69
59,Male,North,38729.48,83,46.88,12,1,0.324,87.4,Email,0,35,0,0,0.02
60,Female,North,92153.64,29,117.32,7,1,0.387,77.1,Social Media,0,91,1,1,0.81
53,Female,West,77649.98,94,5.0,9,1,0.139,40.0,SMS,0,97,0,0,0.12
63,Female,North,69139.69,54,145.04,11,1,0.175,47.1,Ads,0,111,1,1,0.96
52,Male,North,58278.75,48,62.47,13,3,0.365,71.4,SMS,1,125,0,0,0.455
30,Male,South,53909.65,4,134.2,9,1,0.183,50.1,SMS,0,68,1,1,0.91
34,Male,North,81860.57,59,89.61,7,2,0.218,81.7,SMS,1,166,1,1,0.91
39,Male,West,53135.34,30,67.51,16,3,0.35,4.5,Ads,0,125,0,1,0.68
55,Female,West,52649.51,89,70.39,12,1,0.201,78.1,Ads,0,22,1,0,0.05
26,Female,West,33495.54,10,92.06,6,3,0.221,56.0,Social Media,0,54,1,1,0.57
70,Female,East,49401.37,39,70.87,5,1,0.222,38.2,Social Media,0,49,0,0,0.435
64,Male,West,56049.96,49,35.3,5,0,0.114,37.2,Email,1,55,1,0,0.2
60,Female,South,62314.89,99,14.81,12,0,0.151,61.9,Social Media,0,84,0,0,0.035
32,Male,South,64581.39,96,63.42,8,1,0.418,36.7,Social Media,0,90,0,0,0.23
40,Male,West,41386.98,97,35.03,4,0,0.411,33.2,Ads,0,123,0,0,0.22
53,Male,North,74028.03,76,80.57,10,1,0.265,40.3,Email,1,124,1,1,0.68
54,Female,North,85016.84,34,101.6,7,2,0.135,64.9,Ads,1,13,0,0,0.47
54,Female,West,35511.11,34,36.44,7,0,0.273,44.3,Ads,0,117,0,0,0.455
18,Male,East,72872.82,75,48.26,9,2,0.325,46.9,Email,0,145,1,0,0.34
65,Male,North,80611.91,98,89.47,2,1,0.219,71.1,SMS,0,3,0,0,0.165
26,Other,West,84300.49,42,34.98,4,2,0.323,81.4,Email,0,136,0,0,0.44
40,Other,East,80368.79,95,72.49,11,2,0.344,78.0,Ads,0,92,0,0,0.15
24,Male,East,86415.74,28,57.8,5,1,0.083,69.2,SMS,0,50,0,0,0.185
18,Female,West,38494.26,41,98.35,9,2,0.134,63.6,Ads,0,162,1,1,0.95
42,Female,North,69964.28,49,90.23,11,2,0.283,58.7,SMS,1,166,1,1,0.93
72,Female,East,70546.69,46,109.32,6,0,0.242,82.3,Social Media,0,137,1,1,0.94
58,Male,North,65253.49,104,90.41,12,1,0.482,64.2,Social Media,0,5,0,0,0.125
58,Other,South,81774.38,47,8.67,3,2,0.076,70.2,Social Media,0,107,0,0,0.27
70,Female,North,39901.3,107,131.01,7,1,0.554,65.1,SMS,0,16,0,0,0.275
72,Male,North,61552.08,28,59.95,8,3,0.128,90.9,Social Media,0,176,1,1,0.8
47,Male,North,71232.11,84,94.38,7,0,0.288,67.1,Email,1,35,1,0,0.255
69,Male,South,62185.13,118,91.53,15,2,0.236,80.8,Ads,0,109,0,0,0.485
64,Male,South,52281.04,29,72.99,12,2,0.524,58.3,Ads,0,18,0,0,0.145
73,Female,West,59451.8,15,87.7,8,0,0.496,31.4,Social Media,0,138,1,1,0.92
26,Male,East,42919.91,26,50.71,11,2,0.347,70.5,SMS,0,139,0,1,0.615
24,Other,South,41407.9,55,155.85,11,2,0.26,21.9,Ads,0,53,1,1,0.77
65,Male,West,69708.17,36,113.91,8,1,0.138,71.5,Email,1,62,1,1,0.75
65,Male,South,54345.11,70,97.96,11,2,0.486,77.9,Social Media,0,75,0,0,0.355
56,Male,South,86724.5,101,84.34,10,0,0.263,43.8,Social Media,0,112,1,1,0.645
42,Female,North,17901.17,89,116.06,10,1,0.747,69.9,Ads,1,152,1,1,0.685
23,Male,South,60894.64,100,104.44,7,2,0.547,95.4,Email,0,100,1,1,0.655
30,Male,East,78664.91,95,106.0,5,1,0.575,40.6,SMS,1,149,0,1,0.825
38,Male,North,93727.51,42,26.28,5,3,0.114,38.0,SMS,0,143,1,1,0.62
21,Male,East,51653.6,12,80.14,8,1,0.452,36.3,SMS,1,156,1,1,0.925
35,Female,West,66040.41,87,86.34,9,1,0.154,67.4,Email,0,41,0,0,0.125
30,Female,West,64167.27,72,102.29,6,0,0.434,61.4,SMS,1,51,0,0,0.345
62,Male,West,72988.45,63,99.64,8,0,0.121,65.2,SMS,0,103,1,1,0.7
31,Female,West,88315.57,52,124.52,6,2,0.217,89.5,Social Media,1,128,1,1,0.935
40,Male,East,52321.76,7,64.38,10,2,0.143,42.0,Email,0,45,0,0,0.455
72,Male,South,46271.76,29,68.9,8,0,0.053,69.3,Social Media,1,26,0,0,0.335
40,Male,West,88333.59,111,40.28,9,1,0.232,65.7,Email,1,35,0,0,0.02
63,Female,South,50186.93,18,91.39,9,4,0.208,65.9,Email,0,137,1,1,0.93
46,Female,South,53536.92,13,43.13,8,0,0.258,62.9,Social Media,0,151,0,1,0.65
23,Male,West,16431.67,16,49.57,12,2,0.092,46.0,Social Media,0,167,1,1,0.73
20,Male,South,76269.43,107,40.7,4,3,0.099,46.5,Ads,1,122,1,0,0.37
22,Female,East,31055.23,16,86.68,7,1,0.139,59.7,Ads,0,96,1,1,0.805
29,Female,South,26070.58,70,58.32,11,4,0.174,29.5,SMS,1,18,0,0,0.155
54,Male,North,41653.04,85,63.36,13,2,0.234,38.4,Email,0,141,1,1,0.605
23,Female,East,58355.05,108,51.76,9,0,0.307,39.6,SMS,0,15,0,0,0.025
59,Female,East,88935.91,91,139.28,6,1,0.202,59.9,Ads,0,102,1,1,0.845
34,Male,South,76248.99,87,98.39,10,2,0.234,81.4,Email,1,129,0,1,0.82
29,Female,East,41553.16,30,94.14,6,2,0.11,76.0,Social Media,0,73,1,1,0.79
30,Female,East,72037.31,20,84.32,6,3,0.303,81.8,SMS,0,42,0,0,0.48
24,Other,East,61334.58,11,75.64,17,2,0.469,73.2,Email,1,179,1,1,0.74
18,Female,South,82831.96,116,68.97,4,2,0.138,48.2,Email,1,6,0,0,0.19
66,Male,North,54947.02,76,86.7,4,0,0.496,39.8,Ads,0,6,0,0,0.13
69,Female,South,45036.51,14,73.72,9,1,0.501,31.4,Ads,1,117,1,1,0.76
57,Male,South,56525.57,37,103.18,3,2,0.363,36.2,Ads,0,116,1,1,0.9
48,Male,North,81361.39,51,125.9,7,1,0.143,44.3,Ads,1,127,1,1,0.96
22,Male,North,68426.51,80,91.63,10,2,0.358,82.8,SMS,1,129,1,1,0.75
45,Female,East,70520.78,18,91.38,12,0,0.224,50.2,Email,0,145,1,1,0.88
47,Male,West,50509.31,99,42.53,6,2,0.55,65.7,Ads,1,1,0,0,0.01
51,Male,East,71960.68,74,130.16,6,1,0.469,55.0,Ads,0,62,0,1,0.785
65,Male,North,86151.55,37,119.96,8,2,0.223,67.0,SMS,0,143,1,1,0.96
31,Female,South,64477.56,33,136.14,11,2,0.203,62.4,SMS,0,11,1,1,0.8
18,Female,East,63421.72,15,75.7,8,2,0.135,67.3,Social Media,0,151,1,1,0.885
19,Male,South,65445.5,49,29.31,5,1,0.47,54.0,SMS,0,153,1,1,0.575
70,Female,West,53755.73,47,78.04,5,0,0.087,32.9,Social Media,0,35,0,1,0.535
60,Male,East,40261.77,17,103.39,7,3,0.247,54.0,Social Media,1,162,1,1,0.955
65,Male,West,65499.22,65,56.82,14,3,0.395,84.3,Email,1,123,0,0,0.235
35,Male,East,58553.81,80,19.64,5,3,0.346,74.9,Email,0,46,0,0,0.02
52,Male,East,19393.6,98,62.46,7,4,0.338,81.0,Ads,0,60,0,0,0.15
33,Male,South,79288.27,79,74.2,6,3,0.128,38.8,SMS,1,95,0,1,0.58
73,Other,West,64799.89,63,129.45,6,2,0.066,19.9,SMS,0,123,1,1,0.915
37,Male,East,80552.03,31,89.57,3,2,0.148,99.6,SMS,1,107,1,1,0.77
28,Female,East,55671.26,90,134.24,8,0,0.314,68.6,SMS,0,116,1,1,0.93
48,Male,North,66727.04,93,85.45,7,3,0.387,43.1,Email,1,103,0,1,0.645
19,Male,North,58156.26,95,53.26,7,1,0.465,24.4,Ads,0,175,1,1,0.605
57,Female,West,72179.29,14,80.43,8,0,0.484,22.5,Ads,0,77,1,1,0.645
58,Female,South,74228.27,50,102.84,10,2,0.431,44.8,SMS,1,124,1,1,0.88
53,Male,East,49428.44,93,142.07,8,1,0.484,59.3,SMS,0,127,0,1,0.88
72,Male,West,79225.77,87,127.62,8,0,0.175,46.3,Email,0,27,1,1,0.56
71,Female,West,42519.49,110,96.34,7,1,0.38,68.0,Ads,0,31,0,0,0.17
67,Other,South,71553.63,4,65.06,5,2,0.333,77.4,Email,0,146,1,1,0.81
72,Other,South,19645.2,32,72.1,14,1,0.109,61.6,Ads,0,151,1,1,0.82
59,Female,North,60281.82,27,71.77,9,1,0.611,70.1,Social Media,0,4,1,0,0.105
39,Male,East,77606.74,77,38.09,5,2,0.285,67.8,SMS,0,47,0,0,0.015
23,Male,South,88944.99,72,91.97,10,2,0.245,62.7,SMS,0,7,0,0,0.2
35,Female,East,72667.38,17,152.83,4,0,0.125,51.0,Email,0,89,1,1,0.96
74,Female,South,35645.53,29,80.08,8,1,0.282,61.3,Ads,0,66,1,0,0.49
61,Male,South,58749.71,76,109.64,6,3,0.093,64.8,Email,0,49,0,1,0.595
51,Female,South,77450.48,70,13.11,7,0,0.259,40.3,Social Media,0,145,0,0,0.215
40,Male,West,90235.82,43,150.99,8,2,0.164,57.5,Social Media,0,12,1,1,0.73
65,Female,West,72988.12,98,93.4,9,0,0.365,37.8,Social Media,0,71,1,0,0.37
59,Other,West,49788.7,55,84.67,9,3,0.465,27.1,Email,1,28,0,0,0.325
71,Female,South,34810.94,81,61.08,7,5,0.214,30.6,Ads,0,44,1,0,0.245
58,Male,South,47942.92,116,99.65,5,1,0.491,60.3,Social Media,1,154,1,1,0.755
30,Female,East,54557.53,72,24.43,11,0,0.398,34.8,SMS,1,39,0,0,0.075
67,Female,East,42461.2,53,55.87,9,1,0.19,61.9,Ads,1,86,1,0,0.195
51,Male,South,40024.69,62,87.31,9,2,0.108,78.1,Email,1,23,0,0,0.185
49,Female,South,65008.65,47,93.52,11,1,0.546,72.6,Email,0,149,1,1,0.87
60,Female,West,69587.62,60,63.44,3,2,0.064,87.5,Ads,1,160,1,1,0.785
24,Female,South,66277.79,63,24.92,3,1,0.28,37.3,SMS,0,132,0,0,0.425
34,Female,North,72304.62,64,96.85,9,3,0.114,45.5,SMS,0,143,1,1,0.95
27,Male,North,47309.22,30,57.97,10,2,0.135,85.2,SMS,0,39,0,0,0.16
32,Male,North,47229.31,33,82.61,14,3,0.491,59.0,Email,0,168,0,1,0.895
56,Male,East,62879.97,2,5.0,4,1,0.381,48.6,Email,0,42,0,0,0.195
57,Female,East,63600.27,49,93.48,9,0,0.28,57.2,Email,1,41,1,0,0.445
35,Male,West,15000.0,20,113.18,8,0,0.335,82.0,Social Media,0,60,0,1,0.76
66,Male,South,36420.89,104,102.69,12,3,0.354,77.2,SMS,1,178,1,1,0.8
52,Female,North,72158.14,116,90.15,6,3,0.12,53.1,SMS,1,147,1,1,0.865
19,Female,West,63314.63,18,91.66,3,2,0.484,94.4,Ads,0,20,0,0,0.375
66,Female,West,58464.07,93,106.03,8,2,0.045,60.1,Email,1,131,1,1,0.86
60,Female,North,79288.21,94,109.61,4,1,0.184,78.5,Email,1,14,0,0,0.375
73,Female,South,61097.95,40,132.53,8,0,0.159,41.7,Email,0,33,1,1,0.815
35,Female,West,58627.93,97,94.53,11,2,0.182,42.1,SMS,0,139,1,1,0.83
22,Female,East,39230.27,116,75.45,13,1,0.248,60.1,Ads,0,43,0,0,0.1
62,Female,East,51669.97,24,82.82,6,2,0.445,90.3,SMS,0,59,1,1,0.535
32,Female,West,88812.57,49,126.06,7,5,0.186,49.9,Ads,0,106,1,1,0.91
23,Female,North,32364.22,91,78.47,5,0,0.388,62.8,SMS,0,93,0,0,0.385
42,Male,North,35896.14,18,133.23,7,3,0.125,34.7,Email,0,147,1,1,0.985
71,Male,West,91690.91,41,121.95,4,2,0.288,81.7,Ads,1,145,1,1,0.94
65,Female,South,96003.01,103,125.09,6,2,0.366,53.3,Social Media,0,57,1,1,0.735
72,Female,South,80701.92,110,16.04,9,1,0.199,87.8,Ads,0,138,0,0,0.27
29,Male,West,48294.56,104,134.81,6,2,0.16,78.6,Ads,0,87,1,1,0.84
25,Female,West,48474.3,76,105.11,10,2,0.149,83.8,Ads,0,100,1,1,0.76
58,Female,North,92074.02,74,80.36,7,1,0.361,71.8,SMS,1,76,0,0,0.345
36,Female,East,62549.66,50,67.83,11,0,0.111,45.1,SMS,1,44,0,0,0.19
30,Female,West,20083.82,110,56.8,8,2,0.352,66.0,Social Media,0,146,0,0,0.35
41,Female,South,66948.28,86,136.58,9,2,0.25,81.7,SMS,1,70,1,1,0.76
30,Female,West,46052.4,31,93.33,4,1,0.268,82.4,SMS,1,171,1,1,0.95
43,Male,West,47439.45,59,87.25,9,1,0.297,48.4,Social Media,0,84,0,1,0.585
74,Other,South,84841.56,28,145.92,9,2,0.559,38.5,Social Media,0,164,1,1,0.955
21,Male,East,78485.36,55,28.14,8,3,0.481,37.3,SMS,0,118,0,0,0.23
45,Female,North,65991.28,20,115.14,5,1,0.531,33.8,Email,0,171,1,1,0.975
59,Male,North,33113.98,106,47.54,6,4,0.493,51.6,Social Media,0,117,0,0,0.175
22,Male,South,64103.45,100,135.07,13,0,0.64,59.3,SMS,0,81,1,1,0.665
39,Female,North,61176.49,32,101.78,12,2,0.118,40.3,Ads,1,71,1,1,0.755
18,Male,South,30383.67,60,62.62,6,2,0.286,40.3,Email,0,88,0,0,0.4
36,Female,North,82193.93,115,60.86,7,1,0.374,46.6,Ads,0,158,1,1,0.525
65,Male,East,80660.26,110,105.01,10,0,0.318,100.0,SMS,0,131,1,1,0.745
67,Female,North,59591.48,17,113.23,4,0,0.28,90.3,Email,0,5,1,0,0.485
74,Male,East,46359.44,79,62.03,5,0,0.208,43.5,Email,1,81,0,0,0.41
22,Male,East,32489.76,27,62.23,12,1,0.232,43.4,SMS,0,121,0,1,0.795
22,Female,West,90683.63,118,62.84,5,1,0.063,48.4,Ads,0,67,0,0,0.24
60,Male,East,81388.18,51,50.35,3,1,0.249,69.6,Email,1,93,0,0,0.26
25,Female,East,34025.66,98,71.28,5,4,0.053,34.1,Email,1,19,0,0,0.25
22,Male,South,33952.97,84,45.02,4,1,0.262,78.3,Ads,1,130,0,0,0.41
38,Male,North,71194.15,49,75.97,6,2,0.297,68.5,SMS,0,98,1,0,0.425
68,Male,East,73010.32,91,98.71,11,0,0.481,39.8,Email,1,113,1,1,0.725
65,Female,North,27952.56,78,98.76,8,0,0.073,60.2,Social Media,0,114,1,1,0.8
55,Male,South,22254.66,87,93.6,6,1,0.34,29.0,Ads,1,176,1,1,0.855
32,Male,West,52116.68,52,106.62,6,1,0.388,36.9,Social Media,0,127,0,1,0.92
42,Other,West,53940.62,12,74.99,15,1,0.384,84.6,Email,0,112,1,1,0.605
41,Male,North,97797.79,100,5.0,10,0,0.242,51.5,Email,1,8,0,0,0.045
18,Male,South,71993.6,60,66.43,8,2,0.255,55.8,SMS,0,21,0,0,0.135
19,Female,South,41350.68,47,91.2,11,0,0.093,76.2,Ads,1,98,1,1,0.735
37,Male,East,68035.04,93,38.75,11,2,0.355,64.8,Email,1,86,0,0,0.055
71,Male,East,89640.8,97,60.11,11,3,0.21,40.9,Ads,0,127,0,0,0.455
70,Female,East,63801.28,44,81.47,7,0,0.316,46.6,Email,1,42,0,0,0.455
56,Male,South,67753.78,93,102.67,6,1,0.568,19.4,Ads,1,144,1,1,0.86
60,Other,South,54479.87,97,117.07,5,2,0.369,72.9,SMS,1,97,0,1,0.72
55,Male,East,61024.76,56,64.55,9,0,0.426,39.8,Ads,0,76,0,0,0.3
46,Male,North,56307.48,16,53.55,12,5,0.128,56.4,SMS,0,67,0,0,0.345
34,Female,South,40169.33,12,45.56,4,2,0.234,62.7,Ads,0,32,0,0,0.17
58,Female,South,68031.31,90,65.61,14,2,0.546,63.6,Ads,0,152,0,0,0.415
45,Female,North,65405.79,59,110.99,9,3,0.211,74.0,SMS,0,136,1,1,0.905
28,Female,West,70882.25,106,65.37,12,1,0.385,50.9,Social Media,0,167,0,1,0.585
23,Male,East,72311.16,73,109.73,7,3,0.208,50.2,SMS,0,4,0,0,0.48
25,Female,North,90430.85,24,134.17,6,2,0.011,78.7,Social Media,0,164,1,1,0.9
68,Other,North,38249.48,96,83.32,8,3,0.345,40.4,Email,1,71,1,0,0.33
73,Female,East,26850.12,34,112.41,6,4,0.169,65.7,SMS,0,39,1,1,0.755
60,Female,South,42179.0,43,96.94,10,2,0.318,38.7,Social Media,0,57,1,1,0.605
21,Female,West,59128.59,48,96.98,7,1,0.074,78.5,Email,1,29,1,0,0.455
72,Other,South,46336.5,111,91.48,10,1,0.121,27.7,Social Media,0,150,0,1,0.86
46,Male,South,26035.32,47,97.9,7,1,0.796,44.9,Ads,0,54,1,0,0.48
68,Female,South,80630.06,67,135.66,4,1,0.334,91.9,Email,0,73,1,1,0.74
39,Female,West,78440.73,99,135.36,6,1,0.18,59.4,Ads,1,94,1,1,0.82
51,Male,North,112640.18,5,40.42,9,0,0.355,85.7,SMS,0,57,0,0,0.165
62,Male,South,42928.26,86,76.38,7,3,0.285,66.6,Email,0,129,1,1,0.525
36,Male,West,87418.4,77,131.57,13,1,0.4,66.7,Ads,0,68,1,1,0.67
73,Female,West,51367.0,109,124.52,9,1,0.095,55.2,Email,1,58,1,1,0.555
60,Male,East,77750.6,73,126.17,10,2,0.176,36.7,Ads,1,100,1,1,0.885
67,Male,South,21879.56,60,41.14,8,2,0.538,0.4,Social Media,0,91,1,0,0.34
61,Female,East,77539.55,79,75.75,5,2,0.288,10.3,Email,1,94,1,1,0.625
24,Male,South,82051.43,107,79.33,8,1,0.478,52.7,Email,1,81,0,0,0.3
71,Female,South,15000.0,5,137.92,6,2,0.37,34.2,Email,0,15,1,1,0.73
53,Female,East,51895.56,47,127.85,5,1,0.111,83.3,Email,0,57,0,1,0.835
65,Male,West,60867.45,64,115.82,6,4,0.362,27.4,Email,0,134,1,1,0.93
27,Female,West,65277.98,21,12.07,13,4,0.335,43.2,SMS,1,17,0,0,0.095
49,Male,West,56569.65,71,35.68,10,1,0.16,53.5,Social Media,0,56,0,0,0.045
64,Female,South,57168.82,105,33.64,8,0,0.214,59.8,Social Media,0,98,0,0,0.095
21,Female,East,60804.04,82,94.39,6,3,0.249,55.7,SMS,0,31,0,0,0.3
52,Male,North,48805.84,118,58.38,8,1,0.406,58.8,Social Media,1,53,0,0,0.065
55,Male,West,45159.65,107,5.0,10,2,0.228,55.9,Email,0,20,0,0,0.045
37,Male,North,82546.71,76,128.97,8,4,0.675,50.7,Social Media,1,123,1,1,0.77
31,Male,South,71937.56,68,120.18,5,2,0.348,53.6,Social Media,0,35,1,1,0.57
39,Male,West,57232.73,96,97.51,8,0,0.277,65.3,Ads,0,10,0,0,0.12
21,Female,West,43004.25,82,91.21,15,0,0.505,58.5,Ads,0,135,1,1,0.64
32,Male,North,49521.6,113,84.87,7,0,0.019,69.3,SMS,0,169,1,1,0.75
55,Female,East,95458.42,73,80.32,5,4,0.334,78.8,Social Media,0,132,0,1,0.59
47,Female,West,65969.47,68,23.34,4,1,0.302,57.8,SMS,0,161,0,0,0.47
67,Male,West,65116.93,113,74.69,10,0,0.401,54.6,Email,0,178,1,0,0.49
38,Male,West,95230.22,24,76.86,19,2,0.284,61.2,Ads,1,68,0,1,0.505
58,Female,North,51165.89,79,78.47,7,0,0.232,61.7,SMS,1,120,1,1,0.64
22,Male,East,89566.11,115,81.46,8,0,0.06,87.4,Ads,0,36,0,0,0.235
70,Male,East,97900.01,48,58.48,2,5,0.303,84.1,Social Media,1,24,0,0,0.215
57,Female,East,105867.34,100,71.93,9,1,0.075,28.5,SMS,1,174,1,1,0.725
44,Female,South,38588.1,106,82.94,12,0,0.284,74.1,Social Media,0,101,0,0,0.32
67,Female,East,60750.22,64,138.67,9,2,0.084,48.5,SMS,0,59,1,1,0.84
67,Female,North,60220.5,61,33.95,13,1,0.156,67.3,Ads,0,77,0,0,0.115
54,Female,North,88930.69,34,24.62,6,1,0.07,42.6,Email,0,60,0,0,0.195
66,Male,North,72150.23,112,87.98,11,0,0.243,73.8,Ads,1,124,0,1,0.66
54,Male,South,61767.93,75,28.54,10,1,0.364,82.3,Email,1,104,0,0,0.06
38,Female,East,92083.65,53,121.45,8,1,0.303,14.1,SMS,0,81,1,1,0.875
25,Male,South,85431.23,102,139.56,7,2,0.549,75.3,Social Media,0,94,1,1,0.77
22,Female,North,44568.46,106,96.29,8,0,0.28,54.2,SMS,0,128,1,1,0.795
74,Female,West,56501.85,82,27.42,6,0,0.371,79.4,Email,0,14,0,0,0.045
42,Male,West,66314.01,78,77.51,6,3,0.411,80.9,Email,0,13,0,0,0.115
22,Male,East,15000.0,16,79.88,9,0,0.62,73.9,SMS,0,80,1,0,0.395
18,Female,West,54088.35,14,167.37,6,2,0.137,40.4,Ads,0,67,1,1,0.875
55,Female,South,74957.16,44,42.91,9,1,0.232,60.6,Ads,1,15,0,0,0.065
31,Female,South,88728.66,14,32.67,9,1,0.384,75.3,Email,0,160,1,1,0.555
19,Male,East,91695.58,68,41.49,10,0,0.183,50.8,Social Media,1,156,1,1,0.56
61,Female,East,71808.41,19,71.11,6,0,0.409,57.2,Email,0,50,0,0,0.285
50,Female,North,41485.96,56,128.35,6,2,0.245,68.1,SMS,1,96,1,1,0.885
34,Male,South,25735.15,118,75.4,3,2,0.322,88.5,Email,1,26,0,0,0.17
49,Other,East,62737.24,21,48.18,12,1,0.072,14.4,Email,0,118,1,1,0.665
24,Other,East,58737.25,8,90.49,11,1,0.337,59.9,Email,0,7,1,0,0.295
38,Male,South,70262.7,46,69.05,8,0,0.302,67.5,Email,1,159,1,1,0.87
69,Female,East,72700.32,69,80.44,7,1,0.587,61.8,Ads,0,83,0,0,0.345
31,Male,East,63974.05,70,118.52,9,0,0.11,18.7,Ads,0,142,1,1,0.955
49,Male,North,65172.93,102,115.08,9,3,0.157,52.4,Ads,0,53,0,1,0.58
30,Female,South,73014.06,78,89.76,11,1,0.191,54.1,Social Media,0,94,1,1,0.63
44,Female,North,91892.99,64,25.86,10,1,0.503,43.2,Social Media,0,16,0,0,0.015
42,Male,North,25430.86,95,52.72,5,0,0.488,61.6,Social Media,0,22,0,0,0.03
23,Male,East,86343.74,38,89.34,9,1,0.129,100.0,Email,1,111,1,1,0.825
26,Female,South,69399.25,54,86.26,5,1,0.074,76.6,Email,0,143,1,1,0.87
48,Male,West,76913.69,21,57.99,9,2,0.219,58.3,Social Media,0,111,1,1,0.645
47,Male,South,61240.62,55,93.41,8,1,0.024,59.3,SMS,0,168,1,1,0.885
70,Female,North,82103.24,61,88.32,9,1,0.053,57.7,Email,0,171,1,1,0.96
69,Female,North,41409.93,100,94.42,9,2,0.431,61.8,Ads,1,81,0,0,0.385
18,Female,North,92310.26,85,87.38,9,0,0.199,100.0,Email,1,168,1,1,0.71
18,Male,East,75816.53,70,23.12,10,0,0.716,53.8,Ads,0,145,0,0,0.265
30,Female,North,49870.28,119,155.49,5,1,0.234,100.0,Social Media,0,154,1,1,0.915
63,Female,North,56993.77,58,27.56,6,1,0.465,55.2,Social Media,0,124,0,0,0.2
32,Male,South,49008.97,57,85.86,4,2,0.419,55.6,SMS,0,30,0,0,0.205
50,Male,North,49948.71,57,77.78,5,1,0.247,70.3,SMS,0,170,1,1,0.805
36,Male,North,91646.41,31,152.61,12,2,0.287,59.1,Email,0,156,1,1,0.92
25,Female,East,72208.04,113,82.32,6,1,0.374,64.3,Email,0,45,0,0,0.18
61,Female,West,40397.93,11,26.07,14,0,0.375,81.3,Social Media,0,106,0,0,0.245
57,Female,North,78824.2,102,61.92,9,2,0.261,40.6,Email,0,19,0,0,0.075
26,Female,East,73679.7,50,51.85,11,1,0.52,86.0,Ads,0,138,0,0,0.485
60,Male,West,40435.81,9,77.96,8,1,0.102,81.5,SMS,0,46,0,0,0.385
66,Male,East,42095.66,114,101.36,14,1,0.259,33.2,Social Media,0,158,1,1,0.82
61,Male,West,50761.92,32,93.0,4,1,0.257,57.7,Social Media,0,59,1,1,0.725
71,Female,South,63716.62,47,38.88,11,1,0.264,100.0,Email,0,15,0,0,0.05
58,Female,South,55491.33,51,23.59,9,4,0.448,76.8,SMS,0,114,0,0,0.275
49,Male,East,62835.89,71,117.71,5,2,0.262,100.0,SMS,0,10,0,0,0.32
47,Male,West,73991.21,94,30.11,15,2,0.521,100.0,Social Media,0,65,0,0,0.04
71,Male,North,65238.7,66,50.64,7,1,0.379,86.3,SMS,0,148,0,1,0.53
34,Male,East,85857.32,50,93.17,10,3,0.142,54.1,Ads,0,14,0,0,0.435
34,Female,South,69776.88,14,44.11,15,2,0.588,49.2,SMS,0,2,0,0,0.08
44,Male,North,57637.01,95,13.19,2,1,0.381,59.7,SMS,0,77,0,0,0.045
58,Female,South,83073.58,53,55.02,8,1,0.352,51.8,Ads,1,78,1,0,0.235
49,Male,East,60456.07,92,163.7,9,2,0.18,25.1,Email,0,163,1,1,0.99
47,Female,North,80692.36,110,130.81,5,2,0.085,73.8,Email,1,78,0,1,0.76
72,Male,East,73334.83,4,136.53,5,0,0.456,52.9,Ads,0,84,1,1,0.89
65,Female,West,70217.75,64,84.65,2,1,0.335,53.6,SMS,0,176,1,1,0.91
61,Other,South,73356.58,5,171.64,6,1,0.396,62.6,Ads,0,32,1,1,0.75
50,Male,North,79027.51,119,47.78,6,1,0.481,54.9,Social Media,1,84,0,0,0.1
19,Male,West,74055.12,93,72.68,7,1,0.191,49.2,Email,0,164,1,1,0.795
56,Female,South,61388.95,76,60.42,8,1,0.159,83.3,Ads,1,157,1,1,0.715
65,Male,North,62161.3,25,75.32,8,3,0.307,19.6,Ads,0,39,1,0,0.34
51,Female,North,86907.99,32,53.78,7,1,0.083,84.9,Ads,0,123,0,1,0.625
63,Female,East,51718.28,111,57.65,8,3,0.182,82.3,SMS,0,60,0,0,0.13
20,Male,East,42806.91,74,42.89,13,2,0.382,55.8,Social Media,0,155,1,0,0.34
69,Other,South,87095.89,70,90.96,9,2,0.362,69.6,Ads,0,32,0,0,0.275
73,Male,East,66366.5,80,82.7,10,1,0.079,55.9,Social Media,0,144,1,1,0.73
39,Female,East,37720.02,41,71.68,6,1,0.119,87.9,Ads,0,81,1,0,0.46
26,Male,West,45693.5,54,95.07,6,0,0.428,33.8,Email,1,73,1,1,0.66
67,Male,North,60887.05,4,76.3,12,1,0.5,43.0,Ads,0,90,0,1,0.575
57,Female,West,41890.74,65,80.61,13,0,0.295,46.2,Social Media,0,140,1,1,0.675
31,Male,West,44527.34,39,116.17,9,1,0.084,61.6,Social Media,1,156,1,1,0.945
39,Male,North,51546.4,61,67.37,12,1,0.308,91.8,Email,0,64,0,0,0.16
20,Male,South,46114.73,112,62.5,2,0,0.268,65.6,Social Media,1,87,1,0,0.21
55,Female,North,29274.78,112,60.3,4,1,0.266,39.7,Ads,0,88,0,0,0.255
71,Male,North,58322.76,62,7.89,9,3,0.375,43.7,SMS,1,101,0,0,0.135
32,Female,South,54610.9,111,90.94,4,0,0.331,50.9,Email,0,27,0,0,0.255
57,Male,South,52825.52,64,82.63,6,1,0.131,62.3,Email,0,131,1,1,0.76
58,Male,North,59198.06,52,89.29,6,2,0.154,46.5,Email,1,38,1,0,0.475
52,Female,East,58206.64,8,68.27,5,0,0.144,55.9,Ads,1,67,0,1,0.505
52,Female,West,79134.25,100,47.92,12,0,0.407,100.0,Email,0,86,0,0,0.07
67,Female,East,62661.66,105,57.54,4,1,0.333,57.4,Email,0,65,0,0,0.17
35,Male,West,80752.67,1,82.77,10,1,0.247,74.5,Ads,0,176,1,1,0.87
55,Male,West,33026.71,100,86.28,9,2,0.253,77.6,SMS,1,71,1,0,0.225
36,Other,East,56980.11,86,72.51,9,0,0.224,56.8,SMS,1,99,1,0,0.35
63,Female,East,38042.89,75,112.82,7,3,0.188,73.1,Email,0,67,1,1,0.6
65,Male,East,60548.13,96,62.11,5,0,0.044,67.0,Email,0,23,0,0,0.175
43,Male,South,63804.73,90,56.67,11,2,0.24,35.1,SMS,0,128,0,1,0.505
32,Female,East,52957.75,66,41.75,9,0,0.082,47.0,SMS,1,150,1,1,0.58
33,Female,West,86060.64,11,81.89,12,3,0.225,60.2,Email,0,119,1,1,0.815
40,Other,East,68305.98,52,68.93,9,6,0.296,79.2,Email,0,166,1,1,0.82
21,Male,North,57963.73,107,71.15,9,2,0.436,76.2,Email,0,17,0,0,0.04
35,Female,South,63206.39,38,111.55,5,1,0.241,36.2,SMS,0,93,1,1,0.94
65,Female,North,77079.02,40,19.95,10,4,0.208,45.5,SMS,0,2,0,0,0.105
62,Female,South,34038.05,28,109.53,9,0,0.272,51.0,Social Media,0,17,1,1,0.64
28,Female,West,72817.88,103,91.77,9,1,0.527,56.3,SMS,0,176,1,1,0.725
74,Male,East,31735.9,35,133.58,5,1,0.539,61.0,Ads,1,5,1,1,0.62
54,Other,South,26635.14,16,69.41,17,1,0.531,51.0,Ads,0,60,0,0,0.365
26,Male,North,74001.63,27,33.28,10,3,0.266,40.6,Ads,0,65,0,0,0.16
53,Female,West,35573.85,74,121.15,4,2,0.074,96.7,SMS,0,75,1,1,0.745
23,Female,West,70252.62,56,42.64,8,4,0.366,52.9,Ads,0,100,0,0,0.18
28,Male,East,80768.4,70,67.41,11,0,0.293,72.3,SMS,0,25,0,0,0.105
23,Male,South,34279.21,114,49.17,5,1,0.385,26.3,Social Media,1,176,1,1,0.64
44,Female,North,51689.62,102,106.06,7,2,0.078,100.0,SMS,0,69,0,1,0.505
43,Male,West,80435.73,51,112.28,5,2,0.108,65.2,Social Media,0,31,1,1,0.6
70,Female,South,29720.61,82,19.84,9,5,0.125,50.5,SMS,0,43,0,0,0.125
72,Male,East,41416.29,45,68.9,9,0,0.286,54.8,Ads,0,14,0,0,0.145
56,Male,North,41376.95,117,130.3,10,1,0.254,41.8,Email,0,63,0,1,0.675
30,Other,North,64293.44,13,28.31,5,3,0.109,58.4,Ads,1,27,0,0,0.16
54,Male,South,87815.52,107,72.97,10,1,0.298,21.4,Social Media,0,157,1,1,0.69
57,Female,North,21204.22,31,73.0,6,2,0.259,75.8,Ads,0,44,0,0,0.275
37,Male,North,77361.46,61,60.69,6,2,0.097,59.2,SMS,0,69,0,0,0.215
27,Female,North,65671.22,56,71.74,7,2,0.05,41.7,Social Media,0,143,1,1,0.865
72,Female,West,64805.86,76,77.5,10,1,0.201,34.1,SMS,0,55,0,0,0.29
71,Female,West,32156.51,61,103.87,7,1,0.095,33.7,Email,0,150,1,1,0.925
74,Male,East,43142.55,29,78.05,7,3,0.431,35.7,Social Media,1,48,0,0,0.41
58,Male,South,68199.29,18,95.26,12,2,0.151,76.8,Ads,0,8,0,0,0.275
50,Male,East,55202.65,66,79.1,5,1,0.261,77.8,Ads,0,177,0,1,0.715
53,Male,North,63511.98,82,110.25,7,0,0.123,45.9,Social Media,1,23,0,0,0.395
27,Female,North,55185.33,59,79.7,9,3,0.021,32.0,Email,1,70,0,1,0.61
73,Male,North,61368.6,43,167.86,7,0,0.192,95.6,SMS,0,120,1,1,0.92
70,Male,North,54149.73,50,31.39,4,1,0.154,48.0,Email,0,42,0,0,0.13
50,Male,East,73727.74,107,53.8,5,4,0.186,37.4,Email,0,146,0,0,0.485
40,Male,West,31549.42,10,97.72,6,1,0.314,53.6,Social Media,1,6,0,0,0.43
24,Male,West,75248.87,48,33.15,6,1,0.16,65.0,Email,1,158,1,1,0.605
62,Male,North,61734.9,51,49.53,7,0,0.083,67.0,Ads,0,77,0,0,0.2
72,Female,North,46643.42,18,57.32,5,0,0.151,80.0,Social Media,0,78,0,0,0.435
31,Male,East,46009.87,101,75.3,7,3,0.283,58.7,Social Media,0,146,1,1,0.67
70,Male,South,81695.44,19,86.46,5,0,0.538,100.0,Social Media,1,108,0,1,0.62
25,Male,East,56151.74,39,99.3,7,1,0.116,81.4,Email,0,35,0,0,0.335
51,Male,South,88611.13,41,58.62,13,2,0.314,36.8,Social Media,0,50,0,0,0.17
61,Female,East,70450.58,77,53.14,9,0,0.143,61.0,Ads,0,150,1,1,0.555
53,Female,North,73156.1,62,155.24,13,1,0.032,85.4,Ads,1,113,1,1,0.85
47,Male,South,62037.57,56,47.01,4,1,0.586,37.8,Ads,0,100,0,0,0.255
27,Female,West,72207.32,31,60.96,6,2,0.127,33.5,SMS,0,46,0,0,0.265
48,Female,South,88262.98,14,136.56,9,1,0.23,70.3,SMS,0,101,1,1,0.96
65,Male,North,95505.5,109,87.14,7,1,0.309,65.4,Email,0,39,0,0,0.22
35,Female,North,49689.94,25,86.97,7,2,0.483,47.9,Ads,1,65,0,1,0.555
50,Female,West,75944.8,102,88.26,7,1,0.34,41.4,Social Media,1,165,1,1,0.875
68,Female,North,69447.02,30,94.86,9,2,0.112,64.4,SMS,1,161,1,1,0.955
48,Female,East,71014.76,19,19.33,12,4,0.412,49.2,SMS,0,81,0,0,0.185
63,Male,East,108823.35,75,71.14,5,1,0.405,75.2,Social Media,1,66,0,0,0.315
36,Male,North,68389.54,2,63.38,12,0,0.282,71.3,Ads,1,34,0,0,0.225
53,Female,East,77304.41,105,72.19,6,2,0.352,60.8,SMS,0,92,0,0,0.245
18,Male,North,65734.63,94,42.26,7,2,0.421,59.4,Social Media,1,112,0,0,0.195
41,Female,South,62858.2,25,112.23,12,0,0.583,36.3,Social Media,1,43,0,1,0.58
47,Male,East,62836.84,58,104.56,4,2,0.588,50.1,Social Media,0,109,1,1,0.845
56,Female,South,90866.5,106,51.97,9,2,0.293,60.4,Ads,0,99,0,0,0.135
52,Male,North,70465.24,47,125.99,13,4,0.074,42.8,Social Media,1,178,1,1,0.945
49,Female,South,79037.41,100,31.29,7,2,0.206,51.5,Ads,1,31,0,0,0.03
30,Male,West,65787.83,94,111.75,10,3,0.194,62.6,SMS,0,18,0,0,0.215
74,Female,North,49700.07,6,74.56,4,1,0.121,71.9,Email,0,55,1,1,0.515
29,Female,North,35923.42,67,139.37,6,2,0.43,36.7,Social Media,1,85,1,1,0.76
72,Female,North,57880.1,34,106.52,4,2,0.168,86.5,Social Media,0,89,1,1,0.865
31,Male,West,40505.88,94,91.8,5,3,0.066,66.7,Social Media,0,10,0,0,0.21
30,Male,West,77149.34,103,75.73,5,1,0.251,48.3,Ads,1,80,0,0,0.37
48,Male,East,76306.08,58,5.0,6,2,0.216,57.1,Ads,0,24,0,0,0.015
53,Male,South,55221.43,5,68.31,7,2,0.347,35.9,SMS,0,109,1,1,0.815
50,Male,South,56696.13,119,84.89,6,0,0.231,53.2,Email,0,142,1,1,0.79
59,Male,East,46138.91,36,104.73,7,0,0.093,84.7,Ads,0,178,1,1,0.96
36,Female,West,53713.84,93,117.12,7,4,0.351,60.4,SMS,0,63,1,1,0.625
55,Male,East,54976.7,112,5.0,6,0,0.144,65.6,Ads,0,56,0,0,0.07
44,Female,South,80581.07,89,88.24,10,2,0.162,25.9,Ads,0,130,1,1,0.88
21,Male,East,66417.0,106,63.31,3,1,0.215,62.7,Social Media,0,8,0,0,0.08
69,Male,North,41078.08,63,90.36,7,0,0.022,46.1,Social Media,1,147,1,1,0.925
33,Female,East,47782.48,96,99.64,7,1,0.364,79.5,Social Media,1,37,0,0,0.11
39,Male,North,36245.21,9,89.29,3,0,0.209,58.0,SMS,0,135,1,1,0.925
67,Male,East,79841.4,116,121.28,17,1,0.553,66.0,Social Media,0,97,1,1,0.72
26,Male,North,54505.19,23,29.67,10,1,0.464,40.2,SMS,0,61,0,0,0.08
27,Male,West,77090.96,16,71.79,8,1,0.268,62.9,Social Media,0,86,0,1,0.565
59,Female,North,45635.98,74,69.97,6,3,0.15,49.7,Ads,0,126,0,1,0.72
42,Female,North,79391.27,42,87.58,8,3,0.042,54.3,Ads,1,61,0,1,0.575
57,Male,North,67917.57,56,57.96,11,3,0.178,60.9,Email,1,147,0,1,0.685
48,Other,West,44181.5,22,107.37,7,1,0.375,46.6,Ads,0,117,1,1,0.91
51,Male,West,50989.44,119,83.47,6,0,0.121,59.0,Email,1,20,0,0,0.15
37,Male,East,52833.55,119,88.28,9,3,0.348,54.3,Email,0,118,0,1,0.58
72,Male,South,39283.68,65,97.32,5,0,0.375,65.0,Social Media,0,137,1,1,0.84
49,Male,West,65620.18,38,45.58,11,2,0.25,65.9,Ads,0,158,0,1,0.645
42,Female,South,46500.47,59,81.95,13,1,0.545,61.5,Ads,0,121,1,1,0.565
63,Female,South,68941.44,107,153.58,5,0,0.348,83.2,Social Media,0,93,1,1,0.8
46,Female,East,55706.38,55,80.19,4,3,0.386,87.3,Email,0,94,1,1,0.505
19,Male,South,41410.13,39,41.86,7,4,0.219,59.1,Social Media,0,88,0,0,0.285
26,Male,North,55715.87,25,84.51,11,2,0.143,74.5,SMS,0,5,0,0,0.205
35,Male,North,70981.18,54,118.95,11,2,0.467,52.6,Social Media,0,17,0,0,0.485
60,Female,West,87360.35,33,79.45,4,2,0.47,42.2,Ads,1,136,0,1,0.94
52,Female,West,77102.92,56,58.87,3,1,0.217,69.9,Social Media,0,147,0,1,0.685
67,Female,East,73214.21,58,90.91,9,0,0.48,65.4,Social Media,0,153,1,1,0.885
33,Female,West,51723.67,27,72.58,4,3,0.04,65.0,Email,0,92,1,1,0.695
38,Male,South,23454.5,45,59.15,5,1,0.192,70.9,Email,0,58,0,0,0.22
24,Male,North,75128.51,50,166.47,9,1,0.308,62.0,Social Media,1,102,1,1,0.925
74,Female,West,45861.57,92,88.22,6,1,0.587,79.5,SMS,0,62,0,0,0.24
44,Female,North,73585.28,3,96.57,11,0,0.162,33.8,Social Media,1,32,0,1,0.655
40,Male,East,69210.61,12,38.08,6,2,0.127,58.5,Social Media,1,68,1,0,0.305
49,Female,East,43332.99,62,36.27,6,3,0.145,50.0,SMS,1,12,0,0,0.12
28,Male,North,67219.77,87,91.22,4,3,0.297,60.5,Ads,0,158,1,1,0.88
53,Other,South,73501.84,19,64.53,7,2,0.67,28.0,Social Media,0,160,1,1,0.735
69,Male,North,57604.15,75,99.91,5,2,0.18,23.5,Ads,0,117,1,1,0.925
39,Female,East,81409.86,96,96.6,13,5,0.28,100.0,SMS,0,3,0,0,0.13
60,Male,East,29322.98,51,78.63,4,3,0.322,81.6,Email,0,21,0,0,0.19
39,Female,West,71948.0,73,72.31,15,0,0.39,44.3,Social Media,0,102,0,0,0.385
44,Female,West,87656.78,86,5.0,12,4,0.291,63.9,Social Media,1,33,0,0,0.07
18,Male,West,73397.46,100,145.14,6,2,0.187,59.6,Social Media,0,93,1,1,0.87
61,Female,East,48443.36,115,65.64,3,3,0.388,28.2,Social Media,0,27,0,0,0.13
56,Female,East,33857.49,55,108.09,8,2,0.326,77.1,Email,1,77,1,1,0.65
26,Other,North,95712.8,3,152.22,11,0,0.335,64.8,Ads,1,93,1,1,0.855
23,Male,West,69258.78,93,90.9,5,1,0.39,56.0,SMS,1,26,0,0,0.175
74,Male,East,66291.26,57,104.65,8,2,0.31,52.4,SMS,1,5,0,0,0.335
61,Male,West,54320.2,28,88.68,7,0,0.259,55.6,Ads,1,25,1,0,0.425
74,Male,West,54540.57,32,113.77,12,1,0.335,87.4,Email,0,179,1,1,0.945
69,Male,West,76417.5,72,83.08,4,1,0.101,68.1,Email,0,22,0,0,0.26
69,Male,South,47235.93,94,137.05,8,2,0.573,88.1,Email,1,145,1,1,0.905
25,Female,North,38512.93,30,10.17,5,1,0.362,82.8,Social Media,0,48,0,0,0.1
62,Male,North,91075.75,47,68.08,8,3,0.204,66.8,Email,0,23,1,0,0.11
53,Male,South,83604.83,50,97.6,6,2,0.297,44.8,Email,1,26,1,1,0.545
42,Other,East,43726.12,100,54.26,11,4,0.442,39.2,Email,0,16,0,0,0.095
58,Female,West,55463.17,115,74.69,13,2,0.37,96.6,Ads,1,30,0,0,0.06
41,Male,North,73431.58,118,94.38,5,1,0.592,53.1,Ads,1,122,1,1,0.64
59,Female,South,68599.22,39,83.77,12,0,0.326,89.2,Email,0,25,0,0,0.11
25,Male,North,85467.67,102,79.83,14,0,0.229,29.2,SMS,0,75,0,0,0.35
20,Female,East,38744.35,83,29.08,9,1,0.539,76.4,Email,0,27,0,0,0.055
20,Female,South,52845.13,23,80.07,11,2,0.074,42.7,Social Media,1,31,1,0,0.395
42,Male,South,68199.09,17,94.11,6,2,0.492,30.4,SMS,1,32,1,0,0.405
28,Female,North,80996.4,13,78.09,8,1,0.198,44.5,Ads,0,70,1,1,0.685
54,Male,North,76449.83,102,92.91,13,3,0.143,66.5,Social Media,0,120,0,1,0.72
44,Other,South,83349.2,111,90.92,7,3,0.164,75.2,Email,0,143,0,1,0.89
35,Male,East,59807.76,77,63.81,4,3,0.593,48.7,Ads,0,7,0,0,0.07
53,Male,West,61675.95,80,89.08,10,1,0.326,91.2,SMS,1,158,1,1,0.675
30,Female,West,19449.14,49,78.11,10,1,0.254,50.8,SMS,1,85,1,1,0.515
66,Male,North,59854.07,22,157.61,9,0,0.405,59.1,Email,0,23,1,1,0.805
69,Male,South,84857.72,7,67.35,5,0,0.468,38.9,Social Media,0,87,1,1,0.565
27,Male,West,65108.4,49,88.37,4,3,0.404,63.0,SMS,1,47,0,0,0.385
32,Other,West,71310.68,96,88.66,7,1,0.322,64.5,Email,1,166,1,1,0.895
57,Male,South,50959.52,74,73.34,5,3,0.111,38.8,SMS,0,29,1,0,0.26
52,Male,South,101509.25,99,61.83,9,3,0.059,100.0,SMS,1,46,0,0,0.155
56,Female,West,61803.23,101,124.49,8,0,0.193,47.1,SMS,0,72,1,1,0.825
49,Female,South,68051.44,111,90.03,7,1,0.401,6.0,Social Media,0,144,1,1,0.835
31,Male,East,54957.95,24,53.57,6,0,0.057,65.9,Social Media,0,86,1,1,0.505
53,Female,South,86897.5,70,142.92,16,2,0.179,52.6,Social Media,1,84,1,1,0.83
42,Male,North,55983.32,68,61.23,8,2,0.491,27.9,Ads,0,75,0,0,0.155
58,Male,South,57480.59,10,39.19,9,3,0.522,82.9,Email,0,67,0,0,0.165
64,Male,East,47532.09,50,41.49,3,1,0.434,20.1,Social Media,0,95,0,0,0.365
57,Female,East,51951.99,21,142.91,8,2,0.436,70.0,Ads,0,60,1,1,0.84
62,Male,East,60234.38,31,113.36,9,2,0.084,94.0,SMS,0,56,1,1,0.735
20,Male,East,69854.82,70,55.27,5,1,0.4,77.7,SMS,1,108,0,0,0.275
40,Male,North,76048.47,39,57.22,7,1,0.323,25.9,Email,0,10,0,0,0.175
42,Female,North,60620.65,85,78.4,9,0,0.392,71.0,Ads,1,162,1,1,0.665
22,Male,East,82165.17,54,79.76,10,3,0.522,44.6,Social Media,1,44,0,0,0.29
48,Male,West,78988.52,13,37.7,5,0,0.413,55.1,SMS,0,114,0,0,0.32
45,Female,West,76904.93,110,44.02,8,2,0.433,73.8,Ads,1,75,0,0,0.015
57,Female,North,63719.85,22,63.92,5,1,0.141,52.4,Email,0,151,1,1,0.875
44,Male,South,44506.14,69,75.98,11,2,0.197,75.1,SMS,0,61,1,0,0.175
23,Female,North,15000.0,28,98.6,10,2,0.583,73.5,Social Media,0,47,0,0,0.415
67,Female,West,20740.82,30,13.02,12,2,0.344,52.8,Social Media,0,4,0,0,0.12
51,Female,South,42886.43,59,93.87,14,1,0.237,100.0,Email,0,37,0,0,0.15
28,Female,South,35351.02,26,63.84,8,0,0.196,30.0,Social Media,0,150,1,1,0.885
27,Female,North,65890.19,78,115.06,3,0,0.2,55.3,Ads,0,14,0,0,0.39
19,Female,West,34575.44,111,29.86,8,2,0.345,80.3,SMS,0,106,1,0,0.165
30,Female,East,61932.83,80,91.03,7,1,0.223,33.6,Ads,0,61,1,1,0.525
25,Male,West,92887.8,114,91.23,10,3,0.443,34.2,SMS,0,28,0,0,0.265
27,Female,North,24844.73,7,110.94,10,0,0.091,62.7,SMS,0,55,1,1,0.795
47,Female,East,63504.34,116,21.56,4,3,0.456,88.8,Social Media,0,105,0,0,0.085
40,Male,West,25773.18,8,97.4,10,3,0.324,41.7,SMS,0,179,1,1,0.95
62,Female,East,31180.42,86,44.8,15,0,0.485,88.3,Email,1,12,0,0,0.05
45,Male,South,55363.98,99,111.9,6,2,0.286,34.4,Ads,0,176,1,1,0.97
22,Male,South,39900.51,37,31.49,8,1,0.205,81.5,Email,0,88,0,0,0.15
42,Male,North,59487.96,28,20.85,5,0,0.244,23.4,Ads,0,114,0,0,0.46
22,Male,West,56363.54,91,64.16,11,3,0.517,64.8,Social Media,0,19,0,0,0.055
65,Male,East,67551.13,97,58.6,13,1,0.165,47.2,Ads,0,80,1,0,0.13
44,Female,South,35999.17,20,85.67,6,3,0.14,51.2,Email,1,79,1,1,0.78
34,Female,South,82827.27,95,171.07,9,1,0.024,50.0,Email,0,13,1,1,0.67
19,Female,South,38005.39,47,29.56,7,1,0.162,31.1,Social Media,0,26,0,0,0.145
73,Male,West,67277.14,18,145.8,5,2,0.522,64.2,Ads,0,48,1,1,0.83
20,Other,North,46577.53,31,59.8,9,0,0.243,64.1,Email,0,168,1,1,0.745
74,Other,West,42314.35,117,98.93,14,2,0.111,33.3,Social Media,0,77,0,1,0.575
33,Male,East,64265.0,114,5.0,7,1,0.394,79.8,Ads,1,109,0,0,0.07
30,Female,North,74916.83,1,89.47,7,0,0.236,45.2,Social Media,0,52,1,1,0.705
33,Other,West,50252.43,19,90.57,5,0,0.168,69.5,Email,0,10,0,0,0.405
33,Female,North,54461.15,66,92.95,9,2,0.318,72.3,Social Media,1,10,0,0,0.215
20,Female,North,60214.68,6,110.4,10,1,0.195,59.7,Email,1,31,0,1,0.79
35,Female,West,49234.58,59,129.23,7,0,0.617,63.7,SMS,0,119,1,1,0.85
38,Male,North,58607.65,4,76.54,7,1,0.19,67.0,Social Media,0,166,1,1,0.905
66,Male,North,64280.87,77,49.04,8,1,0.46,59.1,Ads,0,127,0,0,0.195
57,Male,North,36634.07,33,42.12,7,4,0.59,73.9,Email,0,178,0,0,0.475
26,Female,East,68422.08,28,87.33,9,1,0.28,49.5,Email,0,165,1,1,0.96
56,Female,East,55743.26,119,92.42,4,2,0.255,57.4,Social Media,0,108,0,1,0.77
68,Male,East,72825.13,71,124.4,6,1,0.522,44.7,SMS,0,167,1,1,0.94
66,Female,East,36369.91,91,137.0,4,4,0.542,69.4,Social Media,0,107,1,1,0.855
62,Female,West,65326.96,41,101.19,7,0,0.212,32.4,Email,0,82,1,1,0.845
34,Male,East,32061.88,38,103.14,5,1,0.433,97.4,Social Media,0,7,1,0,0.18
43,Female,North,34247.86,9,89.26,4,1,0.378,46.8,Email,0,154,1,1,0.945
33,Male,East,67168.45,70,39.09,7,2,0.081,79.6,Email,0,157,0,1,0.565
26,Male,South,62116.67,7,91.77,5,3,0.327,78.7,Ads,1,104,1,1,0.785
57,Female,North,48436.29,18,149.38,7,1,0.156,65.6,SMS,0,49,1,1,0.91
60,Female,West,62462.78,23,69.06,10,1,0.414,15.5,SMS,0,110,1,1,0.705
68,Female,West,61704.93,4,66.66,10,3,0.346,98.0,Ads,0,147,1,1,0.735
26,Female,South,55543.25,103,142.86,7,2,0.333,100.0,Ads,0,150,1,1,0.92
22,Male,West,31348.69,14,10.74,10,0,0.145,51.8,Email,0,64,0,0,0.135
48,Female,West,60728.09,96,52.98,7,2,0.307,79.6,Social Media,0,9,0,0,0.035
32,Male,North,51980.36,7,144.45,12,3,0.232,68.3,Ads,0,145,1,1,0.965
48,Female,East,68438.63,81,60.01,12,0,0.26,60.5,SMS,0,14,0,0,0.06
51,Female,West,65577.83,38,60.88,8,2,0.377,69.6,Email,1,11,0,0,0.07
53,Female,North,59116.42,81,118.81,5,0,0.142,70.4,Ads,1,124,1,1,0.93
48,Male,East,65265.31,43,96.5,7,2,0.336,70.7,Ads,1,27,0,0,0.35
27,Female,East,55978.21,91,57.85,6,0,0.437,73.8,SMS,1,6,0,0,0.065
31,Male,East,53429.72,76,17.23,9,1,0.198,49.8,Ads,0,62,0,0,0.055
61,Female,West,57642.17,6,55.65,11,1,0.534,73.8,Ads,0,43,0,0,0.12
37,Male,East,46478.81,27,5.0,8,2,0.504,91.0,Email,0,110,0,0,0.175
49,Female,West,80219.95,96,65.62,15,2,0.25,41.5,SMS,0,16,0,0,0.1
50,Male,West,73539.43,67,161.6,10,3,0.516,69.7,Ads,0,14,0,0,0.495
35,Male,South,54991.16,28,85.58,16,1,0.133,25.6,Email,0,107,1,1,0.835
65,Female,South,63139.35,24,99.63,6,2,0.2,37.4,Email,0,12,1,1,0.515
24,Female,East,51843.21,45,5.0,12,2,0.262,34.0,SMS,1,1,0,0,0.075
57,Male,East,51509.2,53,35.53,10,0,0.068,53.8,Ads,0,115,1,0,0.36
65,Male,East,65048.93,72,58.02,7,4,0.192,80.4,SMS,1,22,0,0,0.095
69,Male,South,57006.02,58,123.34,5,2,0.323,30.1,Ads,0,123,1,1,0.96
36,Male,South,58701.44,69,75.58,8,1,0.303,46.0,SMS,1,144,1,1,0.73
32,Female,North,75507.7,28,30.08,7,1,0.399,57.4,Email,1,137,0,0,0.47
67,Male,East,34652.23,43,94.32,8,0,0.224,67.3,Email,0,151,1,1,0.905
42,Other,South,41926.7,44,51.06,7,0,0.477,69.9,Social Media,0,53,0,0,0.12
23,Male,North,82768.65,31,53.45,4,1,0.336,52.9,Ads,0,12,0,0,0.095
38,Male,South,72896.33,27,14.39,9,2,0.303,68.3,Email,0,37,0,0,0.05
47,Male,North,41324.11,87,5.0,5,0,0.047,46.1,SMS,0,19,0,0,0.055
49,Female,East,76178.75,54,68.83,11,6,0.167,60.3,Email,0,108,1,1,0.53
42,Female,West,32236.18,11,93.3,7,2,0.287,60.2,Email,0,134,1,1,0.89
30,Female,East,85106.73,52,95.58,7,0,0.433,55.4,Social Media,1,22,0,0,0.4
69,Female,East,61182.81,95,115.07,8,0,0.308,61.2,SMS,0,91,1,1,0.725
25,Male,East,26387.95,98,84.48,9,3,0.483,58.1,Email,1,145,1,1,0.715
53,Male,South,51531.17,55,113.24,5,1,0.389,49.7,Email,0,141,1,1,0.94
54,Male,North,63271.27,70,12.52,9,1,0.092,59.0,Ads,0,45,0,0,0.085
66,Male,West,58149.85,101,49.17,9,2,0.317,30.4,SMS,1,65,0,0,0.135
46,Male,West,76474.17,107,87.65,5,1,0.144,70.6,Social Media,0,101,0,1,0.605
53,Female,North,64219.76,37,90.5,8,1,0.159,49.1,Ads,0,145,1,1,0.98
55,Other,East,44543.61,90,65.85,6,2,0.478,41.4,Social Media,0,112,0,1,0.545
27,Female,West,23782.93,29,133.05,14,1,0.331,96.0,Ads,0,131,1,1,0.895
47,Female,East,48481.39,67,104.51,6,3,0.288,30.6,Email,0,29,0,1,0.615
65,Male,North,47715.8,46,83.35,6,0,0.292,69.9,SMS,0,155,1,1,0.89
35,Female,West,54998.31,86,92.84,11,2,0.151,52.8,Ads,1,161,1,1,0.895
27,Female,West,54616.62,36,26.85,9,0,0.154,70.8,Email,1,13,0,0,0.065
69,Female,North,15000.0,78,87.64,9,2,0.198,75.3,Social Media,0,151,1,1,0.74
35,Other,South,77437.73,59,110.37,11,2,0.226,61.2,SMS,0,128,1,1,0.86
25,Male,West,62970.33,99,96.19,7,1,0.236,59.4,Ads,0,105,0,1,0.625
44,Male,South,36631.88,51,126.9,9,2,0.108,87.8,SMS,0,107,1,1,0.9
59,Male,South,94605.34,45,50.46,8,1,0.245,62.7,SMS,0,135,0,1,0.665
63,Male,West,57808.35,15,130.16,6,3,0.368,53.4,Ads,0,144,1,1,0.98
28,Male,East,41078.25,50,114.95,6,1,0.231,51.5,Social Media,0,158,1,1,0.945
41,Male,West,52448.92,83,94.45,6,1,0.062,51.3,SMS,0,174,1,1,0.92
37,Male,South,49073.77,29,103.92,9,3,0.164,5.4,Ads,0,136,1,1,0.98
44,Female,West,78145.77,48,62.0,4,2,0.475,49.0,Email,0,63,1,0,0.135
38,Female,West,53198.66,114,68.27,10,2,0.324,99.7,SMS,0,47,0,0,0.105
45,Female,North,44903.4,46,68.93,18,2,0.63,51.0,Ads,0,42,0,0,0.19
71,Female,East,70594.33,97,41.54,14,3,0.088,58.1,Ads,1,88,0,0,0.11
28,Male,South,49381.18,9,68.61,5,0,0.076,80.5,Ads,1,178,1,1,0.89
64,Female,North,50064.46,12,132.42,16,2,0.419,50.6,Social Media,0,84,1,1,0.865
58,Female,South,46106.39,30,16.33,6,2,0.113,79.6,Social Media,0,133,1,0,0.495
56,Female,South,71441.0,32,106.24,4,2,0.461,41.3,Ads,0,5,1,1,0.615
72,Male,North,32295.91,37,100.11,9,4,0.279,80.6,SMS,0,124,0,1,0.89
69,Female,South,73040.6,80,89.9,1,1,0.121,73.3,Social Media,1,32,0,0,0.345
71,Female,North,40724.04,14,110.66,4,2,0.18,60.7,Email,0,73,0,1,0.88
64,Female,West,43923.93,21,34.6,9,0,0.489,45.7,SMS,0,53,0,0,0.11
43,Female,East,20333.38,21,30.93,8,1,0.424,43.7,SMS,1,18,0,0,0.1
29,Other,North,53010.65,112,48.18,8,1,0.085,52.9,SMS,0,122,0,0,0.265
33,Male,West,54384.01,85,79.81,9,0,0.586,61.8,Email,0,137,1,1,0.555
74,Female,West,24057.29,41,89.45,9,1,0.346,100.0,Email,1,174,1,1,0.785
37,Male,East,15000.0,24,102.3,9,2,0.55,68.4,SMS,1,36,0,0,0.445
62,Female,North,63132.48,71,103.51,3,1,0.375,14.8,Email,1,35,0,0,0.495
25,Female,South,46021.24,103,109.23,8,0,0.253,53.5,Email,1,124,1,1,0.755
31,Male,South,67607.23,104,64.95,11,1,0.657,69.0,SMS,0,38,0,0,0.02
26,Male,East,32299.63,57,79.39,11,2,0.332,58.5,Ads,0,166,1,1,0.86
69,Male,South,43307.49,112,97.73,6,2,0.378,72.2,Email,0,76,0,0,0.46
26,Female,South,91321.32,66,60.94,7,0,0.151,64.8,Email,0,108,1,0,0.365
43,Male,West,83302.9,102,36.26,13,1,0.149,57.8,Ads,0,14,0,0,0.055
57,Male,West,64593.43,115,116.19,4,3,0.423,80.6,Social Media,0,74,0,1,0.565
41,Female,West,63695.86,29,74.42,10,4,0.19,46.0,Email,0,61,0,0,0.345
73,Male,West,74316.99,20,122.72,7,1,0.76,80.1,Social Media,1,70,0,1,0.65
24,Other,West,56825.33,77,43.41,14,1,0.291,50.2,Email,0,83,0,0,0.19
21,Male,North,46851.75,5,95.92,8,2,0.575,29.2,Ads,1,14,0,0,0.395
21,Female,North,69503.7,87,96.78,4,5,0.114,32.7,SMS,0,66,0,1,0.615
54,Female,South,52276.37,64,65.62,7,3,0.161,56.9,Ads,1,123,0,1,0.62
65,Male,North,50038.52,68,96.75,2,0,0.146,100.0,Social Media,0,122,1,1,0.81
53,Male,North,47271.03,4,101.96,13,1,0.181,80.9,Social Media,0,133,1,1,0.9
61,Female,West,77600.44,2,99.82,1,2,0.349,49.1,Email,1,47,1,1,0.67
51,Male,North,40500.95,89,36.04,5,2,0.185,0.0,Social Media,1,113,0,0,0.375
22,Male,West,75054.19,41,5.0,6,1,0.139,46.1,Ads,0,3,0,0,0.095
59,Male,South,59778.01,45,50.56,6,1,0.351,57.8,Social Media,0,4,0,0,0.1
20,Male,West,36846.75,11,167.0,8,3,0.106,62.0,SMS,0,131,1,1,0.955
52,Female,West,68784.95,113,122.14,7,1,0.605,42.2,Ads,0,114,1,1,0.8
60,Male,North,32542.9,3,103.28,8,0,0.387,53.4,Social Media,0,152,1,1,0.95
68,Female,West,25642.21,65,87.77,8,3,0.053,54.4,Social Media,0,169,1,1,0.86
55,Female,East,67333.98,54,39.03,5,1,0.239,71.3,SMS,0,150,1,1,0.595
29,Female,West,40942.67,29,99.64,13,2,0.515,64.8,Ads,0,163,1,1,0.945
44,Male,North,88390.2,34,55.55,9,1,0.178,79.9,Ads,0,167,1,1,0.79
36,Female,South,44519.2,30,36.81,8,1,0.249,45.6,Social Media,0,162,1,1,0.655
68,Female,West,46440.77,17,24.99,3,2,0.077,65.2,Social Media,0,101,0,0,0.385
68,Male,West,64235.7,24,114.49,9,1,0.306,90.4,Social Media,0,23,1,0,0.465
24,Male,West,42104.44,52,46.22,8,1,0.442,46.7,Email,0,72,0,0,0.125
74,Female,South,86022.36,4,7.16,5,1,0.143,78.2,SMS,0,115,0,0,0.385
35,Female,East,92637.42,89,32.54,7,1,0.175,51.6,Social Media,0,171,0,0,0.415
30,Male,East,34798.22,15,62.79,5,2,0.321,95.3,Social Media,0,18,0,0,0.105
41,Male,East,99826.83,18,59.45,13,2,0.49,65.4,Social Media,1,13,0,0,0.19
70,Male,North,59241.92,105,129.55,12,2,0.241,56.1,Email,1,77,0,1,0.745
26,Female,South,51550.81,71,58.59,5,0,0.036,28.8,Social Media,1,107,0,1,0.505
20,Female,West,85528.37,69,83.1,12,0,0.076,74.7,SMS,0,151,1,1,0.69
60,Male,North,58528.3,47,129.86,9,1,0.289,55.3,Ads,0,64,0,1,0.915
34,Male,West,32399.07,26,82.01,9,0,0.016,36.9,SMS,0,161,1,1,0.9
68,Female,East,75009.83,93,7.36,7,0,0.392,81.6,Social Media,0,39,0,0,0.05
28,Other,West,63590.25,45,77.38,5,0,0.171,48.6,Ads,0,107,0,1,0.82
47,Female,West,15790.82,15,129.61,4,1,0.242,75.8,Ads,0,84,1,1,0.845
66,Female,West,66580.14,15,102.62,12,4,0.266,48.6,Ads,0,148,1,1,0.93
24,Female,South,98468.95,97,111.95,9,1,0.508,30.3,SMS,1,7,0,0,0.415
31,Male,South,42849.82,34,16.68,7,4,0.44,38.7,Email,0,46,0,0,0.13
57,Male,North,53225.28,59,98.0,17,2,0.258,36.7,Email,0,58,0,1,0.59
28,Female,East,43760.62,27,93.86,5,1,0.117,89.9,SMS,1,136,1,1,0.925
34,Female,East,63890.8,38,62.24,9,1,0.229,37.6,Email,0,171,1,1,0.93
34,Female,North,63060.2,96,124.05,11,1,0.155,18.1,Social Media,0,57,1,1,0.795
52,Male,West,73423.53,45,41.8,6,5,0.682,76.2,Ads,0,126,0,0,0.32
26,Female,North,35620.95,1,78.23,5,1,0.313,63.0,Social Media,0,152,1,1,0.835
33,Female,North,64833.9,60,174.38,7,1,0.084,27.1,Email,0,13,1,1,0.81
39,Female,South,78494.5,27,122.86,11,1,0.141,49.2,Social Media,0,133,1,1,0.97
64,Male,West,56533.36,98,108.73,7,1,0.399,62.9,SMS,1,90,1,1,0.675
35,Female,East,22033.48,92,60.83,7,5,0.357,79.2,SMS,0,56,0,0,0.135
39,Male,East,60072.69,27,53.37,8,4,0.713,13.0,Ads,0,55,0,0,0.235
48,Female,North,49892.76,7,78.75,5,2,0.559,54.4,Ads,0,99,1,1,0.69
55,Female,East,57084.24,17,5.0,6,1,0.092,66.0,Ads,1,106,0,0,0.37
54,Female,South,51590.13,63,62.89,10,2,0.265,74.6,SMS,0,144,1,1,0.565
55,Male,West,59549.89,99,50.07,5,3,0.266,51.3,Ads,0,26,0,0,0.07
25,Female,West,82252.66,71,107.66,9,2,0.196,61.0,Email,0,111,1,1,0.845
28,Male,South,34146.94,23,92.08,5,0,0.333,42.0,SMS,0,104,1,1,0.915
34,Female,West,50199.02,72,89.52,12,2,0.187,66.5,Email,0,150,1,1,0.84
63,Male,West,54122.43,49,8.1,8,1,0.106,70.2,Ads,0,80,0,0,0.125
35,Female,South,59313.35,56,95.81,4,0,0.349,32.0,Social Media,0,117,1,1,0.935
53,Male,East,32776.24,49,83.45,14,2,0.377,24.0,SMS,0,44,0,0,0.43
27,Male,West,69712.99,56,55.2,9,1,0.41,19.4,Social Media,0,125,0,0,0.42
58,Female,East,82130.37,14,60.9,6,1,0.128,56.4,Ads,0,37,1,0,0.25
44,Female,West,105109.98,34,84.0,8,3,0.203,39.5,Email,0,53,0,0,0.49
58,Male,North,59709.15,7,69.93,5,2,0.174,70.2,Email,1,1,0,0,0.3
50,Female,East,77538.95,10,81.46,6,0,0.043,74.3,Social Media,0,139,1,1,0.865
57,Other,West,50138.14,70,65.74,11,1,0.37,35.6,Email,0,9,0,0,0.105
66,Other,East,78460.35,11,127.2,8,2,0.133,66.8,Ads,1,97,1,1,0.935
30,Male,East,82392.8,73,98.27,4,3,0.129,50.0,Social Media,0,55,0,1,0.66
45,Female,West,58493.97,33,69.46,8,0,0.215,63.9,Email,0,46,0,0,0.265
33,Male,East,78598.92,62,32.91,2,1,0.125,100.0,Social Media,1,170,0,0,0.485
71,Female,West,80746.05,68,76.03,7,1,0.574,31.5,Email,0,49,0,0,0.24
23,Female,West,56394.94,24,72.29,6,1,0.321,45.0,Email,0,126,0,1,0.84
54,Female,South,87928.91,59,60.93,4,0,0.135,48.4,Email,0,126,1,1,0.68
61,Male,South,41343.67,112,71.95,3,2,0.103,46.2,SMS,0,145,1,1,0.655
70,Female,South,72976.53,101,68.01,9,3,0.427,51.6,Ads,0,92,1,0,0.16
31,Female,East,48425.93,40,70.45,3,5,0.205,57.3,Ads,0,81,1,1,0.53
47,Male,North,62258.16,78,96.75,11,1,0.2,60.1,SMS,1,43,0,0,0.365
26,Female,West,68800.14,73,107.53,3,0,0.26,51.5,Social Media,1,156,1,1,0.92
24,Female,North,93820.01,75,159.04,2,2,0.034,40.7,SMS,1,48,1,1,0.795
51,Male,North,105741.59,2,48.74,12,6,0.492,68.7,Social Media,0,30,0,0,0.23
59,Female,East,51548.57,102,108.39,9,0,0.585,67.4,Ads,0,70,1,0,0.395
50,Female,South,107341.36,8,26.91,5,1,0.205,58.3,Social Media,0,163,1,1,0.715
63,Male,North,52866.12,75,86.22,10,1,0.087,100.0,Social Media,0,108,0,1,0.655
54,Female,West,29627.86,47,27.72,5,1,0.07,20.8,Ads,0,142,0,1,0.6
51,Male,West,24878.41,27,64.78,10,2,0.298,52.2,SMS,0,19,0,0,0.165
32,Male,South,73062.16,96,92.58,4,0,0.237,56.9,Social Media,0,132,1,1,0.88
48,Female,South,36381.79,40,13.93,13,1,0.813,58.9,Email,0,118,0,0,0.19
25,Male,East,24748.31,38,73.69,6,1,0.107,100.0,Ads,0,57,1,0,0.335
64,Female,North,61439.2,96,51.02,6,2,0.097,52.9,Email,1,51,0,0,0.115
31,Male,North,57969.74,11,46.28,3,1,0.087,36.6,Ads,0,28,0,0,0.23
66,Female,West,38462.14,8,151.73,6,0,0.44,56.8,Ads,0,153,1,1,0.98
65,Female,West,59897.52,57,109.14,7,5,0.281,63.0,Ads,0,121,0,1,0.865
29,Male,West,54549.69,90,48.23,5,2,0.149,65.6,Social Media,0,159,1,1,0.595
26,Male,West,81656.37,7,81.17,12,0,0.28,48.4,Social Media,0,138,1,1,0.86
40,Male,West,23210.41,11,69.83,5,4,0.253,24.0,SMS,1,13,1,0,0.36
44,Male,East,52258.8,75,33.75,7,0,0.45,70.7,Ads,1,72,0,0,0.035
43,Male,East,57914.88,39,94.76,4,1,0.489,58.6,Ads,0,99,1,1,0.805
66,Male,South,22997.07,20,79.68,11,5,0.31,64.7,Email,0,117,1,1,0.74
56,Male,West,76376.65,94,59.61,6,1,0.748,71.9,Social Media,1,57,0,0,0.115
48,Female,East,59497.96,82,107.23,8,1,0.233,48.8,Ads,1,37,0,0,0.385
47,Male,West,66130.49,8,88.86,6,0,0.195,57.5,Ads,0,88,1,1,0.885
19,Female,West,98135.03,104,121.76,9,0,0.251,61.1,Ads,1,26,1,1,0.54
66,Female,South,64837.45,64,8.61,11,3,0.26,78.5,SMS,0,152,0,0,0.245
58,Female,West,46279.7,79,64.27,13,4,0.445,51.0,Email,0,160,1,1,0.605
47,Other,North,87371.24,29,131.76,6,0,0.03,55.2,Social Media,1,58,1,1,0.81
23,Female,East,81863.75,79,105.14,10,0,0.165,33.0,Ads,0,163,1,1,0.915
26,Male,North,65590.7,87,84.61,5,1,0.395,54.0,Ads,0,73,1,1,0.51
39,Female,North,49309.24,69,23.2,11,1,0.207,47.0,Email,1,126,0,0,0.26
27,Female,South,40806.3,1,105.9,9,4,0.249,90.5,Social Media,0,87,1,1,0.77
34,Male,West,61111.32,55,67.9,8,3,0.098,72.1,SMS,1,26,0,0,0.19
58,Male,North,101187.92,25,101.51,6,1,0.215,34.9,Social Media,0,114,1,1,0.91
25,Female,East,28239.82,7,94.87,6,1,0.326,88.8,Social Media,1,105,1,1,0.8
63,Female,South,15000.0,117,66.35,7,1,0.16,60.3,SMS,1,10,0,0,0.12
38,Female,East,57626.37,60,80.1,3,1,0.177,41.9,Ads,0,131,1,1,0.895
72,Male,West,55452.1,49,51.79,6,1,0.187,51.0,Email,0,56,1,0,0.145
36,Female,West,42533.38,93,24.61,10,3,0.295,51.2,Ads,0,107,0,0,0.105
37,Female,East,57100.83,79,121.88,9,1,0.312,44.7,Ads,1,25,1,1,0.545
39,Male,West,65739.45,113,109.08,8,3,0.139,32.2,SMS,0,171,1,1,0.905
63,Female,West,15000.0,95,89.84,4,1,0.351,30.4,Social Media,1,63,0,0,0.425
33,Female,West,78092.63,22,120.64,6,1,0.266,40.5,Email,0,89,1,1,0.935
71,Female,West,50576.33,31,91.15,4,0,0.219,85.9,Email,1,140,1,1,0.865
64,Male,East,52505.21,42,111.57,8,1,0.389,50.8,Ads,0,122,1,1,0.955
35,Female,West,83100.92,10,72.94,6,1,0.642,48.0,Ads,1,173,1,1,0.875
74,Female,West,39295.75,107,78.15,8,1,0.499,41.8,Ads,0,104,0,0,0.33
36,Female,East,64050.49,83,74.66,8,0,0.528,56.9,Social Media,0,176,1,1,0.685
58,Female,North,65270.7,43,78.22,7,3,0.35,80.2,SMS,1,23,0,0,0.145
33,Male,West,62973.47,11,73.59,11,0,0.25,71.6,Email,0,63,1,0,0.4
37,Female,West,84830.63,115,72.0,8,2,0.24,59.2,Ads,0,122,0,0,0.35
18,Female,North,85576.03,50,67.19,12,2,0.596,41.5,SMS,0,98,0,0,0.395
68,Female,West,74497.02,19,66.22,10,1,0.092,81.8,Social Media,0,39,0,0,0.16
55,Other,East,88933.27,102,65.69,9,0,0.384,55.9,Social Media,0,26,0,0,0.075
57,Male,North,48988.08,64,126.49,10,0,0.32,60.2,Ads,1,178,1,1,0.95
18,Female,North,78082.54,118,124.6,10,1,0.259,64.1,SMS,0,114,1,1,0.785
23,Female,North,54561.35,118,45.25,12,2,0.126,38.1,Email,0,173,0,1,0.505
59,Male,South,52265.71,84,114.97,6,1,0.144,46.5,Social Media,0,76,1,1,0.86
22,Male,East,80025.36,83,96.63,8,2,0.559,45.5,Email,1,80,1,1,0.525
29,Male,East,29915.86,41,126.29,6,1,0.309,100.0,Ads,0,2,1,0,0.405
21,Male,West,57410.57,101,74.05,6,2,0.463,72.7,Social Media,0,167,1,1,0.57
31,Other,East,102172.9,105,73.91,12,1,0.294,73.7,Ads,1,105,0,0,0.21
60,Female,East,53135.92,78,116.44,6,2,0.139,38.2,Email,1,175,1,1,0.975
35,Male,South,62124.81,31,92.64,3,1,0.354,86.2,SMS,1,94,0,1,0.745
47,Male,North,67263.46,17,71.11,7,1,0.363,66.6,Email,0,40,0,0,0.16
49,Male,South,38212.32,100,74.56,7,1,0.498,62.7,SMS,1,36,0,0,0.045
21,Male,South,48346.37,7,83.12,13,2,0.342,68.0,SMS,0,131,1,1,0.86
73,Male,South,79693.85,2,5.0,13,0,0.252,35.3,Email,1,61,0,0,0.2
56,Female,East,72902.43,14,80.28,8,0,0.218,85.6,SMS,0,5,0,0,0.235
58,Male,South,86478.28,21,35.01,12,3,0.538,74.9,Email,1,73,0,0,0.13
27,Female,North,64829.62,119,19.66,10,2,0.169,25.1,SMS,0,93,0,0,0.205
68,Other,South,88200.05,96,59.11,14,3,0.249,67.4,Ads,0,80,0,0,0.205
73,Female,South,76329.96,62,78.91,7,2,0.345,81.3,Social Media,0,151,0,1,0.725
34,Female,North,27704.55,79,70.83,6,1,0.368,95.0,Ads,1,9,0,0,0.045
40,Female,East,37681.78,38,102.08,8,2,0.074,48.1,Email,0,9,0,1,0.53
63,Male,South,53632.15,89,67.31,7,1,0.244,49.9,Email,0,117,0,1,0.58
31,Other,East,44545.12,72,16.79,7,0,0.449,26.3,Social Media,0,42,0,0,0.03
51,Male,West,94319.26,8,129.96,13,2,0.606,49.2,SMS,0,61,1,1,0.665
49,Female,North,32284.34,111,135.54,9,1,0.116,69.8,Ads,1,26,1,0,0.49
55,Female,West,64201.71,62,66.29,7,0,0.417,81.3,Social Media,0,20,0,0,0.085
46,Other,South,64198.69,67,118.83,12,1,0.005,68.3,Email,1,132,0,1,0.88
57,Male,East,79132.96,32,109.18,11,1,0.27,72.5,SMS,0,15,0,0,0.33
42,Male,East,84369.04,110,47.92,7,2,0.601,44.4,Social Media,0,65,0,0,0.065
35,Female,West,56034.66,2,87.72,4,1,0.098,52.9,SMS,1,28,1,1,0.535
23,Male,North,38274.96,9,78.9,10,1,0.101,38.4,Ads,0,176,1,1,0.92
59,Male,North,65006.49,48,99.82,10,3,0.36,42.6,SMS,0,19,0,0,0.35
66,Female,East,31857.47,88,86.29,4,1,0.192,42.4,Email,1,74,0,1,0.595
37,Other,East,61330.05,103,112.4,10,0,0.15,98.2,Ads,0,24,0,0,0.26
67,Male,North,87028.02,108,40.21,8,4,0.157,56.3,SMS,0,59,0,0,0.105
59,Male,North,60704.74,6,89.77,8,4,0.529,73.9,Email,1,157,1,1,0.91
29,Male,South,76958.97,59,5.0,6,2,0.229,50.4,Social Media,1,89,0,0,0.105
72,Male,East,67370.81,57,112.58,9,0,0.267,61.0,Ads,1,74,0,1,0.62
66,Male,West,77857.24,63,184.18,6,2,0.172,61.1,Email,0,178,1,1,0.98
36,Female,West,40297.71,94,84.61,6,4,0.124,32.6,Social Media,1,174,0,1,0.83
25,Male,North,58290.33,14,72.38,12,0,0.284,92.4,Ads,0,160,1,1,0.725
62,Male,South,58535.55,57,32.72,10,0,0.213,95.4,SMS,0,171,1,0,0.425
56,Male,East,67358.84,35,83.93,8,1,0.648,91.9,Social Media,0,35,0,0,0.15
18,Female,West,62405.8,81,117.54,11,2,0.35,57.3,Social Media,0,11,0,0,0.465
61,Other,East,82654.83,97,59.55,10,1,0.48,29.9,Ads,0,2,0,0,0.055
72,Female,South,48093.12,52,64.72,6,3,0.166,63.9,Email,0,114,1,1,0.53
20,Female,South,76813.37,18,82.83,8,1,0.64,68.2,Social Media,0,103,1,1,0.575
47,Male,South,61133.39,20,82.65,9,4,0.323,60.1,Ads,0,82,1,1,0.68
74,Female,North,73348.58,23,114.47,5,0,0.425,57.0,Email,0,143,1,1,0.94
66,Female,South,43774.9,47,129.44,6,2,0.212,47.9,Ads,1,108,1,1,0.935
28,Female,East,15000.0,16,92.06,6,3,0.308,64.2,SMS,0,168,1,1,0.875
19,Male,East,69932.24,55,25.95,13,2,0.317,60.7,SMS,0,107,0,0,0.25
72,Male,South,63198.46,39,82.6,8,2,0.583,79.7,SMS,1,91,0,1,0.525
50,Male,West,78628.74,35,32.23,6,2,0.139,59.1,SMS,1,134,1,1,0.52
53,Male,South,55471.96,111,64.91,5,3,0.413,67.4,Email,0,157,1,1,0.555
74,Male,North,61323.53,118,54.87,7,1,0.258,52.0,SMS,0,83,0,0,0.215
18,Male,East,31809.45,113,73.65,6,3,0.377,72.6,Social Media,1,173,0,1,0.565
25,Female,East,86426.84,43,94.71,6,0,0.463,51.3,SMS,0,82,1,1,0.635
61,Male,West,70944.72,13,70.14,5,0,0.378,21.9,Ads,0,113,1,1,0.795
53,Other,East,78937.5,21,130.02,10,1,0.089,69.4,SMS,0,102,1,1,0.9
41,Female,East,71904.51,54,87.03,4,2,0.506,55.0,Social Media,0,168,1,1,0.925
37,Other,West,54804.7,7,84.64,5,0,0.153,75.6,Social Media,1,30,0,1,0.56
39,Other,South,52477.64,99,30.61,9,3,0.645,37.3,Social Media,0,174,0,0,0.405
44,Male,North,38816.2,80,98.11,12,1,0.335,29.9,SMS,0,166,1,1,0.835
43,Female,East,62220.58,21,80.85,4,1,0.252,55.9,Email,0,52,1,1,0.55
67,Female,East,68507.37,118,120.79,7,4,0.224,38.4,Email,0,102,1,1,0.76
53,Male,South,40538.57,29,136.95,9,1,0.312,44.9,Social Media,0,153,1,1,0.98
55,Male,West,76371.15,60,43.29,7,2,0.239,46.8,Ads,0,118,0,0,0.34
48,Male,West,66224.21,108,145.9,10,1,0.04,98.9,Email,0,162,1,1,0.855
22,Male,North,52401.14,48,116.11,9,2,0.098,50.7,Email,1,153,1,1,0.98
46,Female,North,54450.87,35,37.9,1,1,0.151,68.7,SMS,0,7,0,0,0.175
63,Female,North,92006.78,58,54.47,8,3,0.584,25.9,Social Media,0,37,0,0,0.125
71,Male,South,67615.01,74,17.77,1,2,0.15,63.0,SMS,0,96,0,0,0.155
49,Female,East,35911.61,28,51.69,7,3,0.396,81.8,Social Media,1,65,0,0,0.18
33,Female,South,86139.1,70,59.39,4,2,0.168,59.7,Social Media,0,131,0,1,0.65
59,Male,East,90765.15,19,90.77,5,2,0.221,59.2,Ads,0,71,1,1,0.76
61,Female,South,80272.2,81,88.69,12,4,0.343,49.9,SMS,1,145,0,1,0.72
70,Female,East,47320.82,71,71.31,7,0,0.315,72.0,Email,0,177,1,1,0.765
48,Male,West,79772.24,109,132.73,12,1,0.224,69.8,SMS,0,42,0,0,0.485
70,Female,North,48722.21,36,21.73,6,1,0.135,55.5,Ads,0,129,1,0,0.255
60,Male,East,68094.71,40,85.38,8,1,0.327,44.9,Ads,0,30,0,0,0.38
41,Female,North,43110.66,21,105.3,8,3,0.204,63.4,Ads,0,104,1,1,0.92
54,Male,West,38827.59,50,103.36,9,1,0.272,81.5,Email,0,102,1,1,0.745
37,Male,West,77285.59,40,125.6,7,2,0.36,100.0,Social Media,0,108,1,1,0.755
39,Female,South,56954.76,110,99.89,6,3,0.427,49.4,SMS,1,59,0,0,0.46
29,Male,East,78480.04,34,65.24,10,0,0.195,60.6,SMS,0,103,1,1,0.55
47,Male,West,108827.29,29,58.12,6,1,0.2,37.4,Ads,0,34,0,0,0.24
41,Female,West,83100.18,22,41.2,12,2,0.073,56.5,Social Media,0,67,0,0,0.12
57,Other,West,36415.91,116,126.86,5,1,0.275,94.8,Social Media,0,92,0,1,0.785
74,Male,West,107269.03,24,125.24,9,0,0.127,55.8,Ads,0,61,1,1,0.815
71,Male,North,67494.2,13,93.76,6,0,0.31,84.7,SMS,1,67,0,1,0.725
65,Female,East,84929.18,81,163.31,9,0,0.202,46.2,Ads,1,159,1,1,0.96
49,Male,West,57254.13,15,86.85,9,3,0.257,50.6,Ads,0,104,1,1,0.93
27,Female,West,54517.63,16,82.62,10,1,0.361,57.2,Email,0,23,0,0,0.195
64,Male,South,58949.31,115,98.1,8,1,0.142,43.5,Ads,0,80,0,1,0.685
61,Male,West,116477.49,88,140.11,8,4,0.163,77.0,Social Media,0,142,1,1,0.855
28,Male,South,61425.02,53,115.51,13,0,0.367,52.8,Social Media,0,73,1,1,0.695
55,Other,North,60421.72,67,110.58,8,3,0.308,49.3,Ads,0,60,1,1,0.61
69,Male,North,78460.65,22,134.34,8,3,0.253,81.8,Social Media,0,93,1,1,0.92
43,Male,West,92893.06,43,113.5,10,0,0.349,69.0,Social Media,0,27,1,0,0.485
26,Male,South,39253.41,107,19.22,8,2,0.14,44.0,Ads,0,97,0,0,0.09
19,Male,South,45676.09,21,99.68,5,1,0.523,67.9,SMS,0,38,1,0,0.405
24,Male,South,66218.08,115,85.9,9,2,0.153,39.7,SMS,0,169,1,1,0.88
74,Other,East,21017.45,33,120.8,9,2,0.055,81.9,Ads,0,160,1,1,0.905
56,Female,North,69332.21,74,80.01,7,1,0.178,34.2,Social Media,0,113,1,1,0.77
29,Male,South,67077.75,61,40.79,6,2,0.535,61.7,SMS,0,88,0,0,0.085
42,Female,East,57403.9,53,84.57,10,2,0.399,62.4,Email,1,17,0,0,0.155
18,Male,North,59735.94,83,129.59,7,3,0.506,6.8,Email,0,43,0,1,0.58
71,Male,East,40957.52,3,40.22,3,1,0.322,43.4,SMS,0,34,0,0,0.245
26,Female,West,73688.52,116,42.23,11,1,0.249,46.1,Ads,0,42,0,0,0.02
45,Female,South,60466.55,63,68.37,6,1,0.245,57.2,Email,0,170,1,1,0.89
23,Male,North,75444.34,16,98.42,8,3,0.028,74.6,Social Media,0,115,1,1,0.925
68,Male,North,74833.41,19,84.54,10,2,0.114,33.9,Social Media,1,109,1,1,0.925
35,Male,West,69000.61,105,152.27,7,1,0.43,75.0,SMS,0,178,1,1,0.91
19,Male,South,62999.68,4,42.71,5,2,0.073,92.7,Email,0,114,0,0,0.5
50,Male,West,78461.62,62,27.34,9,1,0.159,75.7,Social Media,0,77,0,0,0.065
42,Male,West,76006.4,102,33.15,3,1,0.312,49.6,Social Media,1,123,0,0,0.245
26,Female,West,67146.63,43,128.03,11,0,0.165,56.1,Email,0,170,1,1,0.95
46,Male,East,70539.5,112,60.35,4,0,0.058,49.6,Social Media,1,56,1,0,0.13
49,Male,West,68720.25,14,77.75,11,3,0.59,77.9,Social Media,1,5,0,0,0.125
71,Female,West,58155.25,47,60.76,9,0,0.303,54.7,Ads,0,81,0,0,0.355
24,Male,East,58778.4,35,48.55,10,3,0.367,65.3,Email,1,178,1,1,0.65
18,Female,West,86382.54,10,94.37,10,2,0.053,73.6,SMS,0,82,1,1,0.66
73,Male,North,38182.9,17,131.55,9,4,0.201,14.4,Social Media,0,123,1,1,0.915
29,Male,West,70851.9,114,81.3,9,0,0.469,77.5,Social Media,0,82,0,0,0.2
53,Male,East,41443.75,10,120.12,6,3,0.24,42.2,SMS,0,161,1,1,0.96
24,Female,South,60364.94,76,67.85,8,4,0.531,74.1,Ads,0,64,0,0,0.07
49,Other,West,98152.29,23,110.94,8,1,0.359,73.0,Social Media,0,2,1,1,0.52
43,Male,North,73077.6,87,61.13,10,2,0.355,79.4,Social Media,0,142,0,0,0.425
66,Male,North,70500.8,46,97.92,14,2,0.368,60.5,Ads,0,31,0,0,0.31
39,Male,North,64472.89,76,71.22,5,2,0.2,70.7,SMS,1,42,0,0,0.11
29,Female,North,88359.89,63,36.89,5,1,0.058,63.3,Email,1,117,1,0,0.41
27,Female,South,47877.98,84,89.45,9,2,0.216,83.2,Email,0,176,1,1,0.885
56,Female,East,52976.53,85,51.77,4,1,0.282,41.1,Social Media,1,150,1,1,0.675
36,Female,North,70886.18,31,47.95,8,1,0.036,46.0,Ads,1,90,1,0,0.5
40,Female,North,83991.06,70,64.27,6,2,0.283,95.2,SMS,0,134,0,1,0.58
71,Male,South,32273.68,53,116.23,8,1,0.324,61.2,SMS,0,123,1,1,0.84
30,Female,East,55991.42,55,90.18,13,4,0.514,43.6,Ads,0,112,1,1,0.715
55,Male,East,31147.04,118,87.2,6,0,0.197,53.7,Email,1,114,0,1,0.675
64,Male,North,61075.78,96,61.55,7,0,0.13,46.4,SMS,1,95,0,0,0.39
34,Male,North,45174.94,14,90.68,6,0,0.26,67.6,SMS,0,131,1,1,0.925
55,Female,East,73787.06,55,5.0,6,1,0.349,28.3,Social Media,0,43,0,0,0.09
62,Male,South,81494.96,118,99.36,6,0,0.051,50.9,Email,1,102,1,1,0.62
40,Other,South,66595.76,81,86.11,9,2,0.575,65.8,Social Media,1,5,0,0,0.16
69,Male,North,29089.45,117,134.23,7,1,0.361,64.7,Social Media,0,112,1,1,0.825
32,Female,North,87698.77,106,51.46,5,0,0.524,58.3,Ads,0,77,0,0,0.125
45,Male,East,44986.9,63,53.53,6,2,0.282,49.3,Email,1,103,1,0,0.375
67,Male,South,51414.59,36,110.91,12,4,0.389,89.1,SMS,0,44,0,0,0.475
58,Male,West,76822.21,97,77.55,9,2,0.674,73.4,Ads,0,91,0,0,0.135
65,Male,North,52904.7,13,78.32,6,1,0.294,72.8,Email,1,90,1,1,0.655
70,Female,West,54939.15,36,151.5,9,3,0.079,59.7,SMS,0,37,1,1,0.86
40,Male,South,54097.41,52,120.62,15,0,0.174,60.3,SMS,1,179,1,1,0.92
42,Female,South,55085.6,2,70.48,7,2,0.204,81.3,Email,0,127,0,1,0.755
74,Male,East,26921.14,47,91.03,11,3,0.272,36.5,SMS,0,15,1,0,0.315
73,Male,West,77942.41,95,16.43,8,2,0.594,25.9,Ads,0,54,0,0,0.045
40,Male,West,58672.08,81,96.13,6,1,0.219,61.5,Social Media,0,62,0,1,0.565
71,Female,North,46238.41,116,95.32,8,0,0.209,64.4,Social Media,0,155,1,1,0.84
37,Female,East,44267.18,102,47.63,4,2,0.161,57.0,Email,1,111,0,0,0.26
54,Female,East,60500.98,84,32.78,8,1,0.213,83.1,Social Media,0,155,0,0,0.265
61,Female,East,58314.33,109,67.77,11,0,0.092,35.4,Email,0,153,0,1,0.7
52,Male,East,52506.59,57,53.62,8,1,0.147,60.3,Email,0,75,0,0,0.115
53,Male,West,66818.05,111,76.06,9,1,0.211,76.0,Ads,0,46,0,0,0.045
29,Female,North,73565.57,48,67.51,3,1,0.395,61.0,SMS,0,60,1,0,0.175
58,Female,East,36743.86,28,136.14,8,1,0.182,17.2,Email,0,63,1,1,0.905
44,Other,South,44439.78,22,173.24,7,3,0.197,100.0,SMS,0,134,1,1,0.89
50,Female,West,75517.93,33,124.89,10,3,0.335,57.3,SMS,0,47,0,1,0.815
70,Male,South,51270.45,97,73.7,6,4,0.046,21.4,Email,0,90,0,0,0.435
44,Male,North,61730.25,46,20.25,7,1,0.224,64.9,Social Media,0,10,0,0,0.025
21,Female,West,65935.5,11,74.16,4,1,0.12,51.7,SMS,0,158,1,1,0.945
36,Male,South,69449.51,83,47.43,4,2,0.511,61.0,Email,0,6,0,0,0.05
29,Female,East,81988.14,97,59.54,12,0,0.748,41.8,SMS,1,16,0,0,0.09
44,Male,East,26964.49,6,97.0,6,1,0.194,18.1,SMS,1,13,1,1,0.565
63,Male,East,38952.89,29,77.42,9,1,0.035,12.8,Social Media,0,126,1,1,0.93
73,Male,South,63066.5,72,148.61,6,0,0.219,72.5,Ads,1,144,1,1,0.915
72,Female,West,49648.22,102,79.11,13,2,0.097,81.5,SMS,1,10,0,0,0.185
61,Female,East,44547.17,49,72.25,4,2,0.293,66.8,SMS,1,154,1,1,0.815
38,Male,South,43664.89,6,94.45,13,4,0.355,38.5,SMS,0,76,1,1,0.685
74,Female,West,29282.97,72,87.8,3,1,0.489,69.1,Ads,0,19,0,0,0.18
41,Male,East,66011.76,89,47.0,10,2,0.465,84.5,Email,0,179,0,0,0.42
36,Male,North,49847.61,50,82.43,5,2,0.196,62.9,Ads,1,143,1,1,0.895
68,Male,South,29987.94,102,94.03,6,0,0.614,73.6,Ads,0,121,1,1,0.62
57,Female,East,30160.95,97,72.65,11,1,0.468,58.4,Email,1,9,0,0,0.085
52,Male,West,58674.24,117,63.71,10,0,0.314,73.0,Ads,0,46,0,0,0.085
31,Male,South,74531.71,73,80.45,8,2,0.034,45.4,Email,0,126,1,1,0.825
58,Male,North,36712.98,113,111.69,11,2,0.267,56.2,Email,0,63,0,0,0.495
36,Male,West,84938.66,55,80.53,4,2,0.212,52.4,Email,0,91,1,1,0.67
29,Male,South,36542.35,56,75.34,6,1,0.429,62.3,SMS,0,174,1,1,0.69
40,Female,East,55176.71,15,130.99,9,2,0.308,71.5,Ads,0,118,1,1,0.965
64,Male,West,55121.76,4,83.58,9,3,0.262,42.0,Ads,0,62,1,1,0.7
72,Female,East,72073.13,43,113.15,18,0,0.103,43.6,Ads,1,175,1,1,0.895
53,Male,East,45786.96,99,152.2,11,2,0.068,58.3,Social Media,0,167,1,1,0.945
47,Male,South,69174.0,100,19.07,9,1,0.485,65.3,Ads,1,42,0,0,0.015
20,Male,South,40519.98,107,152.73,8,1,0.352,54.4,SMS,0,79,1,1,0.785
26,Female,South,67316.78,80,91.68,5,0,0.334,71.6,Ads,1,70,0,0,0.445
31,Female,North,70306.29,98,46.54,12,2,0.256,66.0,SMS,0,146,1,0,0.215
64,Male,West,51876.23,81,90.15,5,3,0.359,38.7,Ads,0,71,0,1,0.58
27,Male,West,59017.82,39,96.15,12,2,0.171,64.1,Ads,1,26,1,0,0.455
27,Male,North,88035.77,3,77.97,4,0,0.084,34.6,SMS,0,11,1,0,0.355
55,Male,North,70298.62,96,106.02,4,2,0.294,56.1,Email,1,42,1,0,0.44
62,Male,North,60831.65,85,84.57,4,0,0.408,74.6,Ads,0,70,0,0,0.36
73,Female,South,75163.45,115,76.86,7,2,0.067,77.8,SMS,0,108,0,1,0.51
37,Female,East,53528.82,51,64.31,4,1,0.347,100.0,Ads,0,170,1,1,0.715
51,Female,West,78915.3,60,78.07,8,2,0.23,81.3,Email,0,131,1,1,0.78
55,Male,West,68556.85,50,104.78,9,2,0.265,79.6,Email,1,140,1,1,0.92
48,Female,West,47936.05,103,133.98,4,1,0.309,57.4,SMS,0,115,1,1,0.895
65,Male,North,76125.12,117,104.5,7,0,0.549,34.8,Ads,0,33,0,0,0.23
36,Male,East,50018.07,5,79.5,13,1,0.356,37.8,Ads,1,130,1,1,0.855
43,Female,North,67815.6,22,92.87,15,1,0.26,51.5,Social Media,1,106,1,1,0.815
68,Male,South,54666.37,30,107.68,5,3,0.225,64.2,Social Media,0,5,1,1,0.555
19,Male,South,85666.62,79,23.71,12,1,0.427,68.5,SMS,0,21,0,0,0.045
26,Female,North,50017.87,50,77.5,7,4,0.436,82.9,Ads,0,149,0,1,0.775
41,Female,West,55676.31,103,49.35,9,1,0.448,42.7,SMS,0,174,0,0,0.365
27,Female,East,84840.85,92,120.6,6,1,0.163,72.3,SMS,0,8,0,0,0.435
59,Male,West,45240.77,69,83.65,4,0,0.039,22.1,SMS,0,139,1,1,0.92
52,Male,South,59393.31,99,46.61,9,2,0.422,73.7,SMS,1,105,0,0,0.055
45,Male,East,58530.49,43,110.56,12,1,0.26,54.5,SMS,0,164,1,1,0.975
18,Male,South,38106.56,63,125.87,15,4,0.46,61.0,Email,0,39,1,1,0.54
26,Male,North,45580.34,71,116.88,8,0,0.294,28.5,Ads,0,96,1,1,0.855
72,Female,East,61565.89,54,122.39,5,0,0.128,65.5,Email,1,121,1,1,0.88
18,Male,North,79388.27,19,58.37,13,1,0.624,10.7,Social Media,0,132,0,1,0.515
64,Female,North,65740.38,61,140.38,9,1,0.258,43.9,Social Media,0,114,1,1,0.96
24,Female,North,78999.18,93,44.7,8,1,0.042,34.7,Social Media,0,127,1,0,0.33
32,Female,West,58764.78,22,103.8,7,5,0.402,28.0,SMS,0,11,1,1,0.52
64,Female,South,16773.02,110,46.99,11,2,0.515,100.0,Ads,0,32,0,0,0.09
43,Female,West,74377.82,50,131.69,4,1,0.129,90.6,Email,1,56,1,1,0.795
71,Female,West,33080.68,80,118.43,6,3,0.223,24.2,Social Media,0,179,1,1,0.89
49,Male,South,62384.2,28,175.34,5,2,0.399,34.7,SMS,0,73,1,1,0.91
20,Male,South,15000.0,51,108.73,10,1,0.217,45.3,Email,1,174,1,1,0.875
53,Female,West,61326.63,9,33.62,5,6,0.37,41.6,Ads,1,132,0,1,0.655
21,Male,South,56261.24,24,47.41,9,2,0.226,52.3,SMS,0,176,1,1,0.735
29,Female,South,58800.26,77,74.65,12,2,0.057,53.1,SMS,0,30,0,0,0.115
23,Male,North,79877.28,94,71.12,12,1,0.216,59.9,SMS,0,59,0,0,0.065
43,Female,West,48641.91,112,94.81,5,3,0.294,81.4,Email,0,92,1,1,0.545
51,Female,East,60404.5,12,122.65,8,1,0.2,60.7,Email,1,161,1,1,0.985
20,Male,South,77820.66,72,100.16,9,1,0.231,88.5,Social Media,1,88,0,1,0.545
70,Female,West,41569.28,98,114.35,6,2,0.414,55.3,Ads,0,171,1,1,0.935
43,Male,East,81817.89,85,83.54,5,0,0.498,55.3,SMS,0,103,1,1,0.515
31,Male,South,56407.54,78,65.31,8,2,0.527,54.2,Email,0,86,0,0,0.19
38,Female,East,62568.29,98,127.73,2,1,0.142,48.6,Ads,0,53,1,1,0.74
60,Female,South,59617.52,12,90.55,8,1,0.26,33.4,SMS,0,33,1,0,0.45
68,Female,South,71079.04,13,58.08,10,3,0.326,69.9,SMS,1,74,1,0,0.29
19,Female,South,36804.61,71,60.74,11,2,0.488,70.9,SMS,0,14,0,0,0.065
49,Female,South,64438.57,27,51.53,3,5,0.185,51.0,Ads,1,117,0,1,0.765
64,Male,South,36706.9,36,61.03,11,2,0.267,49.9,SMS,1,12,1,0,0.14
61,Female,South,60871.67,116,88.28,4,2,0.236,64.1,Email,1,13,0,0,0.145
48,Male,North,50107.12,7,64.85,10,3,0.428,67.9,Social Media,0,88,1,0,0.33
58,Female,East,76966.0,20,152.52,8,2,0.286,40.3,Ads,1,85,1,1,0.93
44,Other,North,41955.81,10,11.96,7,1,0.175,54.2,SMS,1,30,0,0,0.165
47,Male,North,84301.34,61,101.78,9,0,0.466,54.0,Email,0,51,1,0,0.465
44,Female,West,73283.55,47,102.64,6,2,0.196,34.9,Social Media,0,132,1,1,0.955
21,Female,North,61060.14,2,73.22,13,2,0.286,56.1,Social Media,1,12,0,0,0.23
72,Male,North,62111.84,57,61.31,10,3,0.136,33.3,Email,1,178,1,1,0.845
71,Male,East,41996.02,108,87.41,9,0,0.147,80.9,Social Media,1,70,0,0,0.28
54,Female,North,68781.52,85,102.68,9,3,0.274,80.0,Email,0,161,1,1,0.895
21,Male,South,53981.97,2,88.48,14,1,0.191,70.8,SMS,0,147,0,1,0.855
41,Female,East,50128.86,102,27.11,7,0,0.124,80.4,Email,1,143,0,0,0.225
68,Female,West,68603.21,2,64.04,6,2,0.33,79.0,Email,0,119,1,1,0.625
74,Male,North,99463.13,103,67.82,5,0,0.066,71.1,Ads,0,19,0,0,0.125
66,Female,North,65000.14,59,94.9,7,0,0.068,56.9,SMS,0,110,1,1,0.93
67,Female,South,81872.95,2,83.28,9,0,0.254,80.5,SMS,0,76,1,1,0.71
23,Female,North,32288.09,83,95.71,9,1,0.266,25.8,Ads,0,163,0,1,0.815
44,Male,South,77757.57,10,120.86,7,1,0.081,66.2,SMS,0,38,1,1,0.725
49,Female,East,35495.51,39,121.58,3,0,0.242,89.6,Social Media,1,165,1,1,0.95
67,Male,North,19470.14,3,69.11,8,4,0.518,57.7,SMS,1,140,1,1,0.735
65,Male,East,50346.74,89,34.65,9,2,0.21,72.7,Email,0,111,0,0,0.155
45,Male,West,63427.7,65,82.08,6,2,0.029,72.3,Social Media,1,128,1,1,0.775
51,Male,South,86850.85,8,80.69,7,2,0.592,100.0,Ads,1,121,0,1,0.67
26,Female,East,64565.53,2,66.56,12,1,0.546,35.8,Ads,0,81,1,0,0.395
24,Female,North,65797.73,61,66.18,9,3,0.339,63.1,Social Media,1,15,0,0,0.1
23,Male,East,79363.61,91,66.99,7,2,0.614,44.0,SMS,0,131,0,0,0.475
61,Female,West,15475.67,17,113.76,8,1,0.279,61.4,Social Media,0,31,0,1,0.64
64,Female,South,63895.4,84,37.15,18,0,0.152,25.2,SMS,0,130,0,0,0.37
20,Female,North,78661.56,33,82.84,14,0,0.138,32.6,Social Media,1,16,0,0,0.36
41,Male,East,82317.11,3,51.06,6,1,0.63,35.6,Email,1,158,1,1,0.62
37,Female,North,68348.56,35,5.0,3,1,0.282,80.0,Ads,1,20,0,0,0.11
68,Female,South,51558.32,86,54.99,9,1,0.576,51.1,Social Media,0,120,0,0,0.205
42,Female,East,26723.61,81,112.21,6,0,0.38,92.4,SMS,0,146,1,1,0.85
26,Female,East,54466.35,33,101.75,7,1,0.225,94.3,Email,0,161,1,1,0.95
23,Female,South,63572.06,102,48.95,12,0,0.519,58.6,Email,1,102,0,0,0.12
58,Male,South,28357.0,118,5.0,8,2,0.13,24.4,Email,0,95,0,0,0.14
29,Male,East,49774.41,109,66.87,10,3,0.476,56.4,Social Media,0,82,0,0,0.125
45,Female,West,83557.92,116,96.19,5,0,0.338,52.4,Ads,0,163,1,1,0.865
33,Male,North,40483.84,111,116.47,10,2,0.41,62.3,Social Media,1,21,0,0,0.235
50,Male,West,45124.53,16,47.78,8,2,0.337,58.8,Social Media,0,91,1,0,0.415
23,Female,East,114945.54,42,92.53,10,4,0.375,65.5,Social Media,1,116,1,1,0.79
65,Male,North,39721.33,72,26.29,9,4,0.315,98.9,Ads,1,10,0,0,0.05
20,Female,North,44845.94,64,105.19,5,3,0.051,57.6,Email,0,126,1,1,0.865
38,Female,East,55159.38,50,117.04,4,2,0.083,59.2,SMS,0,178,1,1,0.95
59,Male,South,83731.58,81,117.61,8,4,0.171,44.9,Social Media,0,165,1,1,0.96
64,Male,West,80693.87,51,28.19,9,3,0.155,49.7,Email,0,157,1,1,0.64
21,Female,North,60791.12,103,54.48,10,2,0.418,55.6,Ads,0,94,0,0,0.09
32,Other,East,58515.45,2,114.14,5,0,0.297,40.6,Social Media,0,84,1,1,0.93
27,Male,North,55907.27,83,98.65,8,1,0.025,90.9,Email,0,13,0,0,0.32
42,Male,West,66790.8,89,30.42,10,2,0.444,58.8,SMS,0,130,0,0,0.145
39,Male,South,79702.61,35,119.49,7,1,0.502,65.9,SMS,0,58,1,1,0.705
32,Male,East,72060.25,60,68.86,5,3,0.397,50.4,Social Media,0,19,0,0,0.105
23,Female,East,80078.63,43,84.94,8,4,0.421,100.0,SMS,0,46,0,0,0.405
35,Male,East,77377.83,38,100.83,10,3,0.24,74.7,Ads,0,4,0,0,0.27
20,Female,East,80532.87,65,93.56,9,3,0.147,23.8,Social Media,0,90,0,1,0.78
52,Female,North,89676.05,98,98.75,6,2,0.086,25.0,SMS,0,171,1,1,0.87
31,Female,North,23714.55,82,7.04,5,1,0.201,57.2,SMS,0,167,0,0,0.24
54,Female,North,74826.5,110,74.92,9,2,0.76,76.7,Email,0,31,0,0,0.05
24,Female,East,65087.29,44,102.02,8,4,0.116,45.6,SMS,1,51,0,1,0.67
43,Male,West,35859.16,15,105.9,7,0,0.507,46.4,Ads,0,105,1,1,0.975
27,Male,North,55000.33,9,153.43,7,2,0.087,46.8,Ads,0,69,1,1,0.925
29,Female,East,33386.38,45,82.68,10,2,0.144,57.1,Email,1,157,1,1,0.93
56,Female,West,40566.96,19,48.62,6,1,0.17,62.3,Social Media,1,72,0,0,0.32
74,Male,East,57643.57,5,40.69,7,5,0.189,45.1,SMS,0,92,0,0,0.425
36,Female,East,59860.32,25,99.06,11,0,0.252,39.6,Email,0,168,1,1,0.98
42,Male,South,36505.96,68,63.03,9,1,0.208,30.1,Ads,0,161,1,1,0.86
35,Male,East,31985.12,28,74.66,11,1,0.582,56.7,Social Media,0,140,1,1,0.7
47,Female,South,47568.94,79,36.43,9,1,0.627,53.1,Email,1,168,0,0,0.305
25,Male,East,38004.31,104,100.0,10,1,0.198,53.3,SMS,1,13,0,0,0.165
44,Male,West,56868.03,42,56.98,7,2,0.115,63.4,Ads,0,42,0,0,0.12
44,Male,East,55243.93,21,96.04,4,2,0.433,58.9,SMS,1,150,0,1,0.96
62,Female,South,35287.83,75,97.21,6,0,0.685,67.8,Social Media,0,108,0,1,0.545
18,Male,North,60144.06,14,80.41,10,1,0.254,23.7,Social Media,0,122,1,1,0.835
60,Female,East,82700.11,32,20.4,10,0,0.24,43.1,Social Media,0,88,0,0,0.23
28,Male,North,34667.78,90,67.54,9,4,0.06,50.6,Email,0,106,1,0,0.435
42,Female,North,85290.24,114,54.26,10,0,0.394,57.2,Email,0,163,0,0,0.34
63,Male,North,67736.76,27,39.12,10,1,0.477,57.3,Ads,0,75,0,0,0.12
45,Female,North,36186.73,67,78.5,11,4,0.123,68.0,Email,0,144,1,1,0.715
26,Female,South,75374.56,61,117.56,5,3,0.263,64.0,Email,0,121,1,1,0.935
40,Male,North,49440.58,63,36.67,5,1,0.213,42.2,Email,0,159,1,1,0.575
53,Female,South,69453.94,43,137.6,8,1,0.134,83.8,Ads,0,33,1,1,0.73
61,Male,South,69466.71,55,79.04,14,1,0.258,22.0,Ads,0,71,1,0,0.46
31,Female,East,56312.13,116,76.87,6,1,0.331,58.1,SMS,0,62,0,0,0.215
52,Female,South,89247.84,23,78.74,2,1,0.391,48.3,SMS,0,122,1,1,0.83
40,Male,South,52977.65,3,76.58,17,0,0.134,35.8,Ads,0,114,1,1,0.785
23,Female,East,43762.21,10,23.62,10,0,0.465,59.9,Email,1,109,0,0,0.345
74,Male,South,66873.89,73,63.5,8,1,0.245,42.9,SMS,1,36,0,0,0.15
51,Female,South,38543.56,49,92.03,7,2,0.472,67.6,Social Media,0,36,1,0,0.265
19,Male,West,48043.76,22,74.72,5,0,0.056,56.1,Email,1,8,1,0,0.405
61,Female,North,92662.42,12,66.59,8,1,0.089,55.4,Social Media,0,115,1,1,0.8
45,Male,South,35682.81,48,53.37,12,1,0.206,42.2,Ads,1,155,1,1,0.765
47,Other,East,62293.21,49,107.34,10,2,0.16,49.5,SMS,0,159,1,1,0.955
63,Male,East,74445.01,75,91.25,9,3,0.204,51.5,SMS,0,61,0,0,0.42
73,Male,North,98034.81,4,77.17,11,1,0.297,56.0,Ads,0,144,1,1,0.805
39,Male,West,63084.47,12,107.14,10,2,0.243,46.3,SMS,1,91,1,1,0.875
70,Male,North,43508.42,61,64.19,10,1,0.179,84.8,SMS,1,4,0,0,0.09
59,Male,West,75886.83,89,60.27,7,2,0.44,83.0,Email,0,91,0,0,0.115
33,Female,West,80948.08,15,100.45,11,0,0.751,45.9,Social Media,0,156,1,1,0.745
53,Female,East,74279.84,45,152.41,6,0,0.431,30.2,SMS,0,41,1,1,0.73
41,Female,South,78667.88,17,135.13,8,1,0.475,78.0,SMS,0,176,1,1,0.975
33,Male,West,56163.73,24,89.36,5,3,0.119,88.6,SMS,0,49,1,1,0.55
22,Other,East,52256.05,85,34.11,8,0,0.317,72.4,Social Media,1,86,0,0,0.12
60,Female,East,56482.47,23,123.23,7,1,0.277,57.1,Email,0,113,1,1,0.965
68,Male,East,38075.31,93,16.82,9,1,0.192,60.4,Social Media,0,141,0,0,0.255
59,Male,North,44154.99,44,104.44,4,2,0.241,77.2,Ads,0,64,0,1,0.725
22,Male,East,85220.95,63,73.41,6,2,0.376,56.6,SMS,0,30,0,0,0.125
61,Male,West,43092.55,36,44.66,11,2,0.18,98.1,Social Media,1,8,0,0,0.11
64,Female,North,57924.66,69,76.73,17,1,0.08,88.4,Social Media,0,14,0,0,0.095
39,Female,South,56013.0,33,91.54,8,1,0.202,76.3,Email,1,153,1,1,0.91
74,Female,West,76537.35,30,94.73,10,2,0.174,75.2,Social Media,0,39,1,0,0.46
42,Female,North,65612.21,119,89.74,5,0,0.413,13.6,SMS,0,24,1,0,0.295
34,Male,North,93860.35,17,72.42,10,3,0.352,47.2,Email,1,51,0,0,0.33
60,Female,South,58294.7,2,11.83,11,0,0.103,33.4,SMS,0,65,0,0,0.12
68,Male,South,63040.66,65,32.87,9,0,0.572,30.6,Social Media,1,19,0,0,0.1
56,Male,East,51650.56,82,28.65,8,2,0.39,44.5,SMS,1,119,0,0,0.2
31,Female,East,64237.02,80,40.24,10,1,0.191,63.8,Social Media,0,22,0,0,0.025
37,Male,South,41048.6,96,47.58,9,3,0.16,50.4,Social Media,1,153,0,1,0.665
37,Male,East,40316.95,70,115.25,8,1,0.288,87.2,Social Media,0,168,1,1,0.955
24,Male,East,68338.95,90,78.26,10,3,0.236,63.3,SMS,0,8,0,0,0.1
18,Female,East,75496.5,3,79.01,3,1,0.34,68.8,Ads,0,170,1,1,0.825
40,Male,West,71472.27,46,87.91,5,2,0.327,63.4,Social Media,0,59,0,1,0.525
24,Other,North,83290.3,96,25.17,12,1,0.527,55.7,Ads,1,115,0,0,0.145
53,Male,West,24224.16,4,144.31,15,3,0.271,69.0,Social Media,0,12,1,1,0.56
22,Female,East,62060.35,53,64.68,7,2,0.391,60.8,Social Media,0,7,0,0,0.12
19,Male,East,54685.95,83,122.58,10,1,0.163,23.8,Social Media,0,56,1,1,0.785
54,Male,North,52770.94,93,122.6,9,3,0.061,63.7,Social Media,0,151,1,1,0.965
63,Female,West,78841.64,63,125.47,7,0,0.123,48.9,SMS,1,79,1,1,0.84
59,Female,West,52364.28,111,60.3,7,1,0.555,63.5,Social Media,0,176,1,0,0.49
59,Female,East,88333.12,52,102.1,11,1,0.217,41.0,Social Media,1,29,0,1,0.54
57,Female,West,72280.33,91,92.83,4,0,0.266,58.5,Social Media,0,133,1,1,0.765
60,Female,West,75316.04,13,93.68,6,1,0.265,29.9,Email,0,24,1,0,0.47
47,Male,West,76202.14,102,105.22,10,1,0.286,55.8,Email,1,167,1,1,0.895
66,Male,West,83315.6,100,36.16,10,0,0.225,39.2,Social Media,1,131,0,0,0.235
62,Female,West,53870.09,83,88.29,7,0,0.193,54.1,Email,1,57,1,0,0.39
51,Male,East,69121.18,73,74.57,3,2,0.144,78.9,SMS,0,152,1,1,0.77
37,Female,East,75525.52,27,60.57,15,2,0.328,21.9,Ads,0,38,0,0,0.26
67,Female,East,69044.84,56,81.91,7,2,0.473,70.6,Social Media,0,31,0,0,0.19
63,Female,West,86886.16,3,27.35,6,3,0.468,49.6,Social Media,1,66,0,0,0.315
67,Female,West,81066.08,69,107.82,8,2,0.138,64.5,Ads,1,155,1,1,0.945
22,Male,East,32714.9,28,101.32,8,1,0.422,57.2,Social Media,0,78,0,1,0.795
50,Male,East,84417.4,33,79.12,8,1,0.197,71.7,Social Media,1,123,1,1,0.81
57,Male,East,78872.02,63,45.07,5,1,0.116,53.3,Ads,1,49,0,0,0.135
39,Male,South,88142.37,55,117.32,16,0,0.333,51.5,Ads,0,77,0,1,0.69
33,Male,West,33938.33,20,94.96,7,0,0.116,51.5,Email,0,26,0,1,0.61
43,Female,South,58218.45,41,178.61,6,2,0.308,88.5,Email,1,174,1,1,0.985
57,Male,West,46976.22,47,11.48,12,1,0.297,66.4,SMS,0,60,0,0,0.125
66,Female,North,49862.4,61,119.2,10,1,0.539,35.6,Ads,1,45,0,1,0.555
53,Male,East,73229.99,87,107.56,8,4,0.347,58.2,Ads,0,74,1,1,0.585
21,Female,South,39189.75,74,25.89,12,3,0.253,62.9,Email,0,23,0,0,0.025
26,Female,East,18561.62,22,56.41,8,3,0.442,73.0,Ads,0,70,0,0,0.135
69,Male,East,71645.08,30,24.78,10,0,0.33,49.7,Email,0,146,0,0,0.37
27,Male,South,39427.9,94,66.95,6,3,0.194,60.5,Ads,1,92,0,0,0.29
18,Female,East,51014.0,85,146.5,9,2,0.143,24.5,Social Media,1,117,1,1,0.92
25,Male,South,60445.55,40,65.72,9,2,0.138,50.9,Email,1,46,1,0,0.2
42,Other,North,71938.94,54,133.39,11,0,0.16,90.4,Ads,0,176,1,1,0.915
47,Female,West,77491.02,35,89.31,6,0,0.183,78.3,Ads,0,17,1,0,0.285
19,Female,West,52348.34,53,47.33,7,2,0.588,61.6,Social Media,0,56,0,0,0.085
66,Male,West,64812.45,72,134.44,6,0,0.554,38.0,Social Media,1,11,1,1,0.52
26,Female,West,23320.57,36,164.31,7,1,0.189,71.4,Ads,1,1,1,1,0.73
62,Other,East,70871.02,49,55.3,8,2,0.05,43.3,Email,1,84,0,0,0.43
73,Male,North,52399.72,110,88.85,4,0,0.247,88.4,Email,0,18,0,0,0.185
60,Female,East,61094.35,93,88.91,9,1,0.296,51.3,Email,0,156,1,1,0.875
21,Female,South,48825.59,78,40.07,10,4,0.636,66.4,SMS,1,68,0,0,0.095
36,Female,South,63804.84,29,43.93,9,4,0.214,67.7,Social Media,0,32,0,0,0.085
64,Female,East,45939.04,112,33.77,3,2,0.137,72.8,SMS,0,97,1,0,0.145
26,Female,North,63214.22,77,60.76,6,1,0.333,100.0,Social Media,0,93,1,0,0.185
70,Male,South,78576.09,83,114.49,9,2,0.109,29.3,Ads,0,83,1,1,0.79
50,Female,South,49327.32,62,103.7,5,0,0.008,54.2,Email,1,81,1,1,0.765
19,Male,South,66046.18,30,94.37,5,0,0.037,66.3,Social Media,0,139,1,1,0.925
63,Male,East,41184.77,59,5.0,9,2,0.312,50.3,Email,0,3,0,0,0.06
22,Female,North,93378.62,61,73.08,6,0,0.142,60.2,SMS,0,70,1,0,0.35
43,Male,East,66691.98,99,66.06,11,1,0.136,45.8,Ads,0,166,1,1,0.83
36,Female,East,74756.37,34,70.84,5,1,0.482,88.5,SMS,0,72,0,0,0.265
59,Male,North,50139.78,54,81.51,8,0,0.143,34.0,Social Media,0,48,1,0,0.37
28,Male,North,47254.65,14,119.34,10,1,0.422,56.6,Ads,0,81,1,1,0.885
73,Female,North,29701.96,117,94.37,9,0,0.421,80.4,Ads,0,175,1,1,0.73
43,Female,South,51002.41,33,12.55,11,3,0.484,63.2,SMS,1,134,0,0,0.25
64,Female,West,74993.89,31,128.17,9,1,0.058,58.5,SMS,0,55,1,1,0.845
48,Male,East,28150.41,58,82.16,7,3,0.46,33.7,Ads,0,82,0,1,0.53
58,Male,East,59596.26,42,63.45,3,3,0.39,74.4,SMS,0,55,0,0,0.24
18,Male,North,84124.37,61,67.79,13,0,0.285,44.9,SMS,1,154,1,1,0.69
73,Male,South,111581.05,44,128.6,8,3,0.28,61.3,Email,0,61,1,1,0.845
72,Male,South,53204.23,88,62.33,6,1,0.387,71.4,Ads,0,148,1,0,0.475
43,Female,East,23338.18,54,29.85,18,0,0.579,34.3,Social Media,1,165,0,0,0.495
62,Female,North,54013.82,85,98.62,5,2,0.423,47.0,Ads,1,79,1,1,0.58
56,Female,South,54034.03,36,22.81,8,2,0.45,73.0,Email,1,73,0,0,0.14
47,Female,West,48252.4,4,143.53,12,2,0.427,94.9,Email,0,145,1,1,0.87
59,Female,North,65520.86,115,83.27,11,3,0.091,92.9,Email,0,105,0,0,0.43
56,Female,North,83444.34,88,70.67,8,1,0.299,66.6,Social Media,1,61,0,0,0.15
62,Female,East,36229.54,92,40.45,10,2,0.387,64.7,SMS,1,116,1,0,0.145
28,Male,North,44732.74,59,49.23,9,1,0.272,63.9,Ads,0,106,1,0,0.275
45,Male,East,88790.33,109,69.97,5,4,0.327,28.8,Ads,0,76,1,0,0.295
61,Female,West,35078.32,103,64.07,7,0,0.459,49.7,SMS,1,146,1,0,0.485
65,Female,West,42091.94,83,85.86,7,1,0.033,74.6,Ads,0,10,0,0,0.11
58,Female,West,43409.16,111,86.87,3,0,0.087,61.4,Social Media,0,151,1,1,0.885
72,Female,North,71787.09,115,84.85,6,1,0.585,80.0,SMS,0,91,0,0,0.405
26,Male,North,66631.75,86,85.22,7,0,0.461,60.6,Social Media,0,130,0,1,0.69
67,Male,East,33882.71,7,158.78,10,2,0.442,80.3,SMS,0,19,1,1,0.6
48,Male,North,81356.73,97,46.29,4,3,0.324,30.0,Social Media,0,72,0,0,0.145
41,Female,West,60897.36,30,5.0,11,1,0.315,35.3,Social Media,1,89,0,0,0.21
68,Other,West,24466.62,97,106.69,6,1,0.252,29.3,Email,0,3,0,0,0.41
56,Female,West,58108.31,13,107.06,1,1,0.289,31.5,SMS,0,24,1,1,0.68
20,Male,East,63296.56,50,110.88,12,0,0.655,65.8,SMS,1,110,1,1,0.735
43,Female,South,44161.88,52,169.13,8,1,0.043,66.9,Email,0,59,1,1,0.835
37,Male,East,67723.46,38,61.63,10,5,0.022,18.7,SMS,0,142,1,1,0.815
44,Female,West,58974.3,27,71.67,10,0,0.366,86.1,Email,1,151,1,1,0.755
60,Female,East,77179.83,105,105.32,9,1,0.076,74.8,SMS,1,72,1,0,0.415
23,Male,West,52706.38,1,87.03,7,3,0.224,37.8,Social Media,1,74,1,1,0.8
53,Male,West,64924.36,2,122.99,7,3,0.186,43.4,SMS,0,161,1,1,0.975
18,Female,West,64620.81,51,131.73,7,1,0.454,13.3,Email,0,176,1,1,0.925
60,Male,West,57862.12,95,42.75,7,4,0.703,45.1,Email,0,87,0,0,0.105
29,Male,South,77713.48,118,103.38,11,1,0.258,20.1,Ads,0,55,1,1,0.515
40,Female,South,68538.52,81,55.65,8,3,0.164,65.8,Social Media,0,116,0,0,0.375
49,Other,North,57767.87,55,34.25,5,2,0.197,100.0,SMS,0,1,0,0,0.125
41,Male,West,49970.55,96,92.78,10,3,0.102,49.0,Email,0,51,1,0,0.39
30,Male,West,63904.79,110,48.3,5,0,0.416,46.7,Ads,1,104,0,0,0.16
54,Male,South,70624.59,77,90.81,2,1,0.075,76.2,SMS,0,134,1,1,0.825
47,Female,West,58431.9,83,150.04,9,3,0.178,67.9,Ads,0,161,1,1,0.94
42,Female,East,69499.23,91,52.54,11,0,0.241,71.5,Email,0,58,0,0,0.045
52,Female,West,59638.04,17,113.56,8,4,0.398,47.3,SMS,0,72,1,1,0.86
58,Male,South,52896.98,77,67.65,11,1,0.198,96.8,Email,1,98,0,0,0.28
37,Female,North,56119.68,72,97.97,6,0,0.43,51.5,SMS,1,109,0,1,0.825
70,Female,South,62210.72,114,34.77,7,1,0.404,50.6,Email,0,85,1,0,0.095
47,Male,North,44648.86,65,48.18,7,2,0.356,46.8,SMS,0,109,0,0,0.28
42,Female,East,83461.96,48,107.63,10,4,0.481,54.7,Ads,0,161,1,1,0.905
36,Female,West,68437.09,61,91.87,5,1,0.201,87.9,Social Media,0,167,1,1,0.895
57,Female,East,58308.23,119,84.27,9,2,0.227,76.1,Ads,0,80,0,0,0.35
70,Female,West,64274.8,44,99.19,8,2,0.565,56.7,Email,1,105,0,1,0.82
52,Male,South,49243.58,71,46.36,3,0,0.512,97.3,Email,0,50,0,0,0.07
36,Other,East,51314.95,63,44.01,8,4,0.257,72.2,Email,0,14,0,0,0.08
36,Male,North,80752.63,10,111.69,5,0,0.129,44.0,SMS,1,178,1,1,0.975
42,Female,East,71927.2,72,5.0,11,5,0.086,38.4,Email,0,16,0,0,0.11
18,Female,North,65691.78,111,90.24,5,0,0.1,87.5,Social Media,0,20,0,0,0.205
47,Female,West,58023.3,64,61.21,7,4,0.346,56.1,Ads,0,64,0,0,0.185
45,Female,South,48826.23,58,122.19,4,0,0.286,30.3,Ads,0,73,1,1,0.845
64,Male,North,71947.28,54,91.47,6,2,0.333,38.6,SMS,0,132,1,1,0.915
63,Male,North,67324.84,64,64.88,11,1,0.193,50.6,Email,0,91,0,0,0.33
39,Female,South,50056.99,8,30.08,8,2,0.227,61.4,Social Media,0,158,0,1,0.665
21,Female,East,73573.44,40,57.39,5,1,0.3,44.8,Email,0,76,1,0,0.4
49,Male,North,87987.8,91,56.47,10,2,0.577,100.0,SMS,0,97,0,0,0.075
39,Female,South,65258.65,79,102.42,11,2,0.067,74.1,Email,1,85,1,1,0.615
53,Female,East,85186.94,27,60.38,10,0,0.269,58.5,Email,0,14,0,0,0.16
48,Male,South,94571.36,104,66.33,5,1,0.055,50.0,SMS,0,89,1,0,0.395
45,Male,South,69814.51,8,111.95,7,2,0.875,51.4,SMS,0,62,0,1,0.635
50,Female,North,41313.1,15,69.2,11,1,0.277,23.1,Social Media,0,89,0,1,0.585
41,Female,South,69692.73,93,100.77,8,1,0.418,63.8,Ads,0,4,0,0,0.105
44,Male,East,80101.85,104,151.04,10,2,0.315,15.7,SMS,0,85,1,1,0.895
51,Female,West,51420.16,106,35.97,6,1,0.161,33.3,SMS,0,100,1,0,0.21
26,Female,East,71112.75,80,92.04,6,2,0.286,74.4,Email,0,56,0,0,0.315
27,Female,West,49221.85,108,87.36,7,0,0.065,83.6,Ads,1,145,1,1,0.76
33,Male,West,50702.11,66,58.6,5,2,0.435,76.0,Email,0,140,0,0,0.5
29,Female,South,63622.54,115,111.4,11,0,0.428,68.7,Ads,0,134,1,1,0.75
23,Female,North,55822.89,60,68.72,4,0,0.521,59.7,SMS,0,98,0,0,0.305
45,Female,West,43526.44,100,83.03,8,2,0.185,59.4,Email,0,38,0,0,0.19
43,Female,East,55963.25,98,69.77,8,3,0.312,48.8,Social Media,0,90,0,0,0.305
36,Male,South,58180.72,114,95.82,7,3,0.623,42.6,SMS,0,32,0,0,0.25
36,Female,North,49371.87,27,95.35,10,1,0.153,49.1,Email,0,78,1,1,0.835
43,Female,South,62167.47,74,102.17,11,1,0.284,75.8,SMS,0,97,1,1,0.635
72,Female,South,64732.14,71,37.02,9,2,0.455,77.4,Social Media,0,51,0,0,0.085
24,Male,West,47434.08,85,92.11,8,0,0.273,48.9,Email,1,46,0,0,0.31
23,Female,North,71870.86,114,119.66,11,0,0.128,52.8,SMS,1,126,1,1,0.865
71,Male,North,61347.76,17,131.52,9,1,0.423,25.9,Social Media,0,128,1,1,0.935
68,Male,North,60743.4,46,80.77,8,1,0.163,57.0,Ads,0,84,1,1,0.73
71,Female,West,88781.19,91,135.32,4,3,0.299,73.5,Social Media,1,133,1,1,0.92
60,Female,North,77574.69,97,88.39,5,2,0.079,71.3,Email,0,28,0,0,0.16
37,Female,East,76544.54,93,46.06,5,1,0.222,48.7,Email,0,147,0,0,0.4
55,Female,South,30774.81,36,50.47,10,3,0.367,89.4,Ads,0,17,0,0,0.05
26,Female,North,66070.24,13,96.69,13,1,0.299,84.7,Social Media,0,122,1,1,0.935
51,Male,East,60309.75,113,94.0,10,2,0.331,69.0,SMS,0,49,0,0,0.14
72,Male,North,28256.14,9,121.26,10,3,0.28,44.3,SMS,0,79,1,1,0.86
29,Male,East,76669.32,88,67.75,6,0,0.135,69.4,Social Media,0,9,0,0,0.105
59,Female,North,75037.07,46,85.69,8,2,0.2,83.0,SMS,0,108,1,1,0.76
58,Male,North,49022.38,33,56.65,8,4,0.138,25.4,SMS,1,77,1,1,0.53
71,Female,West,66928.8,12,75.67,8,3,0.248,64.3,Email,1,141,1,1,0.855
64,Female,South,66334.5,102,55.76,7,4,0.385,70.2,Social Media,1,68,0,0,0.085
27,Male,North,43457.49,34,69.96,7,2,0.128,63.2,Email,1,147,1,1,0.905
67,Female,North,35179.97,50,50.04,5,1,0.246,66.0,Social Media,1,125,1,1,0.535
57,Male,West,58093.93,75,48.8,13,1,0.274,27.4,Email,1,86,1,0,0.2
28,Male,West,90554.34,61,86.73,14,1,0.529,67.7,Email,0,1,0,0,0.16
46,Female,West,38984.85,14,98.95,13,2,0.29,51.0,Social Media,1,174,1,1,0.92
45,Female,East,62990.88,71,55.69,10,1,0.343,38.0,Email,1,28,0,0,0.1
41,Other,West,71970.56,65,33.81,8,3,0.205,28.2,Ads,1,115,0,0,0.42
38,Male,South,85785.64,23,112.63,8,3,0.326,53.2,Email,1,80,1,1,0.825
24,Female,South,65647.9,55,107.94,7,2,0.129,64.3,Ads,1,74,1,1,0.715
67,Female,East,61174.45,90,31.21,7,1,0.164,37.4,SMS,0,11,0,0,0.085
44,Male,North,39075.74,54,93.1,12,2,0.376,100.0,Social Media,0,121,1,1,0.74
38,Female,North,80961.11,77,104.98,9,1,0.157,68.5,Email,0,27,1,0,0.355
21,Female,South,96914.15,82,103.03,10,1,0.137,74.9,Ads,0,111,1,1,0.725
51,Male,West,45226.03,52,95.89,7,2,0.254,35.7,Social Media,1,20,0,0,0.305
53,Female,South,34307.31,48,21.13,9,0,0.196,45.5,SMS,1,120,0,0,0.355
65,Female,East,92175.58,100,67.68,15,2,0.271,42.8,Ads,1,37,0,0,0.115
63,Male,South,71839.2,104,114.25,11,3,0.055,80.3,Ads,0,12,0,0,0.285
23,Female,South,64185.34,31,111.46,11,1,0.288,61.7,Ads,0,20,1,1,0.57
70,Male,North,16190.42,108,36.97,7,2,0.476,63.4,Ads,0,77,0,0,0.135
58,Female,West,73221.97,17,100.08,10,1,0.149,43.4,SMS,0,174,1,1,0.98
29,Female,South,70191.76,61,27.88,9,1,0.209,62.3,Email,0,51,0,0,0.08
65,Female,North,64907.86,33,63.41,10,0,0.473,34.8,SMS,1,100,0,0,0.485
50,Male,East,57401.33,112,84.59,9,1,0.653,35.7,SMS,1,35,0,0,0.12
21,Male,North,66749.88,8,82.7,8,3,0.373,79.0,SMS,1,68,1,1,0.525
64,Male,East,60475.71,64,119.54,11,0,0.621,64.3,Ads,1,122,1,1,0.895
42,Female,West,45656.29,64,106.34,13,3,0.34,61.9,Ads,0,28,0,0,0.205
68,Female,East,40215.81,16,90.04,3,1,0.639,80.4,Email,0,63,0,0,0.415
26,Male,South,70989.33,28,81.72,9,1,0.207,31.6,Ads,0,85,1,1,0.755
28,Male,East,54328.94,23,47.97,7,2,0.298,49.5,Ads,0,50,0,0,0.125
47,Female,South,51123.64,44,44.63,9,1,0.451,61.5,Social Media,0,20,0,0,0.075
42,Other,South,42548.12,81,26.97,5,3,0.109,43.0,Ads,0,169,1,1,0.52
50,Male,North,15000.0,4,105.49,6,0,0.471,56.9,Ads,1,121,1,1,0.86
41,Male,South,60372.85,23,62.7,10,3,0.351,37.5,SMS,0,156,1,1,0.87
47,Other,North,15000.0,98,100.04,7,1,0.089,67.9,Email,1,27,0,0,0.275
23,Male,South,61540.24,33,122.82,10,2,0.022,95.8,SMS,1,153,1,1,0.92
26,Male,South,59576.48,87,94.22,8,2,0.333,61.7,SMS,1,137,1,1,0.835
38,Female,East,68494.2,79,67.75,11,1,0.214,56.9,Ads,0,77,1,0,0.26
74,Male,North,72837.04,10,96.31,12,2,0.788,49.7,Social Media,0,147,1,1,0.71
22,Female,North,70527.75,82,113.68,15,1,0.359,83.7,SMS,0,84,0,1,0.59
31,Female,East,41493.53,30,152.58,7,2,0.159,50.2,SMS,0,110,1,1,0.94
37,Female,North,61137.07,7,26.77,11,3,0.312,70.6,Social Media,0,159,1,0,0.42
50,Male,East,51692.07,79,155.54,12,2,0.281,83.3,Email,0,122,1,1,0.935
23,Female,West,69104.22,29,58.72,10,2,0.211,63.3,SMS,0,22,0,0,0.145
31,Male,West,70755.45,35,5.0,7,0,0.127,51.7,SMS,0,123,0,0,0.29
24,Male,East,31579.31,10,32.22,12,2,0.26,69.5,Email,0,151,0,0,0.385
31,Male,West,65741.1,23,117.2,4,2,0.271,39.5,Social Media,0,38,1,1,0.81
43,Female,North,59892.57,32,47.1,5,2,0.357,68.6,Email,1,39,0,0,0.14
46,Female,East,83425.96,83,45.89,6,0,0.46,81.9,Ads,0,55,0,0,0.04
61,Male,West,44488.6,72,55.44,6,1,0.083,63.1,Social Media,0,120,1,1,0.505
63,Male,North,51537.97,29,110.44,10,1,0.234,65.0,SMS,0,53,1,1,0.785
68,Female,East,58638.74,37,81.09,9,4,0.593,52.9,Social Media,0,168,1,1,0.87
24,Male,North,71530.26,48,51.57,7,0,0.468,50.2,Social Media,0,138,0,1,0.615
43,Male,South,59964.29,88,55.68,8,2,0.407,90.0,SMS,0,103,0,0,0.09
28,Female,West,50904.83,55,28.89,7,2,0.549,62.7,SMS,0,177,0,0,0.345
63,Male,North,51738.81,108,48.91,9,1,0.06,38.4,Email,0,150,1,1,0.55
48,Male,North,50488.32,32,77.27,4,1,0.079,37.5,Ads,0,83,1,1,0.815
52,Female,West,65210.47,53,55.72,6,2,0.123,49.5,Social Media,0,161,1,1,0.755
57,Male,North,40417.86,32,74.94,8,1,0.168,59.1,Ads,0,68,0,0,0.46
40,Male,North,67238.69,110,26.77,7,2,0.287,94.6,Social Media,0,67,0,0,0.035
39,Male,North,55303.42,89,52.52,10,1,0.363,69.2,Social Media,1,18,0,0,0.03
73,Male,North,54410.76,86,28.36,7,1,0.685,63.1,Email,1,65,0,0,0.07
67,Male,South,78589.46,18,13.38,7,1,0.304,28.2,Ads,1,42,0,0,0.125
30,Male,East,86063.33,65,126.02,10,1,0.046,73.5,SMS,0,91,1,1,0.835
54,Male,West,78695.12,36,60.63,12,0,0.079,75.1,Social Media,0,100,1,0,0.4
39,Male,South,64341.76,94,116.82,5,1,0.248,49.0,Ads,1,105,1,1,0.92
20,Male,South,75383.32,23,110.79,8,2,0.168,73.9,Email,0,6,1,1,0.52
49,Male,North,30911.43,72,80.98,14,0,0.194,38.7,Social Media,0,153,1,1,0.715
65,Male,East,63475.59,77,108.38,8,0,0.108,57.7,Ads,1,87,1,1,0.74
54,Male,West,59445.56,101,102.84,15,4,0.154,55.9,SMS,0,77,0,1,0.57
37,Male,West,72023.36,32,58.3,5,0,0.491,80.7,Email,1,93,1,0,0.35
44,Female,South,53576.05,103,135.36,6,3,0.413,37.8,Social Media,0,5,0,1,0.505
29,Female,North,15000.0,17,49.24,5,1,0.09,61.1,Email,0,154,1,1,0.77
20,Male,North,76090.7,52,167.53,7,0,0.364,34.7,Social Media,0,5,1,1,0.64
39,Male,East,59723.06,104,95.01,10,1,0.339,50.2,Social Media,0,1,0,0,0.12
26,Male,West,76372.92,25,49.83,8,2,0.128,47.6,Ads,0,42,0,0,0.145
21,Male,West,49793.51,90,97.03,7,2,0.138,50.8,Social Media,0,32,0,0,0.36
38,Female,South,77282.85,46,105.18,6,2,0.23,67.4,Social Media,0,128,1,1,0.935
44,Male,West,56304.13,89,99.05,2,1,0.313,63.5,SMS,0,123,1,1,0.835
65,Female,North,40587.59,65,84.46,7,1,0.041,40.7,Email,0,163,1,1,0.9
72,Female,North,60437.39,19,145.02,8,0,0.385,67.7,Ads,0,97,1,1,0.92
62,Female,North,74175.27,61,162.5,7,2,0.309,52.8,Social Media,0,168,1,1,0.985
54,Female,North,51585.92,17,61.14,7,1,0.098,74.2,Email,0,143,1,1,0.86
47,Male,East,52640.02,56,105.76,5,3,0.146,67.0,SMS,0,94,1,1,0.855
74,Female,West,72794.89,5,70.7,12,2,0.353,72.0,SMS,0,9,0,0,0.17
40,Male,West,61151.51,82,128.16,13,2,0.174,60.8,Social Media,0,71,0,1,0.8
54,Female,South,55399.53,115,5.0,13,0,0.556,50.4,Ads,0,80,0,0,0.105
20,Female,South,75033.2,75,115.29,10,0,0.168,57.6,SMS,1,53,1,1,0.545
74,Female,East,44268.57,1,73.97,8,0,0.072,33.1,Social Media,1,61,1,1,0.54
23,Female,West,23453.48,19,116.08,6,5,0.15,69.2,Social Media,0,111,1,1,0.93
19,Female,North,62783.88,112,68.11,5,2,0.083,78.9,Social Media,0,90,0,0,0.29
70,Other,North,61034.19,35,115.08,6,0,0.143,57.3,Email,0,119,1,1,0.925
27,Other,West,41922.63,52,61.23,5,0,0.277,100.0,Email,1,131,0,1,0.545
45,Female,West,67769.16,37,37.28,9,1,0.185,53.9,SMS,0,164,0,1,0.645
22,Female,North,65185.84,46,62.03,6,2,0.143,23.0,SMS,0,54,1,0,0.295
62,Male,North,43479.08,54,91.57,7,2,0.363,67.7,Email,0,39,0,0,0.355
67,Male,West,79574.73,39,145.82,7,2,0.448,55.0,SMS,1,86,1,1,0.925
28,Female,South,46446.72,107,70.26,7,0,0.518,51.4,Social Media,0,5,0,0,0.025
40,Male,South,50356.08,48,136.82,6,2,0.246,62.0,Ads,0,166,1,1,0.98
61,Male,South,76748.87,39,77.17,6,0,0.36,5.6,SMS,0,36,0,0,0.38
25,Female,North,65402.64,38,111.47,3,3,0.128,41.4,Ads,1,91,1,1,0.91
74,Male,East,57921.22,22,105.7,9,1,0.315,33.0,SMS,1,56,1,1,0.705
35,Other,West,89256.81,85,66.85,5,2,0.323,96.2,Ads,0,43,1,0,0.095
56,Male,West,61623.8,91,89.72,6,2,0.074,85.4,Email,1,138,1,1,0.815
36,Female,South,60123.79,5,52.1,8,2,0.166,80.4,Email,0,25,0,0,0.115
18,Male,East,80067.96,71,5.0,8,1,0.319,63.9,Ads,0,103,0,0,0.19
60,Male,South,51259.0,29,123.81,8,0,0.52,55.3,Ads,0,27,0,1,0.77
51,Male,North,32792.77,113,66.67,9,1,0.128,39.4,Email,1,10,0,0,0.105
49,Male,North,48060.53,1,63.37,9,1,0.316,56.5,SMS,0,22,0,0,0.27
58,Male,West,36650.91,87,64.69,9,0,0.074,81.4,SMS,0,39,0,0,0.135
29,Female,North,46033.41,36,69.56,5,1,0.417,70.3,Ads,0,134,1,1,0.655
51,Male,South,44034.34,84,115.38,5,0,0.259,68.2,Ads,0,22,1,0,0.29
25,Female,North,56709.4,1,40.65,10,4,0.503,30.4,SMS,0,166,1,1,0.645
68,Female,South,72718.17,36,42.59,7,1,0.229,79.7,Email,0,164,1,1,0.75
59,Male,West,44062.36,17,95.43,7,2,0.058,68.4,Email,0,123,1,1,0.955
22,Male,North,43319.93,12,55.43,6,0,0.339,51.6,SMS,0,109,0,1,0.625
66,Male,East,43475.66,7,62.79,13,1,0.293,50.1,Ads,0,7,1,0,0.2
65,Other,West,77485.27,94,13.52,5,0,0.025,95.8,Ads,0,149,0,0,0.315
49,Male,East,40304.94,63,70.33,5,1,0.122,51.7,Social Media,1,177,1,1,0.91
70,Male,South,62092.01,84,31.97,4,1,0.34,31.3,Social Media,1,138,0,0,0.405
62,Female,East,35293.56,39,86.21,9,2,0.181,30.3,Ads,0,146,1,1,0.965
48,Other,South,63936.29,43,37.01,7,0,0.49,52.7,Social Media,0,142,0,1,0.51
46,Female,West,36414.43,64,65.24,6,4,0.258,39.3,Ads,1,168,0,1,0.88
61,Female,East,55842.99,28,93.17,12,1,0.484,90.4,Social Media,0,106,1,1,0.71
25,Male,South,94573.76,71,74.05,10,2,0.157,44.0,SMS,0,142,1,1,0.77
74,Male,East,61282.4,19,83.18,8,1,0.383,98.5,SMS,0,136,1,1,0.81
33,Male,East,72626.37,95,150.4,8,2,0.248,81.1,Email,1,89,1,1,0.87
42,Female,East,57764.83,115,53.58,5,2,0.13,72.0,SMS,1,159,0,1,0.63
73,Female,South,65706.57,99,116.7,9,2,0.262,53.0,Ads,0,78,1,1,0.625
39,Female,North,42378.53,87,108.58,7,2,0.163,60.2,Email,0,55,0,1,0.515
60,Female,East,38234.88,21,120.87,7,1,0.348,62.8,Social Media,0,68,1,1,0.84
60,Female,East,59054.82,63,52.51,7,4,0.55,72.2,Ads,1,67,0,0,0.125
56,Male,South,60797.06,30,30.74,5,0,0.06,56.9,Social Media,1,45,0,0,0.175
26,Male,East,62668.51,23,78.12,11,1,0.074,91.7,SMS,0,17,0,0,0.235
29,Female,South,84788.87,14,111.52,6,2,0.289,52.4,SMS,1,121,1,1,0.93
27,Male,West,41398.26,32,84.63,5,1,0.29,100.0,Ads,1,54,1,0,0.385
74,Female,North,28062.3,98,31.32,8,1,0.286,55.9,Ads,1,163,1,0,0.365
44,Male,North,26701.8,48,71.96,8,0,0.256,47.8,Social Media,0,160,1,1,0.84
49,Male,West,77678.44,46,110.92,7,0,0.416,38.5,Email,0,39,0,1,0.625
50,Female,West,54825.08,46,10.19,9,2,0.051,49.8,Email,1,20,0,0,0.075
72,Female,East,64728.67,33,84.17,5,1,0.373,65.2,Ads,0,72,0,1,0.6
46,Male,South,50666.06,8,127.78,8,1,0.261,35.8,Email,0,60,1,1,0.91
23,Female,North,63702.85,58,60.49,10,2,0.519,67.5,Email,0,137,1,0,0.415
72,Male,North,83108.89,42,64.74,10,0,0.375,95.7,Social Media,1,21,0,0,0.155
72,Female,North,53193.99,69,131.47,7,2,0.082,67.2,Ads,1,99,1,1,0.815
62,Female,South,62987.45,119,43.05,8,3,0.152,30.8,Email,0,17,0,0,0.09
72,Male,West,71052.41,12,119.14,3,1,0.233,73.8,Email,0,169,1,1,0.985
42,Female,East,35710.28,29,95.08,6,0,0.525,72.3,Email,0,29,0,0,0.395
23,Male,North,86317.63,90,49.31,4,1,0.094,92.8,Social Media,0,134,1,0,0.375
71,Female,North,48902.56,78,83.37,7,1,0.486,28.6,Email,1,148,1,1,0.74
63,Male,South,62663.01,114,111.43,8,2,0.274,53.1,Social Media,0,137,1,1,0.85
70,Female,North,15995.01,42,24.83,8,3,0.264,33.3,Email,1,80,0,0,0.28
69,Other,East,59972.65,69,103.98,2,1,0.259,50.8,Ads,0,53,1,1,0.6
66,Female,South,73026.46,28,83.37,5,0,0.407,42.6,Ads,1,138,1,1,0.935
23,Female,West,48320.41,40,95.71,5,0,0.551,61.0,Social Media,0,26,0,0,0.39
64,Male,West,70116.49,70,148.51,8,1,0.1,47.6,Social Media,1,123,1,1,0.935
25,Male,South,24890.32,108,120.45,13,1,0.36,44.4,Ads,0,62,1,1,0.615
32,Other,South,66134.2,28,8.05,12,2,0.108,71.7,Social Media,1,167,0,0,0.435
64,Male,East,95159.79,95,64.76,9,1,0.384,60.1,Ads,0,122,1,0,0.39
61,Female,North,51135.85,27,103.19,10,2,0.165,93.0,SMS,0,47,1,1,0.64
33,Female,East,81161.52,5,9.04,9,4,0.412,74.0,Ads,0,159,0,1,0.51
20,Female,South,32512.7,74,120.02,4,1,0.463,62.9,Ads,0,107,1,1,0.82
32,Female,South,60230.63,109,61.89,8,0,0.232,8.6,Social Media,0,142,1,1,0.62
41,Female,North,63339.26,30,116.83,13,3,0.398,42.6,Ads,0,173,1,1,0.965
72,Male,North,46676.36,9,32.59,8,2,0.234,55.5,Ads,1,16,0,0,0.185
56,Female,West,38599.9,105,110.75,6,1,0.216,62.3,SMS,1,111,1,1,0.855
31,Other,North,77027.93,48,49.3,8,1,0.237,55.0,Social Media,1,72,0,0,0.2
23,Male,East,85535.92,86,93.19,1,1,0.266,62.7,SMS,0,105,0,1,0.705
40,Female,South,59771.95,43,71.81,5,0,0.194,67.5,SMS,1,46,0,0,0.255
44,Female,South,105853.87,19,104.23,5,2,0.305,28.7,Social Media,1,9,1,1,0.605
42,Male,East,44969.27,78,129.5,9,2,0.427,60.9,Social Media,1,122,1,1,0.935
18,Female,East,85369.15,54,5.0,7,0,0.338,52.3,Social Media,0,62,0,0,0.175
69,Female,West,46364.19,79,23.08,7,1,0.129,60.6,SMS,0,143,1,0,0.34
30,Female,North,86508.12,61,114.11,3,0,0.639,55.9,Social Media,1,9,0,0,0.445
26,Female,South,75212.37,68,46.57,4,1,0.066,95.8,SMS,0,132,1,0,0.435
41,Male,West,46983.83,31,101.94,7,4,0.484,58.3,Social Media,1,19,0,1,0.57
62,Female,South,43757.0,94,115.03,5,1,0.529,81.2,SMS,0,131,1,1,0.825
40,Male,North,29778.04,52,84.47,5,2,0.468,29.1,Email,0,109,1,1,0.75
74,Female,North,56006.88,62,69.26,4,3,0.41,69.6,Ads,1,175,0,1,0.755
47,Male,East,68926.84,89,119.46,12,1,0.316,90.5,Social Media,1,136,1,1,0.87
38,Male,South,62109.26,97,123.65,9,1,0.215,58.9,SMS,0,141,1,1,0.95
18,Female,East,97046.59,90,39.61,11,0,0.511,47.8,SMS,0,4,0,0,0.125
39,Female,South,93927.17,22,57.68,8,2,0.441,70.7,Ads,1,56,0,0,0.145
42,Male,East,57176.64,74,118.68,9,4,0.083,94.4,Ads,0,179,1,1,0.905
28,Female,West,64043.89,117,96.69,13,1,0.085,83.4,Social Media,1,119,1,1,0.69
55,Female,East,53516.27,54,82.59,5,0,0.241,89.8,Social Media,0,130,1,1,0.805
41,Female,North,50779.52,67,81.35,6,1,0.353,77.3,SMS,0,53,0,0,0.205
47,Female,South,56636.22,20,59.31,7,2,0.06,65.9,Email,0,156,1,1,0.86
49,Male,East,54895.53,35,77.01,5,0,0.683,32.7,Email,1,131,1,1,0.74
53,Female,North,51711.45,77,108.33,9,2,0.255,57.9,Email,0,91,1,1,0.76
20,Female,South,67081.2,64,113.45,11,0,0.097,47.6,Social Media,1,153,1,1,0.935
66,Female,North,45004.05,49,66.87,9,3,0.519,87.7,SMS,0,68,0,0,0.165
23,Female,West,54824.38,41,86.22,5,1,0.259,33.0,Email,0,143,0,1,0.94
53,Female,South,86860.94,23,17.25,8,1,0.415,72.1,SMS,0,93,0,0,0.115
71,Female,South,91030.49,112,77.72,7,1,0.346,77.2,Ads,0,108,0,0,0.35
24,Male,East,46282.53,110,77.21,5,2,0.382,42.5,Social Media,0,98,0,0,0.455
59,Other,South,44443.53,103,147.14,5,1,0.113,72.2,Ads,1,120,1,1,0.855
32,Female,West,76555.53,46,54.57,3,1,0.28,71.7,Ads,0,31,0,0,0.085
46,Male,North,53488.83,64,38.13,10,2,0.237,88.7,SMS,1,174,0,0,0.475
69,Male,East,68062.98,41,113.08,9,1,0.295,83.4,SMS,0,18,1,0,0.425
64,Female,West,51396.03,74,131.27,9,2,0.42,79.9,Social Media,0,14,1,0,0.29
69,Other,West,44264.37,44,118.08,9,0,0.356,29.8,Email,0,175,1,1,0.955
35,Male,South,51233.97,56,47.4,5,1,0.566,28.2,Ads,0,109,1,0,0.355
47,Male,West,74883.65,94,86.47,8,3,0.666,91.6,Social Media,0,55,0,0,0.175
20,Female,West,50912.0,115,43.47,7,2,0.311,33.0,Email,1,172,1,0,0.48
20,Female,West,60277.53,69,80.44,11,0,0.452,62.8,Email,1,108,1,1,0.57
43,Male,East,33794.35,30,71.69,7,1,0.224,45.9,Ads,1,33,0,0,0.34
21,Female,North,71046.09,85,87.75,5,1,0.491,31.7,SMS,0,51,0,0,0.38
55,Male,South,60426.2,79,73.28,6,1,0.153,70.0,Email,1,123,1,1,0.58
52,Male,North,49994.84,28,124.42,8,1,0.202,52.9,SMS,0,12,1,1,0.8
28,Female,West,64352.72,30,56.08,9,0,0.105,43.7,Email,1,135,1,1,0.82
45,Male,East,30059.79,77,125.96,9,1,0.023,62.8,Ads,1,46,1,1,0.715
28,Male,West,82463.4,86,123.05,9,3,0.227,59.6,Social Media,0,165,1,1,0.93
73,Male,East,34812.1,40,34.14,6,0,0.459,61.5,Email,0,51,0,0,0.18
38,Female,South,57858.97,52,150.11,13,1,0.264,96.6,Email,1,15,1,1,0.57
42,Male,East,63627.2,67,51.22,11,3,0.657,84.8,Email,1,47,0,0,0.08
34,Male,East,54009.43,101,92.53,10,3,0.739,80.1,Social Media,0,58,0,0,0.175
43,Male,South,46795.51,59,21.44,6,1,0.134,75.8,SMS,0,54,0,0,0.06
30,Male,East,70802.43,2,81.78,4,2,0.212,100.0,Social Media,1,85,1,1,0.655
42,Male,North,80447.19,109,77.94,7,0,0.418,59.8,Email,0,54,0,0,0.085
58,Female,West,24997.81,78,88.62,7,2,0.208,78.7,Email,0,8,0,0,0.12
34,Other,West,81033.4,84,79.64,8,2,0.092,60.4,Email,0,95,1,1,0.525
62,Male,North,80599.76,54,116.75,7,1,0.138,100.0,Email,0,41,0,1,0.56
38,Male,South,38564.56,80,97.41,7,1,0.457,65.7,Email,1,7,0,0,0.115
51,Female,North,50879.54,5,166.17,9,1,0.187,85.3,Email,0,124,1,1,0.92
35,Female,North,85005.17,10,96.48,3,1,0.304,60.8,Ads,0,37,1,1,0.58
73,Male,South,51773.78,105,159.51,3,0,0.196,17.0,Ads,0,95,1,1,0.775
62,Male,East,73694.56,90,57.45,5,2,0.175,71.8,Social Media,0,51,0,0,0.095
72,Female,South,76441.7,64,110.16,8,2,0.258,52.5,SMS,0,63,1,1,0.56
31,Male,North,62463.16,114,95.64,9,3,0.209,78.2,Ads,0,154,0,1,0.805
26,Female,West,85543.06,65,94.52,17,1,0.244,62.9,Ads,1,108,1,1,0.67
20,Female,North,61179.15,55,62.43,11,0,0.137,52.0,SMS,0,106,0,1,0.55
65,Male,South,84791.86,84,127.17,5,3,0.173,86.0,Ads,0,174,1,1,0.945
29,Female,North,83356.26,55,42.81,4,0,0.111,57.4,Email,0,159,1,1,0.595
46,Female,South,44347.54,119,57.47,6,3,0.082,53.6,Ads,0,36,0,0,0.125
57,Male,South,69570.61,17,76.31,7,2,0.07,36.4,Email,0,176,1,1,0.945
60,Female,South,51137.01,72,41.56,7,1,0.527,67.8,SMS,1,36,0,0,0.045
50,Male,West,58507.56,94,133.3,6,0,0.471,59.1,SMS,1,144,1,1,0.935
39,Male,South,45383.06,105,120.63,7,3,0.163,47.3,Social Media,0,95,1,1,0.825
41,Male,South,93436.62,26,41.29,4,0,0.415,41.4,Social Media,0,37,0,0,0.105
73,Female,East,49313.11,10,37.03,14,1,0.435,56.9,Social Media,1,7,0,0,0.065
59,Female,North,59617.59,2,72.39,9,1,0.308,83.4,Ads,1,53,0,0,0.385
34,Male,South,50284.49,7,111.97,13,0,0.217,48.6,Social Media,1,65,1,1,0.77
28,Male,North,19439.16,87,96.42,12,0,0.294,60.9,Social Media,0,14,1,0,0.175
60,Female,North,44824.25,77,108.16,11,0,0.038,62.0,Email,0,138,0,1,0.91
22,Male,North,39495.34,16,56.17,9,0,0.266,66.4,SMS,0,133,1,1,0.715
70,Female,West,52651.37,98,124.51,3,0,0.244,51.8,Social Media,0,154,1,1,0.95
27,Female,East,67223.0,77,104.21,10,3,0.349,66.9,Social Media,1,152,1,1,0.875
46,Male,East,40512.36,25,96.44,7,0,0.383,71.6,SMS,0,150,1,1,0.96
30,Female,North,42644.34,49,47.43,5,1,0.096,73.3,Social Media,0,152,1,1,0.675
51,Male,West,74082.32,41,39.18,9,2,0.075,100.0,Ads,0,34,0,0,0.095
29,Female,South,81253.09,106,104.45,13,2,0.242,51.8,Social Media,0,102,1,1,0.67
67,Female,East,44277.07,77,55.68,8,1,0.344,93.9,Email,0,105,0,0,0.175
40,Female,North,68268.46,84,74.95,10,0,0.235,46.6,Social Media,1,143,0,1,0.675
25,Female,South,61373.88,58,89.73,6,1,0.177,53.2,Email,0,145,1,1,0.93
43,Male,West,62841.31,119,82.01,10,2,0.142,42.7,Email,0,166,0,1,0.74
57,Female,West,101806.39,89,79.81,1,2,0.137,54.2,Ads,0,174,1,1,0.845
54,Male,North,62477.7,60,52.39,8,0,0.205,76.7,SMS,0,165,1,1,0.595
26,Female,East,61346.82,54,56.04,2,3,0.458,85.9,Social Media,0,28,0,0,0.105
49,Male,South,32912.73,15,71.8,6,1,0.294,51.7,Social Media,0,169,0,1,0.93
22,Female,West,73843.45,74,150.13,12,3,0.272,57.0,Social Media,1,45,1,1,0.715
18,Male,East,58103.23,69,58.08,11,1,0.188,51.6,Social Media,1,61,0,0,0.22
38,Female,East,52852.61,108,88.54,12,0,0.283,81.3,Social Media,0,99,1,0,0.39
74,Male,West,76971.55,8,69.52,7,1,0.485,0.6,Social Media,0,30,0,0,0.42
72,Female,South,78660.63,17,40.58,6,0,0.65,42.0,Email,0,168,0,1,0.665
37,Male,South,90861.44,17,78.79,10,2,0.216,44.1,SMS,0,102,1,1,0.795
39,Female,South,64324.88,41,110.16,9,2,0.137,58.3,SMS,1,149,1,1,0.97
23,Male,West,47788.35,89,88.82,10,3,0.495,36.9,Email,0,88,1,0,0.33
60,Male,East,61664.15,48,48.94,6,1,0.26,34.1,Ads,0,143,1,1,0.655
42,Female,South,54039.88,22,74.36,8,1,0.157,71.3,Social Media,1,24,0,0,0.225
29,Female,West,74177.57,48,98.84,9,0,0.406,40.5,Ads,0,28,1,0,0.415
61,Female,West,49700.03,68,105.14,11,0,0.308,63.2,Email,1,74,1,1,0.55
72,Male,East,65152.58,10,36.56,8,2,0.277,77.3,Social Media,0,134,0,1,0.51
40,Male,South,106127.51,2,76.82,5,3,0.164,23.9,Email,0,147,1,1,0.895
30,Male,West,56866.7,58,103.3,4,3,0.168,81.0,Social Media,1,77,1,1,0.675
49,Female,East,77906.02,58,119.63,6,3,0.48,57.7,Email,1,110,1,1,0.865
39,Male,East,32803.49,80,90.72,8,4,0.298,57.6,Email,0,55,0,0,0.405
66,Male,West,95739.93,65,69.44,6,1,0.194,59.5,Email,0,64,0,0,0.225
28,Male,North,64297.2,29,66.32,6,3,0.31,62.9,Social Media,0,19,0,0,0.125
43,Female,West,89136.67,117,80.34,7,2,0.2,34.8,Social Media,1,138,1,1,0.75
74,Male,East,64938.06,26,5.0,11,2,0.192,61.9,Email,0,20,0,0,0.085
43,Male,South,75823.75,13,85.68,10,3,0.454,59.8,Ads,0,98,1,1,0.805
34,Male,East,46850.76,103,32.58,8,0,0.083,44.9,SMS,0,18,0,0,0.035
33,Male,East,69369.73,70,159.8,14,2,0.106,33.5,Social Media,0,54,1,1,0.85
28,Male,East,69895.32,58,123.73,5,2,0.283,49.7,Social Media,0,74,1,1,0.825
54,Male,North,62667.03,73,69.51,3,2,0.246,60.3,Social Media,0,169,1,1,0.78
31,Male,West,56210.52,43,124.21,7,1,0.148,50.5,SMS,0,36,1,1,0.79
22,Male,South,28687.19,41,65.8,9,1,0.332,72.1,Social Media,0,164,1,1,0.715
58,Male,West,105878.45,43,13.65,5,1,0.367,70.6,Social Media,0,58,0,0,0.165
39,Male,South,52539.65,20,31.74,11,1,0.142,45.5,SMS,0,148,1,1,0.6
33,Male,East,64161.15,76,115.06,7,0,0.311,83.8,Ads,1,77,1,1,0.665
53,Male,East,44469.44,68,126.06,8,4,0.458,84.3,Social Media,1,119,1,1,0.935
34,Female,North,88422.6,7,87.61,5,3,0.064,62.8,Ads,0,55,1,1,0.595
20,Male,South,57662.17,17,28.42,7,1,0.163,0.0,SMS,0,20,0,0,0.24
53,Female,North,61385.38,86,127.28,11,1,0.124,34.3,Ads,0,71,1,1,0.885
72,Female,West,29647.69,45,51.65,6,1,0.231,84.9,SMS,0,56,0,0,0.16
63,Female,North,45869.75,82,44.44,10,0,0.133,62.7,Email,0,48,0,0,0.045
22,Female,West,59545.35,97,123.22,8,1,0.452,60.5,Email,0,91,1,1,0.765
19,Female,North,44247.69,21,122.82,9,2,0.353,74.0,Email,0,46,1,1,0.7
49,Male,North,55593.3,92,100.14,13,1,0.08,58.9,Social Media,0,2,0,0,0.22
60,Female,South,49884.49,78,74.88,12,2,0.05,41.5,Email,1,50,0,0,0.225
62,Female,East,55093.6,93,124.17,7,1,0.151,32.4,SMS,0,104,1,1,0.915
43,Female,West,37159.56,57,25.69,9,0,0.435,78.8,Email,0,155,1,0,0.24
47,Female,South,57642.04,44,101.86,9,4,0.071,91.1,SMS,0,13,1,0,0.37
20,Male,West,47007.12,115,106.92,6,0,0.123,85.9,Ads,0,148,0,1,0.88
74,Male,North,75239.92,24,153.24,5,0,0.549,73.8,SMS,0,68,1,1,0.765
27,Female,North,47346.78,111,162.98,6,0,0.409,40.6,Ads,0,91,1,1,0.795
28,Female,East,30110.4,76,71.31,2,1,0.19,66.9,SMS,1,114,0,1,0.62
70,Male,West,47368.97,98,48.22,5,0,0.11,20.5,Email,0,93,0,0,0.32
19,Female,South,78169.5,2,96.97,10,3,0.511,66.3,Social Media,0,39,0,0,0.49
63,Female,West,71470.61,54,41.0,7,1,0.281,93.3,SMS,0,30,0,0,0.04
39,Male,East,75767.59,78,60.59,7,3,0.337,38.6,Email,0,169,1,1,0.82
60,Female,East,84172.2,77,96.57,7,0,0.353,80.8,Social Media,0,74,0,1,0.535
34,Female,West,46930.62,55,110.72,6,1,0.449,73.6,Social Media,1,170,1,1,0.915
61,Female,South,62062.2,75,116.62,3,0,0.416,72.2,Ads,1,104,1,1,0.87
21,Female,South,68072.16,33,39.51,13,1,0.225,69.6,SMS,1,12,0,0,0.085
43,Male,East,71063.39,46,91.11,5,1,0.241,40.5,SMS,0,129,1,1,0.895
46,Male,West,71800.37,49,142.15,7,3,0.482,71.6,SMS,1,84,1,1,0.805
30,Female,West,41826.69,1,56.98,11,1,0.082,49.6,Social Media,1,108,0,1,0.7
61,Female,West,87783.3,31,104.69,11,1,0.275,100.0,SMS,0,134,1,1,0.865
23,Male,West,15000.0,119,76.84,4,2,0.191,68.4,SMS,0,95,0,0,0.4
32,Female,North,65749.08,73,40.16,10,1,0.284,81.3,SMS,0,165,0,0,0.38
33,Male,North,102501.37,60,120.81,4,1,0.256,68.0,Ads,1,37,1,1,0.61
34,Female,South,40706.77,88,37.81,3,2,0.298,55.1,SMS,0,45,0,0,0.06
25,Male,North,74051.6,36,76.51,8,0,0.343,58.9,Ads,0,10,0,0,0.13
72,Female,North,21108.2,44,59.93,9,2,0.432,57.5,SMS,1,108,0,0,0.48
30,Male,South,49182.03,13,67.87,5,1,0.178,46.1,Social Media,0,90,0,1,0.645
74,Female,North,47318.99,110,69.21,8,4,0.372,45.6,Email,0,144,0,1,0.53
61,Male,South,72873.99,56,98.59,6,0,0.228,36.8,Ads,1,130,1,1,0.92
39,Female,North,42984.44,81,9.38,4,2,0.233,94.3,Email,0,169,0,0,0.3
74,Female,North,40640.48,81,68.01,13,1,0.053,100.0,Ads,0,164,1,1,0.635
51,Female,North,68502.84,91,106.55,6,1,0.307,50.4,Social Media,0,21,0,0,0.35
40,Female,West,47656.98,16,71.94,7,2,0.299,58.7,Ads,0,44,0,0,0.265
65,Male,West,72345.79,92,53.33,7,0,0.379,52.6,Ads,0,84,0,0,0.135
23,Female,West,65183.07,92,93.61,9,2,0.318,72.6,Email,0,124,1,1,0.78
45,Female,North,42945.29,94,109.74,9,4,0.141,48.4,Ads,0,96,0,1,0.76
35,Male,West,51081.64,57,97.05,10,1,0.394,62.8,Social Media,0,80,1,1,0.545
23,Male,West,72228.7,100,118.45,6,0,0.733,81.4,Social Media,0,29,0,0,0.24
44,Male,South,59739.75,14,69.08,10,1,0.521,22.0,Email,0,53,1,0,0.375
23,Female,West,36946.41,38,68.62,11,1,0.3,68.9,Social Media,1,51,0,0,0.235
34,Female,North,47846.42,71,162.12,4,1,0.514,34.6,Social Media,1,35,1,1,0.715
50,Male,South,59861.9,95,117.61,10,1,0.212,37.5,Social Media,1,132,1,1,0.925
63,Female,East,56224.5,66,47.37,13,1,0.155,30.0,Social Media,0,171,1,1,0.655
47,Female,East,66705.44,22,96.59,7,1,0.178,39.8,Social Media,0,46,1,1,0.75
44,Female,West,59444.95,80,70.77,3,3,0.351,48.4,SMS,0,172,1,1,0.84
61,Female,North,71067.0,56,86.24,15,1,0.296,28.5,Social Media,1,84,1,1,0.54
57,Male,East,50342.77,46,58.32,9,1,0.379,98.6,SMS,1,1,0,0,0.115
38,Male,South,39850.59,42,82.45,9,0,0.15,75.1,Ads,1,74,0,1,0.59
64,Male,North,58285.18,36,130.34,5,2,0.262,61.4,SMS,1,9,1,1,0.745
24,Male,East,21752.9,35,99.22,5,1,0.272,61.8,Email,0,29,1,0,0.45
42,Female,South,87107.24,43,120.74,8,1,0.12,65.5,Ads,0,170,1,1,0.965
68,Female,North,84292.87,22,108.0,12,1,0.21,84.7,Social Media,0,15,1,1,0.56
60,Female,South,70690.48,17,46.38,10,3,0.467,38.0,Ads,1,7,0,0,0.095
30,Male,South,21235.78,11,42.07,9,0,0.618,60.9,Ads,0,67,0,0,0.18
18,Male,South,88875.68,91,34.91,8,5,0.188,52.9,Social Media,1,93,0,0,0.22
53,Male,West,42964.99,73,101.42,9,1,0.158,56.6,SMS,1,175,1,1,0.955
49,Female,South,49218.51,103,49.63,13,0,0.37,42.1,Email,1,67,0,0,0.075
41,Male,North,76585.93,103,74.25,5,2,0.303,59.8,Social Media,0,165,1,1,0.78
43,Male,South,76312.54,36,88.43,9,2,0.407,81.6,SMS,1,88,0,1,0.595
62,Female,North,66800.79,12,71.24,4,1,0.13,78.3,Email,1,45,0,0,0.395
49,Male,East,60047.63,112,104.74,5,0,0.28,74.2,SMS,1,1,0,0,0.24
36,Female,South,75800.48,112,88.66,11,3,0.192,44.2,Email,0,22,0,0,0.175
40,Male,West,51900.11,80,102.88,1,1,0.558,65.9,Social Media,0,15,1,0,0.17
73,Female,East,49434.6,72,56.18,10,2,0.422,80.0,Ads,0,177,1,1,0.66
33,Female,South,69649.82,60,114.97,5,0,0.199,26.7,Ads,0,10,1,1,0.61
49,Male,East,73127.32,23,48.23,8,2,0.429,16.2,Social Media,1,7,0,0,0.11
38,Male,North,43842.95,34,57.12,12,4,0.137,48.3,Email,0,74,0,0,0.425
44,Female,West,72950.83,112,56.34,7,0,0.115,84.8,Email,0,59,0,0,0.06
29,Female,East,47750.67,116,34.88,6,1,0.362,62.8,SMS,1,86,0,0,0.125
61,Male,West,58777.64,7,53.81,9,0,0.164,36.5,SMS,0,52,0,0,0.27
21,Male,South,61747.38,80,87.44,11,1,0.087,26.8,SMS,0,155,1,1,0.895
57,Male,East,37552.71,66,72.71,7,3,0.268,84.0,Social Media,1,71,1,0,0.25
25,Female,South,53963.8,69,86.89,10,0,0.274,39.8,SMS,0,152,1,1,0.86
49,Male,East,57481.03,31,98.52,7,3,0.249,68.5,Ads,0,53,0,1,0.645
54,Other,North,64418.15,115,45.47,8,1,0.661,53.7,Ads,1,33,0,0,0.065
52,Female,West,75630.09,65,23.81,7,2,0.31,84.4,Social Media,0,79,0,0,0.06
34,Female,South,68720.27,32,67.97,9,0,0.244,59.7,Ads,1,131,1,1,0.83
72,Male,North,44489.99,96,114.06,11,3,0.195,28.0,Ads,0,51,0,1,0.575
51,Female,West,53599.02,70,99.39,10,0,0.322,94.5,SMS,1,93,1,1,0.535
26,Other,South,40010.86,13,83.08,7,0,0.256,67.9,Social Media,0,121,1,1,0.885
67,Female,West,56234.45,95,89.33,11,4,0.099,64.4,Social Media,1,12,0,0,0.18
63,Female,East,73745.98,68,5.2,6,1,0.663,84.6,Social Media,1,86,0,0,0.085
19,Male,North,35060.62,23,97.73,4,1,0.372,59.6,Email,0,163,1,1,0.885
23,Male,North,45750.82,23,32.54,11,4,0.482,34.0,Social Media,0,70,0,0,0.15
43,Male,West,41925.74,88,49.74,9,2,0.204,78.3,Email,0,89,0,0,0.1
54,Male,East,62891.37,37,42.7,4,2,0.208,51.6,SMS,0,158,0,1,0.8
62,Female,West,55210.71,117,83.13,6,1,0.028,44.6,SMS,0,95,1,1,0.675
53,Male,East,74891.42,79,58.67,6,2,0.255,55.8,Social Media,1,99,0,0,0.275
69,Female,North,59094.13,73,66.72,6,1,0.043,79.8,Email,1,169,1,1,0.835
41,Male,South,38399.41,118,15.58,11,1,0.638,68.6,Social Media,0,146,0,0,0.15
63,Female,West,36572.24,48,100.81,6,0,0.391,41.5,SMS,0,80,0,1,0.805
72,Male,East,94805.03,115,69.6,13,0,0.207,48.5,Social Media,0,35,0,0,0.175
19,Male,South,62958.06,99,71.48,9,2,0.098,34.1,Email,0,61,0,0,0.37
32,Male,South,83305.7,52,75.57,12,1,0.269,52.9,Social Media,1,136,1,1,0.785
74,Male,South,46534.82,23,90.42,6,2,0.343,52.1,SMS,0,31,0,0,0.46
57,Male,East,71168.72,77,35.66,9,2,0.296,61.9,Email,0,131,0,0,0.275
54,Male,West,88654.68,57,116.74,6,3,0.143,52.9,SMS,0,69,1,1,0.8
33,Male,West,72234.46,64,22.35,4,0,0.2,71.9,Social Media,1,90,0,0,0.165
52,Other,South,41635.73,59,66.07,10,0,0.274,54.3,Social Media,0,116,0,1,0.565
41,Female,East,67585.22,25,119.96,6,3,0.293,42.1,Social Media,0,57,1,1,0.89
63,Male,South,64260.98,42,116.47,4,0,0.595,54.1,Email,1,24,1,1,0.66
39,Male,West,45801.43,112,57.83,4,1,0.272,35.1,Email,0,53,0,0,0.155
63,Female,South,72009.85,55,31.5,7,1,0.399,70.1,Email,0,54,0,0,0.06
19,Female,East,68771.8,32,20.51,12,0,0.649,67.7,SMS,0,115,0,0,0.225
72,Female,West,38983.75,41,134.13,8,1,0.562,23.8,Ads,0,58,1,1,0.72
63,Female,North,45767.06,30,130.99,10,1,0.276,67.8,Social Media,0,92,1,1,0.9
65,Female,East,37567.17,106,88.82,10,0,0.362,62.7,Social Media,1,93,1,0,0.415
64,Female,West,65569.08,23,89.7,10,0,0.183,75.5,Social Media,0,164,1,1,0.925
64,Female,South,39921.43,80,94.25,6,1,0.438,64.7,Social Media,0,138,1,1,0.785
40,Male,North,62219.45,19,95.09,11,1,0.234,61.0,SMS,0,41,1,0,0.5
35,Female,West,71207.62,30,58.01,7,0,0.424,66.2,Social Media,0,28,0,0,0.11
35,Female,West,74162.66,33,70.12,5,2,0.174,70.5,Ads,0,138,1,1,0.865
66,Female,North,64339.65,64,76.11,15,2,0.254,72.7,SMS,0,167,1,1,0.64
52,Female,East,54420.78,52,83.72,7,1,0.227,57.4,Social Media,0,58,0,0,0.475
24,Male,North,52414.56,74,5.0,11,2,0.436,45.4,Email,0,41,0,0,0.025
68,Male,West,54312.07,90,78.17,9,1,0.181,68.4,Social Media,0,66,0,0,0.18
61,Female,West,77205.87,73,97.27,9,0,0.412,79.9,Ads,1,163,1,1,0.89
40,Male,South,55611.77,111,109.3,11,2,0.493,68.9,SMS,1,90,1,1,0.595
23,Female,East,49579.43,5,152.58,7,0,0.02,68.8,Email,0,4,1,1,0.675
28,Other,East,68827.84,81,109.52,7,0,0.153,88.8,Email,0,174,0,1,0.91
39,Male,East,68503.01,100,72.88,5,2,0.275,53.6,Email,1,137,1,1,0.71
70,Female,North,35049.83,28,116.69,4,1,0.05,56.8,SMS,0,77,1,1,0.82
58,Male,West,72051.8,105,89.65,7,1,0.404,52.7,Email,1,76,0,0,0.44
43,Male,North,31853.91,105,69.1,6,0,0.195,74.4,Social Media,0,84,0,0,0.17
67,Male,South,86097.01,106,50.66,6,1,0.189,100.0,Ads,0,60,0,0,0.1
53,Female,East,49719.19,28,38.95,13,2,0.528,37.5,Ads,0,125,0,0,0.395
40,Female,East,56633.41,85,60.63,15,4,0.51,75.3,Email,0,170,1,0,0.405
23,Female,South,63148.22,9,93.05,8,1,0.394,55.3,Ads,1,100,1,1,0.845
65,Male,North,93264.97,92,49.21,6,3,0.227,37.8,Social Media,1,83,0,0,0.265
71,Female,North,52540.92,7,5.0,12,1,0.358,56.4,Social Media,0,172,0,0,0.43
64,Female,South,49053.43,44,59.94,7,1,0.122,89.9,SMS,0,125,0,1,0.625
59,Female,North,58428.28,52,15.45,9,1,0.118,38.1,Email,0,76,0,0,0.17
53,Female,West,54471.82,8,53.23,5,1,0.343,78.8,Ads,1,144,1,1,0.83
74,Male,North,69633.08,7,28.71,10,1,0.316,35.6,Email,1,91,0,0,0.305
62,Male,North,50191.18,88,31.8,7,1,0.066,53.8,SMS,0,90,1,0,0.145
23,Male,West,30738.77,41,80.09,15,3,0.494,45.2,Email,0,174,0,1,0.91
40,Male,South,47725.41,97,49.36,8,1,0.163,67.2,Email,0,149,1,0,0.345
54,Male,North,50699.04,23,38.0,1,0,0.399,56.4,Email,0,51,0,0,0.18
58,Female,East,52984.6,81,80.57,6,4,0.028,35.7,Social Media,0,1,1,0,0.335
67,Male,South,50882.9,17,87.74,9,1,0.363,45.6,Social Media,1,23,0,0,0.335
70,Female,West,87229.05,68,62.96,11,2,0.158,73.1,Social Media,1,24,0,0,0.055
38,Female,South,51106.64,75,33.14,6,1,0.249,67.4,Social Media,0,126,1,0,0.265
41,Female,South,53043.15,34,115.91,10,0,0.272,47.5,Social Media,0,60,1,1,0.855
55,Male,East,36628.59,6,5.0,9,1,0.367,100.0,Ads,1,112,0,0,0.24
55,Female,South,74465.05,41,69.55,8,2,0.518,30.5,SMS,1,138,1,1,0.68
44,Female,East,52991.36,6,65.21,8,4,0.411,69.9,Ads,0,2,0,0,0.155
52,Female,South,61772.75,54,5.0,10,1,0.178,100.0,SMS,1,9,0,0,0.06
63,Female,East,62294.58,60,109.7,6,1,0.306,76.6,Email,0,179,1,1,0.94
20,Male,East,71172.59,30,93.7,8,1,0.409,88.1,Ads,0,115,0,1,0.77
47,Male,South,84191.78,4,44.98,5,2,0.169,27.6,SMS,0,111,1,1,0.61
64,Female,South,39906.37,55,107.2,6,1,0.101,51.6,Email,0,73,1,1,0.77
54,Female,East,42985.57,67,64.11,8,2,0.457,32.3,Email,0,67,1,0,0.24
23,Male,East,38212.77,43,112.17,11,2,0.426,40.4,Ads,1,116,1,1,0.84
56,Female,East,48938.81,14,46.13,11,0,0.099,68.5,Ads,0,81,0,0,0.255
67,Female,East,68993.91,48,52.48,11,2,0.278,31.3,Social Media,1,94,0,0,0.445
18,Male,West,90606.32,115,88.12,13,1,0.102,54.1,Social Media,0,69,1,0,0.445
55,Female,West,23235.98,13,106.39,6,1,0.125,24.9,SMS,1,94,1,1,0.89
74,Male,South,85047.63,43,55.13,6,0,0.232,58.6,Ads,1,11,0,0,0.13
63,Female,North,73588.65,65,8.02,7,2,0.306,62.5,Email,0,32,0,0,0.025
61,Male,South,40799.34,16,103.48,7,1,0.479,50.7,Ads,0,59,1,1,0.715
50,Male,North,68700.82,106,94.26,11,0,0.361,81.7,SMS,0,164,0,1,0.625
67,Male,South,52638.21,102,65.41,9,1,0.35,85.9,Email,1,87,0,0,0.085
44,Female,West,57987.09,81,99.09,5,3,0.266,31.2,Social Media,0,74,1,1,0.775
60,Female,South,48163.07,4,14.34,6,1,0.359,71.1,Social Media,1,33,0,0,0.11
43,Female,East,59936.61,73,131.01,10,1,0.31,35.0,Social Media,0,111,1,1,0.975
73,Female,East,43918.6,10,5.0,6,0,0.22,79.1,Social Media,0,16,0,0,0.11
44,Female,West,50949.29,4,99.89,10,3,0.162,72.6,Email,0,103,1,1,0.845
68,Female,South,55103.8,82,113.0,3,1,0.216,42.0,SMS,0,8,0,0,0.42
34,Female,West,68284.34,106,75.85,8,0,0.27,74.9,Ads,1,115,0,0,0.35
33,Female,West,52148.72,109,78.3,8,2,0.45,100.0,Email,0,103,0,0,0.28
34,Male,East,19865.05,43,57.42,8,1,0.154,83.8,SMS,0,19,0,0,0.14
53,Female,West,83111.93,86,142.5,3,1,0.249,52.8,Email,1,154,1,1,0.965
37,Female,West,55172.22,26,137.83,8,1,0.161,79.2,SMS,0,68,1,1,0.93
20,Female,East,23099.41,95,50.73,7,2,0.207,28.6,Social Media,0,86,0,0,0.32
30,Female,East,66612.35,22,68.4,7,4,0.699,80.4,Social Media,1,2,0,0,0.145
28,Female,South,46247.88,24,30.41,6,5,0.076,36.1,Ads,1,61,0,0,0.225
74,Female,West,64879.79,86,40.09,5,2,0.245,86.8,Social Media,1,108,0,0,0.205
48,Female,West,62327.45,30,159.62,6,0,0.568,44.4,Ads,0,124,1,1,0.94
35,Female,South,42579.42,19,81.53,12,5,0.121,51.9,Ads,0,119,1,1,0.88
24,Female,South,63484.97,52,140.3,5,2,0.139,74.3,Social Media,1,46,1,1,0.78
46,Female,West,66926.99,91,89.33,10,3,0.411,60.1,Ads,1,102,1,0,0.48
49,Male,East,88027.22,7,42.93,8,1,0.168,90.1,Email,0,12,0,0,0.175
46,Female,East,109457.85,14,41.26,9,2,0.375,89.4,SMS,0,5,0,0,0.115
47,Female,West,87566.19,100,72.47,5,2,0.529,33.0,Social Media,0,44,1,0,0.17
64,Female,West,29740.47,78,74.71,9,1,0.213,62.1,Social Media,1,49,0,0,0.115
37,Female,West,56098.46,78,68.21,6,2,0.245,54.8,Email,0,115,1,1,0.58
33,Male,North,85660.53,36,86.42,8,1,0.421,68.1,Ads,0,139,1,1,0.85
56,Female,East,72601.78,24,53.4,9,3,0.294,55.0,Social Media,1,80,1,0,0.3
62,Male,West,68881.36,82,60.51,10,2,0.185,80.4,Ads,0,135,0,0,0.485
43,Female,North,59888.99,61,103.09,4,1,0.175,76.5,Email,0,65,1,1,0.685
33,Female,West,83390.79,84,95.94,8,0,0.344,37.0,Social Media,0,137,1,1,0.87
50,Male,East,78776.9,3,47.27,3,0,0.344,70.8,SMS,1,78,0,0,0.35
50,Male,East,93235.93,62,63.22,10,2,0.683,59.4,Ads,1,148,0,0,0.455
20,Female,East,29691.35,3,100.75,10,2,0.343,88.3,Ads,0,107,1,1,0.825
41,Male,South,17771.02,89,79.6,10,1,0.377,45.9,Ads,1,65,0,0,0.135
53,Female,East,49285.59,118,42.81,9,0,0.089,81.7,Email,0,13,0,0,0.05
55,Male,West,68982.54,40,134.59,11,1,0.533,89.7,Email,0,166,1,1,0.965
69,Male,North,60516.5,12,52.22,6,1,0.349,81.8,Social Media,0,21,0,0,0.155
54,Male,East,53846.98,18,89.92,9,1,0.629,75.8,Email,1,83,1,0,0.475
32,Female,North,61487.35,49,98.77,12,0,0.112,97.3,SMS,1,53,0,0,0.37
48,Male,South,76112.14,7,69.35,8,0,0.423,64.6,Social Media,0,28,0,0,0.185
22,Female,West,39426.03,33,67.46,5,1,0.391,82.3,Social Media,0,140,1,1,0.655
24,Other,North,49950.45,79,5.0,6,2,0.31,55.5,SMS,1,166,0,0,0.305
29,Male,South,68691.41,57,65.85,7,1,0.341,80.8,Email,0,146,1,1,0.745
42,Male,South,35179.17,61,93.69,7,2,0.338,60.1,Email,0,77,1,1,0.605
38,Other,South,50036.56,101,88.86,8,3,0.427,44.8,SMS,0,158,1,1,0.845
48,Female,East,72349.23,81,57.13,7,0,0.293,50.1,Ads,1,67,0,0,0.23
62,Female,East,54838.43,48,72.8,9,2,0.212,59.2,SMS,1,45,0,0,0.23
44,Male,East,47516.68,89,133.67,3,1,0.402,55.6,Ads,0,10,1,1,0.515
61,Male,North,82514.25,20,63.3,9,3,0.455,48.0,SMS,0,108,0,1,0.55
30,Male,South,57931.6,115,36.6,6,5,0.088,60.5,Social Media,0,117,0,0,0.37
34,Female,West,40065.1,13,102.63,7,4,0.326,44.8,Social Media,0,102,1,1,0.93
46,Female,West,82599.67,42,14.98,13,2,0.242,53.4,Ads,0,162,0,0,0.39
62,Other,East,31325.86,34,146.72,7,3,0.519,85.2,Social Media,1,68,0,1,0.74
27,Female,East,47980.97,45,109.1,5,2,0.497,52.3,Email,1,62,1,1,0.73
42,Male,North,74094.02,79,93.34,13,2,0.153,33.5,Social Media,0,132,1,1,0.885
63,Female,South,68201.54,50,110.8,6,1,0.453,63.5,SMS,0,162,1,1,0.955
30,Female,North,49347.49,11,91.94,12,1,0.532,74.4,Ads,1,28,1,0,0.285
47,Female,North,102573.54,87,39.54,7,0,0.274,39.0,Social Media,0,152,1,0,0.42
52,Female,East,54694.78,13,53.89,7,1,0.115,86.0,SMS,1,7,0,0,0.195
53,Female,West,80086.17,84,108.51,8,0,0.47,65.0,Ads,1,10,0,0,0.21
40,Male,West,65484.86,86,83.93,8,2,0.52,39.2,SMS,1,4,1,0,0.085
65,Male,East,64089.44,21,115.23,7,0,0.071,43.5,Ads,1,150,1,1,0.98
71,Male,East,51333.72,25,35.97,7,3,0.067,65.9,Email,0,9,0,0,0.135
49,Female,North,54598.45,2,92.93,9,3,0.167,44.7,Ads,0,114,1,1,0.93
72,Male,North,43790.38,25,35.4,8,0,0.056,83.2,Ads,1,143,1,1,0.545
72,Female,East,60590.71,45,19.9,13,3,0.037,52.6,SMS,0,112,0,0,0.375
40,Male,West,60273.49,110,84.62,9,2,0.063,100.0,SMS,0,46,0,0,0.235
64,Male,South,101572.59,22,35.88,7,1,0.279,52.1,Social Media,0,91,0,0,0.305
72,Female,North,78622.46,3,84.62,11,4,0.302,32.0,SMS,0,104,1,1,0.795
27,Female,West,85570.23,100,41.72,9,1,0.232,89.3,Ads,0,84,0,0,0.055
58,Male,East,40765.97,9,52.54,10,2,0.241,56.3,Social Media,0,146,1,1,0.865
30,Male,West,99189.24,37,102.7,5,3,0.235,66.9,Email,0,43,0,1,0.65
59,Female,North,73272.9,101,5.0,5,2,0.466,50.4,SMS,0,36,0,0,0.06
56,Male,South,63325.62,7,118.89,7,0,0.267,61.7,Social Media,1,136,1,1,0.955
19,Male,West,34093.82,40,132.02,3,1,0.105,53.3,Ads,1,163,1,1,0.96
31,Female,West,42151.73,24,90.36,5,0,0.425,58.4,Social Media,0,101,1,1,0.77
61,Male,West,51326.47,16,29.84,11,1,0.206,37.2,Social Media,0,78,1,0,0.255
72,Male,South,35260.44,95,23.13,6,0,0.232,91.7,SMS,0,43,0,0,0.095
62,Female,South,47305.23,17,88.05,10,1,0.171,24.1,Ads,0,53,1,1,0.7
26,Female,North,80538.18,82,98.6,7,3,0.019,76.0,SMS,0,54,1,0,0.475
71,Male,West,83060.2,102,25.65,9,0,0.449,64.6,SMS,1,125,0,0,0.155
53,Male,East,96877.32,31,100.73,8,1,0.535,79.1,Social Media,0,53,1,0,0.49
72,Female,South,50719.52,9,120.66,7,2,0.307,60.2,Ads,0,138,1,1,0.97
72,Male,South,43369.28,96,47.74,6,1,0.429,37.7,Social Media,0,28,0,0,0.08
35,Male,North,53949.89,13,5.0,10,3,0.477,63.7,Email,0,83,0,0,0.13
60,Male,South,31124.92,58,58.85,7,5,0.026,34.9,Ads,0,63,0,0,0.33
24,Female,West,58491.42,41,56.62,4,0,0.184,41.4,Email,1,78,1,0,0.395
29,Female,West,67374.77,50,95.71,7,1,0.323,61.4,Ads,1,74,1,1,0.62
51,Female,South,19064.89,66,66.49,7,2,0.156,28.3,Email,1,44,0,0,0.325
54,Male,West,31986.79,8,136.15,11,4,0.4,26.0,Ads,0,69,1,1,0.875
41,Female,North,35990.28,102,119.14,15,1,0.294,38.1,Ads,1,154,1,1,0.84
23,Female,East,95554.03,29,105.45,11,1,0.514,83.2,Email,0,41,0,0,0.5
69,Male,North,66093.21,16,62.97,13,1,0.236,74.5,SMS,0,8,0,0,0.125
63,Female,West,40772.74,94,12.01,16,3,0.447,24.4,SMS,0,93,0,0,0.135
55,Female,South,61251.46,87,50.59,3,3,0.119,43.9,Email,1,72,0,0,0.21
36,Male,South,60125.74,72,25.16,9,1,0.503,58.2,SMS,0,85,0,0,0.07
49,Male,West,93416.13,115,87.52,8,5,0.283,28.3,Ads,0,103,0,1,0.53
34,Male,South,78216.14,2,73.56,6,5,0.5,27.3,Ads,0,104,0,1,0.655
51,Female,South,73284.65,109,130.75,8,1,0.475,23.6,Ads,1,82,0,1,0.765
73,Female,East,62894.11,74,78.64,12,0,0.174,57.1,Email,1,139,1,1,0.715
18,Female,East,55596.59,4,56.24,6,1,0.152,56.2,Email,0,56,1,0,0.285
57,Female,East,73953.11,4,78.02,7,1,0.192,46.0,Ads,0,114,1,1,0.885
31,Female,West,84585.96,100,132.01,5,1,0.007,52.3,SMS,1,154,1,1,0.87
66,Male,East,58330.15,41,150.85,4,4,0.202,57.7,Social Media,1,127,1,1,0.94
31,Male,North,35980.6,105,51.36,9,1,0.24,35.6,Social Media,0,178,1,0,0.485
49,Female,South,82658.38,39,34.78,8,1,0.34,63.0,Ads,0,138,0,1,0.6
61,Other,North,37722.62,108,57.84,6,2,0.174,57.7,Ads,1,73,0,0,0.13
37,Male,South,57726.72,101,45.85,7,1,0.115,100.0,Ads,1,10,0,0,0.035
58,Female,West,27770.14,110,80.12,8,1,0.198,59.8,Email,0,94,1,0,0.32
22,Male,North,59006.57,39,32.25,5,1,0.217,62.8,Email,0,46,1,0,0.145
36,Female,South,43325.45,8,96.9,11,1,0.109,53.3,Social Media,0,54,1,1,0.765
35,Male,West,42448.32,75,72.92,11,2,0.161,100.0,SMS,0,167,0,1,0.66
73,Female,South,64569.48,112,88.56,11,4,0.078,83.1,SMS,1,94,1,0,0.43
56,Male,North,46912.53,19,145.72,11,2,0.313,86.0,SMS,0,91,0,1,0.895
45,Male,East,50022.57,117,104.8,9,1,0.217,28.1,SMS,0,69,0,1,0.665
40,Male,North,74447.78,28,18.23,7,0,0.281,76.2,Ads,0,115,0,0,0.325
48,Female,North,76597.91,99,84.64,10,0,0.278,80.3,SMS,0,52,0,0,0.13
43,Other,West,43390.7,104,45.49,9,2,0.547,43.4,Social Media,1,124,0,0,0.2
66,Male,South,72792.14,25,60.21,12,2,0.617,65.4,SMS,0,93,0,0,0.345
72,Female,South,74149.69,110,74.68,5,2,0.422,52.2,SMS,0,55,0,0,0.125
43,Male,West,51195.28,99,80.0,13,2,0.379,30.4,Email,0,15,0,0,0.16
69,Male,North,67896.18,39,123.24,11,0,0.309,56.1,SMS,1,76,0,1,0.805
22,Male,North,40435.52,102,120.05,11,1,0.332,65.1,Social Media,0,45,0,1,0.53
66,Male,West,60625.86,74,49.24,9,2,0.23,45.1,Social Media,0,83,0,0,0.205
51,Male,East,86535.78,41,122.4,6,2,0.092,100.0,SMS,0,152,1,1,0.91
37,Female,West,47000.04,98,64.57,10,2,0.101,51.3,SMS,0,119,0,0,0.42
27,Male,North,73544.49,107,93.39,7,1,0.3,67.5,Email,1,87,0,1,0.515
72,Male,South,56389.98,18,52.31,4,5,0.431,90.0,Ads,0,108,1,0,0.48
63,Male,West,22238.88,31,72.64,5,1,0.416,52.6,Email,0,120,0,1,0.8
72,Female,South,76712.97,5,90.03,11,2,0.083,61.0,SMS,0,54,1,1,0.555
58,Male,West,53513.51,93,91.59,8,2,0.258,48.3,Email,1,114,1,1,0.785
19,Other,South,44168.83,71,50.08,6,2,0.235,100.0,Email,1,154,1,1,0.585
60,Male,West,79983.34,34,14.34,6,0,0.14,56.4,SMS,1,116,0,0,0.355
24,Male,North,72621.69,88,59.19,12,2,0.018,65.1,Social Media,1,5,0,0,0.155
56,Male,East,57022.11,106,60.48,6,0,0.105,27.4,Email,0,83,0,0,0.355
33,Other,South,65614.38,73,107.96,10,0,0.435,88.0,Email,1,158,1,1,0.91
74,Male,South,84205.8,116,97.99,10,1,0.326,44.0,Ads,0,28,0,0,0.195
22,Male,West,81618.7,64,98.61,5,2,0.348,65.1,Ads,1,10,0,0,0.29
72,Female,East,55051.72,22,102.26,11,1,0.364,69.6,Social Media,1,55,0,1,0.51
74,Male,East,72037.73,57,138.1,6,3,0.313,61.6,Social Media,0,69,1,1,0.69
65,Female,East,69608.9,110,116.19,7,4,0.243,60.4,Social Media,1,166,1,1,0.91
60,Female,West,33009.27,8,60.39,5,1,0.432,83.3,Social Media,0,93,1,0,0.45
44,Male,North,35980.15,3,103.2,8,2,0.129,65.0,Ads,1,117,1,1,0.915
37,Female,West,67960.19,102,172.0,7,1,0.415,65.9,Social Media,0,100,1,1,0.865
41,Female,North,59921.91,43,120.71,8,1,0.263,100.0,SMS,0,29,0,0,0.44
46,Female,North,50800.43,98,128.17,8,2,0.289,73.6,Social Media,0,131,0,1,0.94
65,Female,East,50371.71,20,55.47,13,2,0.282,71.0,Ads,1,147,1,1,0.705
37,Male,West,74507.93,100,70.72,7,2,0.336,75.1,Email,0,142,1,1,0.625
31,Female,East,57441.53,75,55.3,9,1,0.286,56.1,Email,0,99,0,0,0.25
18,Male,North,64131.05,9,87.18,6,0,0.613,56.5,Social Media,0,29,0,0,0.3
72,Female,East,92389.23,83,47.5,8,0,0.232,29.3,Email,0,146,1,1,0.515
21,Male,South,29553.08,106,84.82,8,2,0.124,60.6,SMS,0,133,1,1,0.77
18,Female,North,47322.11,13,141.25,8,2,0.228,42.4,SMS,0,62,1,1,0.875
31,Male,South,46512.05,91,99.07,4,0,0.202,68.3,Email,0,105,1,1,0.79
25,Male,East,53266.3,102,83.09,8,2,0.326,83.4,Social Media,0,120,0,1,0.525
56,Female,East,51376.22,24,89.9,9,0,0.179,49.2,Email,0,161,1,1,0.97
68,Male,East,52413.65,45,132.36,7,2,0.372,89.3,Ads,0,173,1,1,0.97
48,Female,North,26928.99,39,105.33,3,2,0.052,60.1,Social Media,0,7,0,1,0.585
70,Male,South,69486.72,24,88.91,10,2,0.428,91.7,SMS,1,123,1,1,0.79
71,Male,North,52745.42,114,105.47,11,3,0.074,43.0,Email,0,132,1,1,0.86
52,Male,North,35787.37,53,47.34,8,1,0.35,53.8,Social Media,0,80,1,0,0.185
50,Male,East,71117.52,19,47.55,10,0,0.087,72.0,Ads,1,26,0,0,0.2
66,Male,North,46371.33,62,107.18,10,1,0.285,65.6,SMS,0,62,1,1,0.535
20,Male,East,75221.62,53,114.93,5,4,0.288,59.3,SMS,0,119,1,1,0.81
56,Male,East,63260.1,116,79.82,7,1,0.087,33.8,Email,1,37,0,0,0.225
69,Other,North,58054.95,23,22.36,16,0,0.218,12.4,SMS,1,170,1,0,0.475
57,Female,North,20280.21,80,76.94,9,3,0.074,89.3,Ads,0,5,0,0,0.165
63,Male,North,42616.84,118,81.51,3,0,0.493,57.8,Social Media,1,43,0,0,0.18
60,Female,South,74201.43,101,101.0,11,2,0.29,24.4,Email,1,82,0,1,0.605
43,Female,North,85083.67,76,55.4,11,1,0.684,77.2,Social Media,1,82,0,0,0.095
28,Female,South,82798.59,56,83.95,8,2,0.465,80.4,Social Media,0,179,1,1,0.77
38,Female,South,82689.33,11,128.47,11,1,0.15,80.9,Social Media,0,111,1,1,0.915
49,Female,West,57946.59,3,31.03,7,2,0.414,75.1,Ads,0,58,0,0,0.15
66,Male,South,55893.56,51,132.51,8,3,0.385,46.1,SMS,0,93,1,1,0.895
24,Female,West,42698.64,115,76.96,12,4,0.05,28.2,Ads,0,89,1,0,0.445
57,Other,West,77155.4,59,64.58,10,4,0.661,15.1,SMS,1,171,0,1,0.625
56,Female,East,60870.07,91,21.54,8,3,0.271,86.9,Email,0,44,0,0,0.03
33,Male,East,35921.93,83,78.23,9,4,0.249,31.6,Ads,0,98,1,1,0.62
41,Female,North,49417.47,21,79.38,6,1,0.243,25.9,Ads,1,141,1,1,0.94
70,Female,East,70204.09,81,137.85,12,2,0.206,72.1,Ads,0,157,1,1,0.885
46,Female,West,78695.5,45,80.56,11,2,0.22,34.4,SMS,0,119,1,1,0.825
41,Female,North,49344.78,24,91.91,11,1,0.494,82.4,Ads,0,149,0,1,0.86
71,Male,East,92610.13,25,78.49,8,2,0.019,67.5,Email,1,162,1,1,0.885
26,Female,South,53347.11,81,99.79,3,2,0.272,54.4,Email,1,66,1,1,0.595
23,Female,South,63809.64,9,95.47,7,1,0.066,63.2,Social Media,0,150,1,1,0.955
33,Male,East,66423.12,64,92.93,7,0,0.286,69.8,Ads,1,81,0,1,0.605
45,Female,South,44721.69,118,56.87,3,5,0.103,43.3,SMS,0,150,1,1,0.56
69,Male,North,48187.85,14,187.67,6,1,0.441,73.4,Social Media,1,22,1,1,0.695
69,Female,North,58170.55,51,42.27,12,2,0.156,71.9,Email,1,35,0,0,0.075
31,Male,East,77056.95,118,48.22,14,1,0.717,59.0,Email,1,98,0,0,0.09
58,Male,North,51122.47,95,56.58,13,3,0.462,95.7,Ads,0,155,1,0,0.285
42,Male,South,62226.57,67,185.09,13,0,0.492,37.9,Email,0,35,1,1,0.71
62,Female,West,77811.65,29,117.25,8,1,0.203,33.4,SMS,1,129,1,1,0.94
53,Female,West,68589.99,2,86.75,13,1,0.345,61.4,Social Media,0,97,1,1,0.78
33,Female,South,58550.46,73,5.0,8,3,0.084,35.9,Email,1,20,0,0,0.08
20,Female,East,68434.29,63,105.95,7,1,0.18,65.2,Ads,0,68,0,1,0.655
70,Female,West,71308.81,60,88.06,7,0,0.39,23.0,SMS,0,144,1,1,0.88
26,Male,South,69002.42,43,126.31,11,2,0.303,94.9,Social Media,0,4,1,0,0.39
41,Male,South,58434.85,105,30.55,12,1,0.445,40.6,SMS,1,72,0,0,0.05
73,Male,North,43162.13,110,98.23,8,1,0.241,80.0,Social Media,0,44,1,0,0.31
23,Male,North,49050.05,21,18.74,14,2,0.306,87.6,Email,0,103,0,0,0.12
29,Female,North,56597.18,18,44.58,3,1,0.19,52.1,Social Media,0,20,0,0,0.135
42,Male,South,68354.97,94,42.09,6,2,0.137,93.9,Email,0,154,0,0,0.335
37,Male,West,59704.45,107,67.77,5,2,0.098,67.9,Email,0,3,0,0,0.07
28,Other,North,49566.46,20,50.03,7,0,0.019,27.5,Email,1,155,1,1,0.875
62,Female,West,66344.44,61,110.82,7,1,0.434,68.4,Email,0,151,1,1,0.97
51,Male,West,80036.75,95,111.68,10,0,0.448,49.8,Ads,0,61,0,1,0.525
55,Female,South,44528.15,34,136.14,5,0,0.12,71.2,Ads,0,114,1,1,0.97
68,Male,South,81751.15,72,75.52,9,1,0.11,74.7,Ads,1,118,1,1,0.6
28,Female,West,70831.46,61,51.68,5,0,0.184,53.9,Ads,0,61,0,0,0.165
32,Female,West,103779.54,108,73.78,3,2,0.249,64.5,Ads,0,127,1,0,0.495
60,Male,South,67831.18,5,63.12,8,2,0.22,11.8,Email,1,142,1,1,0.83
72,Female,West,44812.4,67,41.77,8,3,0.645,67.7,SMS,1,25,0,0,0.035
29,Female,West,83624.78,76,124.25,6,6,0.226,81.3,Email,0,38,1,1,0.62
52,Female,North,49216.43,17,74.89,8,1,0.221,41.9,Ads,0,96,1,1,0.71
49,Male,East,58166.7,53,89.83,6,0,0.12,74.3,Ads,0,32,1,0,0.205
24,Female,East,40064.0,116,89.15,11,2,0.223,62.6,Ads,0,174,1,1,0.775
40,Male,West,68483.33,96,101.75,9,0,0.264,58.6,Ads,0,34,1,0,0.22
23,Male,North,78590.99,58,105.35,5,1,0.378,45.2,Social Media,0,7,1,0,0.45
19,Female,East,66543.46,24,114.04,6,0,0.202,76.6,Email,0,71,1,1,0.8
46,Female,South,75429.43,15,60.92,7,0,0.2,55.1,Social Media,1,87,1,1,0.605
61,Male,West,60816.76,8,105.1,8,4,0.126,73.7,SMS,0,139,1,1,0.95
50,Male,East,47834.89,80,5.0,10,1,0.207,99.8,Email,1,94,0,0,0.135
26,Female,North,70688.99,86,46.07,10,1,0.087,27.4,Social Media,0,93,0,0,0.34
69,Male,East,30776.43,71,130.47,9,1,0.539,55.1,Email,0,92,1,1,0.835
29,Male,West,35542.72,24,71.13,4,2,0.358,48.7,Social Media,0,140,0,1,0.885
24,Female,South,49321.89,56,86.38,9,3,0.107,21.8,SMS,0,70,1,1,0.645
30,Male,West,82966.34,59,50.58,10,2,0.397,74.4,Social Media,0,36,0,0,0.05
55,Male,North,72538.62,56,112.72,9,1,0.063,48.9,Social Media,1,66,0,1,0.79
32,Female,West,59816.24,82,81.7,4,2,0.31,43.5,SMS,0,63,1,0,0.45
61,Male,North,65808.42,104,81.37,8,1,0.093,37.3,Ads,0,9,0,0,0.165
56,Female,North,28093.24,26,79.66,7,0,0.178,28.2,Social Media,1,48,1,0,0.455
44,Female,West,43510.7,10,83.4,4,1,0.565,69.8,SMS,0,54,0,0,0.445
72,Male,South,31108.02,63,69.72,11,1,0.278,72.6,SMS,0,28,0,0,0.105
66,Female,South,78836.46,116,89.92,9,0,0.2,52.0,SMS,0,67,1,0,0.3
27,Male,South,69143.38,85,61.91,8,2,0.528,63.5,Email,0,108,0,0,0.245
62,Female,North,69008.71,109,54.75,8,1,0.165,53.3,SMS,0,157,1,1,0.52
73,Female,North,66606.64,74,19.96,8,2,0.39,46.7,Social Media,0,175,0,0,0.39
30,Male,West,57193.98,99,80.06,7,1,0.388,68.3,Ads,0,66,0,0,0.225
37,Female,West,84401.11,9,100.22,8,2,0.264,83.1,Ads,0,142,1,1,0.94
38,Male,West,98289.34,22,134.8,5,1,0.312,46.6,Ads,1,1,1,1,0.715
47,Male,West,64444.46,102,98.31,5,4,0.115,22.9,Ads,0,20,1,0,0.41
49,Female,East,52541.64,43,130.05,10,0,0.031,60.5,SMS,0,154,1,1,0.97
49,Female,North,56657.77,6,61.16,9,0,0.18,59.1,Email,0,169,1,1,0.895
45,Male,East,74481.59,17,107.44,9,3,0.254,58.0,Ads,1,4,0,1,0.565
74,Female,West,78273.1,59,108.54,3,1,0.035,52.3,Ads,0,126,1,1,0.83
59,Male,South,48070.5,53,6.85,6,1,0.046,56.2,Ads,0,4,0,0,0.16
30,Male,North,43226.7,91,32.2,8,1,0.18,91.2,Email,0,152,0,0,0.315
34,Male,North,62650.28,21,53.64,3,2,0.177,52.4,Ads,0,163,1,1,0.885
20,Male,East,34651.79,105,24.19,6,2,0.051,71.5,Email,0,15,0,0,0.06
26,Other,North,77166.94,11,34.91,10,0,0.436,62.1,Social Media,0,176,1,1,0.54
36,Female,East,48102.46,71,35.39,9,3,0.567,64.2,Social Media,1,85,0,0,0.085
28,Male,West,70401.73,41,103.11,6,3,0.191,68.4,SMS,1,69,1,1,0.785
22,Male,North,34048.9,100,68.99,5,0,0.458,30.8,Ads,0,27,0,0,0.16
56,Male,West,60615.69,79,102.46,5,2,0.044,92.0,Social Media,0,16,0,0,0.365
22,Male,South,70672.84,8,91.5,5,2,0.345,56.4,Email,0,179,1,1,0.935
20,Male,East,65669.58,71,88.08,7,0,0.247,91.2,Email,0,169,0,1,0.875
58,Male,North,44431.22,72,124.62,9,2,0.512,97.6,Social Media,0,44,0,0,0.35
54,Female,North,65275.97,34,91.57,9,0,0.257,77.4,Ads,0,65,0,1,0.585
66,Male,West,26099.58,7,54.1,13,3,0.201,87.3,Ads,0,124,1,1,0.525
73,Male,South,25006.81,21,75.35,6,2,0.335,41.5,Social Media,0,30,0,0,0.37
68,Female,South,76220.21,116,100.9,7,0,0.195,69.9,Social Media,0,4,0,0,0.18
54,Male,South,62445.49,45,79.13,11,2,0.078,77.2,Email,0,37,0,0,0.105
59,Male,South,83502.84,1,117.9,5,2,0.057,47.3,Social Media,1,86,1,1,0.86
42,Male,East,22840.19,37,87.51,7,1,0.355,81.3,SMS,0,69,0,0,0.495
21,Male,West,59417.01,99,91.51,8,3,0.457,85.1,SMS,0,136,1,1,0.7
56,Female,East,59652.72,107,92.13,7,2,0.22,54.4,SMS,1,112,0,1,0.73
59,Female,West,69793.48,42,136.26,6,1,0.56,42.4,Email,0,85,1,1,0.86
62,Male,North,36337.57,116,87.54,6,2,0.206,54.7,Ads,0,51,0,0,0.23
50,Female,East,58639.24,24,73.93,7,2,0.047,88.3,SMS,1,124,1,1,0.79
59,Female,South,82210.99,48,125.78,4,1,0.63,87.9,SMS,1,92,1,1,0.775
23,Male,South,78025.71,112,121.92,10,0,0.071,55.1,SMS,0,22,0,0,0.44
62,Female,South,45572.54,5,77.23,13,0,0.333,44.2,SMS,0,22,0,0,0.195
42,Male,North,50218.97,50,75.76,13,1,0.097,45.2,Email,0,112,1,1,0.775
20,Female,East,43349.95,45,103.84,6,3,0.244,74.6,Ads,0,150,1,1,0.96
45,Female,South,52448.47,82,89.38,8,1,0.196,40.8,Social Media,0,126,1,1,0.885
70,Male,East,58235.15,31,94.56,8,3,0.525,51.3,Email,0,59,1,1,0.57
34,Male,South,61909.4,118,93.86,7,3,0.383,26.2,Email,0,169,1,1,0.73
38,Male,West,85906.66,28,61.64,6,1,0.304,69.2,Social Media,0,104,0,0,0.335
48,Male,North,60560.11,88,40.3,11,0,0.272,61.5,Email,0,114,0,0,0.16
60,Male,South,68909.89,54,36.95,10,2,0.132,75.8,Ads,0,67,0,0,0.115
37,Female,West,43910.92,86,63.84,9,3,0.126,21.6,SMS,1,92,0,0,0.445
46,Female,West,53389.78,34,110.75,16,0,0.133,73.3,Email,1,21,1,1,0.51
45,Male,North,48905.38,67,89.56,4,3,0.113,62.7,SMS,0,114,1,1,0.835
19,Male,South,53482.76,4,104.8,1,1,0.283,28.4,SMS,1,4,1,1,0.69
28,Male,South,58044.01,99,116.41,6,1,0.326,56.5,SMS,1,68,1,1,0.705
27,Female,South,51013.42,19,117.12,7,3,0.34,58.2,Social Media,0,44,1,1,0.79
29,Female,South,73462.58,105,74.59,7,0,0.382,21.1,Email,1,137,1,1,0.72
23,Female,West,38579.45,44,147.06,7,2,0.504,73.0,Social Media,0,178,1,1,0.91
61,Male,West,39513.62,70,22.9,8,3,0.169,22.5,SMS,0,60,0,0,0.13
69,Male,South,96163.96,58,76.36,13,1,0.175,54.1,SMS,1,15,0,0,0.195
28,Male,East,44949.66,97,82.56,9,2,0.229,56.0,SMS,0,86,1,0,0.42
57,Female,West,43381.18,116,98.53,7,1,0.655,56.9,Email,1,33,0,0,0.265
65,Female,West,81732.43,63,112.32,7,0,0.465,66.3,Social Media,1,103,1,1,0.825
61,Male,West,59401.96,95,85.45,11,3,0.159,64.3,Ads,1,41,0,0,0.16
42,Male,South,65638.25,41,64.94,11,0,0.162,71.0,Social Media,1,37,0,0,0.16
70,Female,West,82842.11,4,59.11,8,1,0.164,56.1,Email,1,134,1,1,0.81
58,Female,East,58575.93,46,35.65,10,1,0.231,85.5,SMS,1,88,0,0,0.21
46,Female,West,58634.93,35,133.13,7,4,0.078,74.1,Ads,0,18,1,1,0.745
47,Male,South,46951.25,2,57.2,7,0,0.596,61.4,Email,0,83,0,0,0.305
24,Female,East,66653.54,111,116.15,11,1,0.182,46.4,Email,0,86,1,1,0.81
59,Other,South,54859.83,110,108.15,8,1,0.519,56.9,Social Media,0,144,0,1,0.76
18,Female,West,54107.15,4,34.7,8,2,0.465,69.8,Social Media,0,10,0,0,0.105
38,Female,West,42599.47,86,102.58,9,1,0.26,51.8,Ads,0,105,1,1,0.775
26,Male,East,61222.68,83,58.31,9,1,0.212,64.8,Social Media,0,42,0,0,0.055
24,Female,West,82259.85,118,138.09,10,2,0.247,53.6,Email,1,136,1,1,0.84
33,Male,West,54762.82,11,94.33,8,2,0.149,57.6,SMS,0,64,1,1,0.775
33,Male,East,42598.54,12,38.0,8,2,0.166,67.1,Email,0,107,1,0,0.37
68,Male,East,51768.16,79,127.78,14,0,0.449,37.3,Ads,1,148,1,1,0.91
33,Male,East,57386.52,117,56.22,7,3,0.392,58.1,Ads,0,55,0,0,0.07
21,Male,East,35521.98,98,81.45,13,1,0.388,59.0,Social Media,0,78,1,0,0.26
67,Male,North,64731.45,9,43.82,8,1,0.113,68.9,Social Media,1,114,1,1,0.59
52,Male,South,76126.74,80,33.66,12,3,0.006,59.2,SMS,0,66,0,0,0.14
44,Female,West,72001.49,107,109.62,6,0,0.351,43.3,SMS,0,111,1,1,0.815
43,Male,East,30917.33,77,53.74,12,5,0.129,43.9,SMS,1,135,0,1,0.62
27,Male,South,53804.07,36,87.0,9,3,0.072,74.2,Ads,0,176,1,1,0.905
48,Male,North,77643.97,108,118.1,10,0,0.075,55.6,Social Media,0,17,0,0,0.455
73,Male,South,73689.31,106,94.85,4,1,0.151,44.6,Ads,1,86,0,1,0.555
60,Other,South,49915.93,59,52.77,7,3,0.549,41.7,SMS,0,35,0,0,0.095
32,Male,South,30676.93,51,86.14,6,0,0.024,100.0,Social Media,1,25,0,0,0.37
70,Female,South,71717.31,24,71.69,6,1,0.543,55.2,Social Media,0,73,1,0,0.375
41,Female,West,95621.51,77,73.43,14,0,0.372,96.0,SMS,0,40,0,0,0.11
69,Male,East,44410.63,26,25.35,5,1,0.144,57.4,Email,0,31,0,0,0.145
41,Female,South,50368.03,37,44.07,5,1,0.629,52.1,Ads,0,172,1,1,0.69
20,Male,East,44641.94,90,65.21,6,1,0.111,57.9,SMS,0,100,0,0,0.48
25,Female,East,74436.8,28,30.94,10,1,0.144,49.6,Social Media,0,172,1,1,0.65
73,Female,South,85847.54,99,47.01,5,0,0.683,60.0,Ads,1,173,1,1,0.525
62,Female,West,47228.79,68,5.85,5,1,0.145,91.8,SMS,0,142,0,0,0.28
20,Male,North,89291.77,82,62.55,7,2,0.111,66.0,Ads,1,15,0,0,0.1
38,Male,West,78035.71,50,107.28,9,2,0.503,99.3,Social Media,1,163,1,1,0.865
19,Male,South,49632.08,24,145.75,7,0,0.261,82.9,Social Media,1,85,1,1,0.835
29,Male,West,25470.41,108,74.35,10,2,0.038,72.1,Social Media,0,56,0,0,0.195
47,Female,East,68236.66,18,71.79,7,0,0.066,38.7,Social Media,0,50,1,1,0.53
28,Male,South,48854.7,45,123.95,7,2,0.198,83.1,Social Media,0,89,1,1,0.855
38,Male,South,45270.44,82,104.38,11,0,0.239,73.3,Ads,1,19,1,0,0.29
67,Male,East,79932.23,11,28.48,9,1,0.648,81.5,SMS,1,147,0,0,0.29
23,Male,East,46381.42,51,65.26,10,3,0.513,52.0,Ads,0,82,1,0,0.22
63,Male,North,76236.96,53,101.42,7,2,0.55,72.6,Social Media,0,58,0,0,0.33
28,Male,West,48505.22,66,54.19,10,1,0.455,43.3,Social Media,1,36,0,0,0.11
70,Female,East,87752.01,3,111.25,9,0,0.296,68.0,Email,0,120,1,1,0.915
28,Female,West,37484.54,47,54.17,7,2,0.136,66.7,Social Media,1,97,1,0,0.4
63,Male,North,70469.51,68,72.96,5,3,0.128,100.0,Ads,0,81,0,0,0.3
70,Male,East,48481.73,52,105.62,8,1,0.245,77.4,Ads,1,137,1,1,0.935
22,Female,North,88896.96,31,126.88,11,1,0.129,59.0,Ads,0,145,1,1,0.935
40,Female,East,71296.96,31,99.47,8,1,0.517,62.5,Ads,0,58,1,1,0.675
23,Male,East,85177.54,78,127.12,10,1,0.289,70.9,Email,1,125,1,1,0.89
28,Female,West,36672.75,40,48.91,5,5,0.252,79.8,Email,0,94,1,0,0.32
61,Female,West,57638.34,8,138.84,8,0,0.052,82.8,Email,0,45,0,1,0.78
45,Male,East,61492.02,2,88.32,8,1,0.6,98.1,Social Media,0,158,1,1,0.75
34,Male,North,69453.78,66,125.88,7,1,0.145,70.6,Ads,0,171,1,1,0.995
66,Male,North,70576.66,117,49.73,6,1,0.42,71.9,Email,0,110,1,0,0.14
55,Female,North,69018.78,53,49.14,6,2,0.308,33.8,Email,0,72,1,0,0.14
36,Male,North,54047.04,102,40.58,14,0,0.485,53.2,SMS,1,146,0,0,0.17
63,Female,West,108695.93,93,127.6,11,1,0.216,73.7,Ads,0,107,1,1,0.79
62,Male,East,51325.5,26,82.62,10,1,0.656,36.6,Ads,0,55,0,0,0.465
50,Female,East,72869.45,52,76.68,6,0,0.552,62.7,Social Media,0,98,1,0,0.5
24,Male,North,72711.64,5,44.06,10,0,0.544,50.7,Social Media,0,153,1,1,0.56
69,Female,West,84933.34,36,53.91,7,1,0.047,100.0,Social Media,0,1,0,0,0.15
69,Female,North,23746.84,58,32.77,8,2,0.425,53.8,Social Media,0,113,0,0,0.245
62,Female,East,58245.35,98,156.31,11,2,0.213,69.3,Social Media,0,78,1,1,0.83
60,Female,North,49039.42,43,55.31,3,0,0.484,79.3,Ads,0,104,0,0,0.345
39,Other,South,66468.44,36,69.02,15,1,0.034,33.4,Email,0,32,0,0,0.335
20,Female,South,43269.03,33,106.08,8,0,0.282,39.7,Social Media,0,127,1,1,0.905
24,Male,East,55293.37,21,54.07,8,2,0.067,72.7,SMS,1,106,0,1,0.61
20,Female,West,47683.83,37,128.44,8,1,0.206,69.0,Email,1,128,1,1,0.93
43,Female,North,55312.47,91,78.9,8,2,0.298,55.2,Ads,1,105,0,0,0.47
28,Male,North,84390.74,86,97.78,8,0,0.41,52.3,Ads,0,131,1,1,0.79
66,Female,North,44221.97,106,120.95,7,0,0.246,100.0,Email,0,8,0,0,0.29
71,Female,East,80117.44,32,103.95,8,3,0.244,59.1,SMS,0,160,1,1,0.95
31,Male,North,46785.77,56,52.53,5,1,0.033,100.0,Email,0,103,1,0,0.375
38,Male,South,77608.71,11,13.6,9,0,0.467,78.7,Ads,0,85,0,0,0.165
67,Male,South,56463.19,77,75.98,9,1,0.047,50.8,Email,1,79,1,0,0.47
48,Male,East,51047.92,87,65.12,5,1,0.288,66.8,Social Media,0,144,0,1,0.655
18,Male,West,68292.52,47,79.84,6,3,0.088,81.9,Ads,1,64,0,0,0.485
58,Male,West,79087.05,116,70.05,4,3,0.163,100.0,Social Media,0,108,0,0,0.445
26,Male,South,73204.87,94,116.63,6,2,0.1,29.7,Ads,1,12,0,1,0.55
74,Female,West,55391.46,94,69.68,10,1,0.192,87.8,Ads,0,95,0,0,0.255
39,Female,East,95207.3,22,88.13,7,1,0.223,51.7,Ads,0,95,1,1,0.86
74,Other,East,63047.35,49,71.47,8,0,0.211,63.0,Ads,0,69,0,0,0.34
43,Male,West,45808.59,58,63.58,10,1,0.19,34.7,Social Media,0,54,0,0,0.34
26,Female,East,28150.7,81,65.83,6,1,0.321,58.5,Ads,1,103,1,0,0.395
67,Male,West,79397.92,83,72.81,10,0,0.259,50.4,Social Media,1,97,0,0,0.335
48,Female,South,62148.67,105,96.91,14,2,0.163,37.3,Email,0,9,0,0,0.255
61,Male,West,68426.82,57,38.05,12,0,0.251,84.7,Social Media,1,119,0,0,0.225
63,Other,West,53429.55,91,80.56,12,3,0.37,42.3,SMS,0,5,0,0,0.165
36,Male,East,36608.12,39,157.1,14,2,0.039,69.3,Social Media,0,106,1,1,0.92
30,Female,West,43022.36,32,72.42,9,2,0.19,42.0,Ads,0,109,0,1,0.76
45,Female,West,15164.62,30,44.92,11,2,0.257,91.7,Social Media,0,54,1,0,0.135
47,Female,East,60275.06,14,102.06,5,0,0.273,66.3,Email,1,162,1,1,0.97
48,Male,East,62950.49,51,90.78,9,4,0.35,53.0,Social Media,0,67,1,1,0.555
44,Male,South,76351.11,27,123.91,4,0,0.259,69.6,Email,1,44,0,1,0.72
59,Male,West,57653.0,6,42.13,13,1,0.25,59.9,SMS,0,49,1,0,0.11
54,Female,West,41825.84,100,79.12,7,3,0.153,56.4,Social Media,0,141,1,1,0.865
40,Female,East,45123.28,102,66.65,8,1,0.576,56.8,Ads,0,173,0,1,0.54
57,Female,South,100331.72,21,71.3,7,1,0.299,31.6,SMS,0,82,1,1,0.675
59,Female,East,33270.23,90,99.13,6,4,0.435,33.6,Ads,0,96,1,1,0.635
37,Female,East,38590.23,36,80.07,10,0,0.052,35.2,Social Media,0,152,1,1,0.955
36,Other,South,86694.04,18,127.56,7,1,0.396,48.3,Ads,0,25,1,1,0.73
34,Male,East,103861.47,74,67.85,5,2,0.153,64.5,Ads,0,48,0,0,0.16
22,Female,East,55613.13,40,58.31,5,1,0.099,45.1,Social Media,0,137,1,1,0.865
29,Female,North,66746.91,119,92.85,9,4,0.13,81.9,Social Media,0,139,0,1,0.81
49,Male,East,54562.28,51,70.4,5,3,0.652,93.7,Ads,0,107,0,0,0.335
54,Female,East,56440.37,52,77.27,5,2,0.528,27.5,Ads,0,49,0,0,0.28
69,Female,West,54715.03,119,30.4,10,0,0.315,50.1,Email,0,72,0,0,0.11
27,Male,East,82528.99,26,132.14,11,1,0.458,50.6,Ads,1,64,1,1,0.865
42,Male,South,47020.79,60,77.75,5,2,0.396,47.9,SMS,0,167,1,1,0.86
74,Female,West,45474.86,117,63.87,13,2,0.16,72.1,Ads,0,134,0,0,0.365
39,Female,South,78113.95,111,83.74,5,2,0.194,52.6,Email,0,45,0,0,0.17
51,Male,North,56230.66,88,80.6,14,4,0.176,70.7,Email,1,163,0,1,0.745
28,Male,West,60337.25,100,57.47,7,1,0.521,26.1,Email,0,26,0,0,0.115
61,Female,South,79717.28,86,53.58,8,2,0.676,51.8,Email,1,108,1,0,0.145
26,Female,North,57097.48,89,122.84,4,1,0.223,85.7,Social Media,1,21,1,0,0.44
71,Female,West,53575.33,113,77.32,11,1,0.194,73.7,Email,0,55,0,0,0.16
32,Male,South,42884.48,50,107.72,8,0,0.233,78.6,Social Media,1,63,0,1,0.71
65,Male,South,41767.08,74,75.95,7,3,0.401,78.8,Ads,0,174,1,1,0.605
43,Female,West,31538.71,19,111.27,11,2,0.315,61.5,SMS,0,104,1,1,0.905
72,Male,South,77625.83,78,122.26,13,2,0.628,55.8,Social Media,0,29,0,0,0.405
67,Female,West,66292.57,37,108.56,0,2,0.386,50.3,Email,1,172,1,1,0.935
74,Female,West,27816.12,97,20.4,9,1,0.313,59.2,Email,0,106,0,0,0.15
53,Male,North,71162.31,117,55.9,10,1,0.086,77.1,SMS,0,160,1,0,0.455
46,Female,North,24309.96,34,115.75,5,2,0.181,62.6,Email,0,129,1,1,0.975
22,Female,East,65717.93,109,119.64,6,1,0.578,50.9,Email,0,173,1,1,0.855
21,Female,South,59962.93,34,71.02,8,0,0.609,76.1,Social Media,0,37,0,0,0.1
26,Female,West,74582.77,68,39.74,6,1,0.474,36.4,Email,0,120,0,0,0.255
29,Female,North,44376.55,113,82.21,8,1,0.462,35.9,SMS,0,117,0,1,0.6
41,Female,West,66101.82,94,124.26,9,2,0.389,90.9,Social Media,1,86,0,1,0.71
30,Male,South,74334.61,6,76.54,8,0,0.222,50.1,Email,1,65,1,0,0.405
32,Female,East,43550.69,39,66.28,7,3,0.183,65.2,SMS,0,108,1,1,0.59
54,Male,East,79292.24,9,64.37,9,1,0.095,37.0,Ads,0,110,1,1,0.72
52,Female,East,62665.96,76,52.84,6,5,0.232,60.6,Social Media,0,67,0,0,0.135
22,Female,North,57783.54,67,116.55,7,3,0.266,48.2,SMS,1,154,1,1,0.895
68,Female,East,40564.99,110,110.84,5,0,0.657,63.6,Ads,1,164,0,1,0.775
54,Female,East,67841.34,79,61.84,3,4,0.242,99.9,Ads,1,93,0,0,0.34
49,Male,West,74227.07,105,47.38,14,5,0.169,6.7,Ads,0,45,0,0,0.155
35,Female,South,60085.79,83,5.0,12,1,0.162,60.9,Email,0,78,0,0,0.08
63,Male,South,84916.39,50,112.17,10,0,0.368,17.4,SMS,0,60,0,1,0.745
26,Male,East,63325.37,108,65.2,7,1,0.369,94.1,Social Media,1,179,1,1,0.615
42,Other,West,17341.16,112,39.32,10,3,0.34,30.5,SMS,1,61,0,0,0.18
46,Female,South,53079.11,87,86.85,9,4,0.216,83.5,SMS,0,82,0,0,0.42
26,Other,West,52515.4,67,51.35,5,1,0.272,34.1,SMS,0,112,0,1,0.535
70,Female,South,69965.92,10,82.73,8,2,0.286,64.5,Email,0,172,1,1,0.9
19,Male,South,63545.03,68,95.58,5,1,0.299,71.8,Email,1,146,1,1,0.86
37,Female,South,68446.62,16,15.13,10,1,0.265,46.4,Email,0,177,0,1,0.585
38,Female,East,72960.73,8,40.9,9,2,0.331,53.4,SMS,1,106,1,0,0.47
28,Male,East,42545.72,18,50.81,8,3,0.193,61.1,Social Media,0,130,1,1,0.78
47,Male,East,49580.64,30,93.51,13,0,0.343,31.9,Ads,0,95,0,1,0.84
66,Female,South,46817.78,85,88.21,9,2,0.164,36.2,Email,0,21,0,0,0.235
64,Male,East,53622.68,39,134.99,12,0,0.07,37.9,SMS,0,83,1,1,0.925
53,Male,West,54613.5,76,35.13,8,1,0.07,34.6,SMS,0,80,0,0,0.22
71,Male,North,54161.14,21,89.13,14,1,0.225,52.7,SMS,0,175,1,1,0.96
36,Female,East,77196.57,96,141.04,4,3,0.139,27.5,Social Media,1,36,1,1,0.735
44,Male,West,95542.05,103,29.73,9,1,0.153,45.3,SMS,1,49,0,0,0.08
18,Female,West,57733.11,24,70.91,9,1,0.436,100.0,Ads,1,153,0,1,0.675
23,Male,South,46893.96,111,71.89,8,0,0.161,40.5,SMS,0,72,1,0,0.205
35,Female,East,54391.72,112,50.62,6,4,0.231,41.0,Ads,0,61,0,0,0.125
33,Female,North,64118.16,45,73.97,4,3,0.404,67.0,SMS,0,124,1,1,0.75
27,Male,West,54559.15,22,50.2,7,2,0.381,51.7,Email,0,63,0,0,0.19
52,Female,South,82283.84,93,29.69,11,1,0.448,50.1,SMS,0,90,0,0,0.06
46,Male,East,71766.15,118,90.64,10,0,0.014,44.8,Email,1,1,0,0,0.28
66,Male,South,43798.09,24,103.46,4,2,0.209,35.3,Email,0,103,1,1,0.96
45,Female,East,65750.37,50,75.35,6,2,0.006,73.1,Social Media,1,72,1,1,0.565
24,Female,West,74657.85,20,87.56,7,1,0.328,56.7,Ads,0,84,0,1,0.77
67,Male,West,35963.56,100,145.19,10,2,0.275,34.6,SMS,0,41,0,1,0.63
24,Female,South,32808.83,4,98.63,8,1,0.037,79.7,SMS,0,137,1,1,0.935
60,Female,West,86435.59,114,53.03,5,1,0.25,68.0,SMS,1,150,0,0,0.45
36,Female,West,86036.58,7,69.43,6,1,0.066,77.5,SMS,0,25,0,0,0.17
67,Male,West,33975.69,27,125.95,13,1,0.173,70.9,Email,1,93,1,1,0.85
64,Male,West,60600.79,34,50.12,12,2,0.254,6.7,Social Media,0,73,0,0,0.3
49,Female,East,76375.98,108,77.47,10,3,0.307,80.7,Ads,0,100,0,0,0.185
41,Male,South,54703.14,82,87.21,7,1,0.368,43.8,Email,0,12,0,0,0.07
35,Female,West,49036.67,100,5.25,5,3,0.403,91.2,Ads,0,91,0,0,0.085
66,Other,West,44640.16,26,89.01,11,5,0.164,57.3,Ads,0,78,1,1,0.79
54,Female,East,56390.17,19,65.85,7,0,0.109,43.4,Ads,1,59,1,0,0.395
72,Male,East,83265.81,36,93.61,6,0,0.292,28.7,SMS,0,80,1,1,0.805
71,Female,South,66479.41,105,151.86,8,0,0.479,90.7,Ads,1,168,1,1,0.83
56,Male,North,72650.84,27,79.21,6,2,0.383,73.5,Email,0,149,1,1,0.885
59,Female,North,56316.28,88,104.73,6,0,0.213,59.1,SMS,1,148,1,1,0.95
24,Male,South,67478.53,75,110.87,8,1,0.38,63.5,SMS,0,57,1,0,0.46
46,Female,East,48153.35,49,118.9,7,1,0.169,65.7,SMS,0,79,1,1,0.835
44,Female,East,54285.46,21,89.44,12,0,0.496,81.8,Ads,0,175,1,1,0.84
52,Other,South,69183.9,29,83.77,10,0,0.23,76.1,Ads,1,140,1,1,0.89
34,Female,North,78674.15,20,104.58,13,0,0.015,70.7,Email,0,62,1,1,0.655
58,Male,South,57191.03,59,103.26,10,1,0.344,79.8,Email,0,162,1,1,0.925
36,Female,South,92698.6,109,122.71,10,1,0.347,50.9,Email,0,151,1,1,0.91
70,Female,South,26701.35,110,74.36,11,2,0.414,80.0,Email,0,57,0,0,0.13
46,Female,West,49326.05,100,144.39,5,4,0.135,14.4,Email,1,82,1,1,0.835
22,Male,East,47619.06,21,108.9,8,1,0.319,69.2,Email,0,161,1,1,0.97
71,Male,East,57905.8,55,55.07,4,4,0.201,58.8,SMS,0,135,1,1,0.715
56,Male,North,58028.12,85,68.27,10,2,0.26,52.8,Email,0,29,0,0,0.06
54,Female,West,51585.94,35,73.79,11,3,0.1,84.5,Ads,0,138,1,1,0.78
66,Male,South,69413.29,28,76.04,5,3,0.131,35.8,SMS,0,18,0,0,0.38
60,Male,East,45161.58,21,146.43,7,2,0.354,65.3,Ads,0,168,1,1,0.97
29,Other,South,55911.56,50,73.14,10,1,0.332,44.4,Social Media,0,76,0,0,0.43
68,Female,North,53915.37,53,77.58,9,0,0.483,68.9,Email,1,34,0,0,0.135
47,Female,South,44390.79,44,155.06,2,4,0.113,77.1,Email,0,94,1,1,0.87
43,Female,East,78801.13,14,109.84,9,3,0.039,32.2,Ads,1,24,1,1,0.765
62,Male,North,47915.6,88,75.59,6,1,0.166,48.7,Social Media,0,120,1,1,0.7
20,Female,West,47809.11,102,79.26,4,0,0.386,39.8,Email,1,70,0,0,0.365
36,Female,West,64177.69,62,77.39,9,0,0.301,53.4,Ads,0,133,1,1,0.83
49,Female,South,44722.92,77,96.5,8,3,0.383,53.6,Social Media,0,40,0,0,0.315
74,Female,South,82471.12,71,70.47,8,0,0.216,75.8,Ads,1,30,0,0,0.12
45,Female,North,46322.18,65,45.74,10,2,0.349,56.0,Email,1,146,0,0,0.36
52,Male,North,79089.74,45,46.35,10,1,0.163,75.0,Email,0,69,0,0,0.105
62,Female,West,75723.67,10,90.12,6,2,0.342,86.9,SMS,1,38,1,0,0.435
69,Male,South,44163.07,24,88.94,4,4,0.128,75.2,Social Media,0,14,0,0,0.41
36,Male,North,41751.34,76,89.84,6,1,0.174,69.4,Ads,1,45,0,0,0.365
23,Male,East,69711.62,72,121.23,6,2,0.347,77.0,Social Media,1,149,1,1,0.94
54,Male,West,45075.87,109,46.8,9,2,0.166,62.1,Email,0,56,0,0,0.04
47,Female,North,53625.55,13,76.8,12,2,0.199,59.2,Ads,1,67,1,1,0.52
46,Male,West,69458.86,86,107.27,5,3,0.428,62.4,Ads,0,174,1,1,0.875
55,Male,South,46963.25,70,100.72,14,1,0.096,85.0,SMS,0,129,0,1,0.84
27,Female,West,73310.49,119,132.48,14,1,0.168,76.2,SMS,0,52,1,1,0.61
47,Female,South,28378.83,48,50.26,8,2,0.65,100.0,Ads,0,56,0,0,0.08
71,Male,North,72221.22,32,55.64,6,2,0.035,74.8,Email,0,122,1,1,0.635
62,Male,North,63892.19,64,68.0,7,1,0.138,58.1,Social Media,0,55,1,0,0.11
66,Female,South,81300.19,15,117.08,13,1,0.276,44.3,SMS,0,108,1,1,0.91
31,Male,South,52434.86,87,109.42,8,3,0.181,55.5,Ads,1,81,0,1,0.76
56,Female,South,61348.39,31,86.92,5,1,0.142,45.2,Email,0,72,1,1,0.805
23,Female,South,58734.13,38,128.85,10,1,0.39,42.7,Ads,0,46,1,1,0.765
61,Female,North,33847.62,59,52.69,11,1,0.197,45.3,Ads,0,27,0,0,0.08
50,Female,North,50065.85,57,89.99,9,3,0.081,53.2,Social Media,0,130,1,1,0.88
73,Female,East,62198.54,4,5.0,5,1,0.235,60.8,Ads,0,58,0,0,0.215
18,Male,East,111391.03,109,80.08,13,3,0.166,20.3,Ads,0,52,1,0,0.33
54,Female,North,47473.34,108,34.35,7,0,0.283,88.6,Ads,0,79,0,0,0.07
34,Female,East,60223.32,109,46.74,5,1,0.481,48.6,SMS,0,115,1,0,0.12
23,Male,North,63678.75,83,71.27,4,2,0.1,78.6,Ads,0,167,1,1,0.805
47,Female,East,38840.79,10,176.87,7,0,0.274,45.9,Email,1,122,1,1,0.955
18,Female,North,40289.01,95,103.61,9,1,0.23,72.9,SMS,1,50,0,0,0.355
59,Male,East,34508.0,71,5.0,7,3,0.453,28.9,Social Media,0,116,0,0,0.305
37,Female,North,74661.68,64,51.65,8,1,0.635,77.4,Email,0,148,0,0,0.315
25,Female,West,70167.74,80,76.76,9,1,0.552,95.2,Email,0,138,0,1,0.505
65,Female,West,48346.06,49,13.8,9,1,0.258,67.5,Email,0,9,0,0,0.045
31,Male,South,69937.48,73,111.85,12,2,0.297,72.2,Email,1,58,1,0,0.45
44,Male,South,45349.63,105,83.6,12,1,0.389,67.8,Ads,0,143,0,1,0.635
64,Male,East,50669.94,81,103.98,5,4,0.275,53.9,SMS,0,173,1,1,0.85
57,Male,East,59419.87,88,45.21,11,0,0.321,61.1,Ads,0,5,0,0,0.04
74,Female,South,29243.84,34,80.94,8,0,0.403,53.7,Email,1,36,1,0,0.28
72,Female,South,100727.87,57,104.54,3,1,0.442,74.1,Social Media,0,122,0,1,0.755
62,Male,South,44940.35,56,74.5,5,2,0.713,56.2,Ads,0,169,1,1,0.73
49,Female,South,49328.98,48,113.56,9,1,0.087,51.0,SMS,0,125,1,1,0.955
26,Male,West,23665.32,2,73.16,6,0,0.314,71.1,Social Media,0,67,1,0,0.48
67,Female,South,55204.4,26,76.02,8,0,0.358,60.2,Ads,0,71,1,0,0.44
68,Female,West,52954.32,4,85.1,5,5,0.072,54.9,Ads,1,118,1,1,0.885
30,Male,South,57159.79,79,81.37,8,0,0.325,65.1,Ads,0,28,0,0,0.105
74,Female,South,70404.18,59,140.44,9,3,0.228,91.8,Email,0,88,1,1,0.755
38,Female,West,22947.05,72,85.05,9,0,0.121,37.6,SMS,1,156,0,1,0.925
20,Male,East,30230.37,53,121.06,9,1,0.268,47.6,Ads,1,103,1,1,0.885
44,Male,East,55017.17,113,88.75,6,2,0.177,39.4,Email,0,95,1,1,0.635
21,Female,South,37261.75,14,84.47,10,1,0.185,46.1,SMS,0,174,1,1,0.945
68,Female,South,94253.8,105,40.72,7,2,0.342,73.3,Social Media,0,171,0,0,0.475
69,Female,West,44930.83,51,100.46,8,1,0.226,36.3,Email,1,92,1,1,0.795
27,Female,West,65807.43,29,47.0,5,1,0.258,45.7,SMS,1,85,0,0,0.43
46,Female,West,43668.87,66,77.72,4,2,0.266,63.6,Social Media,0,165,1,1,0.78
68,Male,West,97059.85,81,139.24,5,0,0.521,74.3,Email,0,112,1,1,0.815
44,Female,South,61985.03,110,90.11,7,2,0.338,40.6,Social Media,0,36,0,0,0.255
63,Female,North,62154.03,3,99.17,11,1,0.18,64.3,Ads,0,91,1,1,0.765
38,Female,West,57122.19,93,60.96,10,2,0.713,36.7,Email,1,154,0,0,0.38
44,Male,East,59920.02,69,126.97,7,1,0.125,36.8,SMS,0,3,0,1,0.64
27,Male,West,72267.31,24,36.09,6,1,0.345,60.2,Email,1,34,0,0,0.105
40,Female,South,80086.7,111,86.43,9,0,0.147,83.0,Email,0,148,1,1,0.745
44,Male,North,40690.18,115,43.14,8,0,0.419,63.9,Ads,1,54,0,0,0.04
69,Female,South,93963.34,73,38.26,7,1,0.324,21.4,Email,0,16,0,0,0.095
46,Male,South,25459.4,86,75.74,9,5,0.076,89.8,Email,0,76,1,0,0.26
34,Male,East,78926.83,48,81.06,6,2,0.123,87.2,Email,0,43,1,0,0.345
22,Male,West,82394.85,93,38.18,5,3,0.625,34.0,Email,0,38,0,0,0.085
60,Female,East,76680.78,7,57.57,6,2,0.192,49.6,Social Media,1,161,0,1,0.88
31,Male,West,70985.57,18,124.14,11,2,0.309,63.1,Ads,0,89,1,1,0.88
25,Male,West,21032.56,83,89.59,8,0,0.523,68.8,SMS,1,148,1,1,0.71
56,Female,South,77634.04,62,82.8,8,2,0.108,21.9,Social Media,0,176,1,1,0.945
63,Female,South,42025.06,16,111.31,4,3,0.291,44.6,Ads,1,126,1,1,0.98
72,Female,North,55553.03,84,88.1,4,1,0.038,72.3,Social Media,0,177,1,1,0.845
46,Other,West,72781.55,5,81.59,11,4,0.118,100.0,SMS,0,168,1,1,0.825
42,Male,North,63730.18,85,30.46,5,1,0.545,71.5,Email,0,1,0,0,0.005
35,Female,West,83200.82,105,84.53,7,3,0.507,10.5,SMS,0,11,0,0,0.22
46,Male,West,83422.41,24,86.98,10,1,0.386,84.4,Social Media,0,177,1,1,0.92
32,Male,South,70086.98,82,56.88,12,2,0.251,51.3,Ads,1,107,0,0,0.295
28,Male,North,52576.76,104,132.38,7,3,0.2,37.7,Email,0,70,0,1,0.795
27,Male,East,66973.01,58,124.33,6,1,0.445,64.9,Social Media,1,24,1,1,0.54
35,Female,West,52432.62,107,122.46,9,1,0.67,89.7,Ads,1,61,0,0,0.43
71,Male,North,39562.98,94,76.7,9,2,0.233,43.8,SMS,1,99,1,0,0.495
71,Male,East,57875.89,47,63.02,14,2,0.459,56.7,Ads,0,63,0,0,0.165
69,Male,North,45864.08,104,47.16,11,2,0.181,82.4,SMS,0,114,0,0,0.145
55,Female,East,50262.55,55,64.91,18,2,0.346,55.0,SMS,0,72,1,0,0.305
60,Other,North,33042.87,39,50.19,13,4,0.547,40.0,SMS,1,13,0,0,0.08
47,Female,South,84343.16,24,102.12,5,0,0.186,70.4,Social Media,1,103,1,1,0.875
25,Female,South,70186.3,111,99.51,9,2,0.313,66.2,Ads,0,23,0,0,0.05
60,Female,South,63360.19,81,49.9,3,2,0.203,66.5,SMS,0,161,0,1,0.685
74,Male,East,62199.85,72,112.71,12,1,0.284,65.0,SMS,0,81,1,1,0.645
37,Male,South,50528.32,24,79.33,9,4,0.383,59.5,Email,1,72,0,0,0.405
58,Other,East,43513.64,22,108.61,7,2,0.084,47.8,Email,0,92,1,1,0.905
30,Male,North,38389.45,81,78.8,4,1,0.084,47.7,Email,1,30,0,0,0.35
29,Female,North,57809.75,33,148.92,5,0,0.397,92.6,Email,1,156,1,1,0.96
44,Female,East,87206.81,1,51.91,7,1,0.415,62.2,Social Media,1,110,1,1,0.505
27,Female,East,65185.07,28,50.17,7,1,0.017,44.5,Social Media,0,76,1,0,0.425
29,Female,South,66015.49,24,110.72,16,1,0.512,67.7,Ads,0,55,1,1,0.6
57,Female,South,22538.82,96,56.29,6,1,0.123,70.7,Email,0,134,0,0,0.47
21,Female,West,17633.64,70,95.24,6,3,0.357,60.2,SMS,0,92,0,1,0.585
23,Male,West,70148.46,14,111.31,4,0,0.522,73.9,SMS,1,45,1,1,0.55
48,Female,South,70233.06,64,99.65,9,1,0.319,98.2,Social Media,0,89,1,0,0.49
50,Female,North,52281.92,51,71.23,11,2,0.407,46.4,SMS,0,72,0,0,0.315
34,Male,South,72239.25,119,71.44,14,2,0.265,54.3,SMS,0,167,1,1,0.645
57,Male,East,47731.18,78,76.03,11,4,0.359,4.3,Ads,1,43,0,0,0.255
34,Male,South,44751.7,2,59.15,6,1,0.129,76.1,Ads,0,136,1,1,0.73
63,Female,South,45960.91,53,88.1,10,1,0.285,73.5,Email,0,142,1,1,0.83
36,Male,North,75295.19,60,114.13,7,0,0.297,63.2,Ads,0,111,1,1,0.9
36,Male,East,108423.56,51,18.17,9,2,0.596,27.0,Social Media,0,73,0,0,0.12
51,Male,West,44515.47,77,64.86,11,3,0.184,72.1,Ads,0,34,0,0,0.075
30,Male,North,27524.85,95,91.24,6,1,0.143,100.0,Ads,0,168,1,1,0.865
18,Female,North,65898.18,32,94.6,10,0,0.179,51.6,Ads,0,124,1,1,0.945
64,Male,North,58451.55,12,111.59,11,1,0.106,63.5,Email,0,163,1,1,0.985
62,Male,North,65210.67,74,119.51,7,1,0.212,85.5,Ads,1,104,1,1,0.855
31,Male,East,92307.55,44,40.23,8,0,0.176,72.3,SMS,0,23,0,0,0.075
64,Female,West,44440.98,106,101.47,6,1,0.205,26.3,SMS,0,6,0,0,0.31
43,Female,South,82885.51,44,48.85,7,3,0.151,40.3,Social Media,1,172,1,1,0.835
23,Male,West,47391.26,89,132.32,11,1,0.251,43.4,Social Media,0,20,1,1,0.625
45,Male,South,87979.86,23,76.33,9,0,0.406,98.2,Ads,1,169,1,1,0.865
69,Male,South,89826.68,116,100.8,10,0,0.331,33.1,Ads,0,164,1,1,0.84
41,Female,South,63586.53,37,132.07,13,0,0.168,58.1,Social Media,0,44,1,1,0.805
25,Male,West,69554.06,77,73.58,7,2,0.29,91.4,SMS,0,86,0,0,0.24
47,Female,South,79762.07,100,33.3,3,2,0.323,52.4,SMS,0,44,1,0,0.04
33,Male,South,53958.35,35,50.0,10,2,0.422,13.0,Social Media,0,75,0,0,0.205
35,Male,East,74974.09,73,90.25,9,2,0.329,55.1,Email,0,156,0,1,0.92
35,Male,South,52689.7,95,117.7,8,1,0.404,45.2,SMS,0,174,1,1,0.93
74,Female,North,65094.27,77,25.86,5,1,0.32,94.5,Email,0,11,0,0,0.085
65,Male,East,45269.24,62,119.8,6,0,0.306,81.4,SMS,0,126,0,1,0.925
58,Male,West,83115.38,88,91.14,5,0,0.185,63.4,Email,1,71,1,0,0.455
48,Male,East,64519.55,79,134.02,5,1,0.093,96.9,Ads,1,58,0,1,0.66
19,Female,West,70939.17,45,103.27,13,0,0.337,49.4,Ads,0,83,1,1,0.765
70,Male,North,77135.54,106,130.62,3,0,0.439,60.5,SMS,0,47,1,1,0.555
71,Female,East,68039.8,69,123.83,8,1,0.349,100.0,Email,0,98,1,1,0.77
42,Male,South,46579.97,28,111.32,9,1,0.247,41.8,Email,1,157,1,1,0.98
61,Female,West,55737.3,111,68.42,10,2,0.245,75.0,SMS,1,63,0,0,0.125
68,Male,South,78956.98,22,49.61,11,1,0.272,71.9,Email,0,17,0,0,0.11
39,Female,East,64810.3,59,119.56,10,0,0.456,45.6,Ads,0,140,1,1,0.945
55,Female,West,59155.22,14,118.34,12,1,0.764,34.4,SMS,0,104,1,1,0.79
62,Female,South,67092.59,69,90.12,13,1,0.298,61.4,Email,0,42,0,0,0.2
73,Male,East,76587.53,59,120.12,5,0,0.153,44.7,Email,0,134,1,1,0.95
63,Male,North,54886.01,47,85.94,10,1,0.131,98.4,Social Media,0,179,1,1,0.875
59,Female,South,47556.34,86,52.16,14,2,0.29,58.2,Email,1,156,0,1,0.55
71,Male,West,35013.12,73,63.24,2,1,0.202,73.3,Ads,1,147,1,1,0.65
19,Female,South,43915.9,7,19.15,4,2,0.36,57.1,Ads,0,87,0,0,0.25
31,Male,North,62826.77,102,120.76,8,1,0.195,52.0,SMS,1,152,1,1,0.975
57,Male,West,66864.91,8,74.74,8,1,0.224,71.3,Ads,0,56,0,0,0.455
40,Male,East,87364.98,72,23.76,4,1,0.4,29.3,Social Media,0,64,0,0,0.14
73,Female,North,51905.11,36,149.86,6,1,0.111,48.2,SMS,0,38,1,1,0.875
58,Male,South,65212.62,3,51.99,8,1,0.167,82.1,Email,0,56,0,0,0.235
55,Male,South,59659.58,112,90.35,10,1,0.131,29.5,Email,0,174,1,1,0.885
23,Male,East,49789.19,20,45.26,9,1,0.154,79.2,SMS,0,38,0,0,0.095
46,Female,West,70459.4,53,52.34,7,4,0.449,57.1,Social Media,0,41,0,0,0.135
27,Male,West,63927.52,79,80.56,7,1,0.127,45.6,Email,0,105,1,1,0.71
69,Female,North,64894.15,33,61.31,8,3,0.244,57.2,SMS,0,2,0,0,0.155
60,Female,East,49715.38,108,46.8,17,1,0.324,23.8,Social Media,0,123,0,0,0.28
69,Male,North,61458.06,37,70.29,9,6,0.558,64.6,SMS,1,76,1,0,0.32
34,Male,South,84195.15,106,138.11,11,2,0.474,41.2,Email,1,4,0,0,0.48
62,Male,South,62164.38,56,30.15,11,1,0.382,61.0,Ads,0,13,0,0,0.05
22,Male,East,63894.98,52,93.9,4,1,0.3,35.0,Social Media,0,156,1,1,0.96
46,Male,North,110760.41,85,151.77,10,2,0.129,99.1,Ads,0,94,1,1,0.795
34,Male,North,29454.9,70,44.0,13,5,0.52,63.9,Email,0,62,0,0,0.125
22,Male,West,67456.68,90,49.88,7,2,0.207,59.9,SMS,1,68,0,0,0.095
63,Male,East,29648.53,46,24.25,5,2,0.052,68.8,SMS,0,175,0,1,0.53
18,Female,North,55676.02,60,18.11,9,2,0.212,74.7,Email,0,137,0,0,0.29
57,Male,East,97878.01,32,111.14,14,5,0.275,62.5,Social Media,1,128,1,1,0.875
36,Female,East,48088.77,75,67.53,10,2,0.524,82.1,SMS,1,132,0,0,0.455
69,Male,South,46844.72,59,135.71,8,1,0.184,57.4,SMS,1,29,1,1,0.725
25,Female,North,74429.62,2,34.92,10,1,0.507,77.0,Ads,0,162,0,1,0.515
55,Female,East,54897.96,35,59.9,6,2,0.417,81.6,Ads,1,45,0,0,0.185
21,Female,West,66570.6,118,6.89,13,0,0.249,47.0,Ads,1,171,0,0,0.22
26,Male,South,74034.73,40,25.2,12,1,0.229,98.9,Email,0,139,0,0,0.37
47,Male,South,66298.16,54,58.77,9,2,0.633,52.6,Ads,0,137,0,0,0.49
25,Male,West,63295.42,50,17.37,8,0,0.284,47.9,Social Media,1,22,0,0,0.08
40,Female,North,54417.94,96,55.35,7,2,0.197,54.1,Email,0,77,0,0,0.15
38,Male,West,58105.65,5,69.64,9,2,0.243,39.9,Social Media,0,48,0,0,0.455
42,Female,East,62913.46,78,45.76,4,1,0.363,34.7,Email,0,97,0,0,0.26
51,Male,East,105070.85,22,102.51,9,1,0.278,65.8,Email,0,87,1,1,0.785
49,Male,South,36246.59,68,90.11,1,4,0.032,91.0,Email,0,98,0,1,0.665
65,Female,West,58646.0,16,134.84,7,0,0.208,48.4,Ads,0,22,0,1,0.805
67,Female,North,77862.2,99,90.11,10,0,0.107,87.9,Ads,0,162,1,1,0.79
67,Female,East,55859.89,14,7.73,10,3,0.251,72.3,Ads,1,11,0,0,0.105
29,Female,South,17845.85,73,108.42,9,0,0.18,20.4,SMS,0,57,0,1,0.695
73,Female,South,64437.66,114,44.14,8,2,0.329,88.9,SMS,0,28,0,0,0.06
61,Female,East,68461.12,58,15.26,6,1,0.304,65.7,Email,0,42,0,0,0.065
28,Male,West,49672.31,119,88.79,8,2,0.28,73.4,SMS,1,100,0,1,0.515
61,Male,North,41090.45,68,114.42,5,1,0.35,58.1,Email,0,79,1,1,0.835
65,Male,West,30828.08,78,149.65,5,3,0.283,31.0,Ads,0,162,1,1,0.935
66,Female,East,46211.89,17,89.73,5,2,0.506,32.7,SMS,0,110,1,1,0.95
28,Male,West,43420.25,29,14.79,5,0,0.352,100.0,Email,0,93,0,0,0.17
41,Male,East,59997.84,81,79.01,13,1,0.18,49.3,Email,0,122,1,1,0.68
18,Male,South,55196.54,54,31.93,8,2,0.218,0.0,Social Media,1,67,0,0,0.275
40,Female,East,85585.16,60,137.13,10,3,0.176,45.1,SMS,0,154,1,1,0.955
27,Male,North,78114.38,95,47.5,5,1,0.177,67.6,Email,1,112,0,0,0.155
37,Female,West,54065.18,103,68.83,5,4,0.202,49.7,Social Media,0,4,0,0,0.12
37,Other,South,32127.3,70,90.07,8,1,0.199,94.1,Email,0,67,1,0,0.415
21,Male,South,66273.35,44,84.73,8,2,0.216,59.5,Social Media,0,178,1,1,0.925
22,Female,East,73777.53,28,127.41,8,1,0.233,60.8,Social Media,0,70,1,1,0.9
55,Female,South,75591.55,108,109.48,4,2,0.25,82.8,Social Media,0,132,0,1,0.845
34,Female,West,68193.73,30,15.24,5,3,0.049,24.2,Ads,0,58,0,0,0.295
45,Female,East,80770.74,75,76.53,8,1,0.081,64.1,Email,0,46,0,0,0.25
18,Male,West,65564.68,47,55.74,4,1,0.237,48.8,Email,1,171,1,1,0.785
64,Male,North,49311.66,84,48.04,9,3,0.278,63.5,Social Media,1,65,0,0,0.075
48,Male,West,50218.84,76,95.93,10,1,0.395,53.0,SMS,0,98,0,1,0.77
27,Male,North,59787.07,5,40.26,8,3,0.316,29.6,SMS,0,143,1,1,0.715
63,Female,South,88243.95,66,5.0,3,3,0.364,41.0,Ads,0,14,0,0,0.085
43,Female,East,46063.81,79,31.69,13,1,0.224,31.0,Ads,1,119,1,0,0.32
38,Female,South,15000.0,1,92.53,4,0,0.203,53.5,Email,0,81,1,1,0.82
54,Male,South,15065.22,48,71.87,12,2,0.186,59.3,SMS,0,8,0,0,0.195
42,Male,East,51662.47,102,42.73,6,4,0.277,64.8,Ads,0,96,0,0,0.105
40,Female,East,72626.42,110,52.69,8,0,0.37,74.6,Email,1,76,0,0,0.04
66,Male,West,56776.42,40,154.67,7,1,0.263,72.1,Ads,0,174,1,1,0.99
39,Female,South,29199.42,99,128.39,9,4,0.217,100.0,Ads,1,54,1,1,0.55
55,Female,West,71741.71,6,97.32,6,1,0.032,30.6,Social Media,0,32,1,1,0.62
64,Male,North,56615.17,101,111.19,12,2,0.332,32.8,SMS,1,60,0,1,0.635
60,Male,North,65142.13,27,70.22,7,1,0.342,71.6,Email,0,121,0,1,0.62
34,Female,West,67187.27,42,71.8,7,3,0.034,42.0,Email,0,126,1,1,0.865
49,Male,West,71650.64,84,73.19,5,2,0.162,57.9,Ads,0,104,0,1,0.545
29,Female,South,58715.53,99,68.07,9,0,0.051,42.3,Ads,0,21,0,0,0.08
66,Female,West,56119.18,11,64.3,8,1,0.438,77.8,SMS,0,101,0,0,0.455
20,Female,South,73371.56,89,80.56,8,0,0.022,53.1,SMS,0,33,0,0,0.335
34,Other,West,38752.23,22,43.5,8,1,0.368,99.1,Ads,0,167,0,1,0.505
27,Female,North,38645.95,115,77.7,3,0,0.179,77.5,Ads,1,137,1,1,0.65
25,Male,West,67844.36,33,95.39,9,1,0.15,40.0,Ads,0,55,1,1,0.73
52,Other,South,43413.48,83,103.59,6,2,0.189,67.5,SMS,0,53,0,0,0.415
37,Female,West,55792.23,82,110.14,4,3,0.205,59.6,Ads,0,27,1,0,0.4
29,Male,West,74972.75,17,144.02,6,1,0.363,48.8,Email,0,4,1,1,0.7
25,Female,East,60500.55,88,55.65,11,0,0.078,69.8,Social Media,0,20,0,0,0.045
26,Male,West,58073.16,112,78.06,7,1,0.416,77.5,Email,1,136,1,0,0.445
29,Female,North,37670.11,16,38.32,7,2,0.549,46.9,Ads,1,96,1,0,0.28
62,Other,North,42612.56,90,144.73,6,2,0.07,86.2,Ads,0,96,1,1,0.8
71,Male,West,63566.38,61,102.29,4,0,0.158,33.8,Ads,0,74,1,1,0.77
30,Female,North,26586.27,15,128.03,6,2,0.088,87.4,Social Media,0,175,1,1,0.94
24,Female,East,57413.12,13,66.21,11,1,0.149,49.6,SMS,0,92,1,1,0.59
29,Other,West,24604.28,14,51.69,7,0,0.279,63.3,Social Media,0,118,1,1,0.62
43,Male,North,54067.26,74,62.23,6,3,0.123,48.5,Email,0,126,1,1,0.665
66,Female,East,77221.33,57,65.14,5,1,0.369,59.9,Social Media,0,104,0,0,0.405
67,Male,West,56542.38,69,138.76,11,0,0.211,57.2,Ads,1,35,1,1,0.705
52,Male,South,72485.52,97,5.0,8,2,0.189,54.3,Ads,0,49,0,0,0.04
74,Male,North,78207.79,103,85.59,10,3,0.164,24.7,Social Media,0,145,1,1,0.785
44,Female,East,70417.87,46,57.34,8,2,0.183,29.3,SMS,1,81,0,0,0.425
26,Male,East,67423.88,72,72.72,6,2,0.204,47.2,SMS,0,166,1,1,0.875
42,Female,South,68377.81,23,127.66,5,2,0.401,62.6,Email,0,75,1,1,0.875
55,Male,South,75473.41,37,90.43,6,1,0.144,45.5,Email,0,129,1,1,0.94
70,Female,South,56092.71,51,30.86,5,3,0.229,69.1,SMS,0,126,0,0,0.45
50,Male,South,29807.44,75,145.62,10,1,0.525,38.1,Email,1,79,1,1,0.755
30,Male,North,54977.2,71,55.53,4,2,0.266,44.1,Ads,1,21,0,0,0.11
49,Female,North,68037.19,86,90.21,11,1,0.359,27.8,SMS,0,25,0,0,0.29
24,Male,North,83748.98,57,58.2,8,3,0.192,46.1,Social Media,0,85,0,0,0.405
26,Female,East,64905.98,79,90.56,12,2,0.275,64.1,SMS,0,32,0,0,0.15
24,Female,East,22464.43,30,70.16,5,4,0.354,82.3,Email,0,45,0,0,0.155
52,Other,West,18122.95,17,98.18,8,4,0.261,84.7,SMS,0,27,0,1,0.56
35,Male,South,66002.48,52,58.83,8,1,0.578,77.4,Email,1,155,1,1,0.54
36,Female,East,72725.15,14,86.16,15,3,0.041,41.8,SMS,0,179,1,1,0.895
19,Male,South,76946.54,98,76.91,7,2,0.069,74.8,SMS,0,32,1,0,0.18
35,Female,West,24356.06,14,46.86,5,1,0.096,61.0,Social Media,0,143,1,1,0.695
45,Male,West,62893.89,2,64.06,4,2,0.161,43.9,Ads,0,24,1,0,0.365
74,Male,East,55620.63,119,38.58,5,0,0.384,45.5,Ads,0,28,0,0,0.07
18,Female,North,50803.86,89,134.23,13,0,0.138,50.3,Social Media,0,125,1,1,0.89
69,Male,East,74554.0,23,102.17,5,2,0.387,75.5,Email,0,4,0,0,0.365
40,Female,East,35241.66,54,52.22,12,1,0.637,70.3,Social Media,1,149,1,0,0.37
19,Female,East,51250.16,54,74.52,7,3,0.378,35.8,Ads,0,83,0,0,0.495
21,Female,East,78179.69,12,44.41,6,1,0.244,96.4,SMS,0,100,1,0,0.355
69,Male,South,87093.64,6,86.17,7,1,0.261,49.2,Social Media,0,132,1,1,0.945
69,Male,West,66105.64,99,145.77,6,2,0.235,52.5,SMS,0,154,1,1,0.94
56,Male,North,42809.91,38,111.24,10,2,0.218,48.0,Email,0,165,1,1,0.975
52,Male,South,89984.6,5,104.36,9,1,0.564,78.2,SMS,1,148,1,1,0.875
27,Female,North,24735.06,63,75.82,8,2,0.133,28.1,Email,0,64,0,0,0.49
74,Male,West,55431.24,38,138.32,9,0,0.079,55.7,Social Media,1,131,1,1,0.95
44,Male,South,55867.29,83,120.58,7,5,0.201,38.3,Social Media,0,170,1,1,0.96
38,Male,East,65610.14,54,70.29,7,1,0.073,23.0,Social Media,1,85,0,1,0.59
63,Male,West,32150.34,116,82.1,13,0,0.117,49.8,SMS,1,132,1,1,0.71
43,Female,West,58460.1,39,95.77,5,3,0.552,83.9,Email,0,142,0,1,0.93
64,Male,East,43246.69,53,99.51,12,2,0.05,50.1,Email,1,134,1,1,0.885
74,Female,South,70582.43,107,33.86,7,0,0.354,69.3,Email,0,31,0,0,0.055
56,Male,North,60626.82,78,63.93,9,2,0.09,62.1,Email,0,14,0,0,0.1
69,Female,East,85673.09,18,59.29,3,1,0.066,87.8,Ads,0,126,1,1,0.7
64,Female,West,59409.57,43,56.54,6,0,0.106,66.0,Ads,0,172,1,1,0.895
49,Male,East,59724.2,50,130.29,9,2,0.415,60.9,Email,1,42,1,1,0.64
43,Female,West,84933.45,100,96.21,6,2,0.591,70.7,Email,0,8,0,0,0.145
45,Male,West,65943.17,12,90.19,7,1,0.352,65.5,SMS,0,26,0,0,0.4
48,Female,South,49330.31,2,48.74,10,0,0.032,58.3,Email,0,122,1,1,0.605
46,Male,West,61739.78,68,68.15,10,1,0.424,100.0,Social Media,1,63,0,0,0.155
30,Male,East,72602.36,99,38.54,7,0,0.232,26.4,SMS,1,69,0,0,0.145
69,Female,North,65184.77,47,99.7,7,2,0.364,85.6,Ads,0,74,1,1,0.665
55,Female,North,44962.63,103,59.07,6,5,0.173,7.5,SMS,0,173,0,1,0.75
47,Female,East,62423.2,111,56.51,8,0,0.455,69.0,Ads,1,177,1,1,0.57
35,Male,East,64876.54,9,84.84,9,3,0.139,70.7,Ads,0,123,1,1,0.9
52,Male,West,76891.92,100,97.39,10,1,0.589,89.3,Email,1,84,0,0,0.355
35,Other,West,88610.19,107,186.9,7,2,0.114,71.2,Email,0,79,1,1,0.85
26,Male,North,43646.98,62,85.47,6,2,0.349,42.7,SMS,1,171,1,1,0.9
68,Female,West,24502.83,59,87.46,8,1,0.505,71.4,SMS,1,23,0,0,0.25
55,Female,West,60865.48,100,19.86,9,1,0.083,19.7,Ads,0,154,1,0,0.415
22,Female,North,57761.99,90,107.46,9,0,0.205,92.4,SMS,0,78,0,1,0.6
50,Male,South,15000.0,29,78.43,4,1,0.521,60.5,Email,1,76,0,0,0.5
45,Female,North,70419.83,83,49.31,6,1,0.336,54.0,Ads,0,120,0,0,0.19
46,Female,West,50961.65,102,126.94,4,1,0.348,66.4,SMS,0,9,0,0,0.385
29,Male,North,73860.84,36,81.6,12,0,0.43,63.8,Email,0,58,1,0,0.335
49,Female,South,87703.76,84,68.08,7,0,0.067,73.1,Social Media,0,67,0,0,0.22
23,Female,West,92335.65,104,75.11,9,2,0.077,64.6,Ads,0,134,0,1,0.62
74,Male,West,53400.05,108,105.8,7,0,0.497,42.3,SMS,0,90,1,1,0.695
26,Male,South,75619.22,30,35.85,9,2,0.149,70.6,Social Media,0,159,1,1,0.64
70,Female,North,77151.08,89,119.9,10,1,0.18,56.9,Social Media,1,149,1,1,0.93
57,Female,North,71393.19,101,80.02,14,2,0.198,89.7,Email,0,121,1,0,0.485
54,Female,East,86803.19,76,24.97,10,2,0.119,85.3,Ads,0,154,0,0,0.23
37,Male,North,82256.36,81,113.04,8,1,0.151,46.6,Email,0,51,1,1,0.75
63,Female,North,89189.22,63,62.96,11,1,0.548,73.7,Ads,0,31,0,0,0.085
25,Male,South,81390.21,108,26.53,11,0,0.056,66.9,Social Media,0,60,0,0,0.05
42,Female,North,59723.41,19,61.3,9,1,0.011,73.7,Social Media,0,176,1,1,0.84
46,Male,South,23987.38,84,69.64,7,0,0.121,80.8,Social Media,1,50,0,0,0.135
44,Female,West,86332.54,13,79.61,2,1,0.424,68.7,Email,0,48,0,0,0.42
73,Male,South,43489.38,30,86.51,3,2,0.269,81.4,Ads,0,62,1,1,0.6
52,Male,West,71797.59,20,51.85,4,1,0.243,38.8,Social Media,0,123,1,1,0.79
29,Female,North,62275.51,85,128.23,4,1,0.517,61.9,Social Media,1,31,1,0,0.485
29,Female,West,53735.77,18,97.46,8,3,0.219,33.4,SMS,0,30,1,1,0.68
63,Male,North,72718.13,83,59.93,5,3,0.348,6.2,SMS,0,170,1,1,0.71
72,Male,West,56639.64,102,106.31,2,2,0.034,83.8,Email,0,63,1,1,0.585
61,Female,East,49444.79,105,74.23,6,3,0.317,83.8,Ads,0,102,0,0,0.22
50,Female,East,62026.38,110,78.17,7,0,0.48,60.5,Email,0,19,0,0,0.095
56,Female,South,69024.87,104,133.81,6,1,0.464,93.7,Social Media,1,167,1,1,0.895
72,Female,South,64051.93,114,101.16,8,1,0.261,55.7,Ads,0,115,0,1,0.605
28,Male,South,91441.78,72,70.55,11,2,0.381,74.0,Ads,1,174,1,1,0.625
32,Male,East,95905.84,14,96.34,11,0,0.608,49.1,Email,0,147,1,1,0.88
65,Male,West,61116.72,48,22.72,13,1,0.573,36.2,Social Media,0,124,0,0,0.19
24,Female,West,55808.98,1,15.26,6,1,0.151,42.8,Email,0,151,0,1,0.57
35,Female,West,54162.0,60,111.23,8,1,0.04,86.0,Ads,0,149,1,1,0.89
44,Female,West,74927.69,85,6.22,10,0,0.255,43.2,SMS,1,84,0,0,0.12
34,Female,South,47486.58,5,52.65,8,2,0.043,58.4,Email,0,149,1,1,0.87
23,Female,North,58938.3,58,85.4,7,1,0.345,58.5,SMS,1,10,0,0,0.195
71,Male,South,70988.15,82,123.71,8,3,0.508,85.7,SMS,0,37,0,0,0.36
55,Male,West,82718.53,29,42.36,4,3,0.267,34.3,Email,1,147,1,1,0.72
58,Male,North,87214.74,31,59.03,6,2,0.45,74.4,Email,0,82,0,0,0.275
51,Female,North,65614.56,82,28.5,4,2,0.456,62.4,Email,0,139,0,0,0.205
47,Female,South,60222.28,105,81.49,10,2,0.381,88.3,Ads,0,108,0,0,0.28
26,Female,North,62044.53,97,114.03,8,2,0.529,24.5,Email,1,43,0,0,0.49
53,Female,West,70942.88,70,64.51,6,3,0.544,83.0,Email,0,78,0,0,0.085
24,Female,South,82182.24,61,46.66,6,5,0.229,53.2,Email,0,9,0,0,0.125
35,Male,South,27826.68,98,78.53,3,1,0.096,19.5,Email,1,118,1,1,0.76
63,Female,West,60822.73,9,5.0,10,1,0.219,46.7,SMS,0,110,0,0,0.33
41,Male,West,46275.44,39,100.14,5,0,0.191,49.5,Social Media,0,11,1,0,0.46
38,Female,East,60017.24,94,98.71,3,3,0.39,29.5,Social Media,0,28,0,0,0.35
59,Female,South,59335.06,33,63.28,8,1,0.221,62.6,Email,1,14,0,0,0.14
31,Male,South,48198.3,116,54.7,4,1,0.025,53.5,Social Media,0,156,1,1,0.575
47,Male,East,41509.23,76,22.52,11,0,0.386,81.6,Email,1,177,0,0,0.28
37,Male,North,67980.28,95,44.11,8,0,0.253,71.3,SMS,0,89,0,0,0.085
70,Male,West,65825.44,73,42.12,17,1,0.339,57.6,Social Media,0,172,1,1,0.55
18,Male,South,70990.02,91,117.09,6,0,0.468,56.7,SMS,0,24,0,0,0.32
18,Male,North,74621.72,71,66.6,10,2,0.345,49.2,SMS,0,57,0,0,0.245
33,Female,North,51783.34,84,80.56,7,0,0.178,67.8,Social Media,0,35,0,0,0.125
46,Female,West,58578.62,100,100.44,8,1,0.325,41.0,Email,0,106,0,1,0.735
26,Male,East,56947.92,49,133.06,3,0,0.483,42.7,Social Media,1,106,0,1,0.87
60,Male,North,83855.6,86,25.48,12,1,0.246,43.3,Email,0,59,0,0,0.115
24,Female,West,15000.0,58,136.04,11,2,0.215,85.2,Ads,0,22,0,1,0.585
38,Male,South,59016.95,41,64.33,7,0,0.287,70.8,SMS,0,130,0,1,0.7
69,Male,West,67612.3,23,33.17,4,3,0.155,70.4,Email,0,137,1,1,0.53
64,Female,East,77824.93,116,101.52,4,1,0.276,68.2,SMS,0,99,1,1,0.68
48,Other,North,44987.36,85,20.52,7,1,0.17,65.5,Social Media,0,169,0,0,0.25
74,Male,West,72978.82,96,127.17,16,2,0.319,64.8,SMS,0,16,0,0,0.38
26,Other,North,61994.29,104,55.0,8,0,0.297,70.8,Email,0,126,0,0,0.23
18,Male,East,51521.47,112,102.93,4,2,0.06,44.8,SMS,0,141,1,1,0.85
41,Female,South,53475.12,54,53.75,7,0,0.056,70.5,Ads,1,35,0,0,0.12
37,Female,South,47636.24,92,65.46,8,1,0.238,69.5,Email,1,19,0,0,0.055
55,Male,West,88597.3,6,54.45,13,2,0.224,93.6,Ads,1,178,1,1,0.755
61,Male,South,69776.66,63,26.68,8,4,0.216,43.6,SMS,0,15,0,0,0.11
26,Male,East,63888.37,21,72.23,4,0,0.232,35.5,Ads,1,83,1,1,0.735
59,Female,West,59072.91,76,101.47,9,2,0.318,39.4,Social Media,0,174,1,1,0.935
49,Male,South,64469.48,48,95.95,9,1,0.397,61.7,Social Media,0,89,0,1,0.66
48,Male,East,67658.71,62,11.27,4,1,0.146,50.5,SMS,0,30,0,0,0.045
56,Male,East,45113.82,56,68.05,8,1,0.291,63.0,Social Media,0,174,1,1,0.795
45,Female,South,65203.81,47,112.09,11,2,0.265,57.0,SMS,0,139,1,1,0.965
40,Female,East,53758.26,96,82.53,5,4,0.354,63.0,SMS,1,148,1,1,0.745
38,Female,East,45202.81,49,101.04,8,5,0.131,54.3,Ads,1,50,0,1,0.66
49,Female,West,32310.29,18,26.23,7,3,0.223,53.9,Ads,0,73,1,0,0.195
52,Female,North,58735.05,63,52.85,10,3,0.402,100.0,SMS,0,18,0,0,0.035
25,Male,South,68353.93,119,9.9,7,3,0.268,72.4,SMS,1,137,0,0,0.18
41,Male,East,65264.75,70,84.1,20,0,0.489,50.2,Social Media,0,63,1,0,0.36
19,Male,West,57101.14,10,119.28,7,0,0.338,46.1,Ads,1,82,1,1,0.91
55,Male,West,54389.29,93,83.56,8,0,0.334,77.7,Email,1,124,1,1,0.625
40,Female,North,29613.64,59,94.37,6,4,0.181,48.0,SMS,0,160,1,1,0.905
35,Male,East,49465.57,3,125.18,7,0,0.366,39.6,Ads,1,58,1,1,0.89
47,Female,East,51628.61,115,32.71,8,2,0.364,83.7,Email,1,96,0,0,0.075
58,Female,South,27548.69,82,92.73,8,1,0.242,35.2,Email,0,177,1,1,0.855
72,Male,East,20644.02,96,82.61,6,3,0.339,76.9,Social Media,0,14,0,0,0.22
42,Female,West,17310.15,4,85.47,12,0,0.259,65.1,Email,0,32,0,0,0.34
68,Male,West,60286.8,85,77.52,6,1,0.45,28.6,Social Media,0,111,1,1,0.69
34,Female,East,84900.0,56,60.47,10,3,0.098,79.5,Email,0,29,0,0,0.125
31,Male,North,59454.83,32,23.15,5,1,0.117,50.2,Email,1,21,0,0,0.145
65,Female,North,59700.0,81,114.08,8,0,0.434,74.7,Social Media,0,49,1,0,0.35
40,Female,West,77637.97,42,130.28,3,1,0.079,52.3,SMS,0,15,1,1,0.735
23,Male,South,82151.62,93,68.77,5,4,0.412,48.1,SMS,0,122,0,1,0.51
32,Female,East,60435.26,35,52.48,5,1,0.466,19.0,Social Media,0,109,1,1,0.55
39,Male,South,20855.63,60,84.14,8,3,0.433,91.0,Email,1,155,0,1,0.825
72,Male,East,64428.59,80,120.33,6,4,0.366,49.3,Ads,0,150,1,1,0.92
71,Female,South,47198.57,42,17.63,8,2,0.133,60.6,Social Media,0,98,1,0,0.27
61,Male,North,71039.72,3,62.06,8,0,0.148,42.4,Social Media,0,28,0,0,0.315
74,Male,East,91062.69,57,102.71,11,4,0.486,78.2,Email,0,40,1,0,0.42
41,Female,West,56120.67,95,87.55,10,0,0.547,95.8,Email,0,90,0,0,0.335
41,Male,North,23425.25,10,137.92,8,1,0.192,55.7,Email,0,173,1,1,0.96
58,Male,North,38583.03,68,33.11,14,2,0.39,90.2,Ads,1,77,0,0,0.085
55,Male,South,18045.62,112,116.44,6,2,0.155,67.6,Social Media,0,125,1,1,0.895
30,Male,South,73870.89,48,91.22,12,3,0.335,74.3,Social Media,0,92,0,1,0.65
59,Male,East,66043.29,112,116.26,7,1,0.414,37.4,SMS,0,4,1,0,0.455
20,Male,West,69916.2,79,63.81,2,1,0.463,100.0,Email,1,21,0,0,0.13
36,Male,West,80585.86,104,100.16,6,3,0.158,52.3,SMS,0,75,0,1,0.655
43,Male,North,72082.78,118,81.98,5,2,0.038,80.4,Ads,1,100,1,0,0.42
70,Female,East,50761.97,62,87.56,13,2,0.5,53.2,Social Media,1,20,0,0,0.16
42,Male,South,66704.3,19,82.19,4,4,0.366,68.2,Email,0,91,1,1,0.755
50,Male,West,97632.34,113,86.12,10,0,0.161,65.5,Email,1,126,1,1,0.74
19,Female,West,46423.89,67,54.58,6,2,0.425,22.0,Ads,0,55,0,0,0.15
61,Female,North,55672.14,113,69.43,8,2,0.358,52.9,Ads,1,10,0,0,0.04
34,Female,East,37434.9,61,77.0,3,3,0.242,65.1,Ads,0,94,0,0,0.47
47,Female,East,57697.19,67,83.9,8,2,0.595,45.2,SMS,0,93,1,0,0.45
39,Male,East,30276.08,11,101.78,7,0,0.099,29.2,Social Media,1,34,1,1,0.775
73,Female,East,60192.41,95,47.57,6,2,0.45,74.8,Email,0,6,0,0,0.07
37,Female,North,37697.93,47,57.19,6,0,0.074,47.3,Social Media,0,28,0,0,0.22
45,Female,East,70521.91,57,127.45,9,1,0.561,45.7,Ads,0,158,1,1,0.965
66,Other,West,71412.13,105,95.24,3,2,0.067,88.1,Ads,0,106,1,1,0.59
56,Male,West,22779.49,28,27.82,8,2,0.297,48.4,Social Media,1,10,0,0,0.095
23,Male,North,61073.53,112,64.19,11,1,0.124,83.8,SMS,1,86,0,0,0.205
20,Female,West,50501.15,43,127.26,4,1,0.184,54.9,Ads,0,134,1,1,0.965
33,Male,West,45381.03,37,100.76,7,1,0.193,56.9,Email,0,7,0,0,0.44
73,Male,North,51362.24,88,36.49,9,1,0.579,72.4,Email,0,95,1,0,0.075
65,Female,North,65906.77,77,95.84,8,1,0.169,95.8,SMS,0,47,0,0,0.14
33,Female,West,35443.14,109,15.18,11,2,0.559,100.0,Social Media,1,25,0,0,0.05
18,Male,North,44072.77,1,123.38,6,0,0.228,67.9,Ads,0,87,1,1,0.795
54,Female,South,58739.01,3,28.56,6,4,0.129,51.4,Social Media,0,114,1,0,0.415
69,Female,North,60009.15,67,11.98,8,0,0.501,38.0,Ads,1,14,0,0,0.05
30,Male,West,65360.92,87,16.28,9,1,0.671,51.9,Email,0,26,0,0,0.015
58,Male,North,65527.07,20,24.04,3,2,0.446,41.3,Email,0,69,0,0,0.155
58,Female,West,46514.01,40,49.99,8,0,0.592,50.0,SMS,0,112,0,0,0.33
68,Female,North,80495.76,104,38.7,7,1,0.212,53.0,Email,0,119,1,0,0.23
56,Female,West,54756.58,26,21.85,5,3,0.228,70.8,Ads,0,82,0,0,0.195
24,Male,East,51914.19,16,139.41,6,0,0.38,89.8,SMS,1,157,1,1,0.94
23,Male,East,40461.2,87,89.65,14,1,0.475,44.1,Ads,0,155,1,1,0.75
54,Female,North,62096.6,85,91.37,5,6,0.392,35.2,Ads,0,169,1,1,0.89
38,Male,South,66599.23,96,56.2,6,1,0.268,33.9,SMS,0,138,1,1,0.55
53,Female,West,51236.12,35,53.33,7,1,0.097,53.6,Email,0,77,1,0,0.4
26,Male,South,99689.12,101,107.18,8,1,0.465,55.2,Email,0,23,0,0,0.295
41,Female,West,85004.63,18,67.83,10,0,0.509,61.0,Social Media,1,33,0,0,0.125
32,Female,East,61614.18,63,67.12,9,2,0.225,56.6,Email,1,51,0,0,0.18
19,Female,North,83610.07,67,40.07,8,1,0.41,62.7,Ads,1,90,0,0,0.14
68,Female,North,87966.98,13,106.64,5,1,0.196,47.5,Social Media,0,24,1,1,0.705
65,Female,West,69947.11,41,80.37,7,4,0.337,41.3,SMS,0,16,0,0,0.24
31,Female,North,58311.45,51,75.22,7,3,0.527,69.0,Email,1,145,1,1,0.73
47,Other,East,83278.09,108,101.12,9,3,0.004,60.9,Social Media,1,156,1,1,0.76
41,Male,South,81147.95,51,115.12,7,1,0.496,55.7,SMS,0,126,1,1,0.885
26,Male,South,43352.33,108,65.31,5,1,0.325,86.9,Social Media,1,160,1,1,0.615
48,Other,West,45890.16,35,41.48,8,1,0.467,73.2,Social Media,0,22,0,0,0.05
70,Female,South,56972.4,18,75.86,9,2,0.413,60.9,Social Media,0,163,1,1,0.865
36,Female,East,79828.96,100,85.07,15,2,0.002,44.9,Ads,0,111,1,1,0.625
30,Female,South,52935.55,5,57.13,6,1,0.03,34.5,Email,0,152,1,1,0.885
41,Male,East,80876.84,44,70.51,5,1,0.067,45.2,Email,0,143,0,1,0.92
70,Female,West,45111.67,31,157.7,12,2,0.199,67.6,Social Media,1,31,1,1,0.78
74,Other,North,57930.91,10,111.77,9,3,0.169,73.2,Social Media,0,8,1,0,0.41
74,Male,East,74714.17,109,97.67,8,3,0.223,13.7,SMS,0,3,0,0,0.285
51,Female,South,105702.46,67,104.75,5,0,0.341,34.3,Email,1,111,1,1,0.835
26,Other,North,33284.48,73,91.42,7,2,0.37,63.8,Ads,0,163,1,1,0.825
64,Male,West,59765.4,77,97.57,5,1,0.062,53.0,Ads,0,78,0,1,0.715
24,Female,East,84228.79,46,149.8,5,1,0.35,52.4,Email,0,33,1,1,0.815
62,Male,North,15000.0,105,68.36,8,1,0.488,41.7,Social Media,1,153,0,1,0.605
42,Male,West,60332.64,95,75.95,9,0,0.246,66.2,Ads,0,178,0,1,0.79
18,Female,South,58848.75,37,59.74,7,0,0.522,59.1,Ads,0,94,0,0,0.345
60,Female,West,50137.89,110,5.0,16,0,0.283,49.1,SMS,0,87,0,0,0.085
22,Male,North,43540.57,89,118.01,10,3,0.091,54.5,Social Media,0,65,0,1,0.69
19,Male,East,75351.96,78,71.29,9,0,0.456,39.2,Email,0,80,0,0,0.4
53,Male,East,68522.61,27,60.39,6,2,0.039,45.3,Ads,0,43,0,0,0.34
43,Female,North,43974.44,107,156.31,8,0,0.163,56.1,Email,0,168,1,1,0.955
72,Female,South,67480.97,54,60.32,8,3,0.054,51.7,SMS,0,124,1,1,0.67
27,Male,East,53674.19,34,78.9,8,3,0.807,69.0,SMS,0,135,1,1,0.62
66,Male,North,62543.07,24,83.6,3,0,0.159,100.0,Email,1,178,1,1,0.915
73,Other,West,69497.73,9,53.72,8,1,0.349,78.3,SMS,0,153,1,1,0.665
25,Male,North,77709.13,27,99.49,5,0,0.448,58.0,Ads,0,93,1,1,0.815
51,Female,North,58530.08,70,130.37,10,1,0.197,77.7,Social Media,0,109,1,1,0.855
65,Female,South,26632.1,40,23.14,12,1,0.198,75.5,Social Media,1,150,0,0,0.395
44,Male,North,47341.53,9,90.94,14,1,0.152,73.3,Ads,0,136,1,1,0.91
31,Male,West,44516.33,30,67.11,12,3,0.492,52.3,SMS,0,8,0,0,0.095
40,Female,South,58865.98,119,101.51,9,0,0.413,57.4,Ads,0,103,0,1,0.605
70,Male,North,73311.32,108,55.26,6,1,0.343,40.7,SMS,0,83,0,0,0.155
51,Male,South,48638.25,23,104.17,7,0,0.23,61.0,Ads,0,110,1,1,0.95
64,Female,East,26851.4,107,123.54,9,0,0.293,68.7,SMS,1,64,1,1,0.585
71,Male,West,58074.95,99,73.83,7,1,0.49,54.6,Ads,0,8,0,0,0.105
74,Male,South,75278.19,73,45.79,12,2,0.423,53.7,Ads,0,37,0,0,0.07
29,Female,North,90659.85,26,31.2,12,1,0.361,55.9,Social Media,0,110,0,0,0.32
70,Female,East,46384.81,5,58.97,8,5,0.418,33.5,Email,0,118,1,1,0.665
37,Male,West,80991.24,11,86.73,4,1,0.106,75.3,SMS,0,155,1,1,0.935
31,Male,North,42985.44,56,68.16,11,2,0.125,61.0,SMS,0,159,1,1,0.89
22,Male,East,86349.38,88,9.98,10,3,0.518,63.1,Ads,0,14,0,0,0.065
35,Male,West,58293.01,114,110.24,8,1,0.307,63.2,Social Media,1,105,1,1,0.74
47,Male,West,65691.37,85,125.63,9,2,0.162,67.7,Email,0,64,1,1,0.75
58,Female,North,46508.14,9,137.42,8,2,0.221,32.6,SMS,0,83,1,1,0.955
71,Male,North,52571.59,11,31.21,9,1,0.212,69.3,Email,0,24,0,0,0.11
46,Female,South,74668.91,41,113.61,11,3,0.414,29.6,SMS,0,42,1,1,0.635
66,Male,North,50294.88,115,114.8,8,2,0.163,76.9,Social Media,0,119,0,1,0.86
28,Male,North,47508.04,64,128.72,11,4,0.031,97.1,Ads,0,32,1,1,0.55
35,Male,East,82345.71,14,29.65,12,0,0.429,54.5,Social Media,1,133,0,0,0.44
19,Female,North,59225.58,10,124.86,6,1,0.191,87.5,Ads,0,92,1,1,0.87
35,Male,West,77173.51,104,36.39,11,3,0.467,37.4,Social Media,1,47,0,0,0.075
49,Male,West,43930.51,20,137.93,11,4,0.137,67.7,Email,1,59,1,1,0.855
35,Male,North,77927.25,19,104.27,12,2,0.445,82.8,SMS,0,64,1,1,0.625
30,Female,West,71661.98,71,109.5,4,2,0.09,100.0,SMS,0,138,1,1,0.915
22,Male,East,68370.01,3,67.05,9,1,0.321,37.5,Social Media,0,53,0,0,0.44
22,Male,West,45029.08,31,124.63,13,3,0.276,88.8,SMS,0,35,1,1,0.525
60,Female,West,71390.9,101,114.62,8,1,0.446,44.8,Social Media,0,66,1,1,0.58
28,Male,East,52077.78,5,52.01,5,3,0.113,30.6,Social Media,0,178,1,1,0.92
67,Male,North,54621.72,11,40.48,10,0,0.384,16.0,SMS,1,74,0,0,0.205
32,Male,North,45926.18,78,159.32,6,6,0.355,11.8,Social Media,1,103,1,1,0.865
26,Male,North,75938.77,14,84.54,10,2,0.055,57.3,SMS,1,4,0,0,0.39
60,Female,East,82863.55,71,63.37,5,1,0.602,88.4,Ads,0,173,1,1,0.54
52,Male,North,78944.99,92,100.31,10,2,0.16,57.9,Email,1,4,0,0,0.205
39,Female,North,89510.73,88,96.64,8,1,0.318,26.1,Email,0,153,1,1,0.855
68,Male,North,91566.86,19,104.04,8,0,0.084,23.8,Social Media,1,8,0,1,0.64
60,Male,East,51697.85,3,10.72,9,1,0.132,63.2,Ads,1,179,1,0,0.435
31,Male,South,53442.13,34,135.58,4,2,0.058,37.7,Ads,0,56,1,1,0.885
63,Male,West,46508.25,117,87.63,5,0,0.469,62.5,SMS,0,25,0,0,0.16
54,Female,East,42148.85,104,59.58,13,1,0.406,61.3,Email,1,151,0,0,0.385
71,Male,East,55997.34,30,33.71,10,0,0.135,68.5,Ads,1,51,0,0,0.205
37,Male,West,38908.56,105,5.0,11,0,0.42,81.5,Social Media,0,54,0,0,0.045
73,Female,East,81267.11,52,85.59,2,1,0.188,66.8,Social Media,1,109,1,1,0.77
32,Female,West,74799.28,16,97.2,5,0,0.27,64.4,Social Media,1,175,1,1,0.965
18,Female,East,49994.25,31,79.74,5,2,0.219,84.4,SMS,1,22,1,0,0.42
43,Male,East,73207.46,2,93.79,9,0,0.267,42.7,Email,1,166,1,1,0.97
57,Male,West,35184.49,35,78.58,16,0,0.617,100.0,Email,1,159,1,1,0.695
56,Female,North,72572.01,46,76.87,5,2,0.411,77.9,Email,1,86,1,0,0.48
49,Male,West,84953.82,99,44.8,13,2,0.098,27.3,Social Media,0,156,1,1,0.605
52,Female,East,44822.93,39,110.56,9,2,0.102,33.7,Email,0,75,0,1,0.895
18,Male,South,90229.97,47,57.59,12,4,0.515,48.0,Social Media,0,64,0,0,0.21
53,Female,West,60702.48,89,122.77,10,1,0.622,69.9,Ads,1,48,0,0,0.345
25,Male,South,81321.51,29,57.8,9,2,0.236,50.8,SMS,0,153,1,1,0.815
46,Female,South,64100.76,109,65.94,12,1,0.647,52.1,SMS,0,10,0,0,0.035
70,Female,South,69728.59,14,138.52,8,1,0.564,34.7,SMS,0,78,1,1,0.9
21,Male,South,64411.29,100,97.93,12,0,0.264,73.0,SMS,1,73,0,0,0.31
74,Male,North,47249.01,68,131.27,5,0,0.219,93.8,Ads,0,111,1,1,0.845
34,Male,West,79149.84,90,87.93,8,1,0.373,59.8,SMS,0,116,0,1,0.665
25,Female,South,86868.33,99,37.04,8,3,0.261,55.6,SMS,0,100,0,0,0.18
63,Female,South,58839.09,53,89.11,10,3,0.406,59.5,SMS,0,60,0,0,0.38
69,Female,South,52431.2,59,127.7,8,1,0.07,89.2,Ads,0,17,0,1,0.585
49,Female,North,77824.25,57,119.45,8,0,0.244,76.3,Email,1,82,1,1,0.81
55,Male,East,70651.85,116,69.7,9,1,0.442,100.0,SMS,0,77,0,0,0.185
37,Male,East,76473.09,1,79.43,9,0,0.179,26.4,Social Media,0,53,1,1,0.605
35,Male,South,64474.06,21,60.33,9,2,0.498,63.5,Ads,0,100,1,0,0.355
23,Male,South,77818.75,89,84.01,7,0,0.081,63.4,Ads,0,30,0,0,0.185
63,Female,East,27990.81,87,136.49,7,5,0.497,65.9,Email,0,153,1,1,0.885
35,Female,East,71098.51,43,5.0,6,2,0.225,46.1,Email,0,1,0,0,0.125
69,Male,South,48877.63,19,85.33,5,1,0.195,84.1,Ads,0,39,1,1,0.535
38,Male,South,42309.84,62,74.73,9,0,0.205,80.4,Email,0,64,0,0,0.22
22,Female,North,65403.77,61,55.97,9,2,0.417,78.6,Social Media,1,171,1,1,0.52
52,Female,East,60203.73,76,144.13,4,1,0.534,100.0,Ads,1,4,0,0,0.445
31,Female,East,65152.13,35,50.73,7,2,0.181,78.4,SMS,0,2,0,0,0.09
66,Female,North,36794.23,69,5.0,4,1,0.277,51.3,Ads,0,37,0,0,0.115
47,Female,South,60068.04,5,48.9,8,2,0.321,15.3,SMS,0,98,1,1,0.625
39,Male,South,60880.42,26,48.33,7,1,0.453,40.3,SMS,1,151,1,1,0.66
60,Female,West,53575.18,25,129.45,7,2,0.331,100.0,Social Media,0,67,1,1,0.72
73,Male,East,50967.8,8,44.16,9,1,0.137,51.8,Email,1,97,1,0,0.36
56,Male,East,71714.09,62,106.59,3,1,0.363,68.0,Social Media,0,162,1,1,0.895
40,Other,North,75975.26,112,19.34,11,0,0.046,79.1,SMS,0,158,0,0,0.21
26,Female,West,45750.72,78,115.33,13,3,0.117,82.7,Email,0,110,1,1,0.89
21,Male,East,75587.58,27,133.23,12,0,0.194,84.3,Email,1,117,1,1,0.88
23,Female,South,91450.58,86,94.03,6,0,0.166,53.9,SMS,0,86,1,1,0.675
51,Female,North,17855.29,107,91.62,12,0,0.394,26.5,Ads,0,45,0,0,0.365
62,Female,East,58996.71,55,95.28,10,2,0.132,23.4,Social Media,0,37,0,1,0.525
27,Other,South,65365.82,57,121.04,8,2,0.314,57.7,SMS,0,35,1,1,0.505
18,Female,North,28974.94,15,36.84,10,0,0.653,29.0,Email,0,42,0,0,0.155
31,Male,West,70251.49,7,99.58,10,3,0.099,44.4,Social Media,0,77,0,1,0.765
21,Male,West,66535.0,103,108.87,8,2,0.305,51.4,SMS,0,109,1,1,0.77
19,Female,East,70156.71,12,84.87,14,1,0.378,74.6,SMS,0,68,1,1,0.505
35,Female,West,67810.49,104,48.3,9,2,0.639,100.0,Email,1,171,1,0,0.295
68,Female,West,68788.86,4,114.84,9,0,0.122,45.0,Email,0,146,1,1,0.98
55,Male,East,45341.41,11,88.71,6,1,0.482,51.1,Social Media,1,15,0,0,0.275
23,Female,South,73774.61,81,105.43,6,1,0.121,52.9,SMS,0,102,1,1,0.825
61,Female,North,64814.46,98,50.33,5,3,0.407,42.8,Email,0,121,1,0,0.29
35,Female,West,71196.84,51,80.24,7,0,0.32,63.2,Social Media,0,92,0,1,0.56
22,Female,East,57960.29,6,88.96,5,2,0.192,62.1,Email,0,172,1,1,0.965
65,Male,North,41970.63,89,108.96,9,5,0.339,49.9,Email,0,113,1,1,0.88
49,Female,East,34723.04,109,78.12,11,1,0.268,100.0,SMS,0,118,0,0,0.43
20,Female,South,66091.75,97,122.44,5,1,0.27,27.9,SMS,1,80,1,1,0.76
55,Male,North,30235.2,86,121.62,6,2,0.239,48.4,Ads,0,154,1,1,0.935
52,Male,South,58286.1,117,31.65,8,0,0.12,63.9,Social Media,0,14,0,0,0.045
22,Female,North,39106.66,79,74.55,7,4,0.455,48.5,Social Media,0,92,0,0,0.295
45,Female,West,37461.22,99,27.9,7,2,0.607,60.2,Social Media,1,56,0,0,0.02
57,Male,North,66241.63,19,88.77,10,3,0.623,79.8,Email,0,77,0,0,0.405
48,Female,West,46793.91,3,5.0,8,0,0.089,73.1,Ads,0,137,1,0,0.39
70,Female,West,66307.84,74,83.54,6,2,0.276,65.8,Social Media,1,107,0,1,0.675
47,Male,North,66084.63,46,40.88,2,3,0.13,100.0,SMS,0,170,1,1,0.625
49,Male,East,76523.58,54,42.91,9,0,0.223,64.3,SMS,1,114,1,0,0.29
51,Female,North,40749.41,82,146.82,13,2,0.167,48.7,Ads,0,152,1,1,0.965
42,Male,North,75581.94,20,91.11,15,0,0.295,74.5,Social Media,0,122,1,1,0.87
33,Female,South,46782.38,86,96.34,8,3,0.107,68.9,SMS,0,78,1,0,0.44
60,Female,East,79524.75,17,23.31,5,2,0.405,94.2,Email,0,177,1,1,0.525
29,Male,South,88591.43,39,56.38,4,2,0.359,77.1,SMS,1,140,1,1,0.645
18,Other,North,23852.55,62,110.5,13,0,0.11,26.7,Email,0,99,1,1,0.83
51,Male,East,81225.78,31,60.24,7,1,0.075,98.7,Social Media,0,179,1,1,0.75
31,Male,West,71245.77,68,47.99,5,0,0.237,76.3,SMS,0,144,0,0,0.455
34,Female,East,53534.64,63,53.5,7,5,0.246,42.9,SMS,0,46,1,0,0.225
60,Male,South,80736.77,53,107.53,11,3,0.272,57.7,Email,0,135,1,1,0.92
52,Male,West,16277.21,75,53.07,8,1,0.554,79.2,SMS,1,78,0,0,0.1
55,Female,West,35487.59,114,51.99,7,1,0.097,52.1,SMS,1,6,0,0,0.08
38,Female,South,72320.08,111,49.62,3,3,0.27,77.5,Social Media,0,164,0,0,0.48
20,Female,West,74614.94,2,63.38,11,1,0.439,53.6,Email,1,171,1,1,0.73
74,Female,West,66087.98,111,90.32,12,2,0.425,57.4,Social Media,1,173,0,1,0.655
33,Female,East,80292.43,101,28.5,9,2,0.088,63.5,SMS,0,26,0,0,0.035
69,Female,North,51985.97,74,92.78,6,3,0.143,76.9,SMS,0,157,1,1,0.91
31,Female,South,68763.87,22,95.06,4,0,0.022,59.6,Ads,0,178,1,1,0.875
65,Female,South,31475.91,101,140.53,7,2,0.195,50.6,Ads,0,78,1,1,0.79
74,Male,East,64309.1,89,41.76,9,0,0.45,57.0,Social Media,0,109,0,0,0.165
58,Female,South,71228.62,79,82.45,16,0,0.061,46.3,SMS,0,2,0,0,0.265
19,Male,East,75725.32,1,97.46,7,0,0.244,71.6,Ads,0,44,0,1,0.595
18,Female,South,19754.34,44,71.78,3,3,0.41,57.4,Ads,0,45,1,0,0.31
51,Female,South,59742.82,70,79.44,5,1,0.227,60.1,Ads,0,98,1,1,0.61
54,Male,North,66065.28,1,27.22,11,0,0.063,52.1,SMS,0,152,0,1,0.65
48,Female,South,74518.26,10,84.53,4,4,0.328,46.6,Email,0,122,1,1,0.885
50,Male,North,49900.18,70,107.21,9,1,0.239,48.5,Social Media,0,178,1,1,0.935
65,Female,North,105534.9,16,119.99,8,3,0.372,64.2,Social Media,1,1,1,1,0.555
49,Female,South,42661.47,96,94.43,5,2,0.271,49.7,Ads,0,123,1,1,0.83
55,Female,West,52804.48,39,116.35,5,4,0.504,46.5,Ads,1,12,0,1,0.55
41,Male,West,47764.27,39,126.86,5,3,0.402,36.6,SMS,0,167,1,1,0.96
41,Female,South,58901.61,97,107.71,9,2,0.446,51.4,Email,0,136,0,1,0.89
65,Female,North,71884.74,23,81.29,5,2,0.262,35.9,Ads,0,75,0,1,0.74
27,Male,North,38959.09,78,125.76,8,0,0.221,63.2,Social Media,0,9,0,0,0.42
25,Male,North,51070.0,88,17.23,7,2,0.279,90.6,SMS,0,85,0,0,0.065
22,Male,North,45063.4,5,79.68,7,1,0.597,66.6,Email,0,65,0,0,0.41
71,Female,South,82705.59,108,42.04,6,3,0.05,96.1,Social Media,0,107,0,0,0.235
63,Male,North,59182.67,111,34.27,4,0,0.303,54.2,SMS,0,103,0,0,0.09
58,Male,North,48802.28,109,105.92,8,2,0.503,66.5,Email,1,18,0,0,0.2
41,Female,North,80705.01,83,127.53,6,2,0.219,68.7,Email,0,48,1,1,0.71
21,Male,West,59255.65,27,62.78,4,3,0.048,79.6,Social Media,0,173,0,1,0.795
26,Male,South,68159.35,13,107.06,12,1,0.45,38.2,SMS,1,138,1,1,0.92
72,Female,East,34282.25,85,124.3,8,3,0.088,52.2,SMS,1,104,1,1,0.885
35,Male,East,72384.74,104,28.4,6,2,0.284,72.6,Email,1,51,0,0,0.03
54,Female,South,15000.0,38,5.0,15,1,0.437,80.8,SMS,1,158,0,0,0.31
44,Female,East,38022.3,58,65.12,10,2,0.329,58.3,Email,1,122,0,1,0.595
47,Male,South,67780.56,60,86.53,8,1,0.122,67.9,Social Media,0,56,0,0,0.28
57,Male,East,65259.23,18,45.86,13,4,0.426,60.7,SMS,0,81,0,0,0.175
69,Male,West,89504.3,69,101.31,7,0,0.175,64.3,SMS,1,47,0,0,0.475
45,Female,East,94285.05,90,127.87,8,0,0.25,71.3,Ads,0,163,1,1,0.89
49,Male,East,64912.17,90,64.7,2,3,0.311,78.4,Email,1,137,0,1,0.63
35,Male,South,36829.25,44,10.46,6,0,0.217,50.1,Ads,1,57,0,0,0.135
20,Male,West,42433.01,75,82.72,12,0,0.195,35.4,Ads,1,164,1,1,0.825
28,Male,East,46290.92,49,61.36,11,1,0.053,79.6,SMS,0,93,0,0,0.37
45,Male,West,59337.22,113,42.78,7,2,0.07,97.3,Ads,0,16,0,0,0.025
37,Female,East,84874.56,73,91.0,10,3,0.434,61.0,Ads,0,115,1,1,0.705
45,Female,North,37356.79,49,66.24,9,2,0.133,50.5,Email,0,106,0,1,0.6
44,Female,South,72627.24,26,121.38,7,4,0.319,69.4,Email,0,174,1,1,0.97
33,Other,West,69538.8,61,136.47,6,0,0.318,27.9,Social Media,1,12,1,1,0.665
27,Male,East,46118.93,74,129.03,6,1,0.243,76.2,Email,1,167,1,1,0.965
49,Female,East,73029.99,97,109.39,11,0,0.229,88.9,SMS,0,4,0,0,0.18
31,Female,East,69744.98,33,50.73,8,3,0.239,26.2,SMS,0,109,0,1,0.58
35,Female,North,45756.91,42,77.6,6,0,0.067,66.1,Ads,0,168,0,1,0.9
53,Male,North,70925.06,83,109.7,11,1,0.308,24.3,Social Media,0,58,1,1,0.65
45,Female,North,45191.77,16,51.22,9,3,0.468,52.8,Ads,0,96,0,0,0.42
35,Female,East,35182.4,78,108.44,7,2,0.164,64.1,SMS,0,50,0,0,0.495
49,Male,North,109776.53,76,15.36,7,2,0.101,31.8,Ads,1,44,0,0,0.22
31,Male,East,39120.02,6,65.8,8,2,0.247,11.4,Social Media,0,118,1,1,0.815
40,Female,North,67567.41,67,121.17,4,1,0.234,72.1,Email,0,122,1,1,0.945
62,Female,West,39398.82,61,94.39,11,0,0.188,29.6,Social Media,0,59,1,1,0.515
66,Male,West,44191.03,44,66.49,9,2,0.343,46.1,Social Media,0,124,1,1,0.725
20,Male,South,52856.45,78,44.39,3,1,0.013,47.7,Social Media,1,150,1,1,0.67
43,Male,West,81622.14,112,40.67,9,1,0.633,56.8,SMS,1,68,0,0,0.03
54,Female,West,84817.26,39,61.82,9,1,0.246,68.5,SMS,1,103,0,0,0.425
28,Male,East,57165.38,42,48.45,11,1,0.208,47.9,Email,1,129,0,1,0.575
24,Female,West,53246.03,1,64.47,15,0,0.145,69.1,SMS,1,164,1,1,0.805
28,Male,South,44210.78,55,87.56,9,2,0.172,47.4,Email,0,96,1,1,0.785
58,Male,North,66047.27,115,75.0,3,0,0.641,53.5,SMS,1,126,1,0,0.5
49,Male,East,38003.12,72,157.69,6,0,0.113,59.3,Ads,0,86,1,1,0.905
55,Female,North,55008.29,45,156.65,10,1,0.23,51.6,SMS,0,149,1,1,0.965
34,Male,West,54431.22,55,100.11,7,2,0.036,48.3,Ads,0,25,0,1,0.57
50,Male,North,44664.79,25,87.78,7,2,0.494,47.9,SMS,1,57,0,0,0.46
64,Male,North,79174.27,22,90.96,5,0,0.036,53.6,Social Media,1,178,1,1,0.93
30,Male,East,45290.01,93,60.69,6,1,0.436,79.8,Email,0,104,0,0,0.205
65,Female,West,102954.37,29,122.26,7,1,0.141,68.7,Social Media,0,56,1,1,0.77
22,Female,West,73715.34,110,99.16,6,0,0.194,68.7,SMS,0,175,1,1,0.845
64,Female,North,27744.07,95,63.89,9,1,0.484,49.2,SMS,1,25,0,0,0.07
58,Female,East,96520.38,35,81.0,4,0,0.114,41.8,Email,1,32,1,1,0.56
42,Male,West,63967.53,107,75.44,15,0,0.146,34.3,Email,0,2,0,0,0.15
49,Female,South,75792.9,106,91.29,14,0,0.295,60.5,SMS,0,175,1,1,0.74
71,Male,East,55052.1,21,170.17,4,0,0.449,61.8,Ads,1,16,1,1,0.745
35,Female,South,46348.43,11,73.14,10,1,0.092,93.7,SMS,1,8,0,0,0.26
18,Male,East,34011.88,33,43.49,12,5,0.239,47.9,SMS,0,37,0,0,0.195
60,Female,South,58844.01,81,99.47,5,2,0.207,55.5,Social Media,1,2,0,0,0.275
56,Female,North,63389.17,23,73.31,6,0,0.191,47.0,SMS,1,29,1,0,0.24
62,Male,East,64507.55,20,89.14,5,4,0.176,84.6,SMS,0,169,1,1,0.935
65,Female,West,38859.56,44,80.26,9,1,0.245,84.8,Email,0,146,1,1,0.805
21,Male,West,64889.01,107,58.64,6,6,0.311,13.8,Ads,0,149,1,1,0.57
56,Male,East,92048.36,20,40.01,4,1,0.61,51.3,Email,1,91,0,0,0.33
23,Female,West,81417.32,104,120.3,10,1,0.25,25.8,SMS,1,19,1,1,0.51
55,Male,North,70520.24,58,87.58,6,1,0.16,42.0,Email,0,153,1,1,0.945
36,Male,North,22330.52,80,132.39,7,1,0.263,52.3,Social Media,0,114,1,1,0.94
27,Female,South,66728.56,98,113.75,7,0,0.064,53.4,SMS,1,35,1,0,0.46
69,Female,West,67117.06,21,50.29,10,4,0.28,54.7,SMS,0,95,0,0,0.47
52,Female,South,66528.12,19,125.15,11,3,0.596,67.9,Social Media,0,40,1,1,0.63
34,Female,East,34244.49,48,99.38,4,2,0.241,100.0,Ads,0,36,0,0,0.32
18,Male,West,74706.65,25,88.18,8,2,0.547,59.9,Ads,0,153,1,1,0.865
47,Female,West,83522.4,73,99.12,4,2,0.146,69.9,Ads,0,113,1,1,0.79
32,Female,North,80461.7,28,48.14,10,2,0.561,81.2,Email,0,116,1,0,0.335
72,Male,East,57999.84,60,62.87,5,1,0.3,65.0,Social Media,0,160,1,1,0.75
32,Female,East,33721.74,33,45.64,7,2,0.38,12.0,Ads,0,138,1,1,0.615
52,Female,North,50294.71,14,49.46,6,4,0.613,43.8,SMS,0,26,0,0,0.1
20,Female,South,60590.29,115,45.82,8,1,0.158,54.7,SMS,0,47,0,0,0.07
48,Female,East,49330.25,101,26.19,10,0,0.229,37.0,Ads,1,169,1,0,0.335
37,Male,West,65506.17,72,48.94,3,0,0.336,78.3,Email,1,113,0,0,0.275
74,Male,West,74427.44,33,61.1,6,1,0.067,55.2,SMS,1,121,1,1,0.785
63,Male,South,81618.51,72,42.33,6,0,0.289,96.5,Ads,0,118,0,0,0.26
37,Female,South,88130.78,25,83.52,6,1,0.576,48.9,Social Media,0,155,1,1,0.93
25,Male,North,57099.79,77,142.56,12,2,0.314,63.9,Social Media,0,135,1,1,0.94
56,Male,East,48482.74,41,112.7,9,1,0.095,81.2,SMS,1,104,1,1,0.87
21,Male,East,76010.81,103,44.09,8,1,0.517,87.4,Email,0,67,0,0,0.04
26,Female,South,45459.54,77,36.7,10,1,0.083,89.3,SMS,0,4,0,0,0.015
29,Male,South,31683.56,104,86.89,8,0,0.433,53.8,SMS,0,11,0,0,0.105
62,Male,East,68459.75,44,46.28,8,1,0.688,71.8,SMS,0,156,0,0,0.45
34,Male,South,70529.59,112,122.94,9,1,0.449,65.0,Social Media,0,25,0,0,0.215
62,Female,East,60261.27,61,84.55,9,0,0.361,38.5,Social Media,0,58,0,0,0.41
70,Female,East,64877.98,8,62.47,9,3,0.548,50.6,Ads,0,20,0,0,0.185
73,Female,West,37829.25,28,137.71,2,3,0.186,54.9,Email,1,25,1,1,0.905
49,Female,North,50353.52,44,58.73,9,1,0.243,39.2,Email,0,135,1,1,0.74
73,Male,North,39321.09,103,109.81,10,2,0.13,59.4,SMS,0,165,1,1,0.935
29,Male,East,74022.7,71,97.67,4,1,0.578,49.1,Email,0,105,0,1,0.755
48,Female,North,79520.4,104,42.99,3,3,0.51,86.3,Social Media,0,105,0,0,0.125
52,Male,West,76151.75,2,115.59,6,3,0.557,33.4,Email,0,134,1,1,0.925
23,Female,East,58503.52,63,117.17,7,3,0.059,78.7,SMS,0,4,0,1,0.515
20,Male,North,84134.53,117,101.84,6,2,0.056,73.0,Ads,0,69,1,1,0.55
58,Male,East,87138.36,20,73.07,10,4,0.214,11.0,Ads,0,23,1,0,0.375
53,Male,East,44509.86,34,54.37,13,2,0.182,55.6,Ads,1,142,1,1,0.73
71,Female,North,69686.33,84,108.65,11,0,0.276,71.6,Email,0,36,0,0,0.335
38,Female,West,61634.96,12,111.77,9,1,0.107,53.0,Email,0,116,1,1,0.98
63,Male,North,49434.46,2,131.99,8,1,0.388,91.2,Ads,0,109,1,1,0.905
74,Male,South,72623.28,24,106.26,6,0,0.052,96.9,Ads,0,95,1,1,0.765
49,Male,West,92342.2,51,104.77,9,1,0.373,36.9,Ads,0,117,1,1,0.87
31,Male,South,44102.69,60,103.82,9,1,0.258,42.5,Email,0,173,1,1,0.96
36,Male,South,75661.71,107,117.43,6,0,0.103,61.4,Email,1,95,0,1,0.875
27,Male,North,71343.08,68,129.77,8,0,0.292,76.6,Email,0,24,0,0,0.5
72,Female,East,48356.01,107,74.65,8,2,0.447,67.6,Ads,0,25,0,0,0.07
70,Male,West,60462.96,54,110.01,9,1,0.223,90.7,Social Media,0,149,1,1,0.905
58,Female,South,45984.26,119,62.85,9,1,0.087,38.6,SMS,0,38,0,0,0.12
24,Male,East,27809.17,22,98.33,7,1,0.225,61.6,Social Media,0,62,0,1,0.64
74,Male,North,51252.01,68,80.88,10,3,0.443,51.6,Social Media,0,38,0,0,0.16
32,Male,West,55378.03,69,80.76,6,6,0.21,55.5,Ads,0,25,0,0,0.27
51,Female,South,54102.47,70,125.23,6,2,0.09,67.1,Email,0,49,0,1,0.77
70,Male,South,62619.78,87,10.56,5,0,0.542,83.5,Ads,0,56,0,0,0.04
45,Female,North,35881.93,47,94.03,3,2,0.505,55.4,Social Media,0,35,0,0,0.385
66,Female,South,67319.13,50,102.11,7,1,0.359,46.3,Email,0,33,1,1,0.555
58,Male,East,60915.35,26,54.68,4,3,0.307,64.7,Ads,1,105,0,0,0.475
19,Female,East,46826.41,92,72.33,4,1,0.517,80.9,Social Media,0,141,1,1,0.505
24,Female,South,35505.94,87,75.92,5,0,0.29,35.1,Social Media,0,74,0,0,0.32
22,Male,North,84728.82,79,16.1,7,0,0.087,49.1,Ads,0,40,0,0,0.035
26,Male,East,62546.6,61,38.3,6,1,0.572,53.8,SMS,0,10,0,0,0.06
63,Male,South,69144.06,25,86.55,12,0,0.295,57.7,Ads,0,31,1,0,0.32
53,Female,West,18065.63,81,70.18,10,0,0.479,100.0,Social Media,0,49,0,0,0.095
23,Other,North,102181.1,88,123.08,7,1,0.197,94.1,Social Media,0,122,1,1,0.86
45,Male,North,75976.02,72,72.99,10,2,0.128,18.9,Email,0,49,0,0,0.21
61,Female,West,94766.11,44,37.98,9,1,0.151,69.3,Social Media,0,2,0,0,0.11
19,Female,North,85975.91,68,129.12,7,3,0.331,23.5,Ads,0,126,1,1,0.885
43,Female,South,59261.56,32,86.21,8,0,0.514,53.5,Ads,1,8,0,0,0.19
68,Male,West,85237.42,96,44.02,8,0,0.233,37.7,SMS,0,65,0,0,0.09
60,Female,West,75534.18,90,61.38,8,0,0.047,38.2,Ads,1,50,0,0,0.21
69,Female,East,67530.74,83,90.0,9,3,0.401,43.5,Social Media,0,97,1,1,0.71
56,Male,North,59124.92,30,132.13,10,1,0.154,43.9,Social Media,0,19,1,1,0.845
40,Male,North,82399.13,115,52.54,6,2,0.181,27.5,SMS,0,118,0,0,0.495
36,Female,North,66163.04,79,90.25,7,1,0.495,41.0,Email,0,97,0,1,0.715
65,Male,South,29329.35,70,110.15,13,0,0.551,64.9,Ads,0,64,0,0,0.43
36,Male,East,49489.64,60,84.13,10,2,0.052,51.1,SMS,1,104,1,1,0.73
26,Female,West,63024.52,116,104.67,6,2,0.122,44.2,SMS,0,139,1,1,0.91
60,Male,West,75447.2,10,84.37,13,0,0.064,56.0,Ads,0,22,0,0,0.31
65,Male,West,86405.78,117,54.64,8,0,0.291,48.7,Social Media,0,58,1,0,0.085
67,Female,North,67990.23,97,115.37,11,1,0.263,26.0,Ads,1,149,1,1,0.905
44,Female,North,74837.05,25,90.72,10,1,0.114,57.1,Ads,0,100,1,1,0.815
66,Female,North,86405.4,20,80.64,7,3,0.09,16.0,SMS,0,19,0,0,0.385
73,Male,North,53086.68,91,63.71,5,2,0.118,40.6,SMS,0,159,0,1,0.82
49,Male,South,62586.37,94,98.69,6,0,0.568,67.4,SMS,0,22,0,0,0.16
74,Female,North,55736.96,72,73.56,7,1,0.115,58.8,Social Media,0,52,0,0,0.255
67,Male,East,49483.54,96,101.18,9,0,0.253,88.2,Email,0,6,0,0,0.19
27,Male,North,71352.39,68,117.45,10,0,0.211,9.3,SMS,0,119,1,1,0.905
47,Male,South,68761.98,15,128.64,5,3,0.442,55.4,Ads,0,14,1,1,0.695
68,Other,West,53265.26,96,60.67,2,1,0.17,61.2,Email,0,13,0,0,0.14
25,Male,East,85012.17,19,156.57,8,2,0.078,40.7,SMS,0,20,1,1,0.745
18,Female,North,32961.25,105,94.41,4,1,0.042,100.0,Email,0,34,0,0,0.24
20,Male,South,81282.15,8,105.77,8,1,0.42,48.3,Ads,1,79,1,1,0.745
47,Male,South,98080.88,1,42.24,8,1,0.132,88.3,SMS,0,20,0,0,0.19
26,Male,West,37297.96,42,5.0,10,2,0.27,73.8,Social Media,0,64,0,0,0.145
32,Male,South,59246.98,104,67.74,9,3,0.152,57.3,Social Media,0,18,0,0,0.065
66,Male,North,98140.81,40,70.09,7,1,0.489,77.6,SMS,0,22,0,0,0.12
23,Female,South,59713.27,94,47.35,6,4,0.202,39.2,SMS,0,21,0,0,0.075
69,Male,South,70673.92,109,89.05,9,1,0.232,80.8,Ads,1,125,0,1,0.735
30,Female,South,29839.4,7,103.4,5,1,0.042,83.7,SMS,0,110,1,1,0.93
48,Female,North,68359.83,8,87.12,8,3,0.453,50.5,Ads,0,154,1,1,0.95
72,Male,West,100981.77,65,143.44,7,1,0.213,57.3,Social Media,1,18,0,1,0.645
74,Male,East,73807.26,14,55.7,9,0,0.491,78.4,SMS,1,75,0,0,0.26
73,Female,North,65878.08,75,64.91,7,1,0.532,54.1,Social Media,1,147,1,0,0.43
55,Female,North,76591.09,30,117.25,8,2,0.063,79.8,Email,0,122,1,1,0.94
57,Male,South,93869.08,37,105.25,6,1,0.488,40.8,Ads,1,17,0,1,0.53
33,Female,South,71213.09,60,80.64,7,3,0.235,100.0,Social Media,1,1,0,0,0.195
69,Female,West,81230.72,88,22.1,8,2,0.497,35.7,Email,0,103,0,0,0.11
47,Female,South,83082.51,15,100.08,6,2,0.54,65.6,Social Media,0,138,1,1,0.88
61,Female,West,73937.78,36,101.11,8,1,0.1,62.7,Ads,0,49,1,1,0.62
32,Female,East,41156.91,75,80.35,9,0,0.374,56.6,SMS,1,114,0,1,0.615
64,Male,North,52941.92,64,87.12,8,1,0.208,46.8,Ads,0,165,1,1,0.935
60,Male,West,36553.85,86,98.1,6,3,0.093,57.8,Social Media,0,48,0,0,0.495
28,Female,West,65502.79,79,118.08,9,4,0.407,50.6,Ads,1,140,1,1,0.9
69,Female,East,49505.25,84,86.06,12,1,0.083,49.1,SMS,0,159,1,1,0.88
32,Male,East,91011.91,27,102.16,7,2,0.389,60.9,Email,0,54,1,1,0.625
65,Male,East,51943.6,111,78.14,6,5,0.335,77.1,SMS,1,175,1,1,0.69
49,Other,West,32900.16,49,61.68,10,2,0.238,88.1,SMS,0,161,1,1,0.7
27,Male,East,74238.59,9,116.53,6,1,0.624,57.7,SMS,0,52,1,1,0.685
63,Female,North,63532.47,52,94.04,9,1,0.284,73.1,Social Media,0,164,1,1,0.91
72,Female,East,65315.66,59,109.75,6,1,0.446,100.0,Email,0,86,0,1,0.665
53,Male,West,43131.74,90,43.49,9,1,0.456,79.9,Email,0,36,0,0,0.02
19,Female,West,54649.31,9,40.67,6,1,0.322,75.3,Email,0,14,0,0,0.115
32,Female,North,67060.71,58,92.67,5,0,0.138,35.8,Email,0,27,0,1,0.52
57,Male,North,58467.05,57,52.03,6,1,0.266,31.8,Email,0,38,1,0,0.135
69,Female,West,58783.06,30,118.97,5,2,0.294,69.1,SMS,0,167,1,1,0.985
39,Female,South,47737.09,101,46.75,11,2,0.382,32.0,Ads,0,151,0,0,0.295
41,Male,East,85842.58,12,22.47,11,2,0.356,66.9,Ads,1,37,0,0,0.125
31,Female,South,61118.79,21,97.13,5,0,0.36,62.5,Social Media,1,161,1,1,0.945
54,Male,East,68691.07,77,25.76,11,5,0.213,40.0,Email,0,33,0,0,0.09
54,Female,East,74022.68,96,92.57,3,3,0.718,39.5,Ads,1,105,1,1,0.51
34,Female,South,40178.16,52,117.81,9,1,0.178,26.4,Social Media,0,65,1,1,0.795
27,Female,South,40319.06,83,79.54,10,2,0.07,44.4,SMS,0,81,1,1,0.58
43,Female,North,51466.78,113,66.55,8,3,0.22,46.7,Social Media,0,36,0,0,0.085
33,Male,South,53573.25,78,60.56,10,2,0.344,51.6,Email,1,36,0,0,0.06
31,Male,North,55705.09,6,56.68,8,1,0.2,56.8,Ads,0,88,1,1,0.55
50,Male,East,90779.32,112,96.22,16,2,0.389,62.8,Email,0,64,0,0,0.34
26,Male,South,40650.3,98,87.68,8,0,0.459,0.0,Ads,0,110,1,1,0.615
71,Female,East,48645.84,6,106.9,5,2,0.232,63.4,Social Media,0,153,1,1,0.965
34,Male,North,88909.75,113,75.07,9,1,0.173,58.0,Social Media,0,146,1,1,0.64
44,Male,East,56948.04,62,111.44,10,0,0.375,73.5,Email,0,131,0,1,0.93
48,Female,West,50292.33,108,95.59,6,1,0.446,91.0,Ads,1,116,0,1,0.625
58,Female,North,61816.04,110,78.71,5,4,0.127,69.0,Email,0,9,0,0,0.105
27,Female,East,55792.03,18,71.45,6,1,0.109,24.1,SMS,0,44,1,0,0.445
27,Female,North,54738.67,9,42.66,6,2,0.179,70.5,Ads,0,130,1,1,0.515
48,Male,East,50946.88,71,47.29,10,4,0.487,74.4,Ads,0,74,0,0,0.07
63,Female,East,64142.75,26,95.99,7,2,0.026,29.9,SMS,0,78,1,1,0.795
21,Female,West,35878.12,109,5.0,9,1,0.112,40.2,Email,1,139,1,0,0.29
49,Female,South,79847.94,4,71.59,3,3,0.235,46.7,Social Media,0,24,0,0,0.43
24,Male,West,38834.44,99,142.14,6,2,0.173,44.5,SMS,0,113,1,1,0.935
67,Female,West,34706.65,96,89.18,11,2,0.175,73.9,Social Media,1,68,0,0,0.255
61,Male,East,43829.9,60,171.72,3,3,0.05,53.1,Email,0,161,1,1,0.935
61,Male,South,90359.03,22,106.81,8,1,0.644,52.3,Ads,1,122,1,1,0.89
69,Female,East,36976.28,38,60.97,8,1,0.263,74.0,Social Media,1,104,0,1,0.545
50,Female,West,59919.03,22,38.36,8,3,0.147,100.0,Ads,0,35,0,0,0.065
46,Female,West,66405.59,81,10.84,7,4,0.606,58.8,Email,0,139,0,0,0.26
26,Male,North,51239.92,35,103.3,2,2,0.113,99.8,Email,0,49,0,1,0.565
32,Female,South,71900.95,65,86.94,8,2,0.199,42.2,Email,0,75,0,1,0.66
55,Female,West,85063.17,43,126.46,8,4,0.213,67.9,SMS,0,100,1,1,0.92
39,Female,East,62330.84,100,70.85,8,3,0.347,63.5,Ads,0,99,1,0,0.2
55,Female,East,58421.4,61,81.55,9,0,0.544,69.8,Ads,0,38,0,0,0.175
41,Female,East,37741.54,58,98.92,11,2,0.034,71.3,Ads,0,123,1,1,0.85
18,Male,South,82430.12,69,52.83,7,0,0.533,52.8,Ads,0,55,0,0,0.1
48,Female,West,29654.85,31,80.18,8,0,0.143,38.6,SMS,0,134,1,1,0.91
40,Female,East,63153.52,105,46.92,6,2,0.279,61.5,SMS,0,44,0,0,0.03
48,Female,North,101305.32,75,59.39,11,1,0.14,22.7,Ads,0,62,1,0,0.28
19,Female,East,65671.49,42,43.36,8,1,0.153,31.8,SMS,1,14,0,0,0.125
73,Female,North,17549.39,110,47.5,8,1,0.435,71.2,Social Media,1,74,0,0,0.085
30,Male,South,60718.08,16,63.53,13,3,0.67,38.7,Email,0,132,1,1,0.51
20,Male,West,65981.64,114,107.02,8,2,0.359,100.0,Ads,0,58,1,0,0.37
20,Male,West,42055.34,22,52.98,10,2,0.055,41.0,Ads,0,35,0,0,0.275
65,Male,East,92725.38,88,80.65,7,3,0.177,57.9,Email,0,2,0,0,0.19
23,Male,North,60247.96,57,67.9,12,3,0.38,51.1,Social Media,0,53,0,0,0.14
19,Male,West,74719.81,101,76.46,10,0,0.107,73.1,Email,0,70,0,0,0.29
56,Male,South,33982.46,84,90.14,3,3,0.262,29.7,Email,1,38,0,0,0.435
57,Female,East,47363.49,13,79.56,11,0,0.438,57.2,Ads,0,22,0,0,0.165
40,Female,North,40333.44,117,76.88,14,3,0.192,86.7,Email,0,54,0,0,0.15
52,Female,North,64648.09,38,74.37,7,1,0.361,53.6,SMS,0,145,0,1,0.885
59,Female,North,51663.18,56,74.35,6,0,0.601,57.4,Social Media,0,92,0,0,0.33
32,Male,North,78030.88,7,54.1,5,1,0.393,42.0,SMS,0,123,1,1,0.74
52,Male,West,23177.69,40,30.6,8,0,0.23,81.9,Social Media,0,27,0,0,0.11
59,Male,North,71121.76,11,121.02,10,0,0.288,100.0,Social Media,0,144,1,1,0.84
20,Male,South,56727.01,95,157.81,6,0,0.449,66.0,SMS,0,29,1,1,0.6
23,Male,North,31114.54,102,118.59,8,1,0.368,65.0,SMS,0,122,1,1,0.84
64,Female,West,60772.39,18,134.18,11,4,0.344,40.4,Ads,0,125,1,1,0.955
61,Female,East,53329.53,71,54.95,8,2,0.288,60.5,Ads,0,22,0,0,0.035
57,Male,North,38035.72,32,105.95,5,2,0.513,69.1,SMS,0,40,0,1,0.575
39,Female,East,30818.29,22,72.73,8,1,0.48,58.8,Ads,1,161,1,1,0.89
28,Male,East,46235.32,76,61.57,7,0,0.384,34.5,SMS,0,157,0,1,0.755
72,Male,West,52544.16,36,110.38,4,0,0.371,48.2,Email,0,168,1,1,0.955
66,Female,North,46293.23,104,18.26,7,2,0.235,97.4,SMS,0,161,0,0,0.305
25,Female,North,29934.85,96,120.55,7,3,0.177,64.6,SMS,0,158,1,1,0.97
46,Other,East,47292.36,96,69.79,10,0,0.49,63.7,Email,1,154,0,0,0.495
19,Male,West,90143.36,51,60.17,8,0,0.096,73.7,SMS,0,9,0,0,0.12
18,Female,West,63746.41,59,50.51,13,2,0.348,62.9,Social Media,1,73,0,0,0.205
64,Other,East,49836.05,19,34.75,6,1,0.101,53.2,Email,0,174,1,1,0.755
34,Male,North,31290.84,116,136.27,11,1,0.239,66.6,SMS,0,135,1,1,0.9
29,Male,South,64957.47,43,91.94,9,0,0.558,47.3,Social Media,0,56,0,0,0.385
45,Male,East,60427.61,18,94.26,6,4,0.257,96.0,Ads,1,156,1,1,0.935
48,Female,West,88974.57,21,128.57,7,1,0.186,26.7,SMS,0,50,1,1,0.885
32,Female,West,51076.05,31,26.27,12,1,0.104,82.6,SMS,0,130,0,0,0.42
62,Other,North,86605.29,21,98.2,7,4,0.196,10.0,Social Media,0,168,1,1,0.965
52,Male,North,80548.3,55,86.06,10,2,0.063,32.7,SMS,0,155,1,1,0.93
31,Female,East,74969.21,46,113.77,10,2,0.46,76.9,Social Media,0,149,1,1,0.9
61,Female,West,91758.09,1,102.05,7,2,0.382,59.5,Social Media,0,41,1,1,0.605
60,Male,West,55687.04,36,100.26,12,1,0.702,84.5,SMS,0,99,0,1,0.575
62,Male,West,54641.81,74,10.99,7,0,0.251,68.1,Social Media,0,22,0,0,0.035
23,Female,West,46004.56,10,73.07,13,0,0.342,57.5,Ads,0,114,0,1,0.755
33,Female,West,64585.09,45,55.47,10,1,0.156,93.9,Email,1,122,0,1,0.585
25,Female,East,44963.49,5,6.95,10,2,0.478,82.3,Social Media,0,21,0,0,0.08
49,Male,South,41673.81,89,44.81,9,1,0.177,91.4,Social Media,0,128,1,0,0.23
60,Female,East,60792.54,71,73.04,8,1,0.286,44.1,Email,0,127,0,1,0.68
70,Male,East,76653.66,55,107.07,8,2,0.499,71.3,Email,1,43,0,0,0.465
67,Female,South,45135.39,70,110.0,4,1,0.02,59.4,Social Media,0,128,1,1,0.885
20,Male,South,83487.62,115,61.96,8,3,0.04,54.5,Email,0,170,1,1,0.585
44,Female,North,56998.92,64,67.76,10,2,0.178,77.8,Social Media,0,120,1,1,0.625
23,Male,North,64619.55,61,59.24,8,0,0.422,46.2,Ads,0,100,0,0,0.405
59,Female,North,48166.98,82,85.06,6,2,0.358,90.9,SMS,1,48,0,0,0.18
26,Female,East,45409.31,42,96.22,5,2,0.071,68.7,Social Media,0,167,1,1,0.955
51,Male,South,47248.56,109,67.18,7,2,0.454,42.5,Email,0,156,0,1,0.67
50,Male,North,50822.85,30,105.54,6,1,0.319,45.6,Email,1,141,1,1,0.955
48,Male,West,35229.87,110,77.36,6,2,0.614,68.0,Social Media,1,6,0,0,0.105
41,Female,North,55463.41,116,95.6,7,0,0.547,73.4,SMS,1,80,0,0,0.405
56,Male,West,72638.36,35,104.52,4,1,0.216,47.4,Social Media,0,163,1,1,0.96
58,Female,North,47974.95,35,70.64,5,0,0.171,78.7,SMS,0,68,0,0,0.345
30,Male,North,72428.08,73,95.55,8,1,0.276,9.9,Email,1,1,0,0,0.345
43,Female,East,83461.26,12,52.25,8,2,0.293,39.2,SMS,0,149,1,1,0.855
22,Male,East,84300.06,44,95.99,6,1,0.125,54.7,Email,0,121,1,1,0.94
63,Female,North,60471.84,72,96.72,12,0,0.249,59.7,Social Media,1,21,0,0,0.235
72,Female,South,65382.78,62,90.87,10,1,0.117,47.2,Ads,1,61,1,0,0.485
46,Male,North,83019.84,52,28.85,5,1,0.443,77.5,SMS,0,165,0,0,0.465
58,Female,West,31484.99,3,59.66,10,0,0.096,74.3,Ads,0,158,1,1,0.755
21,Male,East,42882.39,65,64.81,10,0,0.19,66.7,Email,0,35,0,0,0.11
55,Male,North,41644.76,63,78.58,10,0,0.305,75.2,SMS,1,46,0,0,0.11
38,Female,East,88766.18,95,85.79,11,2,0.496,65.2,SMS,0,104,1,0,0.335
52,Male,West,64458.65,12,70.21,11,3,0.427,53.6,Email,0,9,0,0,0.1
31,Male,West,62142.72,65,117.69,12,1,0.22,12.1,Ads,0,120,1,1,0.905
20,Male,East,88264.16,99,134.12,9,1,0.082,67.9,Email,0,136,1,1,0.91
19,Female,West,45627.89,66,104.01,12,2,0.039,100.0,Social Media,0,116,0,1,0.78
38,Male,East,36725.78,73,56.25,6,2,0.224,25.1,Ads,0,109,1,1,0.545
68,Female,East,65159.78,86,103.25,7,0,0.28,41.2,SMS,1,18,0,0,0.355
59,Male,East,62296.39,78,113.29,2,0,0.387,64.0,Email,0,128,1,1,0.86
73,Male,West,43558.98,13,63.86,4,1,0.174,60.0,Ads,0,69,1,0,0.465
69,Male,East,82755.55,79,46.18,14,4,0.417,79.7,Ads,0,24,0,0,0.05
29,Female,East,25753.23,110,84.26,10,1,0.391,36.3,Social Media,0,2,0,0,0.125
56,Male,South,42859.74,10,160.77,12,0,0.159,61.9,Social Media,0,155,1,1,0.96
30,Female,West,50270.02,48,100.45,7,3,0.119,22.2,Email,0,21,1,1,0.625
40,Female,West,87025.34,24,87.21,6,1,0.17,68.0,Ads,0,71,1,1,0.765
48,Male,North,51066.3,48,91.12,12,1,0.084,69.9,SMS,1,124,1,1,0.925
64,Male,West,59069.82,19,82.61,5,4,0.221,85.4,Ads,0,29,1,0,0.385
51,Male,North,46667.38,42,48.46,13,4,0.446,65.0,SMS,0,48,0,0,0.13
29,Female,North,63137.49,103,137.29,11,0,0.038,54.1,Social Media,0,79,1,1,0.84
31,Female,North,53870.41,9,117.9,9,2,0.488,34.4,Social Media,0,120,1,1,0.96
72,Female,East,57705.4,47,43.11,4,2,0.305,78.5,Social Media,0,152,1,1,0.645
23,Female,East,30502.57,13,117.47,7,4,0.394,14.7,Social Media,0,55,0,1,0.765
52,Male,North,60584.46,11,57.91,9,2,0.058,51.5,SMS,0,15,0,0,0.215
73,Female,West,51773.41,30,191.28,6,1,0.172,59.6,SMS,1,101,1,1,0.905
37,Female,West,43183.72,81,51.78,6,2,0.36,65.3,SMS,0,113,0,0,0.265
18,Male,East,69536.99,25,63.8,7,1,0.216,61.3,Social Media,1,151,1,1,0.835
18,Female,North,22947.96,40,88.74,6,2,0.326,82.7,Ads,0,157,1,1,0.85
67,Male,South,67019.13,62,104.86,9,0,0.24,66.0,Email,1,73,0,1,0.55
38,Female,South,44800.06,47,64.08,7,2,0.508,63.8,Social Media,1,3,1,0,0.165
72,Male,North,39647.49,114,62.7,9,3,0.399,44.8,Ads,1,59,0,0,0.1
34,Male,North,50011.03,11,16.97,10,1,0.759,24.6,Email,0,169,1,0,0.36
56,Other,East,96594.02,46,90.23,11,0,0.409,28.7,Ads,0,129,1,1,0.88
56,Male,West,83120.24,117,49.64,6,3,0.197,81.8,Ads,0,48,0,0,0.075
57,Female,South,62280.23,55,74.49,6,1,0.108,73.8,Ads,1,107,1,1,0.565
69,Female,North,67036.4,37,64.95,13,3,0.217,70.0,Ads,0,73,0,0,0.225
48,Female,South,79673.41,28,114.75,8,1,0.218,48.8,SMS,0,146,1,1,0.96
60,Male,East,45643.31,84,120.81,8,0,0.643,66.3,Email,0,101,1,1,0.73
56,Female,North,62508.23,91,134.6,9,0,0.399,69.2,Social Media,0,1,0,0,0.435
70,Female,West,42277.2,69,43.69,6,0,0.674,58.4,SMS,0,174,0,0,0.475
55,Female,West,62471.22,19,62.28,0,1,0.505,19.7,SMS,0,94,1,1,0.515
28,Female,East,65039.96,115,80.64,6,0,0.087,48.3,Social Media,1,178,1,1,0.81
59,Female,East,45896.26,78,143.59,11,1,0.157,13.3,Social Media,0,88,1,1,0.915
40,Male,North,45519.06,92,65.93,10,0,0.301,41.3,Ads,1,28,0,0,0.07
36,Other,West,70387.62,32,92.95,8,1,0.239,88.4,SMS,1,122,1,1,0.845
44,Male,South,57048.85,110,38.32,9,2,0.182,63.4,SMS,0,178,1,1,0.525
48,Female,East,51955.75,117,58.89,7,0,0.28,87.6,Social Media,0,163,0,1,0.555
68,Male,North,91138.73,48,81.24,7,1,0.314,52.3,Email,1,117,1,1,0.76
71,Other,South,51507.89,20,117.27,4,1,0.342,51.5,Social Media,0,70,1,1,0.835
28,Female,South,42352.57,118,51.04,16,2,0.45,48.3,Social Media,1,127,0,0,0.23
64,Female,West,70440.73,41,74.44,4,2,0.579,46.9,Social Media,0,128,1,1,0.705
42,Male,West,60877.65,29,10.26,4,2,0.527,44.0,Social Media,1,13,0,0,0.065
63,Female,South,99826.23,111,39.53,13,1,0.556,62.9,SMS,0,60,0,0,0.11
45,Female,South,53676.63,14,102.39,10,3,0.287,66.5,Social Media,1,47,1,0,0.49
35,Female,East,58956.09,60,113.96,5,1,0.117,57.4,Ads,0,179,1,1,0.955
55,Female,South,85540.83,15,40.94,12,3,0.162,55.1,Email,0,77,1,0,0.24
52,Male,North,41822.45,104,99.05,10,1,0.326,28.6,Email,0,44,0,0,0.37
34,Female,East,15000.0,6,82.98,9,2,0.577,67.8,Social Media,0,119,1,1,0.695
57,Male,South,49006.46,46,58.8,10,0,0.387,48.3,Social Media,0,82,0,0,0.265
29,Male,West,83576.76,96,145.26,8,3,0.263,75.3,SMS,0,31,0,1,0.645
26,Female,South,39030.74,37,78.32,8,2,0.13,67.0,Social Media,1,138,1,1,0.9
45,Female,South,59082.03,23,49.03,3,1,0.519,71.2,Social Media,1,178,1,1,0.715
68,Male,North,44392.84,62,12.93,4,1,0.274,57.5,Social Media,0,32,0,0,0.075
29,Male,West,102398.93,75,15.4,11,4,0.288,43.3,SMS,0,88,0,0,0.185
60,Female,East,76456.23,67,68.88,8,1,0.345,59.5,Ads,0,100,0,0,0.4
58,Female,South,80315.93,13,38.21,6,2,0.179,57.0,Email,0,50,0,0,0.135
33,Male,West,57954.96,39,129.3,6,1,0.505,66.0,Social Media,0,116,1,1,0.915
42,Male,East,74801.33,5,85.29,6,1,0.187,75.8,Ads,0,99,1,1,0.785
46,Male,West,84294.86,35,96.48,5,2,0.015,51.9,Email,1,6,0,0,0.465
60,Male,West,38087.73,113,93.2,12,1,0.261,18.0,Social Media,0,155,1,1,0.755
30,Male,West,62824.14,86,100.29,8,0,0.201,67.2,Social Media,0,71,1,1,0.525
67,Female,East,60676.74,74,76.04,12,4,0.225,54.7,Email,1,160,1,1,0.8
28,Male,South,65536.02,104,74.29,8,0,0.245,100.0,Social Media,0,62,0,0,0.095
46,Female,East,42573.64,14,40.0,12,2,0.686,56.8,SMS,1,15,0,0,0.055
73,Male,South,65526.19,79,84.33,11,1,0.263,54.2,Ads,0,45,1,0,0.155
20,Male,West,62993.0,37,81.65,10,3,0.075,46.9,SMS,0,64,1,1,0.59
50,Female,West,78173.09,49,65.2,8,0,0.283,37.3,Email,1,70,0,0,0.275
39,Male,North,41253.47,113,109.07,4,1,0.192,70.0,Ads,1,136,1,1,0.93
20,Male,South,37472.48,39,48.22,3,2,0.515,64.6,Email,0,83,0,0,0.205
30,Other,South,61798.17,57,82.47,6,4,0.43,52.1,Ads,1,82,0,0,0.465
35,Female,East,71977.07,27,78.67,7,1,0.333,42.9,Email,0,115,1,1,0.88
48,Female,East,53180.65,101,96.36,7,2,0.307,44.7,Email,0,23,0,0,0.31
22,Male,West,49021.26,44,126.56,8,1,0.341,58.8,Email,1,154,1,1,0.96
33,Female,North,59150.65,101,72.64,9,1,0.327,48.3,Ads,0,81,0,0,0.23
55,Male,West,69783.83,58,104.89,3,1,0.41,55.5,Social Media,0,2,1,0,0.31
73,Female,West,30643.7,89,138.71,10,0,0.17,48.0,SMS,0,136,1,1,0.915
19,Male,South,82409.47,40,56.08,5,0,0.333,46.6,Email,0,115,1,1,0.585
26,Female,North,65114.54,57,96.63,6,3,0.188,41.2,Social Media,0,133,1,1,0.91
35,Male,North,71365.7,34,114.09,11,4,0.353,68.2,Ads,0,138,1,1,0.95
42,Female,East,66578.2,5,42.57,11,3,0.339,57.7,Ads,1,74,0,0,0.22
70,Female,North,22989.64,99,41.6,9,0,0.378,22.9,SMS,1,38,0,0,0.12
24,Male,North,93161.54,27,84.18,6,2,0.63,48.4,Ads,0,37,0,0,0.3
37,Female,East,75714.74,6,99.27,7,3,0.389,50.3,Social Media,0,166,1,1,0.93
35,Female,East,66227.89,101,74.98,6,1,0.489,45.2,Social Media,0,48,0,0,0.14
70,Male,West,83268.43,92,97.4,9,2,0.147,62.5,Email,0,46,0,0,0.325
19,Female,East,53457.07,22,135.54,10,0,0.372,100.0,SMS,0,145,1,1,0.865
59,Male,North,39423.38,80,77.01,9,2,0.18,69.2,Ads,0,143,1,1,0.67
30,Female,South,70151.93,104,97.82,11,0,0.378,30.2,Email,0,99,1,1,0.715
58,Female,South,65997.89,18,136.42,4,3,0.394,63.6,SMS,0,67,1,1,0.875
23,Female,North,42837.38,13,86.22,8,4,0.147,78.5,SMS,0,172,1,1,0.9
42,Female,North,43670.44,21,117.75,9,1,0.227,66.6,Social Media,0,55,1,1,0.75
66,Male,East,76645.09,75,124.93,7,3,0.739,33.6,Email,1,119,1,1,0.695
57,Female,South,80210.61,3,56.26,9,3,0.132,90.1,SMS,1,175,1,1,0.7
64,Female,West,68685.13,20,87.91,7,2,0.085,84.0,Ads,0,43,1,1,0.525
45,Male,East,67672.81,42,17.17,4,2,0.212,8.7,Email,0,150,0,1,0.54
42,Male,East,82820.12,98,47.16,7,2,0.196,48.4,SMS,0,149,0,0,0.37
65,Female,South,74123.56,34,141.42,6,2,0.208,26.0,Social Media,0,122,1,1,0.97
26,Male,South,74845.69,59,107.88,9,3,0.474,11.9,Ads,0,84,1,1,0.765
31,Female,South,62063.24,78,105.04,11,1,0.225,36.4,SMS,0,75,0,1,0.69
30,Male,East,57342.22,45,73.95,9,3,0.216,71.5,Ads,0,176,1,1,0.88
54,Female,East,64133.41,63,59.6,4,1,0.538,46.1,Ads,1,116,1,0,0.415
70,Female,East,70134.41,89,68.49,7,0,0.309,51.2,Ads,0,57,0,0,0.11
32,Male,South,48489.85,72,86.47,12,3,0.443,57.9,Email,0,34,0,0,0.15
30,Female,West,39542.42,69,86.01,12,5,0.22,41.1,SMS,1,105,1,1,0.675
66,Male,South,43527.8,23,104.29,13,1,0.063,71.3,Social Media,0,3,0,0,0.43
37,Female,West,76915.43,51,92.07,8,0,0.077,93.0,SMS,0,127,1,1,0.795
26,Male,North,72440.6,50,114.61,8,3,0.525,6.6,Social Media,0,174,1,1,0.93
22,Other,South,50574.56,47,97.04,12,0,0.511,53.9,SMS,0,7,0,0,0.3
44,Female,North,78698.06,72,57.45,8,0,0.428,49.3,Ads,1,12,0,0,0.04
24,Other,South,85368.71,67,194.71,7,6,0.204,52.1,Ads,0,170,1,1,0.935
43,Male,East,58459.46,44,129.42,9,3,0.396,12.6,SMS,0,153,1,1,0.985
60,Female,North,61436.44,111,36.28,9,4,0.41,56.7,Ads,0,14,0,0,0.05
51,Male,North,35752.11,115,69.7,6,1,0.253,56.7,Ads,0,89,0,0,0.245
66,Male,East,67387.0,56,115.67,12,0,0.166,0.0,SMS,0,108,1,1,0.905
59,Male,West,68857.63,19,93.64,8,2,0.33,26.1,SMS,0,128,1,1,0.965
59,Female,East,29304.91,21,70.77,4,0,0.282,42.5,Email,1,60,0,0,0.49
33,Female,South,68045.38,64,78.78,11,1,0.155,60.0,Ads,0,8,0,0,0.165
60,Female,North,73628.97,101,48.35,7,1,0.174,49.7,Email,0,46,0,0,0.04
29,Male,East,88610.49,5,93.34,8,4,0.204,37.1,SMS,1,121,1,1,0.93
46,Male,North,79425.76,5,6.72,5,0,0.355,75.7,Social Media,0,142,0,0,0.36
66,Female,South,45096.87,91,112.97,7,3,0.556,14.6,Social Media,0,150,1,1,0.895
44,Male,West,59524.2,52,93.78,7,1,0.217,70.7,Social Media,0,26,0,0,0.255
39,Female,West,52828.92,83,25.86,9,3,0.149,84.4,SMS,0,21,0,0,0.03
49,Male,South,63237.49,73,62.74,11,0,0.157,53.1,SMS,1,4,0,0,0.04
44,Male,East,15000.0,107,128.63,12,0,0.636,65.8,SMS,0,80,0,1,0.525
31,Male,East,26001.68,106,59.78,4,0,0.475,72.4,Social Media,0,75,0,0,0.205
24,Female,North,92441.53,91,98.45,11,0,0.395,46.2,Ads,0,23,0,0,0.34
46,Female,South,54575.75,8,27.34,11,1,0.2,78.3,Social Media,0,129,0,0,0.42
50,Female,West,57255.27,111,28.17,8,5,0.228,82.2,Social Media,0,72,0,0,0.065
44,Female,East,90780.2,16,126.86,7,0,0.695,61.7,Social Media,0,73,0,1,0.71
18,Female,South,77147.54,64,59.91,4,1,0.256,72.7,Social Media,0,139,0,1,0.625
50,Male,West,58242.75,29,51.66,8,5,0.123,53.0,Ads,0,95,1,1,0.545
69,Male,West,63198.05,89,125.66,6,2,0.277,68.3,Ads,1,75,0,1,0.775
21,Male,East,67573.74,29,92.9,6,1,0.026,52.0,SMS,0,20,0,1,0.505
72,Male,South,71507.34,72,109.76,4,2,0.079,84.5,SMS,0,98,1,1,0.77
20,Male,West,60233.83,86,83.39,10,2,0.589,61.4,SMS,0,81,0,0,0.205
47,Female,East,61958.79,76,68.17,8,1,0.145,57.4,Ads,0,146,0,1,0.755
38,Female,West,79483.52,32,52.41,8,0,0.067,77.7,SMS,0,51,0,0,0.115
23,Other,North,45764.39,85,94.0,10,3,0.667,95.2,Ads,0,94,0,0,0.315
33,Female,North,70332.88,114,105.66,8,3,0.117,74.4,SMS,0,67,1,0,0.4
71,Female,West,87944.87,6,27.61,11,0,0.099,54.1,Ads,0,26,0,0,0.24
65,Male,West,83094.9,75,64.18,12,0,0.187,69.9,SMS,0,112,1,0,0.35
42,Male,North,55170.3,99,111.83,11,2,0.094,87.0,Email,0,87,0,1,0.665
36,Male,South,48873.15,20,12.89,9,3,0.097,50.0,Email,0,55,0,0,0.175
74,Male,North,45325.12,76,81.63,6,1,0.234,74.7,SMS,0,164,1,1,0.67
31,Male,North,62786.24,93,140.56,8,1,0.082,83.9,Email,0,95,1,1,0.87
23,Female,West,74457.29,66,108.26,6,1,0.363,43.2,SMS,1,43,0,0,0.495
34,Female,North,61265.11,27,58.05,5,0,0.401,47.1,Email,0,3,0,0,0.135
20,Female,West,71162.32,8,88.49,13,2,0.151,88.3,SMS,0,55,1,0,0.49
44,Female,West,48398.89,100,59.8,4,1,0.464,59.5,Social Media,0,4,0,0,0.08
32,Female,East,60195.08,68,49.02,8,3,0.078,46.7,Social Media,0,41,0,0,0.12
72,Female,East,48589.05,112,78.08,10,2,0.09,51.1,Social Media,1,162,1,1,0.835
49,Female,West,63271.64,83,122.93,8,0,0.166,72.4,SMS,1,147,1,1,0.95
57,Female,South,67973.28,76,49.02,9,1,0.215,72.4,Social Media,0,96,0,0,0.09
68,Male,West,43762.85,117,33.4,3,0,0.435,55.6,Email,1,171,0,0,0.335
65,Male,West,67164.01,75,70.21,7,0,0.29,100.0,SMS,0,54,0,0,0.13
73,Male,North,58649.07,59,84.18,11,0,0.333,66.9,SMS,0,159,1,1,0.755
40,Female,North,32077.79,41,33.33,6,2,0.135,28.3,Ads,1,139,1,1,0.565
25,Female,East,66793.58,12,77.86,9,3,0.181,71.2,SMS,0,140,1,1,0.805
25,Female,South,72302.81,28,139.86,11,4,0.114,40.7,Email,1,115,1,1,0.945
72,Female,East,79667.73,103,54.85,12,2,0.491,63.0,SMS,0,13,0,0,0.065
48,Male,South,61596.74,45,22.94,12,1,0.417,60.8,Social Media,0,169,0,0,0.405
65,Male,South,75894.01,116,75.5,12,0,0.165,20.3,SMS,0,47,0,0,0.17
43,Male,West,76695.96,70,133.16,7,0,0.298,43.6,Ads,0,77,1,1,0.875
37,Female,West,21423.07,48,115.05,9,1,0.371,69.8,Ads,1,71,0,1,0.655
24,Female,South,86882.92,2,52.06,7,1,0.263,65.9,Email,0,164,1,1,0.825
23,Male,South,79064.62,18,57.42,9,0,0.355,59.8,Email,0,8,0,0,0.2
39,Other,North,99807.44,66,122.42,3,1,0.158,75.4,Social Media,0,49,0,1,0.685
63,Male,East,68298.76,110,5.0,13,5,0.379,65.1,Email,0,123,0,0,0.13
34,Other,East,26810.32,109,121.18,15,4,0.238,47.9,Ads,0,141,1,1,0.835
21,Female,North,63249.13,67,41.19,10,0,0.096,59.1,SMS,0,165,0,1,0.6
28,Male,East,74840.32,79,87.74,7,2,0.504,59.9,Social Media,0,72,0,0,0.335
19,Female,North,42829.98,48,55.86,12,2,0.34,78.5,SMS,0,32,0,0,0.085
35,Female,North,58093.59,80,68.64,3,1,0.095,72.3,SMS,1,83,1,0,0.435
74,Female,North,72049.18,114,48.5,6,1,0.442,91.4,Social Media,0,135,0,0,0.345
60,Female,West,88550.94,23,105.36,9,4,0.126,50.1,Email,1,96,0,1,0.91
20,Female,North,41668.62,80,76.36,8,0,0.236,74.3,Ads,0,36,0,0,0.13
43,Female,East,40082.71,65,51.75,10,0,0.634,42.1,Email,0,155,1,0,0.415
55,Female,East,66297.33,77,66.96,6,2,0.117,27.9,Social Media,0,92,0,1,0.565
70,Female,North,48760.8,100,72.83,16,2,0.332,35.5,Social Media,1,3,0,0,0.095
20,Female,South,64910.64,58,114.62,8,1,0.354,52.1,Email,1,172,1,1,0.945
21,Male,South,87510.2,69,66.46,3,4,0.127,57.6,Email,1,21,0,0,0.24
44,Female,North,43700.21,4,94.73,11,2,0.324,25.6,Ads,0,130,1,1,0.905
34,Female,North,44733.94,111,19.61,5,3,0.145,53.8,Social Media,1,42,0,0,0.09
53,Male,North,42442.03,68,68.79,4,3,0.183,54.8,SMS,0,4,0,0,0.08
44,Male,West,59442.85,107,97.62,10,1,0.299,55.2,Ads,0,43,0,0,0.18
70,Female,East,45437.84,30,109.52,7,4,0.125,58.9,Email,0,141,1,1,0.96
55,Female,West,28570.12,24,63.82,11,1,0.193,87.3,Ads,0,128,1,1,0.615
32,Male,East,75459.43,83,70.65,7,2,0.115,12.6,Email,1,132,1,1,0.825
24,Male,East,73974.37,104,51.26,14,1,0.433,47.8,Social Media,0,31,0,0,0.1
44,Male,West,56131.12,40,5.0,8,1,0.125,49.1,SMS,0,164,0,0,0.42
32,Female,South,68721.39,4,118.37,7,1,0.563,23.7,Email,0,47,1,1,0.81
33,Male,South,41373.39,45,163.6,11,1,0.32,79.1,Social Media,1,36,1,1,0.67
72,Male,East,81080.79,26,95.23,9,1,0.034,55.4,Email,0,4,0,0,0.42
29,Female,North,70536.6,101,115.59,12,1,0.201,57.3,SMS,0,178,1,1,0.915
74,Female,East,49946.88,90,88.23,7,2,0.123,55.0,Social Media,0,39,0,0,0.36
29,Male,South,94600.07,47,98.0,7,0,0.193,90.3,Ads,0,157,1,1,0.86
57,Female,East,64116.81,95,68.53,5,1,0.373,27.4,Social Media,0,155,1,1,0.75
63,Female,East,48594.29,88,46.17,9,1,0.249,57.0,SMS,0,6,0,0,0.015
67,Female,East,53508.17,23,101.67,4,1,0.229,69.8,SMS,0,108,1,1,0.945
38,Male,North,30148.76,17,53.14,6,5,0.534,89.3,Ads,0,58,0,0,0.155
72,Male,North,104045.38,51,131.94,10,2,0.258,61.7,Social Media,0,73,1,1,0.855
48,Male,East,43249.24,38,117.43,5,2,0.519,40.6,Ads,1,3,1,0,0.445
63,Female,North,24986.26,49,64.96,8,2,0.329,78.9,Social Media,0,113,0,0,0.44
68,Male,North,64131.32,22,98.13,8,1,0.566,43.5,Ads,0,112,1,1,0.88
48,Female,West,36150.73,60,95.87,8,1,0.191,97.6,SMS,1,89,0,1,0.55
19,Female,East,71557.67,24,78.06,9,1,0.076,44.9,Email,1,134,1,1,0.85
53,Male,North,83889.15,23,57.95,8,1,0.542,67.4,Email,0,150,0,1,0.54
51,Female,West,37705.83,79,5.0,9,1,0.297,43.0,Ads,0,36,0,0,0.04
74,Male,West,42431.92,57,42.09,8,1,0.121,67.8,Social Media,0,117,0,0,0.375
55,Male,South,85617.37,66,111.68,3,1,0.238,44.2,SMS,1,75,0,1,0.79
63,Female,South,67419.99,43,51.9,8,1,0.119,85.8,SMS,0,61,1,0,0.11
65,Male,North,15000.0,10,98.67,8,1,0.084,81.6,Ads,0,44,0,1,0.59
24,Male,South,49866.61,55,60.87,5,0,0.27,75.5,SMS,0,142,1,1,0.71
74,Male,East,59378.76,107,51.47,11,2,0.205,61.9,Ads,0,127,0,0,0.27
54,Female,South,66480.14,31,75.27,8,4,0.448,46.6,Ads,0,138,1,1,0.76
41,Male,South,83364.99,92,37.54,10,1,0.367,58.8,SMS,0,132,0,0,0.24
73,Male,East,90274.15,61,58.64,7,1,0.176,16.2,Social Media,1,22,0,0,0.22
47,Female,South,45365.22,41,64.0,5,1,0.162,78.6,Email,0,102,1,0,0.415
64,Female,East,88597.05,109,99.41,10,0,0.221,40.2,Email,0,17,0,0,0.33
22,Male,East,63431.33,27,49.13,12,0,0.415,64.6,Email,0,171,0,1,0.56
69,Male,South,80201.57,75,93.35,6,1,0.268,54.9,Ads,0,10,0,0,0.175
58,Female,East,54717.25,6,70.95,6,0,0.299,49.9,Email,1,77,1,1,0.65
67,Male,South,57895.32,76,106.35,7,1,0.205,43.7,Email,1,5,0,0,0.39
38,Male,East,37515.74,110,76.71,5,2,0.379,75.6,Email,0,112,1,0,0.395
62,Female,West,76716.49,19,74.79,5,0,0.653,65.8,Social Media,0,133,1,1,0.715
45,Male,West,58200.83,17,85.44,5,0,0.189,96.0,Social Media,0,99,1,1,0.765
34,Male,North,49809.7,23,97.21,10,2,0.348,82.2,Email,0,43,1,0,0.4
18,Female,South,22311.85,78,121.02,11,1,0.285,60.5,Email,0,71,1,1,0.645
27,Female,West,82292.2,87,104.17,11,1,0.514,36.9,SMS,0,158,1,1,0.845
27,Female,East,61337.72,59,92.37,4,0,0.415,23.1,Ads,0,130,1,1,0.94
74,Male,North,68431.51,85,117.2,11,2,0.134,91.1,Ads,0,52,0,1,0.575
28,Male,West,84174.96,93,78.34,6,1,0.36,70.2,Social Media,0,15,0,0,0.145
72,Male,East,30802.6,29,93.32,7,3,0.147,67.6,SMS,0,100,0,1,0.755
36,Other,South,82342.69,56,145.73,6,1,0.43,57.0,Social Media,0,117,1,1,0.82
72,Female,East,36320.19,102,84.09,8,0,0.452,34.8,Email,1,92,1,0,0.43
21,Female,South,72950.61,108,31.57,12,1,0.396,68.8,SMS,0,146,0,0,0.205
35,Female,West,48447.19,43,133.36,5,1,0.321,46.4,SMS,0,76,1,1,0.875
23,Female,South,60982.43,69,73.74,12,4,0.249,32.5,Email,0,117,1,1,0.68
54,Male,South,76951.54,35,89.07,10,2,0.492,63.0,Email,0,164,1,1,0.915
63,Male,North,79332.34,32,20.8,10,0,0.197,72.9,Email,0,25,0,0,0.105
47,Male,East,50604.12,29,30.02,9,1,0.57,100.0,SMS,0,100,0,0,0.145
59,Male,East,70487.24,49,73.63,11,4,0.331,94.7,Email,0,108,1,0,0.495
26,Female,South,74564.3,16,175.8,9,1,0.157,72.3,Ads,0,167,1,1,0.97
41,Male,East,85378.21,29,137.23,10,1,0.077,65.8,Email,0,165,1,1,0.985
71,Male,East,69923.64,110,66.37,12,4,0.462,21.5,Ads,0,96,0,0,0.33
49,Female,West,74604.01,58,116.29,11,0,0.271,37.5,SMS,0,57,1,1,0.71
59,Male,South,47210.39,60,108.61,14,0,0.28,80.0,SMS,0,1,0,0,0.265
62,Female,North,58679.58,18,61.28,13,2,0.362,76.8,SMS,0,71,0,0,0.205
72,Female,West,53541.89,84,116.88,7,1,0.181,32.7,Ads,0,161,1,1,0.945
67,Male,East,46463.56,70,66.61,10,0,0.119,68.0,SMS,0,31,0,0,0.12
69,Female,North,71454.88,76,93.8,7,0,0.331,40.9,SMS,0,168,1,1,0.9
51,Male,North,52440.67,102,79.24,11,3,0.205,51.4,SMS,0,1,0,0,0.135
65,Female,North,83955.33,79,86.39,13,2,0.421,50.6,Email,0,149,1,1,0.74
30,Female,East,59821.12,26,58.55,16,0,0.207,61.6,Email,1,52,0,0,0.235
52,Female,North,95856.02,39,123.87,5,2,0.197,37.1,Social Media,1,108,1,1,0.945
36,Female,West,55511.53,61,67.68,9,2,0.106,37.1,Email,0,11,0,0,0.105
65,Male,North,60258.09,53,100.9,6,0,0.648,44.5,SMS,0,54,0,0,0.405
48,Male,West,96151.6,116,78.98,6,4,0.155,57.5,Email,0,47,0,0,0.185
67,Male,East,58097.95,95,28.12,8,1,0.038,97.2,Social Media,1,159,0,0,0.405
45,Male,West,64911.7,63,78.57,9,2,0.619,70.3,SMS,0,173,1,1,0.62
23,Female,North,75665.64,35,115.0,5,3,0.319,76.5,Social Media,0,108,1,1,0.89
66,Female,East,55396.73,43,48.18,12,2,0.717,0.0,Ads,0,134,1,0,0.405
72,Male,North,68571.42,63,114.31,4,4,0.446,69.9,SMS,0,42,1,1,0.52
50,Female,North,61219.27,99,136.34,13,3,0.386,71.5,Email,0,57,1,1,0.615
32,Male,South,71496.58,68,117.61,10,1,0.273,95.5,Social Media,0,53,1,0,0.41
74,Male,West,64282.28,78,104.86,9,2,0.128,81.4,SMS,0,15,0,0,0.255
26,Female,East,80205.36,18,40.83,7,2,0.205,53.3,SMS,1,178,1,1,0.765
49,Female,East,73436.98,105,43.9,14,2,0.398,78.1,Ads,0,121,1,0,0.14
50,Male,West,78263.42,33,101.41,5,3,0.646,55.1,Ads,1,24,1,1,0.53
18,Male,North,19490.76,44,72.41,10,3,0.265,62.5,Email,1,161,1,1,0.835
55,Male,East,97542.49,45,76.56,8,3,0.059,64.4,SMS,0,70,1,0,0.46
49,Male,North,44249.49,22,11.8,8,1,0.306,54.8,Ads,0,34,0,0,0.035
26,Female,West,25754.09,11,23.17,7,1,0.586,79.4,Ads,0,114,1,0,0.31
21,Female,East,38870.32,8,82.02,12,0,0.311,22.0,Social Media,0,58,1,1,0.555
47,Female,East,53316.55,30,20.99,9,1,0.09,44.9,Social Media,0,139,1,0,0.435
73,Male,South,46793.89,85,112.81,7,2,0.573,98.5,SMS,0,22,0,0,0.21
44,Female,West,84284.14,43,69.67,10,2,0.131,44.2,SMS,1,65,1,0,0.295
70,Female,North,52891.47,108,131.06,5,0,0.401,73.5,Social Media,1,30,0,0,0.44
66,Female,East,32613.41,68,79.02,9,1,0.053,66.9,Email,1,105,1,1,0.595
42,Female,West,78388.19,74,29.86,10,2,0.363,13.0,SMS,1,173,1,0,0.455
70,Other,West,73623.54,51,57.14,7,2,0.171,72.7,Ads,1,154,1,1,0.695
74,Male,East,71606.31,68,87.55,6,0,0.09,99.4,SMS,1,87,0,1,0.545
71,Female,North,82735.31,69,67.66,0,1,0.222,53.6,Email,0,30,0,0,0.165
18,Male,West,42409.85,36,77.22,5,3,0.43,45.7,SMS,0,145,1,1,0.795
72,Female,East,107659.58,75,104.97,4,1,0.249,80.7,SMS,1,166,1,1,0.875
26,Male,North,49784.91,54,84.18,7,2,0.072,83.7,SMS,0,159,1,1,0.825
21,Female,West,45674.05,42,52.76,10,1,0.655,41.8,Email,0,70,0,0,0.12
40,Female,West,62445.14,96,203.03,8,1,0.203,64.7,Ads,0,45,1,1,0.745
72,Female,North,59704.05,79,110.53,8,1,0.2,47.9,SMS,1,98,0,1,0.865
50,Male,South,76073.07,72,95.87,12,1,0.475,63.9,Social Media,1,171,1,1,0.81
21,Female,West,67195.09,17,64.27,7,1,0.231,58.0,SMS,0,179,1,1,0.865
72,Female,North,39114.05,38,105.19,3,3,0.21,90.8,Ads,0,52,1,1,0.61
33,Female,West,68940.61,116,119.7,6,1,0.522,70.9,Ads,1,64,0,0,0.465
34,Female,East,64842.14,32,168.64,5,2,0.131,92.0,Ads,0,3,1,1,0.62
58,Female,North,94548.17,37,100.51,5,3,0.248,57.7,SMS,1,119,1,1,0.875
20,Other,South,56737.85,58,74.7,10,0,0.127,51.2,SMS,1,80,1,1,0.515
38,Female,East,54913.37,1,19.66,5,3,0.406,77.0,Ads,0,109,1,0,0.33
34,Male,West,27035.87,109,70.02,9,3,0.079,56.4,Email,1,175,0,1,0.685
25,Male,East,69292.35,13,140.13,8,2,0.018,50.0,Ads,1,132,1,1,0.965
49,Female,North,46920.03,68,53.99,11,1,0.384,58.1,SMS,0,77,0,0,0.12
32,Male,North,83420.3,110,89.99,8,3,0.375,54.4,Social Media,0,17,0,0,0.15
64,Female,North,104944.1,63,97.38,6,2,0.112,78.5,Ads,0,134,0,1,0.905
18,Male,West,43781.47,71,72.9,17,3,0.444,38.2,Social Media,0,104,1,0,0.485
60,Male,South,55514.51,61,30.18,8,3,0.787,96.4,SMS,1,88,0,0,0.075
71,Male,West,87387.66,26,148.9,5,2,0.074,100.0,Email,0,176,1,1,0.935
33,Female,North,82872.07,112,57.47,7,2,0.301,64.5,Email,0,67,0,0,0.06
59,Female,East,78437.52,62,21.08,7,1,0.539,39.4,SMS,0,129,0,0,0.26
23,Female,East,55534.82,23,34.04,9,1,0.405,59.9,Email,0,26,0,0,0.09
19,Female,South,83679.43,55,136.69,7,0,0.404,45.3,SMS,0,104,1,1,0.84
53,Male,West,88094.67,10,98.74,5,3,0.264,54.6,SMS,0,81,1,1,0.825
48,Female,South,88546.0,16,90.76,6,1,0.488,69.5,SMS,0,115,1,1,0.84
74,Male,South,56688.3,47,103.46,9,3,0.111,47.1,Ads,0,44,1,1,0.6
67,Female,East,42838.37,87,78.81,7,1,0.419,55.5,SMS,1,160,1,1,0.7
69,Male,West,61149.4,15,65.17,8,4,0.184,53.5,Email,0,172,1,1,0.875
65,Male,West,67003.31,79,76.6,9,0,0.115,90.7,SMS,0,130,1,1,0.565
48,Male,East,25859.18,7,85.8,9,0,0.118,58.4,Ads,0,170,1,1,0.97
27,Male,South,65274.11,2,78.05,11,0,0.129,39.2,Ads,1,19,0,0,0.285
44,Other,North,65955.01,31,48.62,13,1,0.479,13.2,Email,0,65,0,0,0.15
32,Female,West,71792.49,61,96.45,10,3,0.321,51.9,Social Media,0,103,0,1,0.765
51,Female,West,61285.45,46,15.87,7,3,0.32,52.9,Social Media,0,18,0,0,0.03
58,Male,West,67077.84,22,28.71,17,0,0.262,61.4,Ads,0,31,0,0,0.115
38,Male,East,67491.19,53,111.09,4,2,0.402,84.4,Social Media,1,6,0,0,0.355
19,Male,South,42173.26,58,25.69,7,1,0.587,43.9,Social Media,0,120,0,0,0.325
19,Female,South,60179.33,82,82.82,14,3,0.167,53.3,SMS,1,101,1,1,0.56
60,Female,East,56955.79,26,11.75,4,1,0.415,83.4,Ads,0,39,0,0,0.095
71,Female,West,47215.09,68,100.09,5,1,0.524,55.4,Ads,1,166,1,1,0.93
25,Male,West,78731.18,54,89.73,5,1,0.076,62.0,SMS,1,45,0,1,0.515
70,Male,South,76472.37,56,74.81,11,3,0.075,34.3,Ads,0,79,1,0,0.415
59,Female,North,56896.68,5,21.96,11,4,0.203,48.5,Ads,1,32,0,0,0.07
73,Male,South,37375.36,18,84.44,6,1,0.167,84.9,SMS,1,18,0,0,0.415
52,Male,West,63499.03,56,153.42,10,1,0.21,57.8,Ads,1,60,1,1,0.805
21,Female,South,72422.37,76,96.86,3,1,0.188,100.0,Social Media,1,83,1,1,0.535
52,Male,South,66799.72,99,120.81,10,1,0.179,39.6,Ads,1,88,1,1,0.84
31,Male,South,54690.2,102,43.45,8,2,0.167,64.3,Social Media,1,154,0,1,0.505
58,Female,North,73099.06,51,98.34,8,5,0.095,52.4,SMS,1,166,1,1,0.945
20,Female,North,60465.16,19,89.31,8,1,0.105,69.4,SMS,1,60,1,1,0.61
56,Male,North,48090.23,114,48.66,10,2,0.257,29.9,SMS,0,43,0,0,0.1
57,Male,West,39363.28,4,72.95,7,1,0.353,65.7,Social Media,0,78,1,1,0.57
66,Male,East,68435.8,57,82.32,8,0,0.099,93.7,Social Media,1,36,0,0,0.24
48,Female,West,66277.75,79,123.84,13,2,0.241,47.9,SMS,0,133,1,1,0.95
24,Male,South,54286.9,103,130.29,6,2,0.28,40.4,Ads,1,106,1,1,0.885
47,Male,East,66476.73,119,39.54,10,0,0.259,59.3,SMS,0,14,0,0,0.04
72,Female,East,62044.25,6,54.83,8,1,0.457,69.0,Social Media,1,37,0,0,0.165
40,Male,West,104416.61,72,86.1,7,3,0.15,64.8,Email,0,140,1,1,0.815
31,Other,South,55034.29,2,49.4,5,0,0.025,55.2,Social Media,0,163,1,1,0.78
33,Female,South,60148.79,37,153.12,5,1,0.195,89.7,Email,0,98,1,1,0.905
68,Female,North,56677.17,108,117.37,4,0,0.451,57.3,Ads,1,141,1,1,0.905
67,Female,South,40124.32,62,88.63,8,1,0.253,35.7,Social Media,0,63,0,1,0.52
61,Female,South,63705.57,21,131.57,7,0,0.169,64.2,Ads,0,16,1,1,0.705
73,Female,South,53372.52,65,83.86,5,4,0.066,70.4,SMS,0,58,1,0,0.42
40,Male,South,76326.63,30,106.48,13,2,0.171,27.8,Social Media,0,175,1,1,0.985
47,Female,West,52812.61,118,54.49,10,3,0.339,48.4,Social Media,0,86,1,0,0.12
40,Female,West,69078.3,19,100.65,13,3,0.386,49.6,Ads,0,160,1,1,0.915
69,Male,South,39369.21,46,30.85,6,2,0.259,90.7,Ads,0,21,0,0,0.085
50,Female,West,38054.15,67,84.83,9,1,0.302,47.6,SMS,0,82,1,1,0.54
36,Male,West,31944.54,47,116.39,4,2,0.537,58.9,Ads,0,62,1,1,0.675
24,Female,South,56907.19,16,82.6,9,2,0.41,74.9,Social Media,0,73,1,1,0.53
23,Male,East,45470.37,97,112.96,9,1,0.173,89.6,Email,0,173,1,1,0.945
68,Female,South,33350.2,114,90.57,10,4,0.441,78.1,Social Media,0,38,0,0,0.165
58,Female,North,39227.55,51,96.43,10,0,0.234,47.8,SMS,0,151,1,1,0.92
56,Female,East,74579.41,87,68.76,8,3,0.169,77.5,Ads,0,95,0,0,0.27
62,Other,West,64790.21,86,77.17,6,2,0.116,25.0,SMS,0,130,1,1,0.785
27,Female,North,79686.61,47,17.1,9,2,0.411,68.6,SMS,0,140,0,0,0.22
63,Male,West,67974.95,73,141.97,14,4,0.27,58.5,Social Media,0,27,1,1,0.535
72,Male,West,69962.4,28,74.19,12,2,0.085,70.4,Social Media,0,129,0,1,0.755
51,Female,South,40598.4,70,107.93,3,1,0.192,98.5,Email,0,121,1,1,0.89
29,Male,South,55508.23,5,95.87,8,3,0.405,75.0,Email,0,25,0,0,0.395
32,Female,East,65859.16,89,80.75,9,3,0.196,59.4,Social Media,0,126,1,1,0.67
32,Male,North,76304.32,90,126.55,4,2,0.107,49.1,Social Media,0,123,1,1,0.905
25,Female,South,73492.71,5,124.55,8,2,0.092,61.3,Email,0,23,1,1,0.71
66,Male,East,17357.19,39,33.16,10,1,0.615,66.0,SMS,1,178,1,0,0.5
27,Male,West,60698.09,95,30.15,10,1,0.294,55.0,SMS,0,170,0,0,0.33
49,Female,West,32029.17,111,77.99,9,0,0.265,40.4,Social Media,0,35,0,0,0.13
42,Female,West,37065.73,43,96.89,9,1,0.091,79.3,Ads,1,59,1,1,0.605
54,Male,South,45122.8,93,82.48,7,0,0.328,47.4,SMS,0,85,0,0,0.43
50,Male,West,24768.06,23,157.94,7,1,0.268,40.0,Social Media,0,111,1,1,0.97
23,Male,West,66450.74,52,42.91,7,3,0.053,62.3,Ads,0,172,0,1,0.65
52,Male,South,41690.1,77,112.73,5,3,0.113,79.4,SMS,1,124,1,1,0.905
70,Female,South,55871.16,72,48.55,7,4,0.327,33.3,Social Media,0,178,1,1,0.69
58,Male,South,32952.88,13,14.71,5,3,0.212,56.4,Email,0,99,0,0,0.225
50,Female,East,77044.09,110,52.16,6,1,0.231,64.4,Ads,1,160,1,1,0.505
27,Female,West,74018.39,118,80.15,6,0,0.344,59.5,Email,0,37,0,0,0.115
23,Male,North,67327.2,57,139.48,7,1,0.356,51.0,SMS,0,155,1,1,0.96
43,Male,East,74699.47,54,133.08,10,1,0.084,62.8,Email,0,29,0,1,0.76
40,Male,East,53271.47,90,46.68,10,0,0.281,72.4,Social Media,1,59,0,0,0.02
26,Male,South,43056.25,54,65.91,6,2,0.203,61.1,SMS,0,69,0,0,0.255
56,Male,North,38875.5,22,39.38,7,1,0.438,57.0,Ads,0,35,0,0,0.075
66,Male,North,39293.24,30,43.16,12,0,0.357,76.2,Ads,1,24,0,0,0.115
74,Female,North,66175.78,33,76.17,4,2,0.188,70.0,SMS,0,144,1,1,0.78
52,Female,West,77870.54,14,116.64,9,2,0.105,90.8,SMS,0,2,0,1,0.505
34,Male,South,44605.5,40,40.49,6,1,0.374,71.4,Ads,0,157,0,1,0.56
59,Female,East,94730.22,72,45.23,10,2,0.13,61.4,SMS,0,142,1,1,0.53
51,Female,South,39794.63,68,98.36,12,0,0.276,68.1,Email,1,136,1,1,0.805
70,Male,North,66399.08,103,119.01,11,3,0.173,67.0,Email,1,99,1,1,0.69
70,Other,East,45081.8,66,95.25,7,3,0.441,66.4,SMS,0,85,1,1,0.59
68,Female,West,67784.89,110,152.79,4,4,0.235,95.5,Email,0,119,1,1,0.815
53,Male,South,45817.59,44,37.6,3,4,0.165,57.4,SMS,0,108,1,0,0.45
65,Other,South,47643.39,8,60.05,2,2,0.252,30.2,Social Media,0,79,0,1,0.675
47,Male,North,54604.42,89,66.13,13,2,0.456,23.6,Social Media,1,3,0,0,0.155
50,Female,West,77930.09,42,23.07,10,1,0.24,78.0,Email,0,7,0,0,0.055
45,Male,North,51916.76,73,103.51,6,1,0.21,56.4,Social Media,1,97,1,1,0.87
26,Male,West,70324.69,70,74.07,8,2,0.345,50.1,SMS,0,33,0,0,0.06
57,Female,East,90654.52,18,145.15,5,1,0.301,83.4,Email,0,137,1,1,0.935
68,Other,East,98675.63,42,57.88,4,2,0.404,59.6,Email,0,114,0,1,0.52
34,Male,East,77588.42,49,33.99,12,0,0.193,82.6,Social Media,0,132,1,0,0.375
29,Male,East,91150.16,14,92.4,9,1,0.161,23.3,Social Media,1,145,1,1,0.97
37,Male,South,58153.01,117,84.71,10,3,0.037,42.6,Ads,1,150,1,1,0.865
23,Male,South,72771.24,39,36.99,5,2,0.64,65.6,Social Media,1,65,0,0,0.16
37,Male,East,80371.14,52,119.5,11,0,0.198,33.5,Email,1,111,1,1,0.945
64,Female,East,59640.56,20,117.61,13,4,0.13,65.8,Social Media,1,113,1,1,0.925
62,Female,North,76833.05,77,116.56,6,2,0.104,36.5,Social Media,0,67,0,1,0.78
40,Male,North,34485.64,87,79.85,8,5,0.228,36.3,Ads,1,99,1,1,0.53
63,Male,South,103624.02,117,109.92,4,4,0.382,75.9,Email,0,70,0,1,0.525
36,Male,North,45139.23,117,101.18,8,2,0.366,95.0,Ads,0,101,0,1,0.535
23,Male,East,52591.04,61,104.93,10,4,0.354,22.1,SMS,0,127,1,1,0.85
33,Female,West,79527.19,89,158.01,9,4,0.109,0.0,Email,1,66,1,1,0.785
69,Male,West,62915.93,71,63.4,8,2,0.389,70.1,SMS,0,90,0,0,0.16
28,Female,West,73127.79,117,37.45,7,2,0.27,29.0,SMS,1,163,1,0,0.5
46,Other,West,61421.22,108,86.27,7,3,0.074,61.5,Ads,0,119,1,1,0.705
53,Male,East,54669.96,11,146.58,8,1,0.203,67.1,Social Media,0,137,1,1,0.935
52,Male,North,43243.65,79,70.64,7,3,0.086,25.0,SMS,0,167,1,1,0.91
25,Female,South,74494.03,111,95.26,13,0,0.423,77.1,Social Media,1,152,1,1,0.66
59,Female,North,56781.99,71,52.3,4,4,0.266,39.4,Email,0,128,0,1,0.615
58,Female,North,41210.49,98,61.3,15,1,0.229,19.7,Social Media,0,83,0,0,0.275
19,Male,North,32550.77,67,91.25,13,1,0.48,73.7,Email,1,172,1,1,0.755
33,Female,South,62890.38,29,92.93,10,3,0.634,59.4,SMS,0,51,0,0,0.395
21,Male,West,58376.34,80,53.09,11,2,0.032,92.6,SMS,0,87,0,0,0.145
63,Female,South,43334.08,86,92.43,5,0,0.138,47.0,SMS,1,173,1,1,0.925
39,Male,South,56955.02,45,153.41,8,2,0.312,65.5,SMS,0,72,1,1,0.87
43,Male,North,54633.69,11,30.26,10,1,0.249,35.1,Social Media,0,77,1,0,0.28
39,Female,West,56820.08,20,171.92,4,1,0.42,44.8,Social Media,0,112,1,1,0.94
26,Female,North,40683.9,13,66.69,14,1,0.107,78.8,Email,1,23,0,0,0.26
53,Male,South,51523.97,59,101.4,10,2,0.326,71.8,Email,1,144,1,1,0.905
74,Female,East,49218.76,111,93.59,14,1,0.167,93.6,Social Media,1,178,1,1,0.73
62,Female,South,60560.35,8,30.17,4,1,0.218,62.6,Social Media,0,111,1,0,0.42
34,Female,East,64077.27,53,96.36,8,1,0.112,61.2,Email,0,167,1,1,0.93
74,Male,South,72578.27,12,87.31,5,4,0.151,41.6,Email,1,41,1,1,0.56
36,Female,North,86171.89,115,40.2,9,3,0.166,67.2,Email,0,51,0,0,0.075
51,Male,East,61313.73,58,104.42,7,3,0.285,45.7,Ads,0,106,0,1,0.875
50,Male,South,65990.95,4,67.96,9,1,0.247,64.5,Ads,0,84,1,0,0.495
66,Male,North,40233.62,37,64.54,7,1,0.28,79.5,Social Media,1,169,1,1,0.82
65,Other,East,49937.1,92,76.8,6,2,0.525,88.7,Social Media,0,57,0,0,0.225
72,Female,South,83957.57,116,65.32,8,4,0.253,48.9,Email,0,32,0,0,0.115
49,Male,West,93200.69,32,85.46,8,1,0.221,89.3,SMS,0,32,0,0,0.31
69,Male,South,60384.35,20,83.9,8,0,0.367,51.1,Ads,1,76,0,1,0.655
64,Male,East,29729.38,46,91.32,10,0,0.092,65.2,Ads,0,95,1,1,0.595
63,Female,South,75364.14,47,56.77,7,1,0.207,72.9,Ads,0,93,0,0,0.255
30,Female,West,63006.3,108,111.89,9,1,0.272,70.1,Email,0,6,0,0,0.185
50,Female,West,34375.35,118,132.63,9,3,0.146,58.7,Email,0,147,1,1,0.855
73,Male,South,46436.27,34,114.55,6,1,0.175,40.8,Social Media,1,154,1,1,0.97
58,Female,South,46280.38,97,76.46,9,0,0.406,68.7,SMS,1,52,0,0,0.1
45,Other,North,72068.54,87,99.34,10,0,0.228,56.7,Social Media,0,79,1,1,0.525
74,Female,West,75888.1,39,115.2,12,2,0.252,57.3,Email,0,114,1,1,0.91
18,Other,West,81942.52,80,70.5,7,2,0.326,56.3,Ads,0,175,1,1,0.735
55,Female,North,71805.18,79,130.4,10,0,0.18,57.8,Ads,1,99,1,1,0.875
30,Female,North,56805.29,50,49.24,6,1,0.311,56.8,Email,1,175,1,1,0.57
36,Female,North,74652.83,117,150.2,9,0,0.065,81.2,Social Media,1,28,1,1,0.625
36,Male,North,49167.45,24,88.14,10,0,0.04,49.0,Social Media,0,30,0,1,0.54
65,Male,South,66170.94,74,66.38,6,1,0.494,16.1,Social Media,1,40,1,0,0.145
19,Male,West,64000.52,6,90.02,10,4,0.411,83.8,SMS,1,149,1,1,0.89
30,Female,South,80262.04,10,100.92,9,1,0.319,66.4,SMS,0,67,1,1,0.75
65,Female,East,38029.27,10,67.26,5,2,0.207,79.8,Ads,0,85,1,0,0.495
44,Other,North,66236.65,20,74.69,11,0,0.377,27.1,Email,1,95,1,1,0.61
65,Male,East,68599.23,9,105.02,6,4,0.493,72.1,Ads,1,152,1,1,0.935
44,Male,West,80687.28,52,104.96,5,3,0.352,36.2,SMS,0,132,1,1,0.915
61,Male,North,72429.44,11,64.68,6,3,0.199,33.3,Ads,0,22,0,0,0.255
44,Female,North,69630.24,32,85.36,7,2,0.131,47.0,Ads,0,26,0,0,0.4
60,Male,South,47934.53,92,108.21,8,0,0.283,92.7,Email,0,110,0,1,0.735
24,Female,South,62594.5,5,130.34,13,0,0.167,62.3,SMS,1,4,1,1,0.71
33,Male,North,48080.99,116,70.39,5,1,0.13,59.4,Ads,1,77,1,0,0.255
35,Male,South,50474.5,5,67.78,4,3,0.039,68.1,Email,1,119,1,1,0.71
21,Male,South,64457.66,12,57.95,6,1,0.087,55.2,Email,0,29,0,0,0.265
31,Male,West,76478.38,1,35.77,7,1,0.188,52.1,SMS,0,64,0,0,0.16
23,Male,West,64917.62,14,81.71,6,0,0.105,83.5,Email,0,109,1,1,0.835
61,Female,East,62303.75,50,21.33,7,2,0.572,65.1,Social Media,0,169,0,0,0.36
72,Other,North,68789.57,20,91.91,7,3,0.082,46.9,SMS,1,47,1,1,0.62
58,Female,West,38672.61,94,5.0,10,0,0.092,63.4,Email,0,139,0,0,0.235
28,Male,South,62938.78,105,77.37,7,1,0.308,43.1,SMS,0,125,0,1,0.625
22,Female,South,45542.45,94,72.2,8,0,0.372,51.7,SMS,1,106,1,0,0.345
20,Female,South,33212.29,13,120.85,9,0,0.125,62.4,Ads,0,143,1,1,0.975
42,Male,South,76207.68,53,47.49,9,0,0.192,43.5,Ads,0,21,0,0,0.085
46,Male,North,75199.75,17,62.63,9,4,0.135,78.5,Ads,0,111,1,1,0.575
39,Female,East,22919.78,19,67.1,13,2,0.235,52.2,Ads,0,151,1,1,0.89
35,Male,South,30739.04,118,44.69,4,0,0.315,66.4,SMS,0,134,0,0,0.34
22,Female,North,67476.01,84,67.86,11,2,0.062,58.5,Ads,1,154,1,1,0.66
69,Female,South,68621.94,72,62.18,12,3,0.437,70.9,SMS,0,94,0,0,0.175
74,Female,East,67086.03,100,85.8,10,3,0.187,72.6,Email,0,94,0,1,0.58
49,Male,East,42884.27,50,156.44,5,1,0.148,53.8,Email,0,87,1,1,0.94
46,Female,West,67461.04,43,102.25,6,2,0.202,29.7,Social Media,1,14,0,0,0.42
41,Female,South,68367.78,77,5.0,7,2,0.501,65.8,SMS,0,174,0,0,0.335
67,Male,West,61965.82,88,54.71,9,2,0.323,39.0,Ads,0,31,0,0,0.07
52,Male,South,92398.26,45,123.08,12,1,0.199,75.6,SMS,0,17,1,1,0.555
53,Male,North,38767.32,49,5.93,7,1,0.236,100.0,Social Media,0,53,0,0,0.085
45,Female,East,61805.28,111,30.85,9,0,0.369,37.9,Social Media,0,100,0,0,0.07
42,Female,North,78433.63,14,89.77,5,3,0.394,47.8,SMS,0,1,0,0,0.325
69,Male,West,60256.7,54,107.6,11,1,0.119,88.3,Social Media,1,6,0,0,0.4
31,Female,East,45103.33,29,120.41,8,3,0.157,61.2,SMS,1,7,1,1,0.665
40,Female,North,50922.01,14,85.15,13,0,0.25,59.8,Ads,0,148,0,1,0.92
65,Male,South,44339.32,72,103.68,13,3,0.455,64.8,Social Media,1,142,1,1,0.87
72,Male,North,22116.91,77,51.33,3,2,0.594,57.2,SMS,0,42,1,0,0.155
68,Female,East,69306.17,97,119.42,11,2,0.16,42.5,SMS,0,108,1,1,0.915
62,Male,East,45098.63,81,82.91,12,3,0.101,38.0,Social Media,0,38,0,0,0.26
37,Female,South,36749.09,70,52.57,7,1,0.627,68.7,Ads,0,168,0,0,0.495
72,Male,South,65311.97,54,37.91,6,0,0.232,71.4,Ads,0,169,0,1,0.505
45,Male,South,59195.28,42,103.27,7,0,0.321,69.6,Ads,0,72,0,1,0.775
50,Male,West,84433.3,18,68.48,11,2,0.074,100.0,SMS,0,109,1,1,0.665
67,Male,West,21883.12,87,45.35,10,4,0.352,2.9,Email,1,155,1,1,0.515
35,Male,West,84305.22,40,124.39,8,2,0.25,68.9,SMS,1,18,0,1,0.6
50,Other,North,40323.66,35,135.59,4,2,0.33,96.0,Email,0,47,1,1,0.715
59,Female,East,54877.1,16,102.2,8,0,0.335,74.0,Social Media,1,158,1,1,0.95
52,Other,East,77917.64,73,94.31,10,1,0.07,41.9,Email,0,133,1,1,0.93
33,Female,North,85089.69,50,88.71,9,2,0.318,70.8,Ads,0,58,0,0,0.41
35,Female,West,43142.77,32,66.7,6,0,0.57,61.1,SMS,0,115,0,1,0.57
22,Female,West,60705.57,66,77.31,10,2,0.345,77.8,Social Media,0,114,0,1,0.625
66,Male,North,48199.61,116,79.82,4,0,0.247,74.3,Ads,0,169,1,1,0.715
44,Female,North,67769.05,104,84.28,5,1,0.154,30.1,Social Media,0,84,1,1,0.725
46,Female,North,48165.53,27,107.08,7,2,0.521,82.7,Ads,0,169,1,1,0.92
49,Male,South,37243.49,58,54.9,11,3,0.234,70.5,Social Media,1,148,1,1,0.525
20,Female,North,60168.43,90,136.63,7,1,0.101,51.4,Ads,0,137,1,1,0.995
51,Female,North,47303.57,20,59.34,6,3,0.669,34.4,SMS,0,30,0,0,0.145
48,Female,East,93374.92,52,78.8,3,0,0.404,56.7,Email,0,48,1,0,0.355
21,Male,South,20617.93,92,57.43,8,3,0.426,35.4,Email,0,156,0,0,0.435
62,Male,West,73966.07,30,152.36,13,0,0.191,88.3,SMS,1,14,1,1,0.73
23,Male,East,56541.39,80,86.71,11,0,0.162,71.9,Email,1,100,0,1,0.675
48,Male,North,42651.31,78,83.28,7,1,0.224,60.9,Ads,0,102,0,1,0.565
35,Female,South,46421.55,64,84.97,12,2,0.503,68.9,Email,1,179,1,1,0.75
29,Male,East,84518.88,14,78.64,7,3,0.132,84.9,Email,0,56,0,1,0.535
22,Female,North,61726.76,68,70.38,7,0,0.298,81.6,Email,0,137,1,1,0.665
18,Female,North,54298.23,84,50.23,15,0,0.247,75.0,SMS,0,151,0,0,0.34
20,Other,North,60577.0,43,10.91,8,0,0.356,51.4,Email,0,120,0,0,0.205
55,Male,East,68828.21,22,69.91,8,2,0.141,51.8,Ads,0,38,0,0,0.28
67,Male,North,35973.37,69,120.75,9,2,0.137,29.0,Ads,0,122,1,1,0.935
32,Male,South,68916.15,97,106.06,6,3,0.455,69.1,Email,0,159,1,1,0.92
44,Female,North,44043.4,114,52.16,6,1,0.128,92.0,Email,1,23,0,0,0.045
62,Male,North,57965.85,76,66.18,6,5,0.031,48.3,Ads,1,175,1,1,0.81
59,Male,South,78878.19,6,110.22,6,1,0.233,37.7,SMS,0,72,1,1,0.89
51,Female,East,38812.52,89,42.22,3,1,0.314,69.5,Ads,0,101,0,0,0.125
52,Female,North,62309.94,42,68.86,9,3,0.15,63.3,Ads,0,143,0,1,0.91
60,Male,West,77369.54,66,50.74,11,1,0.196,76.4,Ads,0,2,0,0,0.06
46,Male,East,62741.31,76,56.0,3,2,0.394,33.7,Social Media,1,145,1,1,0.67
18,Female,North,47773.11,33,19.13,9,3,0.205,65.6,Social Media,0,130,0,0,0.355
59,Female,West,42359.25,60,123.18,9,2,0.235,42.2,SMS,0,45,0,1,0.58
28,Female,West,66477.28,110,53.68,11,1,0.133,60.8,Ads,0,92,0,0,0.095
64,Male,South,57506.32,104,62.13,10,1,0.321,68.4,Email,1,73,0,0,0.075
24,Female,East,86999.14,69,104.96,8,2,0.593,63.6,Email,1,110,1,1,0.67
33,Female,West,74241.76,109,144.04,12,0,0.314,75.6,Ads,0,73,1,1,0.75
63,Female,South,82973.33,104,59.42,7,1,0.121,62.4,Social Media,0,68,0,0,0.08
60,Male,West,52732.09,92,126.19,10,1,0.351,64.1,Email,0,131,1,1,0.925
61,Male,West,65560.31,91,73.17,7,2,0.241,65.3,SMS,0,62,0,0,0.11
42,Female,North,52012.53,2,45.95,8,0,0.342,87.9,Ads,0,179,1,1,0.675
22,Male,North,64083.23,26,5.59,8,2,0.284,48.3,Social Media,1,179,1,0,0.48
38,Male,North,66046.24,90,88.72,8,1,0.144,79.1,SMS,0,71,0,0,0.405
54,Male,East,38457.98,66,139.24,3,3,0.559,73.4,Email,0,179,1,1,0.895
74,Female,East,48446.13,73,91.67,7,3,0.1,72.2,Social Media,0,103,1,1,0.71
29,Male,East,72779.86,4,84.36,11,1,0.167,75.1,Social Media,1,165,1,1,0.895
70,Female,East,39429.54,66,77.8,14,1,0.19,77.8,Social Media,0,140,1,1,0.58
47,Other,South,55884.18,13,72.94,6,1,0.352,90.0,Social Media,0,128,1,1,0.685
25,Male,South,59704.01,91,136.03,6,1,0.36,54.8,Ads,0,118,1,1,0.91
66,Male,North,26636.5,117,118.6,3,0,0.107,45.4,Email,0,123,1,1,0.835
44,Male,North,66526.55,23,81.16,5,1,0.11,43.6,Ads,0,50,0,1,0.59
61,Male,West,52607.52,112,33.34,7,4,0.198,33.4,SMS,0,105,0,0,0.205
36,Male,East,44515.52,115,112.46,3,1,0.342,44.8,Email,1,54,0,1,0.615
59,Male,North,64498.85,23,91.07,4,3,0.224,52.7,Social Media,0,71,1,1,0.8
57,Male,South,65890.66,87,44.93,8,2,0.229,32.2,SMS,0,40,0,0,0.075
50,Female,South,73429.13,52,81.85,5,1,0.567,53.0,Email,1,143,1,1,0.85
48,Female,North,49606.57,49,102.94,7,1,0.108,44.8,Email,1,71,1,1,0.855
34,Female,South,61650.15,93,42.1,10,1,0.228,64.2,SMS,0,61,0,0,0.035
26,Male,East,48837.64,19,80.79,11,0,0.592,66.6,SMS,0,85,1,0,0.445
71,Female,West,85173.76,72,43.29,11,1,0.194,85.6,SMS,0,46,0,0,0.06
27,Female,North,63744.29,74,134.61,8,1,0.533,67.6,Social Media,0,141,1,1,0.915
22,Male,North,71221.35,55,65.83,6,0,0.359,57.1,Social Media,1,18,0,0,0.135
68,Female,South,50701.83,14,63.68,9,1,0.124,72.3,Email,0,115,1,1,0.65
39,Female,East,68891.09,93,114.78,14,1,0.185,24.8,Social Media,0,43,0,1,0.6
31,Female,West,61951.96,102,91.73,14,2,0.558,43.5,Social Media,0,126,1,1,0.625
26,Male,West,53621.0,83,59.9,9,1,0.424,43.7,SMS,0,120,0,0,0.415
70,Female,East,23704.36,24,139.21,7,2,0.163,70.2,Email,1,164,1,1,0.96
64,Female,West,69152.18,57,30.58,8,2,0.189,86.4,Email,1,154,0,0,0.465
36,Male,South,86855.62,102,90.21,9,3,0.344,58.2,Ads,1,101,0,0,0.455
22,Female,East,32977.68,46,60.7,7,1,0.188,70.8,Social Media,1,28,0,0,0.22
52,Female,West,50750.15,89,80.4,5,0,0.49,85.3,Email,0,74,0,0,0.235
71,Female,East,53649.14,39,127.1,4,2,0.089,59.8,Email,1,130,1,1,0.925
57,Male,West,50043.93,6,97.87,9,1,0.31,40.6,Social Media,0,107,1,1,0.89
52,Female,West,41900.68,72,93.24,8,1,0.117,51.5,Email,0,61,1,1,0.575
35,Female,East,68258.05,47,33.87,10,2,0.254,65.8,Social Media,1,48,0,0,0.065
51,Male,South,52821.57,9,14.47,6,2,0.466,13.2,Social Media,0,103,0,0,0.345
31,Female,East,59831.48,64,145.91,10,1,0.171,40.8,SMS,0,87,1,1,0.905
62,Male,North,34896.37,8,50.68,10,2,0.534,42.7,Social Media,0,64,0,0,0.17
74,Female,South,66712.02,60,62.26,7,2,0.253,66.8,Email,0,80,1,0,0.25
27,Male,North,81804.29,49,82.55,8,4,0.387,39.8,Email,1,101,1,1,0.75
66,Male,North,85758.9,82,5.0,5,1,0.101,81.9,Email,0,138,1,0,0.275
32,Female,West,54512.41,43,64.48,5,2,0.209,68.6,Ads,1,116,0,1,0.735
41,Other,South,52942.64,44,79.73,7,0,0.635,68.8,Ads,0,160,1,1,0.795
29,Female,North,25142.7,91,98.24,8,1,0.536,39.5,Email,1,120,1,1,0.67
73,Female,North,71843.97,91,63.81,6,4,0.046,56.8,Ads,1,60,0,0,0.275
51,Male,West,66613.53,92,107.72,11,2,0.49,56.4,SMS,0,73,0,0,0.495
50,Female,North,83021.17,113,86.56,5,1,0.323,54.1,Ads,0,19,0,0,0.14
69,Male,East,64743.53,103,76.8,5,0,0.292,55.6,Ads,0,172,1,1,0.725
72,Female,South,76285.71,80,104.49,5,0,0.121,52.3,Email,0,178,1,1,0.95
66,Female,East,59199.58,96,5.0,10,2,0.219,64.2,SMS,1,152,0,0,0.23
46,Female,South,66974.48,100,92.87,4,1,0.396,60.5,Ads,0,36,0,0,0.145
31,Female,East,57750.14,84,61.3,8,0,0.319,51.3,Ads,0,31,0,0,0.065
66,Female,West,75315.19,82,97.89,4,2,0.361,70.6,Ads,0,172,1,1,0.88
36,Male,East,60861.18,10,66.8,3,1,0.101,62.5,Social Media,1,111,1,1,0.735
24,Male,East,75821.69,70,116.91,9,4,0.411,80.5,SMS,1,57,1,1,0.555
42,Male,South,47861.11,118,129.84,14,3,0.118,52.6,SMS,1,71,1,1,0.635
36,Male,West,69102.87,66,24.48,4,3,0.093,73.7,Ads,1,54,0,0,0.05
29,Female,North,64998.87,111,33.58,15,0,0.292,70.8,Ads,0,98,0,0,0.065
58,Female,South,79092.5,20,94.4,9,2,0.223,62.0,Social Media,0,157,1,1,0.96
67,Male,South,60803.22,80,77.24,8,2,0.144,56.4,Email,0,172,1,1,0.89
62,Male,North,47979.94,49,72.24,7,2,0.35,54.6,Social Media,0,177,1,1,0.83
24,Female,East,42589.76,92,130.02,7,1,0.148,78.3,SMS,1,177,1,1,0.95
50,Male,West,85537.5,57,81.84,6,1,0.492,48.0,Ads,0,5,0,0,0.145
72,Female,East,39531.64,84,29.77,9,0,0.184,59.2,Social Media,0,17,0,0,0.08
66,Male,East,47955.13,40,85.24,13,0,0.434,45.1,Email,0,139,1,1,0.87
57,Male,West,71409.4,91,92.41,7,4,0.454,41.5,Ads,0,172,1,1,0.74
45,Male,South,82942.5,3,65.86,9,2,0.365,32.4,Social Media,0,128,1,1,0.795
46,Male,West,73494.36,42,50.14,9,2,0.47,74.9,SMS,0,93,0,0,0.175
60,Female,North,68314.6,96,129.42,8,3,0.358,66.8,Email,0,86,1,1,0.815
41,Male,West,21592.2,114,109.8,8,1,0.328,19.0,SMS,0,59,0,1,0.64
40,Female,West,52167.64,50,90.41,7,1,0.382,53.7,Social Media,1,157,1,1,0.915
25,Male,East,47424.26,86,84.27,8,3,0.326,65.0,Ads,1,70,1,0,0.39
70,Female,North,91532.08,102,106.94,9,1,0.162,100.0,Ads,0,75,1,0,0.455
40,Male,West,52861.23,107,84.65,8,2,0.169,38.8,Social Media,1,179,1,1,0.87
56,Male,South,70449.09,30,100.08,4,0,0.075,6.0,Social Media,1,57,0,1,0.77
60,Male,North,40703.15,77,35.85,7,1,0.172,37.7,Email,0,119,0,0,0.26
19,Male,North,74929.23,5,63.86,5,1,0.229,20.0,SMS,0,22,0,0,0.4
71,Female,South,27643.96,50,69.47,9,1,0.063,100.0,Social Media,0,59,1,0,0.27
24,Male,South,36782.78,102,121.61,5,3,0.282,75.5,SMS,1,62,1,1,0.55
39,Male,South,79019.37,116,52.58,5,2,0.21,51.9,Ads,0,170,1,0,0.495
45,Female,West,56153.47,100,27.91,7,0,0.212,74.8,Ads,0,119,1,0,0.14
56,Female,West,15988.88,10,73.65,7,2,0.319,72.4,SMS,0,153,1,1,0.815
33,Male,East,40099.49,86,89.75,12,3,0.468,50.7,Social Media,1,66,0,0,0.305
40,Female,North,64382.59,27,92.2,11,3,0.442,68.7,Email,0,141,1,1,0.91
72,Female,East,49330.97,82,45.89,6,0,0.443,65.2,Social Media,1,165,0,1,0.58
73,Male,North,64180.94,41,69.74,8,1,0.127,14.8,SMS,1,176,1,1,0.88
52,Male,North,62599.91,21,59.9,7,2,0.532,75.5,Ads,0,179,0,1,0.76
64,Male,North,71282.43,43,94.82,7,2,0.717,100.0,Ads,1,141,1,1,0.67
74,Male,South,37963.92,61,99.6,5,1,0.386,49.5,Ads,0,2,0,0,0.345
59,Male,South,67366.39,75,47.05,11,1,0.235,53.4,Social Media,1,51,0,0,0.05
45,Male,South,70886.8,74,126.06,11,1,0.232,62.8,Social Media,0,3,0,0,0.44
34,Male,South,61635.45,22,131.42,9,1,0.258,50.6,Social Media,0,58,1,1,0.875
74,Female,South,68816.75,33,88.41,5,1,0.416,61.2,Social Media,0,50,0,0,0.435
65,Male,North,51747.0,45,37.38,4,3,0.218,26.1,Email,0,111,1,1,0.52
29,Male,East,93164.9,111,56.6,11,0,0.485,78.1,SMS,1,35,0,0,0.065
72,Male,East,61908.81,14,152.81,8,2,0.129,47.3,SMS,1,167,1,1,0.985
71,Female,West,37194.2,103,60.68,14,1,0.122,70.7,Ads,1,103,0,0,0.2
33,Female,North,57807.58,86,108.53,6,2,0.244,95.1,SMS,1,113,1,1,0.825
43,Male,West,80818.53,108,59.5,3,1,0.441,83.6,SMS,0,40,0,0,0.07
74,Male,West,70324.19,118,50.83,7,2,0.199,37.6,Social Media,0,61,1,0,0.175
61,Female,North,51578.07,43,72.54,15,0,0.208,38.2,Social Media,0,2,0,0,0.26
37,Female,North,92017.39,101,110.3,11,0,0.194,74.3,Ads,0,86,1,1,0.645
70,Female,West,33516.45,53,105.38,2,1,0.391,38.7,SMS,1,20,1,0,0.405
29,Male,South,84564.26,64,55.49,9,0,0.394,43.1,Ads,1,146,1,0,0.44
50,Other,South,71266.13,22,52.35,9,2,0.278,74.6,Email,1,74,0,0,0.27
71,Male,West,56807.02,69,87.59,7,2,0.273,62.6,SMS,1,98,0,1,0.65
61,Male,East,57028.1,10,101.04,4,0,0.327,39.4,Email,0,50,1,1,0.745
46,Male,East,39141.97,5,61.69,12,2,0.194,43.3,Email,0,105,1,1,0.68
67,Female,East,62349.28,28,73.1,12,3,0.13,51.2,SMS,0,174,1,1,0.935
34,Male,East,65939.0,58,82.92,13,1,0.221,82.0,SMS,0,52,0,0,0.25
37,Male,South,66730.53,50,36.42,7,1,0.239,58.6,Email,0,7,0,0,0.03
33,Male,South,34724.14,63,62.89,8,4,0.259,80.9,Email,0,39,0,0,0.095
58,Male,South,71237.81,116,116.36,12,0,0.218,55.8,Ads,1,45,1,0,0.385
41,Female,North,49986.17,56,75.09,3,2,0.124,72.4,Email,1,47,0,0,0.27
40,Male,South,41001.9,45,116.53,10,1,0.072,52.6,Email,0,74,1,1,0.865
68,Female,West,51660.2,21,123.56,9,1,0.341,95.0,Ads,1,7,1,1,0.52
23,Male,North,59492.57,94,131.59,9,2,0.459,44.9,Email,0,77,1,1,0.705
48,Female,West,39803.84,97,120.67,6,4,0.402,63.5,Email,0,103,1,1,0.785
49,Male,East,89027.27,96,107.67,9,1,0.544,44.9,Email,1,117,0,1,0.735
52,Male,East,46388.01,54,86.88,5,2,0.158,64.8,Ads,1,40,0,0,0.38
37,Male,West,28775.27,83,122.65,9,2,0.627,64.1,Social Media,0,139,1,1,0.78
62,Female,South,70528.54,12,144.43,11,4,0.033,100.0,SMS,1,19,1,1,0.675
23,Female,North,59558.89,82,40.17,6,1,0.205,37.5,Email,1,80,0,0,0.225
34,Female,West,70591.15,94,53.55,8,1,0.013,0.0,Email,1,37,0,0,0.22
70,Female,South,53598.58,91,48.69,8,2,0.238,63.2,Email,0,70,0,0,0.06
24,Female,South,78882.63,99,60.6,8,2,0.255,57.1,SMS,0,59,0,0,0.135
55,Male,South,76548.68,2,31.53,9,4,0.083,21.8,Email,1,9,0,0,0.19
57,Male,South,65500.38,78,81.16,7,0,0.503,64.4,SMS,0,16,0,0,0.115
59,Female,South,81221.83,119,43.6,4,1,0.345,74.9,SMS,0,84,0,0,0.14
72,Female,North,42000.61,2,97.32,8,1,0.275,29.3,Ads,0,69,1,1,0.765
47,Female,West,54348.52,111,35.2,11,1,0.217,80.3,Ads,0,4,0,0,0.01
31,Female,South,57696.67,16,76.31,8,1,0.525,15.8,Social Media,0,85,0,1,0.61
69,Male,West,61410.17,112,35.69,8,4,0.302,32.4,Ads,0,173,1,0,0.395
27,Male,West,48423.76,3,78.23,8,0,0.347,70.6,SMS,1,105,0,1,0.74
18,Female,West,54054.33,100,105.59,8,2,0.112,70.0,Ads,1,149,1,1,0.88
21,Male,East,69912.08,78,93.27,4,2,0.222,56.1,Email,1,133,1,1,0.905
19,Female,West,39280.58,111,99.09,1,1,0.516,77.8,Email,1,110,0,1,0.67
42,Female,West,52234.31,71,95.75,6,2,0.187,27.4,Email,0,37,1,1,0.645
25,Female,North,40308.74,80,75.1,5,1,0.026,47.6,Ads,0,107,1,1,0.635
65,Other,North,64441.14,4,76.55,9,2,0.109,47.9,Ads,0,109,1,1,0.87
36,Female,East,69767.19,106,66.44,6,0,0.145,53.3,Email,0,172,1,1,0.76
25,Female,West,41592.58,47,93.68,5,1,0.289,60.6,Ads,0,108,1,1,0.825
63,Female,North,62250.64,98,52.85,9,1,0.146,46.3,SMS,0,29,0,0,0.06
42,Male,North,50354.36,31,70.8,12,2,0.085,32.9,SMS,0,174,1,1,0.93
22,Male,North,26317.64,16,89.32,11,0,0.097,44.4,Social Media,0,60,1,1,0.74
33,Female,West,53896.84,90,22.14,7,2,0.351,56.6,SMS,1,121,0,0,0.16
31,Male,South,40863.4,118,102.54,5,3,0.462,47.9,SMS,0,128,1,1,0.775
24,Female,South,98699.9,18,109.04,7,3,0.194,69.0,Email,0,116,1,1,0.87
37,Male,East,61220.95,18,146.14,10,4,0.107,59.6,SMS,0,109,1,1,0.97
45,Male,East,86290.58,111,58.86,7,0,0.455,1.6,Email,0,145,1,1,0.56
18,Male,North,38175.6,15,46.44,9,0,0.164,85.3,SMS,0,92,0,0,0.35
55,Male,South,57706.79,44,101.14,8,0,0.215,72.5,Email,0,147,1,1,0.96
55,Female,East,96933.04,87,75.48,6,1,0.282,49.8,Social Media,1,139,1,1,0.78
73,Male,North,70597.11,39,37.82,13,3,0.536,97.6,Email,1,111,0,0,0.2
19,Female,East,46840.98,111,55.04,6,0,0.345,69.0,Social Media,1,162,1,0,0.49
18,Male,East,76598.85,42,142.14,7,0,0.226,8.5,Email,0,117,1,1,0.95
32,Female,West,58932.98,22,94.69,9,1,0.253,41.4,SMS,0,131,1,1,0.925
37,Male,West,57479.16,109,81.82,8,1,0.369,61.3,Ads,1,142,1,1,0.59
27,Male,East,68041.93,71,71.72,8,0,0.202,74.0,Email,0,13,0,0,0.07
45,Male,North,43071.28,49,86.67,8,1,0.071,39.5,Social Media,0,32,1,0,0.29
48,Male,South,55937.83,82,114.96,10,1,0.441,88.6,SMS,1,49,0,0,0.41
67,Female,South,70352.27,84,98.55,9,1,0.174,81.5,Ads,1,129,1,1,0.805
64,Male,North,71898.93,95,70.39,3,2,0.282,69.8,Ads,0,146,1,1,0.625
50,Male,West,85923.5,16,104.81,7,2,0.154,48.9,Email,0,164,1,1,0.975
32,Female,North,61850.79,113,97.04,11,0,0.353,5.7,Email,1,35,1,0,0.385
34,Male,East,52398.78,15,111.28,9,0,0.251,35.0,Social Media,0,68,0,1,0.885
30,Male,North,67660.85,78,44.09,7,1,0.182,18.3,Social Media,0,88,0,0,0.235
40,Male,South,21452.54,70,79.01,6,1,0.28,48.4,Email,0,120,1,1,0.74
28,Female,East,87661.65,12,25.28,10,0,0.48,81.3,Social Media,0,161,0,0,0.445
72,Male,South,64462.29,71,134.07,8,1,0.349,14.3,Ads,0,156,1,1,0.945
36,Female,North,49595.23,25,42.13,5,2,0.398,34.8,SMS,1,48,0,0,0.085
31,Male,South,32960.12,108,92.66,5,2,0.409,93.2,Social Media,0,41,0,0,0.225
33,Male,North,39371.4,13,129.68,8,2,0.55,40.1,Ads,0,37,1,1,0.775
43,Other,North,58616.96,54,37.37,7,4,0.119,57.5,Ads,1,73,0,0,0.185
60,Male,West,53965.95,65,30.07,10,1,0.442,61.5,SMS,1,35,0,0,0.045
35,Male,East,40175.59,42,57.03,9,0,0.266,69.7,SMS,0,121,0,1,0.605
46,Male,West,53415.06,24,119.03,6,2,0.332,33.9,Email,0,70,1,1,0.93
59,Male,North,53243.25,118,135.78,10,2,0.204,36.7,Email,0,138,1,1,0.895
39,Male,North,46510.69,23,52.14,4,1,0.477,78.5,Email,1,86,0,0,0.285
66,Male,North,56236.27,84,97.43,8,1,0.047,27.3,Email,0,74,1,1,0.74
74,Female,West,39813.97,22,94.25,7,0,0.197,62.5,Ads,1,134,1,1,0.895
60,Female,West,78099.03,24,98.71,6,3,0.121,36.0,Ads,0,69,1,1,0.84
56,Other,West,53645.03,22,54.1,6,3,0.07,70.1,SMS,1,164,1,1,0.84
24,Male,West,66702.72,57,140.18,7,2,0.259,42.4,Email,1,13,0,1,0.64
41,Other,South,64559.31,35,71.35,3,2,0.12,65.6,Email,1,75,0,1,0.62
48,Male,East,82824.48,55,100.13,7,1,0.07,53.5,SMS,1,5,1,0,0.36
69,Male,South,82063.9,31,33.59,6,1,0.501,86.7,SMS,1,30,0,0,0.085
47,Female,South,50392.47,39,106.82,7,3,0.093,70.7,SMS,0,90,0,1,0.89
65,Male,North,29004.57,1,85.0,10,2,0.111,43.6,Social Media,0,27,1,1,0.575
21,Female,South,64997.15,47,88.87,9,2,0.339,41.4,Ads,0,93,0,1,0.755
68,Female,South,52984.26,53,52.17,10,1,0.462,60.2,Social Media,1,164,1,1,0.74
34,Male,South,91932.32,64,107.59,5,2,0.404,27.3,Social Media,1,157,1,1,0.93
44,Female,West,46434.2,110,91.47,6,3,0.511,60.4,SMS,1,59,0,0,0.235
32,Female,South,44956.81,99,115.73,9,1,0.191,59.7,Social Media,0,120,1,1,0.895
44,Male,West,62038.35,1,5.0,10,1,0.412,75.7,Social Media,0,44,0,0,0.15
72,Male,East,75852.01,91,143.24,6,0,0.06,96.0,Email,0,99,1,1,0.785
27,Female,East,51024.47,79,29.23,9,0,0.389,37.9,SMS,1,108,0,0,0.18
39,Male,West,66086.71,56,102.26,9,2,0.244,76.2,Ads,1,65,0,0,0.48
35,Male,South,48385.76,118,62.8,10,1,0.334,86.1,Ads,0,22,0,0,0.045
52,Male,South,88584.23,37,66.37,10,2,0.212,74.4,Ads,0,149,0,1,0.8
33,Female,North,76173.82,119,54.5,11,0,0.114,72.2,Social Media,1,163,1,0,0.485
32,Male,West,52273.05,13,69.29,6,1,0.346,100.0,SMS,0,73,1,0,0.385
68,Female,East,56479.76,99,60.9,5,3,0.249,53.7,Email,0,44,0,0,0.195
23,Male,South,36879.08,110,103.44,4,2,0.333,52.0,Social Media,0,22,0,0,0.27
60,Male,West,17806.25,81,28.83,10,2,0.324,33.2,Email,0,84,0,0,0.15
36,Female,West,86858.54,45,75.46,10,1,0.122,54.4,Social Media,0,124,1,1,0.81
61,Male,North,63514.17,93,126.79,12,1,0.692,59.7,Ads,0,76,0,1,0.51
44,Male,South,65888.02,36,29.24,11,3,0.115,98.1,Social Media,0,78,0,0,0.125
73,Male,South,56212.87,44,76.12,5,0,0.527,63.4,Ads,0,119,1,1,0.69
36,Female,East,43547.63,64,116.12,8,1,0.185,74.5,Social Media,0,40,1,1,0.575
69,Male,East,48271.83,96,63.52,10,3,0.162,38.2,Ads,0,49,0,0,0.17
70,Male,East,57852.23,64,153.65,12,1,0.224,78.4,Ads,1,58,1,1,0.765
74,Female,North,56682.98,15,50.52,14,2,0.49,52.6,Social Media,1,143,1,1,0.605
28,Male,West,75284.44,32,40.08,8,2,0.197,30.6,Email,0,70,1,0,0.235
45,Male,South,42098.8,102,76.66,8,1,0.185,61.8,Social Media,1,105,0,0,0.41
62,Male,East,87886.79,69,109.69,13,1,0.29,23.3,Ads,0,86,1,1,0.795
46,Female,West,32573.43,113,53.16,9,2,0.334,84.4,SMS,1,172,0,1,0.535
28,Male,North,62001.34,93,105.78,7,1,0.505,63.3,Email,1,53,0,0,0.38
41,Other,West,29677.58,91,64.16,10,0,0.251,95.3,SMS,1,79,0,0,0.175
38,Female,East,57609.14,63,105.05,8,2,0.569,35.7,Email,0,123,1,1,0.92
47,Female,West,58247.55,24,95.13,5,0,0.129,51.1,Ads,0,30,1,1,0.63
56,Male,West,43480.79,35,75.29,11,0,0.363,52.3,Social Media,0,14,0,0,0.215
60,Male,South,91029.13,3,101.56,15,1,0.142,67.2,Email,0,131,1,1,0.895
63,Male,West,49793.74,78,32.46,7,2,0.12,53.3,Email,0,69,0,0,0.06
22,Male,North,70491.78,73,58.2,6,3,0.232,71.8,Ads,0,99,0,0,0.27
41,Female,East,20895.28,17,7.7,12,0,0.116,48.8,Social Media,0,19,0,0,0.175
73,Female,East,52611.27,100,34.72,6,1,0.424,83.0,Social Media,1,113,0,0,0.165
22,Female,South,40089.2,107,98.61,5,1,0.441,57.2,SMS,1,64,0,0,0.315
20,Male,South,42212.59,77,90.1,9,3,0.439,36.2,SMS,0,124,1,1,0.735
23,Male,South,92384.05,9,145.97,7,2,0.215,51.1,Ads,1,175,1,1,0.96
21,Female,South,90261.54,42,57.59,7,1,0.136,95.5,Social Media,0,108,1,0,0.46
26,Male,South,61268.66,46,68.54,12,1,0.168,27.8,Social Media,0,155,1,1,0.86
24,Male,South,57346.98,12,125.26,11,1,0.077,47.4,Ads,0,152,1,1,0.97
32,Female,South,57046.56,28,37.26,7,2,0.323,83.1,SMS,0,108,0,0,0.315
57,Other,West,30638.76,22,146.15,7,0,0.053,58.6,SMS,0,137,1,1,0.96
54,Female,West,83161.4,30,76.62,6,1,0.139,74.6,Social Media,0,103,1,1,0.745
61,Female,South,44028.63,109,126.29,6,2,0.236,65.9,Email,1,159,1,1,0.885
28,Female,North,68369.99,83,74.61,6,1,0.375,79.2,SMS,0,166,1,1,0.7
28,Male,South,72381.04,108,95.84,10,3,0.376,21.9,SMS,1,132,1,1,0.795
58,Female,West,71546.5,73,93.41,8,0,0.133,33.9,Ads,0,13,0,0,0.175
48,Male,East,51804.24,89,59.0,6,0,0.182,63.3,Email,1,146,1,1,0.57
31,Female,South,53726.32,117,129.28,5,0,0.212,56.3,Email,0,79,1,1,0.825
65,Female,South,85144.47,10,96.43,14,4,0.151,64.3,SMS,0,14,0,0,0.435
72,Male,West,85355.98,107,93.74,7,2,0.441,76.7,Ads,0,172,1,1,0.745
73,Male,West,46804.68,21,72.17,4,1,0.211,43.3,Email,0,32,0,0,0.465
27,Female,North,46862.1,112,86.43,8,1,0.103,39.4,Email,0,153,1,1,0.885
71,Female,East,70141.51,72,84.75,5,1,0.592,43.8,Email,0,1,0,0,0.16
62,Female,North,56693.48,28,81.73,8,2,0.132,77.6,SMS,0,87,0,1,0.655
42,Female,South,51295.18,40,48.2,12,1,0.356,65.2,Email,0,106,0,0,0.28
26,Male,West,15000.0,65,90.31,7,0,0.457,48.6,Ads,0,3,0,0,0.22
28,Female,South,85828.72,72,43.24,8,1,0.137,70.6,Social Media,0,118,0,0,0.25
44,Male,West,51175.16,85,132.53,8,1,0.115,55.4,Ads,0,155,1,1,0.965
59,Male,South,58881.05,111,51.76,10,1,0.707,18.6,SMS,1,175,0,0,0.495
57,Female,North,89126.01,100,75.75,11,1,0.309,68.3,Ads,0,7,0,0,0.06
52,Female,East,91146.25,75,56.18,9,6,0.343,80.0,SMS,1,20,0,0,0.185
40,Male,West,68780.63,85,111.24,10,3,0.241,60.3,SMS,1,34,0,0,0.45
59,Other,South,81142.42,67,44.05,8,1,0.199,82.9,Social Media,0,36,0,0,0.07
47,Male,West,77347.91,30,86.26,8,1,0.166,68.0,SMS,1,54,1,1,0.59
66,Female,North,62408.13,72,165.58,9,2,0.161,43.6,SMS,1,102,1,1,0.91
29,Female,South,76399.28,96,87.11,15,0,0.156,53.6,SMS,0,153,1,1,0.735
71,Female,South,75116.72,98,114.54,11,0,0.197,62.1,Ads,0,39,1,0,0.44
20,Female,South,43860.41,98,133.72,5,0,0.1,42.9,SMS,1,100,1,1,0.885
74,Female,North,65505.31,73,73.28,15,1,0.3,54.3,Ads,1,89,0,0,0.355
62,Female,East,73025.68,106,42.44,8,2,0.142,34.4,Social Media,0,27,0,0,0.06
32,Male,South,38990.12,81,90.45,9,3,0.275,100.0,Email,1,41,0,0,0.205
18,Male,North,67842.34,33,5.0,6,2,0.471,81.9,Email,0,39,0,0,0.115
43,Female,West,69036.4,45,137.46,4,1,0.142,37.3,Email,0,105,1,1,0.95
19,Female,South,53628.59,75,115.46,5,2,0.39,86.8,SMS,1,130,1,1,0.875
21,Female,East,52272.47,68,63.59,9,4,0.183,94.0,Email,1,158,1,1,0.7
19,Female,North,63694.07,71,113.26,8,1,0.479,44.0,Ads,0,59,1,1,0.625
66,Female,West,70951.09,37,112.34,9,2,0.303,57.8,SMS,1,69,1,1,0.78
46,Male,North,29833.16,118,50.17,4,0,0.626,45.1,Email,0,143,1,0,0.355
37,Male,East,73663.41,57,54.4,4,2,0.339,38.3,Ads,1,26,0,0,0.11
62,Male,South,98102.58,23,137.79,7,0,0.315,76.5,Social Media,0,6,0,1,0.63
50,Female,South,32122.09,34,146.28,7,1,0.336,21.4,SMS,0,107,1,1,0.95
26,Male,East,27822.96,55,61.11,10,0,0.538,100.0,Ads,0,21,0,0,0.07
28,Male,East,51516.23,99,51.09,7,0,0.522,84.5,SMS,0,171,0,0,0.47
60,Female,North,68741.33,115,71.53,10,0,0.311,68.3,SMS,1,84,0,0,0.14
34,Male,East,15000.0,79,112.78,8,2,0.522,99.5,Social Media,0,66,0,0,0.495
71,Female,North,71774.95,99,51.09,9,2,0.075,53.7,Email,1,158,0,1,0.6
69,Male,East,54776.54,28,103.21,11,2,0.147,91.8,Email,0,125,1,1,0.92
68,Male,East,72167.98,103,80.53,11,0,0.192,96.2,SMS,1,154,1,1,0.695
61,Female,East,70926.44,48,68.71,9,0,0.721,91.1,Ads,1,106,1,0,0.36
32,Female,South,63232.51,66,100.81,8,1,0.251,40.4,SMS,0,10,1,0,0.38
21,Female,West,77612.03,67,74.75,7,0,0.121,75.2,SMS,0,64,0,0,0.24
27,Female,West,59118.93,119,111.77,4,0,0.438,47.8,Ads,1,18,0,0,0.335
52,Male,West,90473.88,86,113.03,13,0,0.559,79.5,Social Media,0,70,0,0,0.41
27,Male,South,36657.2,89,41.5,10,2,0.474,48.7,SMS,0,113,0,0,0.195
30,Female,East,39119.34,82,58.59,7,0,0.592,68.7,Ads,0,175,0,0,0.47
38,Female,East,67361.41,88,72.08,10,1,0.216,24.5,Email,0,165,1,1,0.865
40,Male,East,49347.56,71,77.84,5,2,0.23,95.7,SMS,0,98,0,0,0.445
29,Female,West,85217.94,91,93.86,7,3,0.104,86.5,Social Media,0,118,0,1,0.765
54,Female,East,75541.07,108,29.73,7,1,0.343,49.6,Ads,0,142,0,0,0.19
28,Male,West,65927.33,25,125.3,7,1,0.215,56.6,Email,0,29,1,1,0.875
61,Female,North,56332.63,37,31.44,7,2,0.193,66.9,Email,1,51,0,0,0.17
39,Male,South,59345.14,20,126.1,14,0,0.21,75.0,Email,0,108,1,1,0.92
42,Female,East,42363.61,117,119.4,9,1,0.275,72.0,Email,1,84,0,1,0.645
69,Male,North,77343.15,83,90.61,7,0,0.324,94.3,Ads,0,15,1,0,0.17
72,Male,North,56497.88,48,66.93,6,1,0.145,85.8,Email,0,127,0,1,0.625
50,Male,North,64576.92,17,9.31,8,1,0.212,44.3,Email,0,38,0,0,0.12
18,Male,East,78336.4,15,109.52,7,1,0.302,35.6,Ads,0,108,1,1,0.94
27,Female,North,74321.08,9,102.16,13,0,0.212,87.2,Email,0,61,1,1,0.625
26,Female,South,28479.2,28,45.94,5,2,0.38,49.3,SMS,1,23,0,0,0.08
66,Female,North,65666.63,108,139.02,7,0,0.153,70.2,Social Media,0,57,1,1,0.655
47,Female,South,51279.81,21,52.02,6,4,0.415,61.9,Ads,1,177,1,1,0.775
56,Male,South,47719.37,65,90.07,10,1,0.362,63.4,SMS,0,27,0,0,0.1
69,Other,South,64140.46,48,69.93,6,0,0.518,37.0,Social Media,0,3,0,0,0.17
28,Other,North,48986.05,107,67.87,10,2,0.18,53.8,Social Media,0,173,1,1,0.765
73,Female,North,46262.88,80,124.21,5,3,0.343,73.8,SMS,0,99,1,1,0.86
62,Female,North,86574.12,14,151.78,7,2,0.28,45.8,Social Media,0,57,1,1,0.89
25,Male,South,78033.44,107,106.06,7,2,0.486,70.4,SMS,0,147,1,1,0.775
48,Male,East,64562.03,112,94.84,11,3,0.251,36.9,Ads,1,114,1,1,0.68
64,Male,West,61247.1,63,71.82,9,1,0.374,64.2,Social Media,1,55,0,0,0.195
40,Female,West,39260.64,61,103.57,6,3,0.399,54.1,SMS,0,97,1,1,0.775
70,Male,South,60582.37,70,103.47,6,0,0.259,4.8,SMS,1,159,1,1,0.89
39,Male,East,97944.58,54,38.42,11,2,0.198,49.5,SMS,0,5,0,0,0.11
51,Other,North,71621.09,72,112.82,14,2,0.056,69.2,Social Media,0,136,1,1,0.88
70,Male,East,59665.51,28,73.77,11,2,0.191,70.6,Email,0,124,1,1,0.79
31,Female,East,88186.95,73,62.4,3,1,0.242,32.6,SMS,0,164,1,1,0.78
53,Male,North,34438.81,69,91.87,12,0,0.23,56.0,Email,0,37,0,0,0.295
38,Male,West,38141.92,11,84.17,11,1,0.794,74.4,Ads,1,50,0,0,0.34
73,Male,East,64670.13,111,65.31,4,1,0.462,40.0,SMS,0,85,0,0,0.28
49,Male,West,23172.71,107,74.24,7,1,0.17,37.6,Ads,0,173,1,1,0.73
70,Female,West,72269.38,15,44.19,11,1,0.452,49.9,SMS,0,175,1,1,0.59
61,Female,West,39854.84,64,122.95,9,0,0.265,88.9,Social Media,0,175,1,1,0.94
52,Male,South,74133.52,71,93.46,8,1,0.097,58.2,Social Media,0,129,1,1,0.915
28,Male,North,50228.95,103,99.99,8,4,0.134,70.2,SMS,0,153,1,1,0.905
58,Female,North,80832.34,11,94.29,8,0,0.358,88.4,SMS,0,19,0,0,0.36
56,Female,North,55951.44,77,119.27,7,0,0.418,9.4,Email,0,127,1,1,0.9
66,Male,West,24502.86,64,40.37,10,1,0.39,79.2,Email,0,67,0,0,0.13
41,Female,West,50997.8,14,73.73,11,3,0.214,59.5,Social Media,0,1,0,0,0.255
30,Female,North,53725.06,49,64.24,16,4,0.214,57.2,Social Media,1,173,1,1,0.735
38,Female,East,34058.97,78,74.9,7,2,0.024,57.4,Ads,0,115,1,1,0.63
61,Female,East,59570.92,73,54.74,8,1,0.393,76.3,SMS,0,156,0,1,0.625
51,Other,East,49632.04,18,71.39,3,3,0.094,71.0,Social Media,1,77,0,1,0.72
25,Male,South,50787.58,36,63.24,7,2,0.316,69.1,Ads,0,30,0,0,0.135
33,Female,East,71803.87,72,26.47,8,0,0.39,63.8,Social Media,1,80,0,0,0.085
60,Female,West,42590.49,57,62.67,9,3,0.499,46.8,Social Media,1,57,1,0,0.15
38,Male,South,55595.07,45,60.33,7,2,0.268,52.8,Ads,0,37,0,0,0.08
28,Female,East,67430.16,90,91.6,9,2,0.386,48.5,SMS,0,166,1,1,0.855
50,Female,West,55812.52,85,91.32,8,2,0.268,61.6,Ads,0,21,0,0,0.125
72,Female,North,82877.72,79,69.6,6,1,0.591,34.8,Social Media,0,74,0,0,0.21
41,Male,West,68830.7,87,65.47,6,3,0.189,21.4,Ads,1,102,1,1,0.535
24,Male,West,54063.73,16,94.51,9,3,0.214,62.5,Ads,0,66,0,1,0.645
38,Male,South,35101.11,60,5.0,3,2,0.593,79.9,Ads,0,50,0,0,0.06
66,Female,South,77338.84,9,51.03,9,2,0.332,74.5,Ads,0,53,0,0,0.175
26,Male,West,58398.09,6,70.38,10,0,0.351,76.2,SMS,0,26,0,0,0.17
55,Female,South,66026.56,79,66.68,8,3,0.119,65.1,Ads,0,71,1,0,0.185
62,Female,West,60226.07,91,73.04,7,0,0.128,56.4,Email,0,175,1,1,0.89
37,Male,East,53609.02,38,75.25,15,2,0.214,76.7,Social Media,1,111,1,1,0.61
43,Male,South,81874.96,55,31.57,6,1,0.443,57.6,Email,0,115,0,0,0.225
25,Male,West,69069.73,69,40.42,8,2,0.171,52.9,Ads,0,17,0,0,0.035
31,Male,North,68772.16,112,99.37,6,1,0.366,69.8,Email,0,94,0,1,0.55
18,Female,West,22586.71,47,121.15,10,0,0.034,79.6,Ads,0,78,0,1,0.765
38,Male,West,59506.42,62,137.79,5,1,0.235,67.0,SMS,0,174,1,1,0.965
53,Female,East,40648.97,55,112.25,11,1,0.223,55.4,Email,0,20,0,0,0.425
39,Male,South,33129.26,21,71.54,8,1,0.687,50.6,Email,1,95,1,0,0.435
27,Male,West,90292.54,60,107.2,1,3,0.518,42.4,Social Media,0,56,1,1,0.56
72,Male,North,55233.09,5,109.24,4,2,0.37,71.9,Email,0,178,1,1,0.98
45,Male,East,26871.93,91,81.28,7,2,0.374,82.3,SMS,0,116,1,1,0.59
20,Male,West,47582.05,9,43.65,10,2,0.312,74.1,Ads,1,54,0,0,0.22
35,Female,East,33751.96,76,105.49,7,0,0.462,44.5,SMS,1,101,1,1,0.73
30,Female,North,48443.32,66,78.8,9,5,0.163,52.8,Social Media,1,110,1,1,0.655
57,Male,North,63539.77,50,51.9,5,1,0.14,62.3,Email,0,124,1,1,0.615
29,Male,West,81761.05,94,59.66,4,1,0.27,32.6,Ads,0,45,0,0,0.145
40,Female,North,35689.75,35,110.38,9,2,0.145,98.3,Email,0,4,0,0,0.405
57,Male,North,65088.04,88,69.46,8,1,0.213,89.3,SMS,0,53,0,0,0.045
61,Female,North,15000.0,35,118.12,7,3,0.187,73.6,Ads,0,21,1,1,0.57
73,Female,West,40667.05,62,37.53,9,0,0.122,54.2,SMS,0,108,0,0,0.325
74,Female,South,33654.28,60,106.1,4,0,0.216,39.5,Ads,1,83,1,1,0.805
47,Male,North,64342.44,2,142.18,10,0,0.162,85.2,Social Media,0,34,1,1,0.8
60,Male,South,46428.18,37,17.95,4,2,0.074,86.8,Ads,1,127,1,0,0.38
41,Female,East,84074.44,105,82.74,10,1,0.544,55.5,SMS,0,64,0,0,0.275
61,Female,East,40414.54,111,103.12,8,1,0.235,70.1,Social Media,0,173,1,1,0.865
24,Male,East,99174.11,47,69.76,5,2,0.058,75.8,Ads,1,34,1,0,0.21
31,Female,South,59445.85,111,77.86,6,0,0.254,43.8,Social Media,0,58,0,0,0.185
36,Male,South,59924.75,1,11.23,4,4,0.036,76.9,Email,1,146,1,0,0.45
59,Male,East,83671.63,87,29.32,10,0,0.392,59.7,SMS,0,48,0,0,0.045
59,Female,East,57744.24,28,5.89,7,0,0.072,46.7,Social Media,0,109,1,0,0.325
57,Male,East,62558.43,48,65.6,10,1,0.326,100.0,Email,1,114,0,0,0.485
27,Female,South,50645.2,58,106.34,2,2,0.373,73.1,SMS,0,103,0,1,0.835
73,Male,South,83687.25,89,32.9,7,1,0.085,24.0,Email,0,92,0,0,0.21
51,Female,West,48281.88,82,42.37,6,1,0.084,57.7,Ads,0,62,0,0,0.075
29,Male,South,40144.91,112,83.04,4,2,0.312,87.2,Social Media,1,172,1,1,0.675
47,Male,East,90969.85,106,46.13,8,2,0.264,89.2,Social Media,0,123,0,0,0.14
39,Male,South,52349.1,98,57.27,5,3,0.178,65.8,Email,1,141,1,0,0.49
70,Male,West,49313.56,32,104.03,10,3,0.19,75.0,SMS,0,4,0,0,0.45
47,Female,East,75711.3,21,76.66,11,2,0.485,54.8,Ads,1,59,0,0,0.39
19,Female,South,49499.02,115,110.35,12,2,0.116,79.6,Ads,0,163,1,1,0.905
45,Male,East,66606.01,71,138.32,5,0,0.314,49.4,Email,0,121,1,1,0.915
52,Female,North,50037.71,38,95.83,8,1,0.332,83.2,Email,0,6,1,0,0.215
20,Male,North,51369.9,12,42.15,9,2,0.331,46.1,Email,0,86,0,0,0.31
26,Male,West,69471.39,22,122.71,18,1,0.017,44.5,Ads,0,62,1,1,0.75
47,Other,South,37460.92,60,68.02,9,1,0.145,87.9,Email,0,1,0,0,0.065
27,Male,East,41302.93,117,84.01,7,2,0.226,65.4,Email,0,68,0,0,0.29
24,Female,North,59671.63,26,129.5,4,2,0.104,87.0,SMS,1,40,1,1,0.775
28,Female,West,40267.33,71,58.2,10,1,0.528,99.8,SMS,1,77,0,0,0.105
67,Female,West,29764.24,69,100.48,7,0,0.131,88.0,Email,0,123,1,1,0.875
27,Male,West,67653.85,54,116.19,10,1,0.296,44.5,Ads,0,95,1,1,0.84
40,Male,East,68446.63,96,96.5,11,0,0.072,96.7,Ads,0,91,1,0,0.465
54,Male,North,90081.14,107,99.86,7,1,0.077,50.1,SMS,0,109,0,1,0.795
51,Male,South,62686.93,84,51.07,11,3,0.328,56.0,Social Media,1,179,1,1,0.69
47,Female,South,35377.04,64,66.43,4,0,0.104,82.3,Ads,0,161,1,1,0.8
36,Female,West,27050.28,33,98.49,3,1,0.26,70.3,Social Media,0,119,1,1,0.88
46,Male,South,59804.55,32,149.83,11,1,0.108,32.0,Ads,0,159,1,1,0.97
53,Male,West,55849.74,87,99.25,7,1,0.059,66.2,Social Media,0,131,0,1,0.885
40,Male,North,69133.01,46,68.4,9,0,0.109,0.0,Ads,0,66,0,0,0.415
20,Male,East,79243.16,14,77.01,3,2,0.392,75.7,Ads,0,168,1,1,0.87
39,Male,East,42479.01,78,48.78,8,1,0.161,25.6,SMS,0,31,0,0,0.07
56,Female,East,66731.01,101,26.52,8,3,0.217,77.8,SMS,0,104,0,0,0.045
31,Male,South,65700.73,59,56.2,8,0,0.049,24.1,SMS,0,67,1,0,0.305
59,Male,West,74290.79,73,84.77,4,0,0.549,47.7,Email,0,68,1,0,0.395
45,Female,South,76667.93,100,97.94,11,1,0.706,52.6,Email,0,148,1,1,0.63
19,Male,East,55087.28,116,75.35,10,3,0.415,86.0,SMS,0,65,0,0,0.165
60,Female,West,26619.83,29,115.06,6,3,0.145,77.4,Social Media,1,152,1,1,0.95
37,Male,East,104879.36,55,95.12,6,0,0.082,85.8,Email,0,69,1,1,0.695
21,Female,North,84157.89,18,74.31,10,1,0.266,73.3,Ads,0,153,1,1,0.81
29,Male,East,59086.31,38,61.42,14,1,0.365,45.6,Email,1,165,1,1,0.815
36,Female,East,39436.83,95,86.61,10,1,0.553,75.6,SMS,0,113,0,0,0.395
24,Male,North,44153.1,88,63.29,9,1,0.111,79.9,Social Media,0,104,0,0,0.255
52,Female,West,52589.4,26,129.2,12,1,0.496,59.5,Social Media,0,71,1,1,0.78
58,Male,North,53576.73,104,126.2,14,0,0.139,29.3,SMS,0,117,1,1,0.925
48,Female,West,59319.81,55,9.57,6,2,0.461,67.3,Social Media,0,2,0,0,0.025
37,Male,North,43023.37,56,80.96,8,1,0.377,55.8,SMS,0,121,1,1,0.74
30,Male,East,53050.57,7,84.63,7,3,0.337,48.6,Email,0,17,0,0,0.355
22,Male,South,82780.77,45,90.33,11,1,0.262,62.0,Social Media,1,145,1,1,0.89
52,Female,South,46279.43,24,132.17,3,3,0.378,49.5,SMS,1,176,1,1,0.975
53,Male,West,44879.6,52,102.35,11,0,0.075,57.3,Social Media,1,95,1,1,0.8
57,Female,East,61432.11,2,71.43,5,0,0.565,92.1,SMS,1,56,0,0,0.395
53,Female,West,74151.88,2,93.1,8,0,0.53,61.7,SMS,0,25,1,0,0.35
54,Male,South,38824.9,56,10.31,4,0,0.282,62.1,Social Media,1,108,0,0,0.265
32,Female,South,46969.43,119,63.05,4,1,0.162,43.0,Email,0,26,0,0,0.1
45,Female,East,54304.36,110,5.0,10,1,0.186,64.6,SMS,0,167,0,0,0.16
20,Female,North,54699.32,9,39.77,11,2,0.363,70.5,Email,0,113,0,0,0.275
19,Male,North,82263.76,47,108.71,10,1,0.274,95.9,SMS,0,156,1,1,0.945
60,Female,South,50519.03,96,65.47,8,1,0.501,82.7,SMS,0,14,0,0,0.015
46,Male,East,61342.46,116,78.91,9,2,0.483,49.4,Ads,1,49,1,0,0.185
71,Female,West,43992.11,53,16.37,5,2,0.625,26.2,Email,0,11,0,0,0.065
73,Female,South,64455.79,35,117.94,13,1,0.539,4.1,Email,1,50,1,1,0.53
54,Female,East,69025.48,55,62.72,4,1,0.216,87.7,Ads,1,135,1,1,0.725
71,Female,West,53988.55,41,121.24,11,1,0.133,54.1,Ads,0,82,1,1,0.82
23,Male,South,35824.43,101,48.2,5,2,0.312,59.0,Ads,0,121,0,0,0.255
64,Female,West,61221.44,10,106.27,6,2,0.176,80.0,Email,1,153,1,1,0.97
62,Male,West,69198.7,44,77.68,6,0,0.28,65.7,Social Media,0,105,1,1,0.71
34,Male,North,64222.49,29,72.45,8,4,0.24,47.5,Social Media,0,129,1,1,0.83
24,Male,West,53556.72,58,96.05,8,1,0.267,36.1,Email,0,150,1,1,0.96
36,Female,North,40129.66,50,119.51,9,5,0.337,75.4,Social Media,1,16,0,1,0.6
54,Female,East,68491.09,48,134.84,11,2,0.309,39.6,Email,0,118,1,1,0.95
53,Male,South,80179.28,93,50.69,9,4,0.251,63.0,Email,0,1,0,0,0.03
64,Female,West,51088.69,30,85.36,4,0,0.121,72.7,Ads,0,170,1,1,0.94
66,Female,South,73545.72,29,46.84,5,2,0.378,74.0,Social Media,0,9,0,0,0.07
48,Female,South,68933.33,45,100.84,8,1,0.395,80.5,Ads,1,17,1,0,0.27
34,Male,South,90294.36,35,45.52,9,0,0.217,89.1,Email,0,72,0,0,0.235
19,Male,West,70107.91,96,63.47,11,0,0.252,23.2,Email,1,51,0,0,0.22
66,Male,North,74864.5,107,43.2,7,1,0.411,64.8,Ads,0,47,0,0,0.025
47,Female,East,41680.55,101,109.77,5,3,0.176,56.8,Ads,1,17,0,0,0.36
62,Female,North,50948.55,16,23.68,9,0,0.43,53.3,SMS,1,47,0,0,0.1
47,Male,East,72980.15,46,100.4,9,0,0.254,53.5,Social Media,0,23,0,0,0.48
47,Male,South,42162.81,82,91.91,4,1,0.228,84.5,Email,0,175,0,1,0.895
60,Other,West,45601.18,13,103.26,10,1,0.342,69.0,Social Media,0,136,1,1,0.935
55,Other,South,69658.14,91,151.03,9,2,0.422,67.7,SMS,0,129,1,1,0.885
31,Male,West,64894.04,71,81.24,9,2,0.185,34.8,Email,1,116,1,1,0.85
53,Male,South,33752.93,53,71.93,7,1,0.162,53.0,Email,0,25,0,0,0.235
19,Male,North,40203.6,10,98.2,8,1,0.09,79.5,Ads,1,24,1,1,0.635
55,Female,East,51155.43,23,19.18,9,5,0.121,69.9,Social Media,0,116,0,0,0.3
46,Male,East,66614.53,42,76.6,10,2,0.367,41.0,SMS,0,130,1,1,0.89
45,Male,North,70448.62,31,97.01,9,1,0.547,34.2,SMS,0,34,0,0,0.405
26,Female,North,52997.05,118,71.72,5,3,0.398,50.0,SMS,0,35,0,0,0.065
39,Female,East,64601.03,111,86.85,12,1,0.346,57.8,Ads,0,81,0,0,0.41
69,Female,South,52093.31,25,69.91,12,2,0.434,52.3,Ads,0,69,1,0,0.35
23,Other,East,63483.25,21,106.4,4,1,0.432,71.0,Email,0,38,0,1,0.565
39,Female,West,53928.51,109,117.93,8,2,0.555,42.4,SMS,0,8,0,0,0.325
55,Male,North,64676.37,17,113.28,8,3,0.525,81.8,SMS,1,95,1,1,0.795
48,Female,South,57927.32,100,21.77,7,1,0.26,70.9,Ads,0,32,0,0,0.025
67,Female,North,54233.63,35,77.5,8,2,0.182,40.6,Ads,0,147,1,1,0.905
31,Male,North,22895.79,66,85.07,6,1,0.125,45.9,SMS,1,46,1,0,0.43
20,Male,North,93202.94,91,5.53,5,1,0.228,64.4,Ads,1,60,0,0,0.11
63,Female,North,71059.7,42,52.81,5,0,0.506,26.0,Ads,0,126,0,1,0.595
32,Female,North,84887.36,73,62.03,8,2,0.355,31.3,Email,1,66,0,0,0.24
74,Male,South,69288.81,5,67.07,7,1,0.429,56.4,Social Media,0,172,1,1,0.83
37,Female,North,38537.4,16,108.81,9,1,0.202,43.5,Social Media,0,170,1,1,0.98
57,Male,South,69568.86,74,63.25,9,1,0.249,52.3,Ads,1,153,1,1,0.72
32,Male,West,65969.42,86,139.93,7,1,0.544,28.2,Email,1,95,1,1,0.825
52,Male,West,15000.0,2,114.85,4,0,0.216,34.7,Social Media,0,65,1,1,0.83
65,Female,South,78198.27,99,73.22,6,0,0.398,55.2,Email,0,4,0,0,0.04
42,Female,North,42190.95,118,75.81,9,2,0.278,57.0,Social Media,1,148,0,1,0.6
66,Female,East,84980.92,15,83.99,6,1,0.448,55.7,SMS,0,64,0,1,0.63
53,Female,East,72679.04,103,73.57,11,1,0.298,63.2,SMS,0,80,0,0,0.175
58,Male,East,51576.22,30,66.74,6,0,0.337,100.0,Ads,0,24,0,0,0.165
49,Other,West,37835.58,26,27.64,8,2,0.376,41.0,Social Media,0,28,0,0,0.09
19,Female,South,91775.05,37,35.57,9,2,0.115,61.3,Email,1,22,0,0,0.185
49,Male,East,57984.0,50,97.67,9,1,0.54,60.6,SMS,0,115,0,1,0.83
26,Female,West,69244.86,38,97.6,8,1,0.19,67.3,Social Media,1,162,1,1,0.955
63,Male,West,20578.9,55,94.81,8,2,0.255,83.1,Social Media,1,173,0,1,0.875
52,Other,North,42008.38,70,103.72,13,1,0.414,88.9,Ads,1,160,1,1,0.845
48,Male,West,33866.59,52,145.28,9,1,0.4,88.7,Social Media,1,159,1,1,0.905
70,Female,West,54227.58,46,115.17,8,1,0.159,80.0,Ads,0,23,1,0,0.49
44,Female,North,73236.84,89,5.0,14,0,0.263,67.3,Ads,0,34,0,0,0.025
35,Male,South,79215.91,77,72.22,4,0,0.216,66.6,Ads,1,69,0,0,0.2
62,Male,East,106068.1,45,89.58,8,0,0.204,71.7,SMS,1,65,1,0,0.495
66,Male,South,63695.79,83,151.02,2,0,0.602,71.9,Ads,1,74,1,1,0.72
56,Female,East,51198.58,60,53.45,13,0,0.236,64.2,SMS,0,125,0,0,0.4
65,Male,South,53871.68,113,47.19,5,3,0.092,25.5,Social Media,0,120,1,0,0.41
47,Male,North,60899.62,119,76.36,8,2,0.537,72.6,Social Media,0,140,1,0,0.345
62,Other,North,60319.64,95,68.1,9,0,0.2,25.2,Email,1,152,1,1,0.73
48,Female,South,25611.17,54,54.7,10,1,0.313,56.1,SMS,0,75,0,0,0.205
39,Male,East,75466.4,17,22.11,7,5,0.245,55.8,Social Media,1,170,1,1,0.615
67,Female,North,64681.11,104,80.21,4,1,0.184,54.6,Ads,1,160,1,1,0.89
36,Female,East,50365.04,102,101.66,8,0,0.287,89.2,Email,0,130,0,1,0.86
18,Male,West,34960.2,67,83.25,10,2,0.127,30.1,Email,0,149,1,1,0.905
29,Male,West,22781.38,97,119.05,10,0,0.329,47.0,Email,0,108,0,1,0.82
24,Male,West,100312.45,119,101.27,6,1,0.543,91.9,Social Media,1,88,0,0,0.37
20,Female,West,72306.67,66,95.07,6,0,0.288,98.0,Email,1,78,1,1,0.59
63,Male,South,52761.62,55,132.71,10,0,0.381,40.6,Email,0,55,1,1,0.79
19,Male,North,61063.31,63,92.61,13,1,0.152,75.2,SMS,0,26,0,0,0.335
18,Female,North,61176.39,7,82.42,8,4,0.313,50.6,Ads,0,36,1,0,0.465
22,Female,West,62871.27,49,70.92,10,4,0.517,64.8,Social Media,0,56,0,0,0.135
63,Other,South,50716.92,60,110.45,10,3,0.126,88.8,Ads,0,95,1,1,0.68
33,Male,South,46250.73,17,105.37,7,1,0.155,93.9,Ads,1,148,1,1,0.955
27,Female,West,44532.79,37,82.31,5,3,0.029,56.8,Email,0,110,0,1,0.815
30,Male,North,49832.91,28,47.7,10,1,0.494,84.8,Email,0,87,0,0,0.14
18,Female,West,60932.17,16,118.0,8,2,0.222,55.8,SMS,0,160,1,1,0.975
18,Female,North,56571.09,52,63.7,5,1,0.294,36.3,SMS,1,3,0,0,0.205
36,Male,West,49234.53,28,123.9,11,2,0.249,57.0,SMS,0,67,1,1,0.92
44,Male,North,78889.66,47,82.52,7,1,0.233,74.5,Social Media,0,54,0,0,0.39
67,Female,South,29917.84,24,63.86,10,0,0.225,64.3,Ads,0,42,0,0,0.2
50,Female,North,63567.59,46,53.8,9,3,0.646,79.6,Social Media,1,16,0,0,0.05
55,Female,West,39158.32,95,117.89,7,0,0.119,46.7,Ads,0,81,0,1,0.88
37,Male,West,82813.45,51,105.47,5,1,0.219,49.2,SMS,0,28,1,1,0.535
29,Male,West,55810.53,118,108.31,4,1,0.309,59.6,Email,1,62,0,1,0.655
49,Female,South,71917.02,6,134.74,9,0,0.173,53.4,Email,0,90,1,1,0.905
19,Female,East,89246.86,4,5.0,5,2,0.219,29.2,SMS,1,22,0,0,0.295
27,Female,South,73855.52,81,52.35,10,0,0.059,65.0,Social Media,0,82,1,0,0.095
24,Male,North,39578.03,92,30.04,12,0,0.283,70.7,Email,0,175,1,0,0.345
64,Female,South,30068.05,62,87.78,7,0,0.46,100.0,Email,0,82,0,0,0.49
74,Male,South,80771.53,5,90.76,11,3,0.507,80.8,Ads,0,137,1,1,0.79
68,Male,East,69626.89,65,77.82,12,1,0.437,82.9,Ads,1,123,0,0,0.48
18,Female,South,101157.49,29,135.28,10,1,0.321,55.5,Social Media,0,125,1,1,0.92
61,Female,South,55854.23,80,26.17,12,2,0.466,63.2,SMS,0,176,0,0,0.39
33,Male,West,60696.28,70,65.09,7,1,0.152,55.4,SMS,0,123,1,1,0.595
48,Female,South,65323.62,11,114.68,11,0,0.42,37.7,Social Media,0,43,1,1,0.775
21,Female,South,54696.91,9,75.44,8,2,0.5,62.5,SMS,0,95,0,1,0.68
71,Female,West,69405.08,111,107.35,3,2,0.086,43.4,Ads,0,88,1,1,0.745
25,Male,South,73099.85,56,79.1,8,1,0.219,80.6,SMS,0,79,1,0,0.38
62,Female,North,31363.25,76,94.73,7,1,0.555,49.2,Social Media,0,85,0,1,0.525
32,Female,East,58719.73,85,98.56,6,1,0.337,47.5,Social Media,1,15,0,0,0.24
29,Female,North,72591.23,60,85.17,9,1,0.346,85.6,Email,0,105,1,1,0.65
27,Male,South,66181.0,11,114.22,11,1,0.218,60.8,SMS,0,106,1,1,0.965
67,Male,West,72874.9,64,32.27,13,3,0.254,42.2,Email,0,167,1,0,0.45
44,Female,North,67515.52,79,13.53,9,4,0.076,33.2,Ads,0,51,0,0,0.15
46,Male,West,40333.35,88,79.43,16,0,0.487,42.5,SMS,1,27,0,0,0.145
18,Male,South,78103.88,72,56.46,7,1,0.428,34.7,Ads,0,40,0,0,0.15
44,Female,North,29983.25,56,40.52,7,2,0.615,62.1,Email,1,5,0,0,0.035
29,Male,North,44607.79,66,13.55,11,0,0.426,52.6,Social Media,1,160,0,0,0.26
58,Male,North,78813.15,30,97.41,10,0,0.1,54.1,SMS,0,152,0,1,0.975
39,Male,East,75896.18,50,36.25,18,1,0.143,52.1,Email,0,144,0,0,0.46
72,Male,South,78006.24,80,60.18,7,1,0.327,49.5,SMS,0,21,0,0,0.095
74,Female,West,51303.88,118,101.26,13,2,0.131,76.4,Social Media,1,79,0,0,0.435
21,Female,East,47607.29,20,9.79,5,1,0.428,64.9,Social Media,0,171,1,0,0.41
70,Female,West,35419.24,96,87.26,11,0,0.27,40.3,Ads,1,17,0,0,0.16
45,Male,West,88906.16,79,52.57,5,1,0.063,73.7,Email,1,37,1,0,0.055
29,Female,East,77894.09,75,100.31,5,3,0.159,62.6,Ads,1,141,1,1,0.915
33,Female,North,104003.46,33,96.97,13,3,0.598,57.9,Ads,0,39,0,0,0.42
68,Female,West,67495.36,26,65.01,5,0,0.253,39.8,Email,0,12,1,0,0.17
62,Male,North,67837.49,14,77.0,7,0,0.133,58.3,SMS,0,92,1,1,0.81
29,Male,North,71583.94,105,35.52,9,1,0.351,42.8,SMS,0,73,0,0,0.055
54,Female,South,61083.04,83,70.61,7,2,0.159,82.7,Ads,0,1,0,0,0.085
31,Male,West,56711.13,22,50.26,11,2,0.269,75.0,SMS,0,49,0,0,0.085
41,Male,East,71620.08,23,68.53,6,5,0.198,71.9,Social Media,0,42,0,0,0.225
35,Male,East,48507.94,25,75.27,11,2,0.367,50.5,SMS,0,155,1,1,0.875
63,Other,West,48584.64,90,58.52,9,1,0.486,49.5,Ads,0,161,1,1,0.505
38,Female,North,62018.94,6,21.5,12,3,0.263,72.4,Email,0,58,0,0,0.135
55,Male,North,76080.21,59,82.64,8,0,0.292,57.3,Ads,0,152,1,1,0.805
45,Male,West,84329.83,42,92.2,11,3,0.446,95.0,Social Media,1,63,0,0,0.345
59,Male,North,72540.62,3,89.99,6,3,0.611,66.0,Email,1,81,1,1,0.605
46,Male,East,25982.02,98,52.73,5,1,0.231,60.2,Social Media,0,22,0,0,0.105
22,Male,North,55957.15,27,141.89,7,0,0.274,39.5,Email,0,130,1,1,0.99
54,Female,North,49098.3,1,122.04,4,2,0.519,43.5,Ads,0,88,1,1,0.885
26,Male,South,44870.86,107,151.31,2,2,0.34,53.6,Ads,0,10,0,1,0.645
68,Male,North,68722.78,31,5.0,7,4,0.108,82.9,Email,0,101,0,0,0.32
64,Male,East,47205.79,42,165.32,9,1,0.144,29.2,SMS,1,73,1,1,0.93
45,Male,South,87361.72,32,113.03,11,2,0.232,100.0,SMS,0,170,1,1,0.93
37,Female,North,48820.95,90,100.68,9,1,0.23,76.8,SMS,1,41,0,0,0.29
28,Male,North,45618.41,72,54.92,9,0,0.274,66.4,Email,0,11,0,0,0.045
58,Female,East,77200.43,76,41.07,11,3,0.239,28.8,Email,0,94,0,0,0.215
69,Male,West,60958.68,37,92.86,10,3,0.065,58.6,Ads,1,100,1,1,0.88
32,Female,North,50585.01,69,100.73,7,4,0.213,77.3,SMS,0,153,1,1,0.925
28,Female,North,43701.44,17,118.75,9,4,0.136,39.9,Email,0,159,1,1,0.965
39,Male,South,63342.88,48,42.58,6,1,0.581,84.8,SMS,1,143,0,0,0.44
25,Other,South,64702.27,5,93.45,9,4,0.469,78.4,Email,0,144,0,1,0.95
49,Male,North,15000.0,39,111.17,9,3,0.161,79.7,Email,1,127,1,1,0.92
32,Male,West,61146.24,90,82.92,9,1,0.845,59.1,Social Media,0,23,0,0,0.07
30,Male,East,52237.8,82,62.43,7,0,0.549,100.0,Email,0,7,0,0,0.085
23,Male,North,82192.76,42,63.69,7,1,0.378,60.7,Ads,0,168,1,1,0.77
30,Female,South,49367.8,59,75.88,10,1,0.136,28.9,Social Media,0,55,1,0,0.285
69,Male,North,87777.44,48,63.98,6,1,0.162,66.7,Ads,0,6,0,0,0.08
73,Male,East,15000.0,111,29.14,6,1,0.34,60.7,Social Media,1,51,0,0,0.185
48,Other,South,65381.85,97,91.92,8,2,0.369,70.6,Email,1,46,0,0,0.2
61,Male,North,103651.59,62,164.66,8,0,0.632,38.8,Ads,1,50,1,1,0.76
62,Male,North,73644.35,18,69.98,13,2,0.131,61.7,SMS,0,25,1,0,0.275
37,Female,West,36494.75,75,127.1,4,3,0.396,48.6,SMS,0,17,1,0,0.48
22,Male,North,73786.31,102,144.14,10,1,0.371,97.8,Email,0,99,1,1,0.79
74,Male,West,79126.98,14,146.26,4,5,0.435,69.8,Email,0,71,1,1,0.79
68,Female,South,105488.03,11,114.83,9,2,0.284,52.5,Email,0,107,1,1,0.93
63,Male,South,51454.05,81,126.15,4,2,0.051,85.3,Ads,0,104,1,1,0.885
72,Male,South,49459.05,115,94.5,12,2,0.216,23.9,Email,0,104,1,1,0.655
28,Female,North,50646.0,8,28.47,7,4,0.43,56.1,Email,0,18,0,0,0.115
45,Male,West,81910.34,15,102.61,7,2,0.248,59.0,Social Media,0,140,1,1,0.93
31,Female,North,51325.15,21,121.85,9,0,0.12,38.7,Ads,0,44,1,1,0.845
72,Male,North,42703.98,14,44.01,9,4,0.325,63.8,Ads,1,32,0,0,0.135
37,Male,East,48077.76,40,175.06,12,1,0.234,60.9,Social Media,0,35,1,1,0.8
40,Male,South,61951.46,61,44.57,9,2,0.683,80.3,Social Media,0,10,0,0,0.07
59,Female,North,63776.08,55,81.01,9,2,0.492,82.3,SMS,1,36,0,0,0.145
33,Male,West,47133.12,47,73.51,5,0,0.509,71.1,Email,0,155,1,1,0.715
33,Other,West,57444.0,11,118.18,6,0,0.341,60.8,SMS,0,33,1,1,0.76
38,Female,West,74273.6,23,77.94,6,0,0.359,39.2,Email,0,138,1,1,0.9
29,Male,North,73742.63,115,88.9,7,3,0.271,65.2,Email,0,101,0,0,0.48
24,Female,South,52592.94,106,56.52,6,2,0.38,79.2,SMS,0,56,0,0,0.035
47,Female,West,38020.58,74,14.1,7,5,0.251,70.0,Social Media,0,59,0,0,0.075
59,Female,West,74339.56,36,68.89,5,2,0.569,45.7,Ads,1,100,0,1,0.53
70,Male,South,95152.35,76,82.81,8,1,0.192,50.4,Email,0,106,1,1,0.735
55,Male,South,112728.03,41,70.27,11,3,0.259,51.9,Email,1,58,0,0,0.3
39,Female,South,82381.52,58,57.93,7,1,0.327,56.2,SMS,1,68,0,0,0.18
51,Male,South,59159.13,41,85.29,7,3,0.43,71.6,Social Media,1,56,0,0,0.4
73,Female,West,63777.91,114,44.57,6,3,0.528,48.8,Ads,0,32,0,0,0.05
42,Male,West,43527.0,60,83.41,5,2,0.309,57.1,Social Media,0,33,0,0,0.285
41,Female,South,48657.6,54,114.42,4,1,0.254,61.5,Social Media,1,113,1,1,0.93
60,Female,West,65885.02,102,63.95,5,1,0.435,40.4,Ads,1,94,0,0,0.285
50,Other,West,57758.08,20,26.58,5,2,0.222,45.2,Email,0,131,1,1,0.59
40,Female,East,55839.16,103,127.94,4,2,0.176,64.1,SMS,0,102,1,1,0.905
48,Male,East,28901.34,3,70.65,6,3,0.174,65.8,Social Media,1,151,1,1,0.855
68,Male,South,39323.33,80,36.7,6,1,0.068,87.7,Social Media,0,97,0,0,0.18
74,Male,West,25392.09,69,45.09,5,1,0.356,35.7,Email,0,165,1,1,0.54
50,Male,North,100106.95,7,59.99,5,2,0.128,92.9,Ads,1,111,1,1,0.61
52,Male,South,34980.12,62,118.1,11,1,0.163,53.3,Social Media,0,39,1,1,0.57
42,Male,North,69110.81,40,37.9,15,0,0.161,80.9,Email,1,66,0,0,0.135
53,Male,North,67898.16,56,114.69,4,1,0.381,0.0,Social Media,0,98,1,1,0.9
42,Male,East,72802.4,42,119.4,7,1,0.195,73.7,SMS,1,83,1,1,0.915
23,Female,South,59586.44,62,72.07,6,3,0.276,36.6,Email,0,51,0,0,0.235
39,Male,South,52075.76,66,155.13,8,2,0.055,100.0,Email,0,76,0,1,0.77
66,Male,West,67018.58,8,8.46,4,7,0.024,66.1,SMS,0,83,0,0,0.35
67,Female,North,65812.13,69,118.83,10,3,0.335,71.8,SMS,0,118,1,1,0.94
27,Female,North,89539.64,108,151.76,6,1,0.095,85.3,Ads,0,155,1,1,0.87
41,Male,West,58847.97,30,84.21,13,1,0.185,60.3,SMS,0,119,1,1,0.885
58,Female,South,71309.03,110,122.81,6,4,0.023,62.4,Social Media,0,112,1,1,0.845
32,Male,West,38295.79,90,30.78,7,0,0.207,93.7,Email,0,149,0,0,0.305
69,Other,North,33147.76,46,88.06,8,1,0.4,59.4,SMS,0,42,0,0,0.36
24,Male,West,37005.78,17,104.77,6,3,0.428,86.3,Social Media,1,115,1,1,0.84
36,Male,West,79199.75,113,179.33,3,1,0.328,18.4,Social Media,1,59,1,1,0.755
33,Female,East,43017.53,83,97.0,11,0,0.27,45.5,Social Media,1,95,1,1,0.655
69,Male,North,64864.3,21,136.01,12,2,0.088,57.2,Ads,1,171,1,1,0.975
47,Male,West,56058.21,10,62.49,9,2,0.509,74.3,SMS,0,8,0,0,0.11
32,Female,North,64222.17,73,131.74,13,4,0.585,57.9,Email,1,69,1,1,0.635
61,Male,South,48142.71,24,82.92,5,1,0.356,67.9,SMS,0,101,1,1,0.73
39,Female,West,76192.37,100,125.63,10,1,0.439,37.4,Social Media,0,128,1,1,0.89
29,Male,North,52127.95,83,95.37,13,2,0.382,49.8,Social Media,0,179,1,1,0.84
51,Other,North,74212.98,78,127.66,8,2,0.068,49.1,Email,1,128,1,1,0.945
50,Female,North,61909.69,103,67.7,8,3,0.306,89.0,Social Media,0,134,0,0,0.365
70,Female,West,40917.71,119,70.31,11,1,0.298,64.5,Social Media,0,116,0,0,0.32
51,Female,West,63631.32,80,92.0,9,4,0.204,78.7,Social Media,0,137,1,1,0.82
54,Female,North,80089.52,99,54.5,2,2,0.182,41.3,Ads,0,158,1,1,0.61
63,Male,East,15000.0,101,96.89,10,0,0.132,28.1,Ads,0,163,1,1,0.84
25,Female,South,45835.52,85,95.83,11,1,0.207,83.3,Social Media,0,108,1,1,0.655
70,Female,South,60908.06,5,49.7,10,0,0.349,53.9,Social Media,0,99,0,0,0.395
55,Other,East,23062.6,106,65.01,13,0,0.304,62.7,Email,0,28,0,0,0.09
70,Male,North,46613.12,94,93.1,5,1,0.506,63.8,SMS,0,87,0,0,0.445
56,Female,West,52556.95,73,56.28,6,1,0.281,100.0,Social Media,1,48,0,0,0.085
46,Female,West,62172.79,53,89.68,6,2,0.188,86.0,Ads,0,90,1,1,0.64
32,Male,South,57266.33,75,97.48,4,0,0.169,44.3,Email,0,75,1,1,0.85
54,Male,South,85725.99,41,112.79,12,0,0.251,100.0,Social Media,0,3,1,0,0.395
61,Male,South,63303.39,62,68.22,6,2,0.328,85.4,Ads,0,130,1,1,0.515
59,Male,South,51709.47,37,50.85,10,2,0.274,62.7,Social Media,0,84,0,0,0.26
33,Male,East,71680.03,56,137.37,8,2,0.248,68.6,Email,0,107,1,1,0.93
30,Male,West,48179.59,8,94.09,10,1,0.23,59.7,Social Media,0,166,1,1,0.97
39,Male,North,48021.7,87,53.92,9,0,0.209,99.1,Email,0,161,1,0,0.495
21,Female,West,45401.85,38,79.29,6,0,0.231,45.1,SMS,0,29,0,0,0.415
62,Male,South,46112.88,8,61.8,7,2,0.135,75.9,Email,0,79,1,0,0.485
30,Male,North,73921.57,15,5.0,4,1,0.119,68.0,Social Media,0,6,0,0,0.095
44,Male,North,56706.44,24,106.86,7,0,0.073,60.2,Email,0,98,0,1,0.9
51,Female,South,67473.13,75,113.48,5,0,0.235,61.9,Social Media,0,178,1,1,0.935
26,Male,West,52763.31,69,5.0,9,4,0.344,44.5,Email,1,14,0,0,0.06
32,Male,South,55419.37,29,5.0,6,1,0.231,72.2,Ads,0,77,0,0,0.205
43,Female,West,66826.14,111,63.46,8,0,0.496,51.1,Ads,0,60,0,0,0.055
29,Male,South,58706.19,17,128.38,7,2,0.227,57.6,Social Media,1,129,0,1,0.985
62,Male,West,32919.04,89,5.0,11,1,0.252,42.9,Email,0,146,0,0,0.225
73,Female,North,61843.18,54,23.62,15,2,0.263,100.0,Social Media,1,39,0,0,0.105
18,Male,East,38638.41,102,125.56,5,1,0.485,94.2,Ads,0,37,0,0,0.335
45,Female,North,74531.97,5,157.42,9,1,0.405,58.4,SMS,1,86,1,1,0.885
37,Male,North,68348.45,80,72.97,8,1,0.409,53.0,SMS,0,103,0,0,0.33
48,Female,North,36537.39,70,5.0,12,1,0.063,53.1,SMS,0,113,0,0,0.2
68,Male,East,49915.61,19,172.48,9,0,0.207,71.3,Email,1,78,1,1,0.92
51,Male,West,70651.14,87,39.18,7,0,0.279,27.7,Social Media,1,121,0,0,0.37
30,Male,West,46434.1,47,130.51,12,1,0.432,59.1,Social Media,0,157,1,1,0.935
27,Female,South,66250.41,58,30.91,13,3,0.462,78.5,Social Media,0,33,0,0,0.03
59,Male,West,42018.3,113,67.27,14,1,0.142,74.4,Ads,1,34,0,0,0.065
57,Female,North,64020.34,22,69.21,7,2,0.336,62.5,Email,1,108,1,1,0.59
41,Female,South,55408.83,25,100.13,15,0,0.366,4.0,SMS,0,1,0,0,0.39
48,Male,North,73212.31,43,108.12,9,0,0.033,56.6,Email,1,91,0,1,0.885
33,Male,East,76821.04,109,137.78,8,0,0.534,68.8,SMS,0,81,1,1,0.685
37,Male,East,77111.59,105,110.1,18,0,0.401,54.9,Email,0,36,0,0,0.37
58,Female,North,79803.01,31,77.63,11,0,0.048,65.3,Email,0,21,0,0,0.15
41,Female,South,97811.82,99,75.49,8,3,0.331,37.8,SMS,0,35,0,0,0.185
24,Female,South,60673.39,24,13.06,7,3,0.268,85.9,Ads,0,145,1,0,0.435
59,Female,North,73781.24,86,141.32,5,3,0.505,43.2,SMS,1,20,1,1,0.615
57,Male,North,55817.24,46,68.15,10,4,0.211,42.4,Social Media,0,37,0,0,0.26
65,Female,West,66819.11,45,16.63,5,2,0.677,83.4,SMS,0,111,0,0,0.18
24,Male,East,74419.61,89,108.7,9,0,0.617,50.9,SMS,0,117,1,1,0.715
29,Male,West,44028.66,18,108.6,11,1,0.226,94.4,Email,0,57,1,1,0.65
26,Male,West,71004.02,55,37.0,12,1,0.373,90.2,SMS,0,17,0,0,0.065
52,Male,South,98084.17,4,112.73,9,1,0.064,74.5,Social Media,1,17,0,1,0.545
64,Male,North,47194.01,102,65.3,12,0,0.081,75.5,Ads,0,106,1,0,0.25
35,Female,North,60800.13,96,107.79,7,2,0.02,54.5,Email,0,60,1,1,0.595
20,Female,North,70225.68,56,76.22,11,5,0.298,90.5,Ads,0,125,1,1,0.555
41,Male,North,72102.21,100,104.35,10,0,0.095,42.1,SMS,1,22,0,0,0.375
31,Female,South,82534.22,65,32.32,7,3,0.249,63.8,SMS,1,24,0,0,0.035
34,Female,South,58677.15,56,42.1,10,1,0.035,46.0,Social Media,0,115,1,0,0.395
67,Female,West,59379.29,82,154.24,2,3,0.128,68.0,Ads,1,73,1,1,0.9
20,Male,West,86257.61,68,126.66,6,3,0.46,100.0,Social Media,0,97,1,1,0.755
54,Female,South,71367.98,20,63.01,9,1,0.284,70.7,Ads,0,27,0,0,0.135
32,Male,North,90265.97,79,34.64,8,0,0.074,51.7,Social Media,0,107,0,0,0.225
59,Female,West,68062.59,40,75.95,10,1,0.04,70.8,Social Media,0,139,1,1,0.795
49,Male,South,57803.77,86,28.08,8,0,0.238,9.9,Social Media,0,66,0,0,0.105
42,Female,East,62553.7,23,54.77,9,2,0.097,90.1,Ads,1,103,0,0,0.48
46,Male,West,104449.1,28,27.65,6,0,0.425,56.9,Social Media,0,62,0,0,0.18
63,Female,North,54971.59,36,56.84,10,1,0.049,55.4,SMS,0,70,0,0,0.34
56,Male,South,50066.18,71,76.73,6,1,0.079,72.0,Social Media,1,77,1,0,0.335
51,Female,North,68771.23,110,72.13,6,0,0.356,77.1,Ads,1,177,1,1,0.715
73,Female,South,44307.89,83,88.71,10,4,0.306,51.7,SMS,0,89,1,0,0.415
29,Male,East,51909.77,31,52.66,10,1,0.134,67.1,Email,0,155,1,1,0.82
64,Female,East,78630.03,56,51.62,10,1,0.239,48.8,SMS,0,145,1,1,0.55
59,Female,East,59192.03,97,91.2,10,3,0.584,45.9,SMS,1,14,0,0,0.16
55,Female,North,63199.18,34,62.88,5,2,0.61,79.1,Ads,0,159,0,1,0.655
28,Male,West,48325.35,12,62.52,5,1,0.023,52.6,Ads,0,129,1,1,0.795
49,Male,South,99585.46,29,124.2,8,2,0.461,72.0,Ads,1,133,1,1,0.88
42,Male,North,61955.97,28,16.18,6,0,0.311,47.6,Email,0,149,1,1,0.545
74,Male,East,57742.23,16,89.58,7,2,0.495,51.4,Ads,1,120,1,1,0.85
26,Male,North,56492.65,93,41.58,5,2,0.695,55.0,Ads,0,125,0,0,0.135
44,Female,South,65263.84,40,109.39,5,3,0.209,56.2,SMS,0,54,1,1,0.75
53,Male,North,94749.45,38,61.67,3,1,0.304,75.7,Social Media,1,56,1,0,0.255
35,Female,East,60429.5,97,62.81,7,1,0.272,66.1,Ads,1,37,0,0,0.04
37,Other,East,74084.04,88,101.55,7,1,0.277,50.6,SMS,1,146,1,1,0.885
19,Female,East,82661.94,83,59.43,12,3,0.599,33.2,Email,1,134,1,0,0.355
52,Female,East,62459.72,104,143.72,8,1,0.52,49.9,Ads,0,133,1,1,0.885
36,Female,South,58899.31,8,56.18,8,0,0.071,24.4,Email,1,142,1,1,0.81
53,Female,North,42277.52,64,86.16,6,0,0.092,68.2,Email,1,37,1,0,0.355
46,Female,East,62712.63,100,104.25,9,2,0.127,35.3,Social Media,0,163,1,1,0.955
34,Female,East,67884.92,33,51.11,13,2,0.125,53.8,Email,1,71,0,0,0.235
70,Female,West,73433.41,93,63.85,7,1,0.142,77.3,Social Media,1,175,1,1,0.725
67,Male,East,48964.42,12,104.06,5,1,0.218,57.9,Ads,0,176,1,1,0.965
49,Female,West,53589.21,58,106.17,9,0,0.051,82.4,SMS,0,84,1,1,0.69
51,Male,East,74190.38,14,95.03,11,2,0.394,93.4,Social Media,1,115,0,1,0.785
64,Male,North,31372.76,105,139.63,8,2,0.173,39.0,Social Media,1,70,1,1,0.765
49,Female,South,66208.05,79,80.09,13,0,0.37,23.6,Email,0,83,1,0,0.455
57,Female,West,77367.44,14,104.5,12,1,0.349,59.4,Ads,1,167,1,1,0.92
21,Female,South,41333.9,98,97.36,10,1,0.257,75.5,SMS,0,170,0,1,0.85
29,Female,West,38403.24,101,85.15,12,3,0.046,64.8,Ads,0,69,1,0,0.265
49,Male,South,75488.99,17,73.01,9,3,0.122,87.1,Social Media,0,129,1,1,0.78
37,Female,South,65017.03,109,111.92,8,3,0.339,74.5,SMS,1,179,1,1,0.865
38,Male,South,62709.5,10,132.47,8,0,0.073,52.5,Ads,0,27,1,1,0.805
37,Male,North,36405.56,113,93.42,12,1,0.232,53.3,Social Media,0,48,0,0,0.24
40,Female,North,75674.08,101,60.58,10,2,0.273,77.9,Email,0,144,0,0,0.405
49,Female,East,72724.65,72,87.64,10,0,0.318,74.6,SMS,1,155,1,1,0.78
58,Male,West,49179.45,35,80.05,8,0,0.418,55.5,Email,0,97,0,1,0.675
34,Male,South,50756.34,108,133.88,13,1,0.159,63.5,Ads,0,84,0,1,0.815
51,Female,North,39602.36,91,80.99,6,0,0.582,74.4,Social Media,1,13,0,0,0.12
48,Female,South,45077.11,50,85.84,8,0,0.429,75.4,Social Media,1,85,0,1,0.665
62,Female,West,52874.66,52,103.97,9,1,0.16,39.5,Social Media,0,56,1,1,0.56
44,Female,South,80501.99,17,71.35,6,1,0.566,82.5,Social Media,0,16,1,0,0.13
50,Female,South,79547.07,7,110.37,8,0,0.165,46.8,Ads,0,146,1,1,0.93
21,Female,West,92584.62,43,119.92,13,1,0.237,82.4,SMS,0,89,0,1,0.805
31,Male,West,42027.26,22,107.2,9,1,0.079,70.1,SMS,0,127,1,1,0.96
32,Male,South,60107.77,95,146.75,9,4,0.193,24.1,Social Media,1,103,1,1,0.915
40,Male,West,79264.97,8,117.28,13,2,0.213,51.1,Email,0,47,0,1,0.745
52,Male,North,80567.43,48,72.38,4,1,0.525,60.1,Email,0,70,0,0,0.235
51,Female,East,42428.04,27,29.7,7,5,0.465,53.3,Ads,0,88,0,0,0.26
55,Female,East,54638.68,69,56.04,15,3,0.031,79.4,SMS,1,85,0,0,0.2
55,Male,South,39540.09,107,144.67,9,2,0.114,54.7,Ads,0,117,1,1,0.91
44,Female,East,77845.09,119,86.82,6,2,0.286,56.3,SMS,0,126,1,1,0.715
24,Male,East,21658.57,20,85.21,4,3,0.263,100.0,Email,0,100,0,1,0.68
34,Male,South,69711.08,53,121.24,4,3,0.376,29.5,Ads,0,122,1,1,0.925
43,Female,North,76800.26,111,75.38,10,2,0.143,76.7,Social Media,0,135,1,1,0.625
47,Male,West,48850.55,111,104.92,10,3,0.112,46.8,SMS,0,5,0,0,0.31
69,Male,East,40893.78,43,63.18,12,3,0.195,70.2,SMS,0,44,0,0,0.14
70,Male,West,50586.64,31,46.66,9,1,0.041,47.7,Social Media,0,105,0,1,0.57
42,Male,South,77453.44,10,48.76,10,2,0.348,42.3,Email,0,80,0,0,0.345
62,Female,North,69686.63,89,97.43,13,2,0.44,57.5,SMS,1,44,0,0,0.215
18,Male,East,55311.81,3,81.3,9,1,0.116,46.8,Email,0,2,0,0,0.445
57,Other,North,82440.04,37,138.86,6,1,0.445,39.0,Email,1,148,1,1,0.955
30,Other,South,41331.85,111,72.17,8,2,0.219,54.7,SMS,1,13,0,0,0.12
56,Male,East,85069.85,106,19.64,2,1,0.261,49.3,Email,0,114,0,0,0.155
60,Male,South,63817.49,112,93.72,4,1,0.371,63.2,Social Media,0,75,1,0,0.43
22,Female,West,87582.74,58,66.18,4,3,0.046,71.6,Ads,0,146,1,1,0.74
53,Male,West,57855.01,88,68.74,12,4,0.194,73.9,SMS,0,175,1,1,0.67
35,Male,West,88622.15,108,88.61,4,0,0.183,30.8,Social Media,0,11,0,0,0.25
48,Female,East,63727.56,68,72.26,7,2,0.16,68.9,Social Media,1,151,1,1,0.79
43,Female,East,96284.02,37,97.53,5,1,0.314,81.0,Ads,0,154,1,1,0.91
58,Other,South,29965.15,119,34.01,7,2,0.27,74.2,Social Media,0,97,0,0,0.11
70,Female,West,55593.42,12,74.56,13,0,0.183,65.0,SMS,0,139,0,1,0.825
29,Male,East,51313.89,13,41.64,10,1,0.141,86.3,Email,1,141,0,1,0.595
36,Male,South,64390.93,35,77.74,6,2,0.514,83.9,SMS,0,113,1,1,0.69
41,Male,East,80072.99,70,109.44,7,0,0.342,28.7,Social Media,0,156,1,1,0.95
66,Male,East,50195.04,97,49.04,8,1,0.147,35.4,SMS,0,173,1,1,0.685
19,Male,East,41455.11,49,126.68,6,1,0.258,16.8,SMS,0,53,1,1,0.705
35,Male,North,85906.48,18,139.62,5,1,0.172,49.2,Ads,0,165,1,1,0.98
39,Male,West,46057.98,61,23.48,11,1,0.153,31.7,SMS,0,145,1,0,0.48
42,Male,North,15312.56,81,74.52,7,2,0.461,73.8,Email,0,27,0,0,0.085
70,Male,South,38645.65,24,61.94,6,2,0.377,75.4,Ads,0,169,1,1,0.725
19,Female,East,62394.92,2,127.75,9,1,0.448,6.4,Email,0,123,1,1,0.905
44,Female,East,54119.61,28,107.12,7,2,0.109,68.1,Ads,0,40,0,1,0.67
35,Male,West,78120.26,39,134.87,9,1,0.549,65.9,Social Media,0,106,1,1,0.855
29,Female,West,46811.5,10,61.54,8,1,0.137,84.5,Email,0,107,0,1,0.515
70,Female,East,62973.84,56,56.11,5,0,0.279,46.8,Social Media,0,22,0,0,0.105
34,Female,North,74920.68,5,92.17,7,2,0.554,80.4,SMS,0,7,0,0,0.35
64,Female,South,99231.52,18,106.78,6,3,0.642,41.8,Ads,1,70,1,1,0.715
44,Female,East,52110.14,27,115.05,3,0,0.85,57.8,Ads,1,8,1,1,0.545
69,Other,West,65543.47,9,107.34,8,2,0.533,17.5,SMS,0,78,1,1,0.765
66,Female,South,34422.61,71,86.98,2,0,0.234,8.8,SMS,1,73,1,1,0.575
37,Female,North,80232.04,90,117.16,5,1,0.121,59.7,Ads,1,70,1,1,0.77
48,Male,North,59302.89,78,65.71,11,1,0.048,89.1,Social Media,1,55,0,0,0.12
42,Female,North,80299.85,35,84.91,6,1,0.074,55.1,SMS,1,121,1,1,0.905
18,Male,North,61812.7,76,44.22,8,0,0.047,49.9,Social Media,1,81,1,0,0.295
54,Other,South,62137.28,84,106.27,10,1,0.06,39.0,Ads,1,57,0,1,0.62
63,Female,South,54787.61,7,40.36,11,2,0.413,16.8,Social Media,1,9,0,0,0.115
19,Other,West,50155.83,96,64.15,9,2,0.369,48.8,SMS,0,95,0,0,0.35
53,Male,West,81559.76,34,35.23,5,1,0.358,54.2,Email,0,56,1,0,0.14
49,Female,North,42700.64,60,47.02,16,3,0.472,51.5,Email,0,25,0,0,0.05
36,Female,North,77690.74,118,90.34,8,2,0.364,95.6,Email,0,172,1,1,0.62
73,Male,East,47119.17,113,102.5,9,1,0.646,56.5,Ads,0,167,1,1,0.74
36,Female,East,51861.88,79,76.22,6,3,0.398,65.1,Ads,0,89,1,0,0.325
46,Female,East,53246.96,41,37.05,10,0,0.398,77.6,SMS,0,51,0,0,0.05
53,Male,East,27172.68,75,70.2,8,0,0.2,51.1,Social Media,1,3,0,0,0.13
44,Female,West,74515.04,25,109.26,10,0,0.377,37.9,Email,0,73,1,1,0.835
60,Male,South,50357.25,54,119.79,10,0,0.529,65.7,Social Media,1,114,1,1,0.85
68,Female,East,54122.05,82,38.84,9,4,0.292,68.0,SMS,0,179,0,1,0.56
35,Female,South,16936.8,109,81.2,8,2,0.222,53.8,Ads,0,67,0,0,0.26
37,Male,North,67267.62,40,100.65,9,2,0.181,45.6,Email,0,11,1,0,0.395
26,Female,East,82903.59,59,46.2,11,3,0.05,48.2,Ads,1,67,0,0,0.185
30,Female,North,51925.82,55,96.29,10,0,0.26,80.5,Social Media,0,106,1,1,0.75
47,Female,East,44493.81,99,63.19,7,0,0.226,46.1,Ads,0,117,0,0,0.455
63,Female,North,37335.31,45,156.04,2,1,0.31,61.2,Ads,0,48,1,1,0.8
48,Female,North,68122.68,66,45.63,9,1,0.339,81.8,SMS,0,42,0,0,0.02
55,Female,South,78589.74,42,62.26,9,2,0.503,43.3,Ads,1,142,1,1,0.735
41,Male,North,100021.67,105,52.4,8,1,0.228,36.4,Social Media,0,115,0,0,0.295
61,Male,East,15000.0,43,52.65,11,0,0.247,10.9,Ads,0,75,1,0,0.315
64,Male,South,80548.62,110,87.27,6,1,0.708,52.9,SMS,0,150,1,1,0.545
22,Female,West,46225.8,33,124.61,5,0,0.072,63.0,Ads,1,89,1,1,0.885
51,Female,North,52764.19,25,141.04,7,0,0.126,49.8,SMS,0,75,1,1,0.93
36,Male,West,85909.18,87,120.54,9,0,0.271,38.7,Social Media,0,83,1,1,0.84
29,Other,East,66997.3,98,71.41,8,1,0.467,45.1,Email,1,113,0,0,0.38
72,Female,East,67189.51,60,96.04,4,1,0.464,36.0,Email,0,164,1,1,0.92
54,Female,West,67773.02,116,57.66,11,3,0.562,61.1,SMS,0,86,0,0,0.085
48,Female,East,96638.37,33,181.5,8,1,0.094,48.1,Email,0,95,1,1,0.965
19,Male,South,48821.88,49,110.16,12,0,0.031,100.0,SMS,0,163,1,1,0.875
26,Female,West,49096.27,68,74.56,5,0,0.311,72.6,SMS,0,9,0,0,0.07
23,Male,West,74724.64,92,62.54,8,1,0.319,66.4,Ads,1,120,0,0,0.335
45,Female,East,56072.87,59,68.45,7,3,0.035,52.1,Email,1,57,1,0,0.41
29,Female,North,97348.1,53,85.17,12,1,0.223,38.9,Email,0,70,1,1,0.51
53,Male,South,95853.04,116,55.31,11,1,0.219,32.9,Email,0,167,0,1,0.51
20,Male,North,80772.15,86,104.19,4,0,0.493,43.0,SMS,0,72,1,1,0.55
59,Male,West,63802.11,38,52.23,6,1,0.37,68.2,Social Media,0,70,0,0,0.25
73,Female,South,109311.69,44,109.31,6,0,0.154,67.5,Social Media,0,45,1,1,0.63
34,Female,South,82389.41,2,50.07,10,3,0.079,42.5,Ads,0,25,1,0,0.275
30,Female,South,56995.05,79,66.96,12,0,0.328,80.9,SMS,0,116,0,0,0.36
53,Female,East,53312.62,45,76.41,9,1,0.531,81.7,Ads,0,100,0,0,0.4
49,Female,West,46342.22,103,66.53,10,1,0.315,21.5,Social Media,0,148,1,1,0.655
52,Male,East,74134.42,4,77.94,10,1,0.392,73.2,SMS,1,7,0,0,0.15
46,Male,West,55829.76,55,64.01,8,0,0.087,53.9,SMS,1,160,1,1,0.86
54,Female,West,62332.85,51,66.86,8,1,0.526,54.8,SMS,1,86,1,0,0.235
69,Other,East,56721.33,8,132.61,4,0,0.278,60.5,Social Media,1,141,1,1,0.935
19,Male,North,54571.17,105,72.05,9,0,0.259,57.2,SMS,1,138,1,1,0.565
23,Male,East,54794.38,90,25.24,17,0,0.116,20.5,Social Media,0,93,0,0,0.175
69,Male,West,47520.73,77,24.96,12,2,0.03,66.1,Social Media,0,167,0,0,0.42
74,Male,East,45139.05,113,68.86,4,0,0.236,48.7,Ads,0,81,0,0,0.385
73,Female,West,36934.14,58,60.37,10,2,0.413,47.6,Ads,0,122,0,0,0.33
67,Female,South,90309.01,61,89.14,6,2,0.303,85.4,SMS,1,88,1,1,0.6
71,Male,North,88981.34,99,84.17,11,2,0.175,55.7,Ads,0,79,0,0,0.435
70,Male,West,34665.35,84,115.15,6,1,0.15,100.0,Email,1,5,0,0,0.39
69,Female,South,55679.5,71,86.15,6,0,0.246,60.5,Email,1,150,1,1,0.86
26,Female,East,73814.02,40,88.74,7,3,0.706,70.8,Email,0,154,0,1,0.685
58,Male,West,75146.09,110,90.19,7,1,0.355,64.7,Email,0,62,0,0,0.285
55,Male,North,49619.31,104,137.37,5,0,0.042,42.8,Email,0,60,1,1,0.795
63,Female,East,82796.36,61,23.06,12,2,0.164,80.4,Email,0,125,0,0,0.28
46,Female,North,73945.28,87,58.18,7,1,0.675,46.5,Ads,1,20,0,0,0.065
24,Female,East,72258.55,90,97.14,5,1,0.656,38.7,Social Media,0,93,0,1,0.55
49,Male,West,31625.9,69,25.98,7,1,0.327,41.3,SMS,0,169,1,0,0.37
71,Female,South,52494.34,88,105.43,5,2,0.211,56.4,SMS,0,172,1,1,0.905
37,Female,North,62387.73,76,141.56,9,1,0.525,75.1,Ads,0,112,0,1,0.905
27,Female,West,34924.44,49,33.2,7,0,0.109,64.7,SMS,0,108,0,0,0.385
47,Male,North,41300.05,101,92.65,6,2,0.603,70.2,Ads,0,58,0,0,0.225
58,Female,North,63553.84,29,51.27,8,3,0.227,47.8,SMS,0,123,0,1,0.705
73,Female,South,49900.69,63,97.37,7,3,0.19,57.2,Ads,0,121,1,1,0.81
47,Male,West,81347.43,81,63.5,10,1,0.466,42.0,Social Media,0,66,0,0,0.12
41,Female,West,38825.84,3,49.39,7,1,0.329,42.3,Ads,1,67,0,0,0.395
19,Female,South,54306.49,67,51.53,5,0,0.257,46.8,Ads,0,141,0,1,0.63
70,Female,East,76598.33,6,92.45,9,4,0.355,73.9,Social Media,0,77,0,1,0.64
52,Male,West,83325.47,8,110.0,9,1,0.182,47.4,Email,0,171,1,1,0.975
45,Female,South,78780.62,7,5.0,7,1,0.457,32.4,Social Media,0,130,0,0,0.375
19,Male,East,69582.22,98,101.28,5,0,0.25,62.3,Social Media,0,14,0,0,0.255
41,Female,East,23678.74,116,86.81,7,1,0.74,79.4,Social Media,0,132,0,0,0.375
51,Female,North,77384.62,28,46.04,7,0,0.567,59.1,Social Media,0,156,0,1,0.6
63,Female,East,53842.69,49,95.23,9,1,0.214,37.0,Ads,0,119,1,1,0.925
54,Female,East,36191.07,12,69.7,8,0,0.155,45.8,Social Media,0,26,0,0,0.425
20,Male,North,39601.83,115,145.27,10,1,0.054,95.2,Email,0,98,1,1,0.79
39,Male,North,66191.22,67,122.68,10,0,0.079,36.8,SMS,0,77,1,1,0.87
67,Other,West,64214.74,51,47.81,7,3,0.251,37.0,SMS,1,79,1,0,0.395
57,Male,South,68561.47,49,110.31,10,2,0.364,49.6,Ads,0,66,0,1,0.745
40,Female,West,86487.85,93,60.6,16,1,0.303,72.5,Email,0,171,0,1,0.59
72,Female,West,61415.55,69,80.73,8,1,0.502,70.8,Email,0,17,0,0,0.185
65,Female,North,66695.88,44,77.78,8,0,0.285,81.2,Email,0,26,0,0,0.13
66,Female,North,76482.13,11,151.05,8,1,0.385,43.0,SMS,0,22,1,1,0.815
38,Male,North,64999.39,88,141.98,8,1,0.213,33.1,Social Media,1,146,1,1,0.97
38,Male,East,80633.3,70,121.07,5,1,0.034,78.6,Social Media,1,81,1,1,0.83
25,Female,South,48518.95,101,9.28,7,0,0.124,91.3,Ads,0,167,0,0,0.185
33,Male,South,45903.59,69,55.5,6,3,0.189,83.5,Ads,0,64,0,0,0.195
59,Female,South,60555.87,93,39.1,5,2,0.516,69.9,SMS,1,65,0,0,0.075
33,Male,North,76902.58,48,77.32,7,5,0.165,49.1,SMS,0,61,0,0,0.455
28,Female,West,41054.97,54,71.31,7,2,0.132,99.4,Ads,0,166,1,1,0.745
46,Female,South,15000.0,35,128.6,8,0,0.33,48.5,Social Media,0,108,1,1,0.895
40,Male,East,51850.9,116,20.63,11,0,0.187,43.2,Social Media,0,28,0,0,0.04
19,Female,West,40103.83,38,5.0,10,3,0.408,53.7,Ads,0,12,0,0,0.095
55,Other,South,54573.52,45,75.65,7,2,0.565,34.3,Ads,0,66,1,0,0.315
53,Female,North,79599.91,48,96.93,8,1,0.201,54.9,Social Media,0,148,1,1,0.945
57,Female,North,63935.89,114,138.49,6,2,0.244,77.1,Email,1,38,1,1,0.7
61,Male,South,60634.1,105,69.91,12,2,0.084,64.7,Email,0,21,0,0,0.085
46,Female,West,38757.63,63,69.99,17,1,0.139,63.3,Social Media,0,103,1,1,0.525
33,Female,South,70546.76,40,111.47,4,1,0.229,57.4,Social Media,1,52,0,1,0.825
46,Female,North,71572.57,71,71.33,9,1,0.444,66.7,Email,0,173,1,1,0.685
64,Female,West,50797.16,93,91.33,8,6,0.409,22.3,Social Media,0,50,0,0,0.455
42,Female,West,45667.71,14,102.81,9,2,0.444,44.8,SMS,0,119,1,1,0.935
66,Male,West,52172.36,95,134.03,11,1,0.5,95.6,Email,0,58,0,1,0.555
25,Female,North,74614.32,52,93.64,7,2,0.384,72.5,Social Media,0,36,0,0,0.27
35,Other,South,37812.06,72,111.54,5,0,0.298,54.7,SMS,1,116,1,1,0.825
50,Female,West,37902.4,18,30.29,6,3,0.372,18.1,Email,1,149,1,1,0.555
63,Male,North,51550.1,23,95.9,1,2,0.562,59.3,Email,0,147,1,1,0.865
45,Male,North,38260.39,2,58.96,7,1,0.251,82.2,Social Media,1,128,1,1,0.695
74,Male,South,47492.16,24,75.46,9,0,0.237,48.5,Ads,0,152,1,1,0.88
26,Male,East,56655.5,108,69.21,12,5,0.807,31.8,Ads,0,128,0,0,0.37
58,Female,South,61007.73,47,49.31,12,1,0.039,71.8,Social Media,1,93,0,0,0.3
53,Female,West,46717.71,43,61.63,7,1,0.148,69.9,Email,0,97,1,0,0.495
60,Male,West,40885.81,98,127.3,13,1,0.257,78.7,Social Media,0,28,0,0,0.425
27,Female,East,52891.05,17,84.14,3,0,0.239,35.1,SMS,0,159,1,1,0.945
55,Male,East,72843.08,46,47.34,10,1,0.095,71.3,Social Media,1,165,1,1,0.69
36,Male,West,63081.93,49,118.32,13,4,0.624,58.1,Email,1,27,0,0,0.475
21,Female,West,49486.17,46,72.9,9,0,0.345,79.9,Social Media,1,98,1,0,0.45
25,Male,West,65396.8,94,100.13,13,0,0.047,51.3,Social Media,1,172,1,1,0.905
31,Male,West,68199.77,88,117.59,11,1,0.102,87.9,Ads,1,44,1,0,0.5
38,Female,South,63854.59,93,58.21,8,4,0.36,72.8,Email,0,179,0,1,0.625
49,Male,West,63310.34,118,80.1,5,1,0.174,47.7,Ads,1,164,1,1,0.825
63,Male,North,53216.41,104,29.36,5,3,0.191,59.9,Social Media,0,160,1,0,0.405
20,Female,East,87560.26,31,83.94,10,3,0.385,82.8,SMS,0,125,1,1,0.77
63,Female,West,71933.44,21,74.18,10,1,0.187,69.7,Ads,0,100,1,1,0.685
45,Female,East,82327.35,76,129.01,9,1,0.238,60.9,Social Media,0,145,0,1,0.945
19,Male,South,51917.02,101,105.04,6,4,0.275,63.3,Email,0,83,1,1,0.585
49,Female,East,33234.06,8,68.76,14,2,0.406,51.3,Email,1,35,1,0,0.3
21,Other,South,52522.15,23,112.05,5,1,0.584,72.2,Social Media,0,134,1,1,0.855
38,Male,West,51370.51,57,52.82,7,1,0.333,78.0,Ads,0,28,0,0,0.055
40,Female,South,79308.2,96,92.15,7,4,0.624,57.6,Ads,0,48,0,0,0.19
31,Female,South,76738.05,119,44.01,4,1,0.106,38.2,Ads,0,69,1,0,0.17
26,Female,West,66602.7,96,87.29,5,2,0.242,53.2,Social Media,0,7,0,0,0.16
47,Female,South,68976.25,47,108.61,7,2,0.42,88.2,Social Media,0,149,1,1,0.89
64,Female,East,55053.99,63,45.33,9,1,0.121,84.2,Ads,0,141,0,0,0.38
56,Female,North,73649.99,78,85.1,9,2,0.119,16.9,SMS,0,100,1,1,0.845
73,Other,East,80479.31,101,56.8,9,1,0.176,42.7,Email,1,130,0,0,0.395
61,Male,West,81844.05,91,109.88,5,1,0.568,56.6,Social Media,1,157,1,1,0.835
60,Female,East,44010.09,107,104.48,8,1,0.284,0.0,Ads,0,67,1,1,0.525
22,Male,North,41728.23,30,50.91,4,3,0.382,68.6,Email,0,178,1,1,0.575
60,Female,West,66930.34,31,101.71,11,1,0.274,17.9,Email,0,72,1,1,0.745
56,Female,East,87977.49,62,108.66,7,0,0.308,49.9,Social Media,1,44,1,1,0.735
56,Female,East,65347.78,21,79.88,15,3,0.38,43.2,SMS,0,148,1,1,0.895
35,Male,North,76681.92,81,109.04,9,1,0.33,29.6,SMS,1,142,1,1,0.875
55,Male,East,48799.12,56,110.84,10,3,0.136,61.2,SMS,0,50,1,1,0.605
50,Female,West,66371.66,24,48.51,5,0,0.272,35.0,SMS,0,167,1,1,0.865
32,Female,West,67448.41,115,14.72,11,1,0.182,55.2,Email,0,145,0,0,0.21
31,Female,East,72305.59,90,41.86,7,3,0.378,66.7,Ads,1,71,0,0,0.05
53,Female,South,76691.96,69,55.63,11,0,0.169,59.0,Ads,1,103,0,0,0.335
51,Female,North,57682.3,66,28.88,5,1,0.157,58.0,Social Media,0,173,0,0,0.47
52,Female,South,81213.68,21,34.77,9,1,0.027,73.4,Ads,0,162,1,1,0.66
62,Female,West,59397.71,112,57.43,4,0,0.288,32.4,Ads,0,57,1,0,0.145
50,Female,West,72920.91,78,138.06,10,2,0.258,55.7,Email,0,120,1,1,0.93
19,Female,West,21919.99,6,138.47,7,0,0.294,37.2,Ads,0,110,1,1,0.955
55,Male,South,55977.87,65,86.53,6,0,0.504,69.3,SMS,1,115,0,1,0.655
32,Female,North,74693.17,17,105.72,5,1,0.354,72.9,SMS,0,33,1,1,0.605
62,Female,West,77711.25,114,78.5,4,0,0.284,81.3,Ads,0,102,0,0,0.42
30,Male,West,73798.25,63,62.43,8,2,0.269,80.0,Ads,0,176,1,1,0.81
33,Female,South,84841.63,23,118.28,4,1,0.389,86.9,Social Media,0,56,0,1,0.72
20,Male,North,62212.37,41,73.07,8,0,0.294,72.5,Email,0,102,1,0,0.46
73,Female,East,68542.03,115,41.45,4,0,0.145,68.4,Ads,0,120,0,0,0.37
22,Female,North,55325.29,58,71.68,10,0,0.298,91.4,Ads,0,30,0,0,0.125
27,Female,North,45494.11,4,143.29,6,1,0.285,42.4,Social Media,0,116,1,1,0.975
55,Female,South,20606.3,96,49.52,8,3,0.1,63.4,Email,1,156,0,1,0.575
35,Male,East,50546.45,13,96.69,7,1,0.295,65.4,Social Media,1,11,0,0,0.375
57,Female,West,40521.7,85,75.49,7,1,0.233,94.7,Email,1,111,1,0,0.465
31,Male,North,48483.67,59,67.31,9,2,0.15,22.0,Ads,1,51,0,0,0.31
26,Female,North,99041.73,57,86.47,7,1,0.305,52.7,SMS,0,52,0,0,0.39
60,Female,South,68253.98,95,82.78,7,1,0.135,69.5,SMS,1,176,1,1,0.86
37,Female,West,63909.08,111,88.78,5,2,0.142,46.1,Email,0,174,1,1,0.905
53,Female,South,61286.4,32,108.42,7,1,0.291,65.7,Ads,0,42,0,1,0.62
38,Female,South,25110.24,100,114.37,7,1,0.544,66.2,SMS,0,80,0,0,0.48
40,Female,North,71120.35,20,88.52,3,1,0.135,83.4,Email,0,158,1,1,0.97
31,Female,West,78454.59,25,78.06,13,3,0.17,82.7,Email,0,10,0,0,0.185
38,Male,South,52025.26,73,60.79,5,1,0.672,52.3,Ads,0,9,0,0,0.055
36,Female,South,50301.86,15,75.84,5,3,0.35,75.7,Email,1,39,0,0,0.275
26,Male,East,75239.09,32,80.38,10,0,0.336,54.6,SMS,1,88,0,1,0.66
35,Male,North,63347.87,73,88.02,5,2,0.251,89.9,SMS,0,170,1,1,0.865
57,Male,West,68058.85,25,76.68,7,0,0.196,70.7,Ads,0,129,1,1,0.835
67,Female,South,71071.52,55,107.23,5,1,0.349,50.1,Ads,0,156,1,1,0.96
55,Male,South,48873.41,54,117.01,12,1,0.131,45.7,Social Media,0,146,1,1,0.955
71,Male,West,63574.12,16,59.87,14,0,0.391,71.1,Social Media,0,118,1,0,0.495
67,Female,South,38538.3,83,99.1,8,2,0.084,41.4,Ads,0,25,0,0,0.325
42,Female,East,91061.9,97,96.91,4,2,0.218,65.2,Ads,0,94,1,1,0.58
73,Male,East,67637.75,4,144.0,7,1,0.281,19.3,Ads,0,162,1,1,0.985
18,Female,South,70489.28,1,49.6,7,0,0.404,64.3,Email,0,156,1,1,0.665
18,Female,South,69000.62,52,69.9,13,1,0.144,45.5,Social Media,0,148,1,1,0.74
45,Female,East,39545.4,63,103.69,5,1,0.655,66.7,Ads,1,126,0,1,0.775
43,Female,West,69352.15,7,27.11,10,0,0.499,73.6,SMS,0,137,0,0,0.22
57,Male,North,70624.73,28,59.13,5,1,0.345,61.7,SMS,0,136,1,1,0.74
66,Male,South,35121.61,60,35.9,10,2,0.13,30.9,Ads,0,33,0,0,0.13
64,Male,West,61490.22,101,37.91,6,4,0.224,68.7,SMS,0,33,0,0,0.02
60,Other,North,71638.86,74,106.17,9,3,0.223,35.3,Email,0,78,1,1,0.72
29,Male,East,54555.46,85,59.76,6,2,0.368,22.4,Social Media,1,39,0,0,0.155
24,Male,West,41639.89,59,21.51,9,2,0.323,68.0,Email,0,54,0,0,0.1
67,Female,East,64791.28,91,49.16,8,1,0.324,82.1,Ads,1,60,0,0,0.07
64,Female,East,92649.9,64,39.98,6,0,0.368,51.8,Email,0,77,0,0,0.185
57,Male,South,46867.07,87,29.89,6,1,0.234,77.9,SMS,0,88,0,0,0.11
19,Male,North,90119.44,73,5.0,9,2,0.333,61.7,Social Media,0,129,0,0,0.24
44,Female,East,98396.02,56,67.56,10,2,0.214,76.9,Ads,0,177,1,1,0.82
70,Female,South,91101.82,59,38.21,1,2,0.107,83.9,Social Media,1,159,1,1,0.515
30,Female,North,40843.59,49,37.52,4,2,0.47,82.8,Email,0,160,1,0,0.42
25,Male,South,50168.35,116,81.43,8,2,0.287,55.4,Social Media,1,19,0,0,0.115
23,Female,South,64516.74,47,165.95,7,1,0.201,91.0,Ads,0,156,1,1,0.955
40,Male,East,59357.85,60,101.04,10,0,0.062,59.6,Ads,0,103,0,1,0.795
58,Male,South,59221.49,31,81.57,5,3,0.237,75.5,SMS,0,91,0,1,0.71
70,Female,South,39739.64,1,94.75,8,3,0.427,79.0,Ads,1,46,1,1,0.57
57,Female,East,60537.92,85,88.14,11,3,0.154,85.6,Ads,0,96,0,1,0.52
48,Female,South,61859.39,119,125.77,7,1,0.642,44.9,Email,0,76,1,1,0.645
74,Other,South,54942.83,95,6.82,11,3,0.032,48.2,Social Media,1,67,0,0,0.15
47,Female,East,57510.01,28,161.96,15,2,0.645,71.7,Ads,0,142,1,1,0.805
22,Male,East,85197.38,83,65.29,5,0,0.371,41.9,Ads,0,159,1,1,0.735
35,Female,South,46848.19,6,122.92,10,1,0.397,64.3,Social Media,1,12,0,1,0.575
25,Female,North,21769.61,18,72.57,7,2,0.147,36.1,SMS,0,133,1,1,0.88
56,Female,West,60422.78,84,96.68,4,2,0.365,30.5,Social Media,1,80,1,1,0.645
53,Male,West,93495.26,97,79.55,9,2,0.242,64.1,Ads,0,143,1,1,0.665
25,Female,South,95880.63,61,75.51,8,2,0.209,59.8,Social Media,1,91,1,1,0.53
47,Male,South,27383.95,48,138.67,10,2,0.319,30.3,Social Media,1,45,1,1,0.805
57,Female,West,68319.94,35,91.9,4,1,0.191,57.7,Ads,1,160,1,1,0.96
39,Male,East,87101.18,8,79.06,2,2,0.07,64.1,Social Media,0,84,1,1,0.795
67,Other,West,56697.94,72,131.42,8,4,0.289,47.7,Email,0,123,1,1,0.925
51,Male,North,60408.21,109,54.82,9,1,0.338,48.0,SMS,0,104,0,0,0.11
19,Male,South,54524.91,19,18.84,7,4,0.259,63.0,Email,1,33,0,0,0.205
42,Female,North,56675.84,13,90.4,11,2,0.144,62.0,Ads,1,160,1,1,0.98
28,Male,North,42646.93,83,39.92,10,2,0.265,36.6,Ads,1,166,0,0,0.395
71,Male,West,88621.78,91,96.03,8,3,0.31,76.7,Social Media,1,4,0,0,0.215
40,Female,North,63135.51,73,39.28,7,2,0.608,59.0,Social Media,1,150,0,0,0.25
33,Female,North,85177.82,7,112.41,10,3,0.055,35.2,Ads,1,101,1,1,0.92
55,Male,North,66515.83,99,42.36,2,1,0.186,13.2,Social Media,0,35,0,0,0.11
54,Male,East,76115.04,97,65.47,10,2,0.305,57.8,Ads,1,70,0,0,0.14
18,Male,East,55219.03,100,118.98,7,1,0.132,89.8,Email,0,77,1,1,0.695
26,Female,South,86549.59,71,107.72,12,1,0.424,75.8,Email,0,40,1,0,0.23
42,Female,South,23189.68,84,134.54,6,2,0.452,62.4,Email,1,137,1,1,0.885
46,Male,West,70197.45,15,120.71,7,3,0.237,68.8,Social Media,0,90,1,1,0.9
68,Male,North,68976.26,82,9.16,8,1,0.277,54.2,Ads,0,135,0,0,0.115
26,Male,North,50047.9,92,91.57,8,0,0.571,47.1,SMS,1,63,0,0,0.42
39,Female,South,36205.65,22,49.08,11,4,0.359,90.3,Email,1,144,1,1,0.625
25,Female,West,47245.47,112,127.52,17,0,0.308,26.2,Ads,0,176,1,1,0.855
18,Female,North,59788.13,79,49.27,7,2,0.275,18.8,Email,0,64,0,0,0.235
56,Female,East,52353.65,23,87.16,8,2,0.405,58.3,Ads,1,62,0,0,0.495
36,Male,West,45014.81,72,88.93,7,0,0.303,46.8,Email,0,14,0,0,0.185
42,Male,East,74008.87,22,39.47,8,0,0.124,73.1,SMS,0,109,0,0,0.415
23,Male,North,65950.74,98,105.67,8,3,0.258,84.3,Ads,0,14,0,0,0.27
71,Female,West,15000.0,69,26.19,9,2,0.21,52.1,SMS,0,170,0,0,0.495
62,Female,North,75868.63,21,69.23,7,0,0.112,27.7,Social Media,0,95,1,1,0.745
37,Female,East,59790.19,95,5.0,10,0,0.177,29.6,Ads,0,32,0,0,0.05
18,Male,West,33541.21,31,83.41,12,3,0.257,75.1,Social Media,0,6,0,0,0.23
67,Male,South,34635.23,51,143.29,2,0,0.339,58.5,Social Media,0,25,1,1,0.72
21,Female,North,35333.36,111,97.42,5,0,0.29,67.8,SMS,0,39,0,0,0.235
19,Female,South,101392.79,22,80.08,10,1,0.533,37.5,Social Media,0,39,0,0,0.455
27,Female,South,46833.07,110,48.03,5,2,0.029,91.4,Email,1,1,0,0,0.085
26,Male,North,72190.73,63,81.52,12,1,0.214,64.7,Email,0,130,1,1,0.69
57,Male,South,64628.58,108,85.13,7,2,0.149,53.7,SMS,0,120,0,1,0.69
53,Female,East,55471.63,43,62.28,9,2,0.186,71.9,Email,0,129,1,1,0.75
60,Female,West,65723.32,25,16.08,7,1,0.229,86.8,Social Media,0,133,0,0,0.375
50,Female,West,32552.74,61,59.45,6,1,0.046,41.8,Social Media,0,17,0,0,0.195
66,Other,West,43766.88,22,75.91,5,1,0.34,87.8,Social Media,0,37,0,0,0.315
49,Female,West,71773.71,84,103.83,7,2,0.049,88.6,SMS,0,36,0,0,0.39
70,Male,North,65438.51,36,52.72,11,4,0.28,47.3,Ads,0,118,0,1,0.535
49,Male,North,69284.1,43,40.55,10,1,0.084,53.6,Email,0,24,0,0,0.075
53,Male,West,16287.96,32,129.23,12,2,0.163,54.8,Social Media,0,22,1,1,0.76
42,Male,East,29508.8,47,63.27,9,1,0.284,70.9,Social Media,0,126,0,1,0.615
50,Female,East,65368.96,104,80.42,7,4,0.484,32.1,Social Media,0,30,0,0,0.225
70,Female,West,37012.04,13,118.59,9,5,0.271,42.6,Social Media,1,138,1,1,0.945
36,Male,West,49011.87,71,123.07,9,3,0.713,74.5,SMS,0,12,0,0,0.21
74,Male,South,69116.23,21,30.75,11,0,0.364,78.2,SMS,0,81,0,0,0.19
73,Female,West,55402.07,71,82.83,6,1,0.227,18.8,SMS,0,71,1,1,0.615
46,Male,North,41593.58,52,41.75,10,0,0.295,37.4,Social Media,1,138,1,0,0.455
50,Female,South,53000.67,82,128.45,6,0,0.293,41.7,Ads,1,9,1,0,0.5
68,Male,East,38657.02,31,70.57,6,1,0.3,36.7,SMS,1,108,0,1,0.745
54,Female,North,95825.51,79,117.09,7,1,0.139,60.4,Ads,0,3,0,0,0.435
27,Male,North,86554.33,78,37.51,10,2,0.379,64.0,Social Media,0,78,0,0,0.075
55,Male,North,43454.94,88,160.82,6,4,0.406,66.2,SMS,0,12,1,1,0.535
63,Female,North,82203.67,114,47.62,8,0,0.48,62.4,SMS,1,127,1,0,0.145
52,Male,South,63116.75,116,32.68,8,1,0.284,58.8,SMS,0,171,0,0,0.33
46,Female,North,56638.88,3,62.28,5,1,0.386,52.1,SMS,0,165,1,1,0.84
39,Female,North,55500.36,24,45.56,18,1,0.247,55.1,SMS,1,98,0,0,0.355
58,Female,North,84981.26,111,47.85,7,2,0.549,61.7,Ads,0,8,0,0,0.03
47,Female,North,48139.37,109,50.01,7,5,0.275,82.5,Email,0,14,0,0,0.05
26,Female,West,67128.36,37,32.14,4,1,0.163,98.3,Ads,0,105,0,0,0.33
55,Female,East,77592.37,111,47.34,7,1,0.04,77.1,Social Media,0,80,0,0,0.185
26,Male,West,50783.48,12,96.93,6,1,0.165,69.4,Ads,1,79,1,1,0.885
74,Male,West,82881.54,61,65.68,9,0,0.711,64.3,Social Media,1,137,1,0,0.475
56,Female,West,61431.49,47,56.45,12,4,0.321,34.0,Social Media,1,86,1,0,0.365
60,Male,East,81925.06,92,93.09,8,2,0.419,46.1,SMS,0,64,0,0,0.485
19,Female,North,105908.93,53,79.1,9,3,0.053,61.9,Email,0,96,0,1,0.66
60,Female,West,40537.66,39,82.98,12,1,0.171,64.8,SMS,1,166,1,1,0.96
35,Male,South,62463.21,12,104.38,11,3,0.469,42.6,Email,0,11,1,1,0.59
35,Male,North,86389.38,36,98.23,10,3,0.555,58.5,Social Media,0,31,0,0,0.43
68,Female,East,55544.8,48,143.3,4,0,0.23,44.6,Social Media,1,174,1,1,0.935
26,Female,East,21905.69,25,107.75,9,2,0.708,38.0,Social Media,1,51,1,1,0.61
34,Female,West,91824.23,9,150.3,9,1,0.022,96.7,Email,0,147,1,1,0.895
35,Female,West,53564.65,59,98.45,12,0,0.476,60.5,Ads,0,113,1,1,0.73
61,Female,East,58592.39,7,72.37,5,1,0.538,68.6,Social Media,0,135,1,1,0.735
53,Female,West,39744.14,65,98.64,11,2,0.111,64.0,Ads,0,42,0,0,0.39
72,Male,North,49557.43,77,102.3,6,1,0.142,29.1,Email,0,91,1,1,0.76
42,Female,South,81565.19,87,42.79,6,0,0.64,73.1,Ads,0,19,0,0,0.03
39,Female,South,85938.45,56,21.22,8,2,0.235,75.2,Social Media,0,148,0,0,0.35
42,Female,West,63700.25,3,89.17,11,3,0.378,61.2,Ads,0,52,0,0,0.385
28,Female,North,80299.68,119,24.94,10,2,0.497,78.2,Email,0,62,0,0,0.03
70,Male,East,62779.25,80,52.13,3,3,0.171,15.5,Ads,1,68,1,0,0.3
61,Female,West,37496.06,62,84.87,9,1,0.167,47.8,SMS,1,166,1,1,0.96
33,Female,East,68097.49,1,71.54,10,1,0.129,93.2,Email,1,83,0,0,0.475
40,Male,West,48592.34,23,126.35,6,1,0.161,33.9,Email,0,47,1,1,0.945
57,Female,South,60387.34,8,86.94,6,4,0.327,44.5,Email,0,98,0,1,0.9
20,Female,East,89416.82,86,72.36,10,0,0.331,59.5,Email,1,13,0,0,0.17
68,Male,West,58130.6,77,21.64,6,1,0.103,62.9,SMS,0,34,0,0,0.03
57,Female,East,96546.16,93,61.7,11,2,0.129,98.7,SMS,0,36,0,0,0.08
22,Female,East,51032.25,7,138.38,7,2,0.191,62.8,Social Media,0,60,0,1,0.9
47,Male,East,52735.72,73,67.38,14,1,0.451,98.9,Social Media,0,7,0,0,0.06
43,Female,South,84185.43,55,78.65,4,0,0.527,39.8,Social Media,0,63,0,0,0.315
29,Female,South,45014.79,80,34.79,9,1,0.381,66.7,SMS,1,127,0,0,0.155
21,Male,North,37196.51,92,39.52,8,3,0.292,67.4,SMS,0,99,0,0,0.145
24,Female,East,64480.95,119,113.96,8,0,0.351,53.0,SMS,0,76,1,1,0.605
56,Male,West,77133.83,18,115.35,14,1,0.1,68.3,Email,0,176,1,1,0.945
74,Male,West,88580.12,97,84.96,3,0,0.106,77.1,SMS,0,90,1,0,0.49
47,Female,West,61064.31,104,85.12,8,1,0.23,80.8,Ads,0,37,0,0,0.125
30,Male,South,60778.91,88,75.36,5,2,0.063,54.0,Ads,0,142,1,1,0.76
70,Male,West,79729.66,15,51.55,14,1,0.639,51.7,SMS,0,16,0,0,0.16
23,Female,East,79903.34,22,66.0,8,2,0.357,66.7,Ads,1,132,1,1,0.73
61,Other,East,40085.47,18,78.15,6,1,0.618,37.3,SMS,1,163,1,1,0.88
54,Male,West,53150.09,83,56.55,13,1,0.204,50.8,Social Media,0,125,1,0,0.4
49,Female,West,50772.87,2,120.51,6,0,0.137,94.2,SMS,1,80,1,1,0.875
52,Other,East,62297.19,1,78.32,11,2,0.258,1.9,Email,0,136,1,1,0.82
23,Female,West,90213.5,109,55.17,7,4,0.341,60.3,SMS,1,132,1,0,0.415
20,Female,South,76628.21,62,101.3,6,3,0.054,69.6,Email,0,13,0,0,0.49
66,Female,West,74901.13,31,118.56,7,4,0.24,66.1,Social Media,1,21,0,1,0.705
22,Male,North,49089.54,90,80.75,6,4,0.104,34.0,SMS,1,155,1,1,0.83
29,Female,South,62741.8,73,81.56,12,4,0.185,53.7,Social Media,0,31,0,0,0.155
57,Other,South,93889.84,27,104.61,6,4,0.256,39.2,Social Media,0,121,1,1,0.965
33,Male,East,57004.4,1,64.95,9,3,0.175,52.1,Ads,0,179,1,1,0.905
19,Male,East,70562.25,12,19.79,7,2,0.385,59.3,Email,0,69,0,0,0.145
26,Female,South,70631.01,9,56.18,11,1,0.277,62.6,Ads,0,13,0,0,0.12
35,Male,South,34097.44,16,78.75,5,2,0.07,32.2,SMS,0,147,1,1,0.96
71,Female,North,67380.74,14,75.25,8,0,0.316,52.0,SMS,1,15,0,0,0.215
70,Female,East,15000.0,11,162.49,3,1,0.142,72.7,Social Media,1,171,1,1,0.93
50,Male,West,28542.59,56,77.16,6,0,0.124,44.4,SMS,1,156,1,1,0.84
67,Male,East,36297.02,33,64.52,7,2,0.264,29.8,Ads,0,54,0,0,0.46
29,Male,North,55150.6,83,48.13,9,1,0.128,25.0,SMS,0,129,1,0,0.42
45,Male,West,48659.53,80,112.67,16,1,0.624,45.5,SMS,1,87,1,1,0.575
26,Female,West,58792.31,18,170.28,10,1,0.23,51.5,Social Media,0,174,1,1,0.98
54,Other,North,15000.0,91,112.2,7,2,0.166,45.8,Ads,0,27,0,1,0.545
26,Female,South,51083.1,119,67.37,7,2,0.134,42.5,Social Media,0,84,0,0,0.295
35,Female,South,58395.71,91,58.88,8,1,0.463,62.6,Ads,0,149,1,0,0.38
28,Male,North,33520.31,72,101.65,11,1,0.343,23.0,Email,1,62,0,1,0.63
71,Male,North,63500.97,34,31.69,10,0,0.235,87.0,Social Media,1,112,0,0,0.315
71,Male,South,54033.79,99,80.67,7,0,0.274,82.1,Social Media,0,157,1,1,0.76
37,Male,North,41369.45,9,50.74,4,2,0.176,100.0,SMS,0,104,1,0,0.395
19,Male,West,20490.91,112,119.72,8,2,0.255,90.1,SMS,0,125,1,1,0.8
23,Male,South,49243.84,47,123.21,5,1,0.408,59.0,Social Media,0,50,1,1,0.685
39,Female,South,48784.09,77,10.34,13,0,0.543,61.5,Email,0,13,0,0,0.025
25,Female,North,61616.74,45,94.61,10,0,0.225,74.0,Social Media,1,39,0,0,0.4
24,Female,East,36207.34,86,86.5,12,2,0.339,56.4,SMS,0,54,1,0,0.18
23,Other,East,46190.77,109,82.33,6,0,0.303,83.0,Email,1,166,1,1,0.655
61,Male,East,72125.97,61,42.81,15,0,0.569,55.8,Social Media,1,22,0,0,0.075
53,Female,West,51858.61,88,63.74,5,1,0.217,44.7,Social Media,0,142,1,1,0.715
53,Female,South,70613.92,27,75.44,6,1,0.462,36.6,Social Media,0,42,1,0,0.285
60,Male,South,61294.57,73,98.67,8,2,0.283,88.3,Ads,0,137,0,1,0.865
30,Female,West,71427.28,90,21.73,6,0,0.297,52.4,Social Media,0,60,0,0,0.025
20,Female,North,43775.41,74,119.76,5,1,0.275,87.1,Social Media,0,104,1,1,0.915
65,Female,North,49936.43,104,143.77,8,2,0.419,50.7,SMS,1,99,1,1,0.835
43,Female,East,34075.97,91,63.16,7,2,0.031,95.6,Social Media,0,124,0,1,0.58
49,Male,North,59844.85,106,111.3,9,1,0.392,69.0,Email,0,31,0,0,0.245
41,Male,South,49528.16,25,89.93,9,3,0.122,61.5,Email,1,147,1,1,0.985
57,Female,East,95203.34,15,65.85,10,1,0.348,89.6,SMS,0,74,0,0,0.31
59,Female,East,49147.5,28,124.99,7,1,0.485,63.3,SMS,1,159,1,1,0.975
32,Female,South,76984.65,13,10.86,12,0,0.14,62.1,Email,0,52,0,0,0.115
71,Female,West,51844.31,62,87.62,8,0,0.212,68.2,SMS,0,33,0,0,0.235
65,Female,North,60283.31,103,60.83,7,2,0.43,60.7,SMS,0,50,0,0,0.055
43,Female,East,51165.0,88,91.87,6,0,0.332,63.0,Ads,1,179,1,1,0.815
58,Male,West,60367.95,37,69.88,3,0,0.363,48.0,Email,1,137,1,1,0.85
19,Female,North,57396.98,111,61.61,7,2,0.424,69.8,Email,1,139,1,0,0.405
44,Male,North,95739.48,99,60.85,7,1,0.191,20.4,Social Media,0,127,0,1,0.54
28,Male,South,59839.33,39,38.32,7,0,0.434,77.7,Ads,0,57,0,0,0.16
69,Female,North,81657.41,61,54.55,5,0,0.036,39.5,Email,1,162,1,1,0.815
73,Male,East,68590.77,91,43.05,6,0,0.335,80.9,Social Media,0,128,1,0,0.275
39,Male,North,15000.0,99,86.64,9,2,0.266,68.1,SMS,1,114,1,1,0.605
41,Female,South,53108.35,49,92.71,7,2,0.131,54.7,SMS,0,97,1,1,0.78
36,Female,East,51842.61,76,87.91,8,1,0.158,63.5,Ads,1,145,1,1,0.905
53,Female,South,57168.52,83,84.85,8,2,0.183,33.4,Email,0,17,0,0,0.175
25,Male,South,36374.2,90,116.99,8,3,0.2,58.8,Email,0,39,1,0,0.475
73,Male,South,38519.6,30,92.05,15,2,0.099,57.4,Email,0,51,0,1,0.57
54,Male,South,42574.89,65,125.51,8,1,0.19,58.1,Email,1,162,1,1,0.95
45,Male,South,41717.58,31,93.45,10,1,0.343,73.1,Email,0,42,0,0,0.32
21,Female,North,49873.85,112,123.33,11,2,0.373,37.4,Social Media,0,107,1,1,0.86
74,Female,East,50961.1,61,174.61,5,0,0.17,62.1,Social Media,0,31,1,1,0.715
40,Female,North,70740.55,25,69.55,10,1,0.106,36.2,Ads,0,11,0,0,0.245
23,Female,West,54225.62,110,85.76,5,4,0.334,75.8,Ads,1,27,0,0,0.22
39,Female,South,86809.47,15,114.63,9,1,0.489,39.1,Social Media,1,1,0,1,0.57
70,Female,West,92617.65,16,92.65,5,1,0.251,62.7,SMS,0,13,1,0,0.35
53,Female,West,43154.06,80,45.77,6,2,0.227,71.6,Email,0,36,0,0,0.025
50,Male,North,41227.5,43,161.43,7,0,0.231,27.7,Email,0,114,1,1,0.95
55,Male,West,83561.5,95,155.39,8,0,0.358,54.8,Social Media,0,43,1,1,0.735
62,Female,South,49397.86,89,133.35,10,0,0.322,47.0,Email,0,69,1,1,0.805
23,Female,West,73200.03,98,95.73,6,2,0.098,60.7,SMS,0,34,0,0,0.215
59,Female,South,71869.63,72,107.05,12,1,0.163,37.0,Social Media,0,91,1,1,0.83
23,Male,North,51279.34,22,36.36,6,4,0.331,66.9,SMS,0,87,0,0,0.235
59,Male,East,66470.68,59,65.58,4,1,0.197,44.2,SMS,0,163,1,1,0.915
72,Female,North,104526.92,3,85.58,5,1,0.296,28.5,Email,1,91,1,1,0.775
40,Other,East,59727.49,100,16.52,3,0,0.578,56.3,Ads,0,144,0,0,0.215
22,Female,South,67635.81,90,70.47,11,2,0.206,53.3,Email,0,16,0,0,0.05
20,Female,East,50695.56,99,30.04,7,2,0.048,16.7,Email,0,97,0,0,0.205
73,Other,West,22955.42,113,66.28,8,2,0.168,43.1,Social Media,0,125,0,0,0.475
33,Female,West,62219.53,40,54.84,13,0,0.082,71.8,Email,0,37,0,0,0.06
44,Male,South,41455.54,52,64.38,9,2,0.371,82.2,Ads,1,76,0,0,0.215
31,Female,East,56941.87,100,29.14,9,3,0.519,40.8,Social Media,1,42,0,0,0.06
35,Male,North,83232.75,77,75.22,5,2,0.319,79.8,Email,1,158,1,1,0.745
34,Female,North,65598.71,63,97.0,7,1,0.408,57.3,Ads,1,87,1,1,0.62
71,Male,East,30981.92,97,46.31,5,2,0.649,67.2,SMS,1,164,0,0,0.38
52,Female,East,46513.56,37,59.56,4,2,0.191,48.5,Ads,1,105,1,1,0.785
23,Male,East,67375.79,19,51.97,8,0,0.246,100.0,Social Media,1,107,1,0,0.465
52,Male,West,68989.53,40,89.36,6,2,0.118,44.2,Social Media,1,27,0,1,0.54
57,Female,South,92296.73,112,69.21,11,1,0.15,56.7,Email,1,172,1,1,0.665
19,Female,North,29230.47,110,27.83,6,2,0.227,52.8,Ads,0,140,1,0,0.285
22,Male,West,74750.88,100,55.46,3,0,0.101,83.5,Email,0,117,1,0,0.485
18,Male,East,57043.5,55,104.14,15,2,0.249,59.3,Email,1,13,0,0,0.39
44,Male,West,73869.19,99,105.73,10,0,0.519,20.4,SMS,0,15,0,0,0.27
64,Female,West,79740.94,61,55.56,6,0,0.335,62.8,Social Media,0,106,1,0,0.235
72,Female,East,67731.62,42,95.22,8,0,0.27,46.7,Ads,0,121,1,1,0.945
73,Male,East,76782.1,73,56.91,11,1,0.237,34.4,Ads,0,68,0,0,0.16
72,Female,North,79425.07,23,102.12,6,2,0.305,28.9,Ads,1,52,1,1,0.65
70,Male,West,60987.25,58,108.88,9,2,0.138,34.3,Social Media,1,142,1,1,0.955
35,Male,South,53488.28,99,120.21,13,1,0.37,66.3,Social Media,0,143,1,1,0.895
56,Male,East,44628.22,47,106.84,12,2,0.237,60.1,Social Media,0,107,0,1,0.875
36,Female,West,88147.26,78,51.81,9,1,0.193,57.7,Social Media,0,160,0,1,0.605
61,Female,West,35643.65,38,81.63,8,0,0.375,56.4,Social Media,0,19,0,0,0.205
19,Male,North,61090.98,115,89.67,11,4,0.233,46.1,Email,1,141,0,1,0.8
41,Male,East,95731.65,112,109.82,5,3,0.177,50.7,Email,0,59,0,1,0.625
53,Female,South,49743.01,2,96.71,10,2,0.122,54.8,Ads,0,29,1,1,0.635
18,Male,West,58932.61,113,75.92,6,1,0.281,12.7,Social Media,1,85,0,1,0.515
21,Female,South,85252.96,20,57.43,4,4,0.442,60.1,Email,0,105,1,1,0.55
45,Male,North,55987.52,19,65.87,6,2,0.188,92.3,Ads,0,64,0,0,0.29
53,Male,South,69161.88,61,136.81,8,2,0.371,75.8,SMS,0,141,1,1,0.945
74,Male,East,63258.34,113,115.14,9,1,0.704,89.6,Social Media,0,3,0,0,0.25
67,Male,North,81599.45,109,138.15,10,2,0.473,82.5,Email,0,66,0,1,0.645
49,Female,North,74201.64,23,81.57,2,1,0.304,65.9,SMS,0,119,1,1,0.88
51,Female,West,81231.3,70,33.64,6,2,0.37,23.0,Social Media,1,146,0,1,0.505
35,Female,West,73326.05,86,47.24,4,3,0.437,66.2,Email,1,52,0,0,0.06
41,Male,South,56357.38,24,97.6,8,2,0.127,81.1,SMS,1,96,1,1,0.835
45,Female,West,68769.71,7,168.16,5,0,0.244,84.7,SMS,1,97,1,1,0.95
57,Female,East,65020.59,18,87.85,6,0,0.36,71.8,SMS,0,73,0,1,0.7
58,Other,East,72250.44,47,67.54,9,4,0.333,59.3,SMS,0,137,1,1,0.775
20,Male,North,78747.03,96,52.1,9,0,0.225,78.7,SMS,0,177,1,0,0.44
54,Male,East,83460.67,111,93.14,10,1,0.113,71.4,Ads,0,47,0,0,0.245
35,Female,South,86238.22,60,43.12,2,3,0.083,60.6,Social Media,0,54,0,0,0.145
74,Male,West,53559.68,38,48.99,5,2,0.174,25.8,Social Media,1,93,1,1,0.51
62,Male,North,52858.03,109,60.83,12,3,0.179,53.9,SMS,0,46,1,0,0.115
69,Female,West,72132.39,100,32.11,7,0,0.372,73.4,SMS,0,10,0,0,0.025
53,Male,North,26535.12,71,104.9,10,1,0.022,99.1,Ads,1,87,0,1,0.705
39,Male,South,49049.14,8,106.43,12,1,0.167,44.6,Social Media,1,151,1,1,0.945
71,Female,West,69616.81,60,66.33,5,1,0.126,38.0,SMS,0,164,1,1,0.865
30,Female,West,71079.1,91,139.97,8,1,0.059,54.5,SMS,0,27,1,1,0.705
37,Female,North,57586.25,51,63.74,10,2,0.33,41.8,Social Media,1,19,0,0,0.095
29,Female,South,47562.72,55,95.8,9,1,0.148,44.9,Social Media,1,18,1,0,0.43
25,Male,East,107912.04,57,37.65,10,4,0.216,36.3,SMS,0,142,0,1,0.575
63,Male,West,54577.52,24,5.0,7,1,0.132,36.5,Email,0,29,0,0,0.085
50,Male,East,89637.52,25,72.12,11,1,0.304,43.1,Email,0,54,1,0,0.31
25,Female,North,58103.59,42,56.47,8,1,0.085,23.7,Ads,0,168,1,1,0.81
47,Male,West,50799.4,6,89.88,11,1,0.162,32.8,Ads,1,86,1,1,0.865
49,Male,East,75126.03,52,61.98,7,3,0.308,49.8,Social Media,0,155,1,1,0.81
56,Male,West,68931.95,33,24.2,4,1,0.177,61.3,Ads,0,133,0,0,0.47
71,Male,North,25350.47,26,66.22,6,1,0.332,88.2,Ads,0,115,1,1,0.605
68,Female,East,67625.47,118,75.84,3,2,0.281,45.7,Social Media,1,34,0,0,0.175
27,Female,West,38107.45,52,97.96,18,0,0.182,59.6,Ads,1,127,1,1,0.81
41,Male,East,60535.29,57,78.72,6,1,0.41,76.6,Ads,0,57,0,0,0.255
41,Male,East,57797.21,27,56.62,10,0,0.049,59.4,Social Media,0,169,0,1,0.805
33,Male,South,41578.07,74,105.21,5,1,0.323,39.0,SMS,1,48,1,0,0.49
68,Female,East,72289.1,30,115.77,7,1,0.308,47.0,Social Media,0,171,1,1,0.98
21,Other,South,99983.2,58,66.5,11,3,0.221,96.9,Email,0,132,1,1,0.585
61,Female,East,76216.61,17,86.91,9,0,0.08,62.4,Ads,0,39,0,0,0.37
48,Female,South,65089.81,23,130.72,10,0,0.133,36.3,SMS,1,82,1,1,0.91
65,Female,South,51527.66,86,83.01,7,2,0.089,45.2,SMS,1,162,1,1,0.89
24,Female,South,51595.05,92,5.0,11,2,0.451,58.8,Email,0,92,0,0,0.08
18,Female,North,73238.09,23,78.94,11,1,0.357,50.4,Social Media,0,55,1,0,0.405
55,Female,West,80453.7,15,37.44,10,0,0.252,58.4,Social Media,0,98,0,0,0.385
22,Female,West,52646.61,92,39.73,7,0,0.07,64.8,Email,0,126,0,0,0.3
63,Male,East,63621.09,110,115.64,5,1,0.032,86.4,Email,0,153,1,1,0.88
60,Female,South,48520.31,31,83.6,11,4,0.39,68.8,Ads,0,132,0,1,0.855
47,Male,North,42976.18,100,57.05,6,1,0.317,87.2,Ads,0,70,0,0,0.115
69,Male,West,101720.56,4,27.86,6,2,0.138,63.7,Social Media,1,57,1,0,0.235
61,Male,West,67988.44,106,63.19,12,0,0.35,56.2,Ads,0,101,0,0,0.17
62,Male,West,59719.53,37,71.55,7,1,0.259,65.2,SMS,0,34,0,0,0.2
48,Male,North,62795.85,6,78.2,19,1,0.388,58.5,Social Media,0,164,1,1,0.765
50,Male,South,60715.41,15,67.77,5,0,0.505,82.9,Social Media,0,49,0,0,0.185
21,Male,North,42751.84,50,9.39,8,0,0.129,39.9,Email,0,85,0,0,0.21
34,Male,South,37824.39,17,81.32,6,1,0.238,56.2,Email,0,22,1,0,0.38
71,Male,East,74783.82,30,108.22,6,2,0.043,63.8,SMS,0,134,1,1,0.95
62,Female,East,98620.16,87,96.61,3,0,0.389,82.9,Ads,0,25,0,0,0.285
42,Female,North,50808.79,13,77.52,9,0,0.036,57.9,Ads,0,53,1,0,0.47
67,Female,East,40271.92,17,67.23,7,1,0.513,31.6,Social Media,1,98,0,1,0.66
30,Male,West,81179.47,34,42.03,6,2,0.229,58.7,Social Media,0,79,0,0,0.195
61,Male,West,58769.36,20,104.11,10,1,0.293,73.4,SMS,0,137,1,1,0.945
35,Female,North,65453.1,16,108.22,5,1,0.245,86.4,SMS,0,38,0,1,0.55
48,Other,South,88885.12,39,41.22,2,1,0.254,8.1,Social Media,0,39,0,0,0.365
41,Male,North,40712.21,60,76.01,4,1,0.285,78.2,Email,0,153,1,1,0.81
49,Female,North,69696.07,100,131.82,10,4,0.186,33.8,SMS,0,49,1,1,0.7
56,Female,North,65737.92,59,73.7,8,1,0.151,52.7,Email,0,116,0,1,0.69
21,Female,East,48374.48,94,78.43,11,1,0.106,32.9,Ads,1,32,0,0,0.21
55,Female,North,31757.01,115,92.37,9,3,0.328,58.7,Email,0,145,1,1,0.65
27,Male,South,68846.97,92,62.03,7,1,0.396,99.0,Email,1,142,0,0,0.355
59,Female,South,49806.99,65,97.7,6,3,0.329,44.3,Ads,1,19,0,0,0.325
54,Female,South,82895.88,74,109.04,11,1,0.168,92.0,SMS,1,25,0,0,0.31
49,Other,West,70758.39,98,34.49,6,3,0.335,87.0,Email,0,84,0,0,0.05
21,Male,East,31669.58,22,76.09,8,0,0.375,60.8,Social Media,1,19,1,0,0.22
18,Female,West,61340.03,102,106.72,7,0,0.446,33.7,Email,0,119,1,1,0.82
50,Female,South,82447.4,24,36.63,8,0,0.291,55.2,Email,1,90,0,0,0.205
37,Female,West,52269.03,14,65.63,6,2,0.233,78.8,Social Media,0,111,1,1,0.55
38,Male,East,69377.18,47,52.0,7,1,0.291,61.4,Email,1,76,0,0,0.2
28,Female,West,77440.75,29,29.16,14,1,0.19,64.9,SMS,1,172,0,1,0.55
23,Male,North,58317.87,12,42.96,9,3,0.412,57.1,Email,0,6,0,0,0.1
72,Female,North,71732.55,29,115.93,5,1,0.256,84.9,Social Media,1,140,1,1,0.94
68,Male,West,24216.55,80,31.58,15,1,0.534,78.1,SMS,0,39,0,0,0.085
33,Female,North,65090.99,114,115.36,10,2,0.8,88.8,Social Media,0,62,0,0,0.345
49,Male,West,80649.34,23,105.04,8,1,0.376,41.4,Email,0,73,1,1,0.87
70,Male,East,52615.47,3,134.71,8,2,0.164,48.5,Ads,0,110,1,1,0.96
22,Female,East,78504.69,13,111.73,5,0,0.518,78.1,Social Media,0,9,0,0,0.475
72,Male,North,50773.7,37,67.97,5,0,0.235,80.0,Ads,0,152,1,1,0.865
57,Female,East,65224.41,62,94.16,12,2,0.456,57.9,Email,1,172,1,1,0.87
70,Female,West,65254.52,36,75.31,11,2,0.104,76.9,Email,1,171,1,1,0.865
59,Male,West,80479.01,119,39.09,11,1,0.298,80.5,Email,0,82,0,0,0.08
47,Male,East,55352.58,15,87.99,8,1,0.089,86.1,Social Media,0,71,1,1,0.645
53,Male,South,74425.76,104,112.36,6,0,0.345,70.8,Social Media,0,179,1,1,0.935
30,Female,North,43475.3,119,54.55,14,1,0.284,42.4,Ads,1,56,0,0,0.07
30,Other,South,51193.33,11,57.57,12,0,0.597,69.5,SMS,0,176,1,1,0.605
27,Female,North,100294.67,31,50.64,7,5,0.38,52.7,Ads,1,70,0,0,0.265
59,Female,North,47830.28,68,22.07,3,0,0.21,55.2,Social Media,0,147,1,0,0.385
66,Female,East,54435.71,33,101.32,10,0,0.314,69.8,Ads,0,65,1,1,0.6
58,Male,North,60965.33,28,43.72,12,2,0.273,69.7,Ads,1,149,1,1,0.58
65,Female,North,47011.81,116,82.09,4,2,0.191,43.1,Social Media,1,129,1,1,0.715
49,Female,North,56498.11,29,162.02,6,0,0.173,85.8,Email,1,154,1,1,0.98
39,Female,North,45591.64,21,56.95,7,0,0.345,49.5,SMS,0,170,1,1,0.86
71,Female,West,21159.75,76,15.12,5,3,0.244,46.5,Social Media,0,79,0,0,0.205
51,Female,South,77557.25,66,5.0,8,0,0.155,57.3,SMS,1,114,0,0,0.24
56,Male,West,36499.33,106,81.22,7,1,0.356,19.1,SMS,0,63,0,0,0.365
68,Female,North,100553.47,43,86.95,9,1,0.473,46.3,Ads,1,18,0,0,0.325
28,Other,East,83362.72,8,72.69,8,1,0.555,15.8,SMS,0,50,1,0,0.325
72,Female,West,51468.95,58,73.75,8,1,0.634,68.0,SMS,1,156,1,1,0.615
26,Male,South,78175.19,89,90.07,7,5,0.656,55.4,SMS,0,31,1,0,0.155
32,Male,West,84209.83,15,99.09,11,3,0.346,100.0,SMS,1,128,1,1,0.87
38,Male,South,65988.37,81,120.36,10,3,0.115,55.1,Ads,0,71,1,1,0.76
41,Female,South,72296.12,66,50.54,6,3,0.183,59.7,Email,0,173,1,1,0.725
58,Female,South,76952.63,97,74.09,8,0,0.287,71.3,Ads,0,98,0,0,0.195
45,Female,North,63068.03,59,87.95,7,4,0.163,59.4,Email,1,71,1,1,0.555
42,Male,East,49262.81,77,30.63,4,0,0.329,43.2,Social Media,0,147,0,0,0.345
53,Male,North,52512.52,12,33.9,6,3,0.17,62.5,Email,0,177,1,1,0.73
58,Male,West,46602.77,10,36.74,6,1,0.109,33.1,Social Media,1,49,0,0,0.31
33,Female,East,91177.65,90,79.59,7,0,0.243,60.4,Social Media,0,26,0,0,0.16
55,Female,South,89947.52,76,45.05,4,4,0.378,58.5,SMS,0,35,0,0,0.075
70,Female,South,62394.28,101,134.86,7,2,0.646,63.8,Ads,0,142,1,1,0.91
34,Male,North,73634.54,80,151.28,7,1,0.241,50.0,Email,0,107,1,1,0.945
37,Female,North,62380.21,9,36.61,4,1,0.395,60.3,Ads,0,40,0,0,0.08
62,Male,East,56015.43,14,78.93,13,2,0.161,70.9,SMS,0,40,0,0,0.345
38,Female,North,58595.3,119,120.08,12,0,0.217,84.5,Social Media,0,30,0,0,0.365
49,Male,West,55098.8,11,74.46,8,1,0.126,100.0,Ads,0,158,1,1,0.86
61,Other,South,66443.13,23,149.74,9,2,0.157,80.6,Ads,0,77,1,1,0.88
54,Male,South,58240.14,33,76.97,7,2,0.197,41.9,Ads,0,35,1,0,0.345
58,Female,East,24406.45,64,85.21,5,2,0.366,100.0,Email,0,171,1,1,0.79
42,Other,South,44609.87,16,120.73,10,2,0.344,36.1,Ads,0,13,1,1,0.73
48,Male,South,66871.42,94,81.4,6,1,0.177,90.7,Ads,0,25,0,0,0.15
51,Male,North,84715.41,109,125.14,11,3,0.336,56.4,Email,1,77,0,1,0.76
22,Male,West,45844.01,83,93.85,3,2,0.154,50.2,Email,1,170,1,1,0.875
26,Female,West,61776.79,1,92.96,9,2,0.295,54.8,Email,0,55,1,1,0.635
54,Female,East,89930.14,114,88.71,11,2,0.154,42.1,Social Media,0,108,1,1,0.75
34,Female,South,72466.75,1,38.93,8,3,0.301,61.7,Email,0,104,0,0,0.425
42,Female,North,78663.76,50,94.61,10,1,0.155,36.0,SMS,1,149,1,1,0.96
69,Female,South,61429.53,99,85.12,9,1,0.227,85.6,Ads,1,108,1,1,0.57
72,Male,West,66793.93,117,80.61,3,1,0.296,99.1,Ads,0,166,0,1,0.65
38,Male,South,72620.24,11,62.73,7,2,0.184,62.6,Ads,0,36,0,0,0.13
22,Male,East,15934.29,19,113.37,5,1,0.34,31.1,Email,0,52,1,1,0.815
36,Male,South,53423.49,88,122.59,8,0,0.174,69.6,SMS,0,21,1,0,0.355
43,Female,North,44063.87,97,124.32,4,2,0.244,23.5,Ads,1,118,1,1,0.915
32,Male,South,29467.45,4,36.25,6,1,0.077,87.9,Ads,1,3,0,0,0.205
32,Female,North,71917.1,5,58.18,13,3,0.526,57.0,Email,0,158,0,1,0.715
48,Male,South,76109.24,34,76.29,5,1,0.277,88.7,Social Media,0,42,0,0,0.24
66,Other,South,68979.76,3,87.4,10,1,0.064,78.7,SMS,1,109,1,1,0.79
18,Male,South,66931.97,104,19.84,3,1,0.265,61.4,Email,1,155,0,0,0.43
22,Male,West,88365.79,75,118.37,6,2,0.145,64.9,Ads,0,15,1,0,0.445
56,Male,West,33124.21,107,56.63,9,1,0.143,74.9,Social Media,1,175,1,1,0.595
64,Male,West,65485.21,82,88.94,5,1,0.129,71.5,Social Media,1,37,1,0,0.27
20,Male,North,39914.2,117,110.54,6,3,0.278,44.8,Social Media,1,27,0,1,0.51
74,Female,North,63326.18,111,5.0,9,2,0.441,70.2,Email,0,21,0,0,0.05
44,Other,East,68501.72,17,86.44,8,1,0.448,49.4,Social Media,1,139,1,1,0.92
27,Male,North,50181.56,64,72.4,8,1,0.321,78.8,SMS,1,27,0,0,0.05
38,Other,North,69727.89,53,72.2,7,1,0.158,71.2,SMS,1,3,0,0,0.205
44,Male,East,66480.65,109,17.12,8,0,0.618,55.4,Email,0,77,0,0,0.1
40,Female,West,77475.16,96,103.57,6,2,0.518,68.3,SMS,1,31,0,0,0.17
28,Female,West,57632.31,64,128.92,7,2,0.425,86.7,Social Media,1,26,0,0,0.485
39,Male,South,64163.67,90,95.59,7,2,0.427,46.5,Social Media,0,25,0,0,0.18
40,Male,South,57445.44,27,56.85,8,4,0.227,91.9,SMS,0,139,1,1,0.725
65,Male,West,71271.33,58,78.97,7,0,0.268,28.9,Ads,0,147,1,1,0.84
19,Female,East,44697.47,98,52.56,7,1,0.494,100.0,Ads,0,61,0,0,0.07
65,Female,East,50371.11,99,11.38,14,1,0.049,66.0,Email,1,125,0,0,0.215
33,Female,North,58040.6,56,62.56,7,2,0.616,74.1,Email,0,82,0,0,0.07
46,Male,East,63713.74,28,95.99,5,1,0.127,11.3,SMS,0,6,0,0,0.485
34,Male,South,66708.78,56,52.94,7,0,0.186,46.7,Ads,0,10,0,0,0.085
70,Female,South,56140.99,93,81.45,9,1,0.076,37.7,SMS,1,143,1,1,0.865
32,Male,West,64819.39,36,84.57,4,2,0.353,51.8,Email,0,102,0,1,0.865
39,Male,East,58987.71,95,66.93,6,1,0.203,69.6,Social Media,0,130,1,1,0.555
40,Female,South,24372.3,42,95.98,9,1,0.187,73.1,Social Media,0,53,0,1,0.525
49,Female,East,47597.41,24,76.65,3,2,0.124,62.2,Social Media,0,37,1,0,0.5
54,Female,East,27142.79,30,103.57,4,1,0.382,21.8,Social Media,0,118,1,1,0.925
49,Female,East,87167.63,43,129.45,12,3,0.451,70.5,Social Media,0,124,1,1,0.92
22,Female,West,71269.84,100,118.52,6,1,0.533,44.0,SMS,0,45,1,0,0.445
55,Female,West,65630.33,22,88.7,4,1,0.354,58.9,Ads,0,70,0,1,0.65
50,Female,East,79907.97,91,80.72,11,2,0.386,42.5,Email,0,96,0,1,0.57
21,Female,East,49210.9,64,82.14,15,2,0.168,66.6,Ads,0,63,0,0,0.34
28,Female,North,36430.07,39,142.8,6,2,0.179,50.0,SMS,0,39,1,1,0.86
47,Female,East,61585.72,115,76.88,8,0,0.491,84.9,Ads,1,48,0,0,0.1
61,Other,West,47189.02,25,43.12,5,3,0.317,60.1,Email,0,56,0,0,0.155
71,Male,East,44200.49,45,70.66,7,1,0.136,67.6,Social Media,1,167,1,1,0.885
47,Female,South,49530.86,72,52.35,8,0,0.617,54.3,Ads,1,32,0,0,0.05
25,Female,South,68500.7,103,50.29,7,3,0.108,72.0,Social Media,0,156,1,1,0.54
26,Male,East,69074.47,70,82.21,6,2,0.498,71.1,Email,1,124,1,1,0.69
73,Male,West,66693.61,9,80.84,5,4,0.076,85.3,Email,0,41,0,0,0.495
20,Male,East,80825.04,102,54.67,5,5,0.561,81.9,Social Media,0,139,1,0,0.35
34,Male,West,42915.89,9,85.16,14,1,0.13,11.6,Email,1,161,1,1,0.91
59,Female,North,34099.16,90,78.04,12,2,0.22,67.2,SMS,1,166,1,1,0.75
26,Female,West,68110.18,7,122.74,15,1,0.08,32.7,SMS,1,76,1,1,0.785
23,Male,South,38653.31,101,69.29,12,0,0.111,38.0,Email,0,72,1,0,0.255
59,Female,West,53769.78,36,48.74,4,0,0.216,33.1,SMS,1,97,0,0,0.495
39,Male,East,38871.63,9,102.24,10,3,0.564,43.3,SMS,0,24,1,1,0.58
23,Male,North,40051.94,60,107.78,2,3,0.461,93.8,SMS,1,72,1,1,0.565
46,Male,North,40810.34,62,117.43,6,2,0.252,19.4,Social Media,0,28,1,1,0.655
52,Male,West,87981.57,33,93.24,16,4,0.175,59.1,SMS,0,26,1,0,0.42
74,Female,East,90507.74,78,10.95,9,2,0.154,74.4,Ads,1,159,0,0,0.325
50,Male,West,76167.5,78,92.45,7,1,0.38,64.8,Social Media,0,35,0,0,0.165
44,Male,North,54683.34,45,50.43,19,1,0.378,41.5,Social Media,0,161,1,1,0.63
30,Male,West,87437.23,48,20.01,8,1,0.127,69.5,SMS,1,160,0,0,0.375
72,Female,South,68357.78,80,28.78,9,2,0.175,74.7,Social Media,0,30,0,0,0.03
26,Male,North,71823.53,90,64.93,13,0,0.264,50.9,Email,1,3,0,0,0.075
55,Male,West,15000.0,62,102.94,4,0,0.164,44.1,Email,0,31,1,1,0.625
25,Female,East,74486.78,45,84.33,5,2,0.112,63.5,SMS,0,61,1,1,0.54
51,Female,East,65457.26,20,104.72,9,1,0.085,88.9,Ads,0,30,0,0,0.5
54,Female,West,51490.77,32,141.42,9,3,0.099,33.4,Social Media,1,153,1,1,0.965
50,Other,North,71481.74,34,73.48,11,3,0.115,95.9,Ads,1,154,1,1,0.79
26,Male,West,45262.99,6,165.08,8,2,0.322,49.6,SMS,1,15,1,1,0.74
68,Female,South,68738.88,62,28.82,6,1,0.278,58.3,Social Media,1,26,0,0,0.045
19,Female,North,84067.08,87,88.87,16,1,0.05,76.2,Email,0,126,1,1,0.65
36,Female,North,68560.23,93,77.37,9,1,0.157,61.1,SMS,0,125,1,1,0.705
60,Male,North,85131.64,1,114.83,5,0,0.305,85.0,SMS,0,129,1,1,0.92
65,Male,North,75583.7,85,58.84,6,0,0.242,82.6,Email,0,174,1,1,0.575
52,Female,East,73558.81,27,89.32,12,4,0.333,67.2,Ads,0,59,0,0,0.445
72,Male,North,54344.69,84,142.59,9,1,0.076,67.6,Ads,0,104,1,1,0.93
49,Male,West,68543.66,31,72.59,9,0,0.274,67.6,Ads,0,84,0,1,0.555
66,Female,West,56217.72,99,79.42,8,0,0.714,80.0,Social Media,0,27,0,0,0.085
41,Male,East,80331.01,84,51.69,8,1,0.699,37.8,Social Media,0,89,0,0,0.09
51,Female,East,49067.0,19,108.37,8,3,0.17,69.6,Email,0,20,0,0,0.49
72,Female,North,62861.61,35,47.01,11,0,0.355,58.8,Email,1,128,0,0,0.435
18,Female,West,47514.47,113,16.39,10,0,0.396,96.0,Ads,1,18,0,0,0.06
34,Male,East,53410.07,99,111.23,5,0,0.014,32.7,Email,0,143,1,1,0.87
46,Male,West,48388.73,92,75.7,11,0,0.329,99.5,Email,0,129,0,0,0.34
47,Other,West,55912.28,73,69.33,8,2,0.322,58.4,Social Media,0,6,0,0,0.065
28,Male,North,82707.34,49,114.08,12,3,0.437,59.6,SMS,0,121,1,1,0.91
64,Male,West,22552.5,95,63.06,5,4,0.482,30.2,SMS,1,20,0,0,0.12
22,Male,South,56652.26,74,27.29,7,0,0.128,100.0,Email,1,166,0,0,0.39
22,Male,East,73173.27,63,46.58,8,1,0.436,74.3,Ads,1,89,0,0,0.13
62,Female,East,34765.8,96,72.96,11,1,0.298,83.7,Email,0,115,0,0,0.335
69,Female,North,73255.97,22,69.71,9,2,0.442,15.9,SMS,1,23,0,0,0.22
35,Male,West,64274.33,66,101.58,6,0,0.317,60.9,Social Media,0,102,1,1,0.805
73,Male,South,107118.3,68,78.5,12,0,0.155,73.9,Email,1,41,0,0,0.175
68,Male,East,72370.68,10,59.96,6,0,0.456,51.0,Ads,0,54,1,0,0.28
21,Male,North,29360.56,53,76.49,6,1,0.236,15.6,SMS,1,86,1,1,0.645
37,Female,East,53274.14,87,103.08,6,2,0.216,65.1,Email,1,114,1,1,0.9
68,Male,South,80988.42,79,106.23,9,4,0.32,65.5,Email,0,140,0,1,0.9
47,Male,East,42576.81,8,89.99,3,0,0.136,75.7,Social Media,0,157,0,1,0.935
49,Female,North,43733.21,71,65.76,8,0,0.349,52.7,Ads,0,24,0,0,0.055
26,Male,North,76325.82,62,132.99,7,0,0.345,58.9,Social Media,0,65,1,1,0.745
66,Male,West,73178.52,10,168.03,6,1,0.338,77.6,Social Media,0,36,1,1,0.8
48,Male,East,61549.98,78,117.95,13,2,0.343,87.2,SMS,0,1,0,0,0.3
71,Male,West,43684.13,64,5.0,6,2,0.298,75.2,Social Media,1,117,0,0,0.215
21,Female,East,55176.32,87,71.52,5,3,0.17,72.6,Ads,0,49,0,0,0.14
29,Female,West,52496.86,105,55.99,13,2,0.288,11.0,Social Media,0,9,0,0,0.075
44,Male,West,50281.82,6,124.74,9,1,0.29,42.7,SMS,0,44,1,1,0.89
50,Female,North,67428.08,78,105.75,10,3,0.66,48.7,Ads,1,58,0,0,0.4
59,Male,West,46629.49,18,127.07,8,3,0.224,16.3,Social Media,0,23,1,1,0.82
34,Male,South,45939.43,53,58.66,4,0,0.153,44.4,Ads,1,55,1,0,0.26
43,Male,East,72342.49,14,7.84,8,0,0.275,68.5,Email,0,2,0,0,0.095
39,Female,West,42514.91,44,70.1,16,4,0.184,38.9,Email,0,159,1,1,0.84
40,Female,North,90235.35,70,51.82,11,0,0.456,81.3,Social Media,0,160,1,0,0.48
74,Male,West,49706.48,68,90.78,13,0,0.256,51.7,Ads,0,112,1,1,0.705
45,Male,West,48374.08,108,10.35,3,2,0.093,45.2,Email,0,164,0,0,0.37
69,Male,South,52640.75,1,96.79,7,1,0.275,69.7,SMS,0,68,0,1,0.785
70,Female,West,61919.16,3,40.02,8,0,0.332,48.4,Email,0,150,1,1,0.61
59,Female,North,52272.5,6,57.75,9,2,0.386,77.8,Email,1,63,0,0,0.315
60,Male,North,33217.92,52,47.79,15,1,0.372,36.7,Email,1,40,0,0,0.09
60,Female,West,77616.68,47,15.08,4,1,0.072,45.1,SMS,0,150,1,1,0.505
64,Other,North,54072.03,37,94.43,8,2,0.107,92.1,Social Media,1,29,0,0,0.42
42,Female,East,74523.32,112,95.9,9,0,0.358,93.9,Social Media,1,144,1,1,0.645
20,Female,West,75817.49,45,50.81,10,2,0.287,45.8,Ads,1,110,1,0,0.475
62,Male,East,89249.9,52,86.51,10,3,0.279,64.6,Ads,0,46,0,0,0.39
61,Female,North,56227.0,104,119.93,6,1,0.923,54.0,Email,0,39,0,0,0.34
51,Other,East,78366.31,117,33.3,8,2,0.123,59.1,Ads,0,89,0,0,0.155
55,Male,West,80773.95,58,48.05,12,0,0.016,77.7,SMS,0,40,0,0,0.095
68,Male,South,61737.25,78,108.68,15,2,0.239,73.7,Social Media,0,33,1,0,0.335
60,Female,East,81875.15,69,86.36,2,2,0.175,60.7,SMS,0,120,1,1,0.755
34,Male,East,83746.95,100,87.63,7,2,0.428,28.3,SMS,0,3,0,0,0.175
39,Male,North,59587.58,115,50.84,7,1,0.275,63.0,Email,0,14,0,0,0.025
41,Female,West,61853.04,10,127.02,9,0,0.095,28.3,Email,0,162,1,1,0.98
52,Male,West,38680.05,91,89.74,7,1,0.331,53.3,Email,0,140,0,1,0.8
63,Male,West,71395.16,91,13.5,5,1,0.454,76.9,Email,0,57,0,0,0.03
18,Male,East,45677.04,91,86.45,6,1,0.302,19.0,Ads,1,142,1,1,0.845
63,Female,East,59588.77,81,58.5,7,0,0.287,50.2,Ads,0,102,0,0,0.38
20,Female,North,44536.97,57,60.32,7,4,0.385,54.2,Social Media,1,90,1,0,0.265
36,Female,South,43568.02,119,99.58,4,1,0.457,43.9,SMS,0,135,0,1,0.78
26,Female,South,74680.9,20,58.14,4,1,0.594,64.2,Ads,0,136,0,0,0.495
57,Female,South,50488.59,98,56.08,15,3,0.197,41.0,Social Media,0,18,0,0,0.08
25,Other,South,83348.72,59,86.39,3,2,0.121,78.2,Email,1,121,1,1,0.76
57,Female,West,60171.24,33,79.64,4,2,0.448,67.0,Social Media,1,8,0,0,0.205
68,Female,North,60640.1,107,66.07,6,2,0.09,61.3,Email,1,86,0,0,0.355
38,Female,West,58812.48,67,73.81,5,0,0.088,49.2,Ads,0,18,0,0,0.145
27,Female,East,59193.6,83,50.62,6,0,0.183,48.2,Ads,0,76,0,0,0.145
32,Male,East,93791.7,68,24.09,8,3,0.688,72.6,Email,0,96,0,0,0.135
70,Male,East,89140.76,109,84.14,8,0,0.12,54.4,Email,0,45,0,0,0.245
29,Female,South,48226.44,67,68.69,2,0,0.196,40.2,Social Media,0,159,1,1,0.89
57,Female,West,34327.1,56,105.08,6,4,0.213,75.8,Email,1,11,1,0,0.445
30,Male,West,58916.86,90,122.8,5,3,0.086,58.2,Social Media,1,6,0,0,0.43
68,Male,West,85938.51,112,22.04,10,0,0.08,64.4,Email,0,90,0,0,0.1
35,Female,West,50148.31,33,97.47,11,4,0.437,58.5,Ads,1,97,1,1,0.79
55,Female,South,69733.11,95,78.89,6,0,0.085,98.5,SMS,0,94,0,0,0.38
74,Other,West,55611.44,35,60.37,5,4,0.163,61.1,Social Media,0,169,1,1,0.81
43,Other,West,30256.32,23,95.95,8,2,0.243,70.1,SMS,0,72,1,1,0.83
69,Female,North,30852.44,95,146.24,8,0,0.234,87.4,SMS,0,146,1,1,0.92
26,Female,East,45805.64,46,105.38,6,1,0.208,33.7,Ads,1,71,1,1,0.79
29,Male,South,35705.28,4,60.65,7,4,0.359,61.1,SMS,1,15,0,0,0.215
33,Female,North,43979.61,62,149.66,11,2,0.278,85.1,Social Media,0,96,1,1,0.88
18,Other,East,53486.67,25,89.55,6,0,0.399,75.4,Social Media,0,39,0,0,0.36
42,Female,West,61720.7,109,107.35,7,1,0.294,64.4,Social Media,0,3,0,0,0.225
42,Female,West,78228.91,82,89.66,11,2,0.155,34.4,Social Media,0,91,1,1,0.65
22,Male,West,52315.76,33,76.64,9,0,0.427,44.7,Email,0,38,0,0,0.305
31,Male,South,41984.82,58,78.31,9,1,0.138,98.0,SMS,1,95,1,0,0.48
39,Female,West,62906.54,76,150.37,6,1,0.166,88.6,Ads,0,137,1,1,0.95
66,Female,North,65769.21,12,63.14,5,2,0.121,67.7,Email,1,21,0,0,0.33
70,Male,South,52011.06,107,66.77,6,1,0.037,100.0,Social Media,0,22,0,0,0.105
46,Male,West,65455.95,41,74.19,9,0,0.329,60.2,SMS,0,178,1,1,0.855
46,Female,East,54353.85,63,87.02,13,4,0.305,95.1,Email,0,143,1,1,0.76
62,Male,West,61552.29,68,132.43,7,1,0.249,52.4,SMS,1,142,1,1,0.95
70,Male,West,52187.09,50,101.6,7,4,0.47,78.8,Email,0,134,1,1,0.925
52,Male,North,51544.71,76,63.38,4,1,0.23,81.3,SMS,0,173,1,1,0.735
20,Male,South,42301.37,45,124.39,11,3,0.254,98.1,SMS,0,38,1,1,0.505
69,Female,South,63260.7,41,53.12,12,3,0.534,54.7,SMS,0,34,0,0,0.075
35,Male,East,63655.25,3,91.84,13,4,0.494,62.5,Ads,0,41,0,0,0.405
33,Male,North,74401.2,15,53.32,9,1,0.512,66.3,Email,1,156,1,1,0.59
44,Female,East,39355.62,53,72.33,5,3,0.415,71.4,Email,1,100,1,0,0.365
60,Female,North,60340.09,112,76.66,14,2,0.285,49.5,SMS,0,153,1,1,0.54
36,Female,North,44242.95,86,37.59,10,2,0.288,60.8,SMS,0,116,0,0,0.165
58,Female,West,72669.37,22,27.11,12,2,0.172,95.0,SMS,0,95,0,0,0.24
27,Female,East,59791.17,34,96.4,5,1,0.092,72.9,Social Media,0,92,1,1,0.755
38,Female,West,60772.22,16,113.13,4,2,0.031,69.0,Social Media,1,16,1,1,0.73
72,Female,North,105723.1,13,49.89,5,1,0.341,64.4,Ads,1,177,1,1,0.78
29,Male,South,47289.89,26,94.43,9,1,0.186,63.2,Social Media,0,131,1,1,0.94
72,Male,South,55652.47,13,104.89,3,1,0.079,90.8,SMS,1,106,1,1,0.85
51,Female,West,66078.1,114,109.46,12,1,0.041,71.4,SMS,1,146,1,1,0.865
18,Male,East,52736.47,29,80.1,10,1,0.486,49.6,Email,1,59,0,0,0.435
32,Male,South,30168.92,68,81.54,9,1,0.235,54.6,SMS,0,151,1,1,0.775
39,Male,South,54400.81,45,109.12,9,1,0.215,48.3,Ads,1,114,1,1,0.98
41,Male,North,61913.97,53,52.3,13,0,0.355,69.1,Ads,0,113,0,0,0.34
54,Male,West,44956.86,9,112.15,10,0,0.274,73.2,SMS,0,59,1,1,0.8
74,Female,North,69348.6,15,79.63,5,0,0.181,70.2,SMS,0,66,0,1,0.65
67,Male,West,55397.67,71,61.74,8,0,0.253,58.3,Email,1,124,1,1,0.515
36,Male,North,88063.38,17,97.12,3,3,0.098,53.4,Ads,0,172,1,1,0.94
73,Female,East,90648.29,93,67.9,9,2,0.38,70.7,Social Media,1,13,0,0,0.065
18,Female,South,42066.94,22,149.53,6,1,0.417,38.3,Social Media,0,73,1,1,0.855
19,Male,South,60575.14,86,128.67,8,1,0.54,28.8,SMS,0,165,1,1,0.92
72,Male,South,40145.18,56,71.93,6,1,0.09,80.4,Ads,1,99,0,0,0.49
31,Male,West,56748.54,95,98.09,11,2,0.244,60.4,Email,0,53,0,0,0.3
71,Male,North,45786.16,11,79.87,9,1,0.223,32.1,Social Media,0,93,1,1,0.79
21,Female,South,71757.72,69,56.64,4,0,0.04,85.4,SMS,0,52,0,0,0.135
50,Male,West,50099.27,1,49.12,4,2,0.728,95.4,SMS,0,176,1,1,0.56
61,Female,South,41454.03,89,45.33,8,2,0.379,56.5,Email,0,94,0,0,0.1
23,Female,East,67389.39,65,39.48,16,3,0.189,42.6,SMS,1,15,0,0,0.14
32,Female,East,83588.62,62,127.44,10,2,0.408,23.6,Social Media,1,22,0,1,0.66
44,Male,South,82754.8,15,104.63,8,1,0.163,58.3,SMS,0,127,1,1,0.975
31,Female,North,71677.06,46,20.63,6,1,0.326,30.6,Ads,1,96,0,0,0.28
64,Male,South,45610.17,91,68.64,5,3,0.334,66.1,Social Media,0,49,0,0,0.08
41,Female,East,52444.28,33,158.9,8,0,0.305,56.2,Email,1,96,1,1,0.915
64,Female,East,65934.07,31,104.08,6,0,0.096,59.4,SMS,1,8,1,1,0.605
52,Male,North,45132.69,67,74.61,9,2,0.12,61.0,Social Media,0,92,1,0,0.37
35,Female,South,107035.69,18,85.91,9,1,0.485,81.3,Email,0,46,0,0,0.455
47,Female,South,72138.5,115,99.02,7,1,0.066,100.0,SMS,1,86,1,0,0.37
65,Female,North,43743.41,112,92.83,3,1,0.45,100.0,Social Media,0,172,1,1,0.705
26,Male,North,57900.33,116,5.0,7,1,0.328,21.5,SMS,0,65,0,0,0.065
71,Male,East,55332.78,12,50.99,6,1,0.428,58.5,Ads,0,179,1,1,0.76
23,Female,East,56384.42,2,82.08,11,1,0.201,42.5,SMS,0,85,1,1,0.83
25,Male,North,83167.67,58,109.68,11,2,0.292,58.2,Social Media,1,145,1,1,0.855
67,Male,North,65853.54,34,90.17,2,1,0.327,59.3,SMS,0,101,1,1,0.785
54,Female,South,40913.79,50,63.03,6,1,0.087,40.7,Ads,0,6,0,0,0.265
52,Female,North,67696.27,112,28.56,4,2,0.226,40.3,Ads,0,114,0,0,0.23
47,Female,South,73249.18,109,87.59,5,1,0.099,63.0,SMS,1,13,0,0,0.155
18,Female,South,44335.29,37,53.67,11,4,0.632,100.0,Email,0,97,0,0,0.295
33,Female,North,88229.96,56,93.14,5,1,0.343,59.5,SMS,0,78,1,1,0.62
45,Male,East,64439.65,26,50.74,11,2,0.386,34.9,Ads,0,31,0,0,0.08
51,Male,West,37545.67,91,137.29,8,1,0.163,49.5,SMS,0,88,1,1,0.83
41,Female,South,36460.96,40,62.76,5,2,0.088,57.8,Email,0,36,0,0,0.25
18,Male,North,48580.23,112,80.57,6,0,0.134,55.2,SMS,0,72,1,0,0.415
44,Male,East,63293.51,22,107.27,4,2,0.754,57.0,Social Media,1,40,0,1,0.655
41,Female,East,58410.21,14,17.09,2,3,0.177,91.0,Social Media,0,172,1,0,0.485
72,Male,East,108237.7,28,119.49,9,2,0.087,73.6,SMS,0,9,1,1,0.55
39,Female,South,45233.07,31,121.1,10,1,0.427,100.0,Email,0,52,1,1,0.6
20,Male,South,43456.77,93,70.58,4,2,0.633,27.2,Social Media,0,128,0,0,0.495
60,Female,North,42654.76,24,79.58,10,1,0.091,53.8,Social Media,0,161,1,1,0.95
58,Male,East,71522.22,117,77.05,8,1,0.052,43.9,Email,0,120,1,1,0.72
34,Male,South,58959.59,119,25.64,8,2,0.178,66.7,SMS,1,6,0,0,0.045
58,Male,North,70737.45,59,78.6,11,3,0.087,67.8,Ads,1,120,1,1,0.72
42,Male,East,65015.18,83,79.09,4,2,0.464,78.3,Email,1,118,0,1,0.525
21,Female,West,28128.73,72,36.84,9,3,0.032,55.5,SMS,0,19,0,0,0.145
47,Female,West,82425.04,58,19.86,9,3,0.136,48.5,Email,0,173,0,0,0.445
61,Male,North,63624.28,65,88.59,4,1,0.179,51.7,Ads,0,168,1,1,0.935
54,Female,West,73812.72,73,82.39,11,2,0.179,63.3,Email,1,111,1,1,0.73
63,Male,East,53424.58,41,35.65,4,1,0.223,65.9,SMS,0,47,0,0,0.11
61,Male,South,46701.14,96,88.02,5,1,0.232,71.0,SMS,0,57,0,0,0.245
48,Male,South,59871.08,60,102.14,7,3,0.179,38.4,Ads,0,114,1,1,0.91
63,Male,North,73035.14,51,86.24,11,3,0.4,82.3,SMS,0,171,1,1,0.86
24,Female,North,37847.02,53,118.01,6,2,0.169,88.2,Ads,0,135,1,1,0.915
59,Male,South,92267.58,67,95.82,5,0,0.285,46.8,SMS,1,28,0,0,0.475
26,Female,East,95096.09,27,66.78,9,3,0.205,75.1,SMS,1,159,1,1,0.8
69,Male,West,67125.44,88,98.06,7,1,0.302,33.2,Email,0,116,1,1,0.855
34,Male,East,82005.32,85,64.31,8,0,0.451,69.0,SMS,0,76,0,0,0.155
68,Female,East,65517.59,114,59.94,6,2,0.25,55.3,SMS,0,122,1,0,0.45
44,Female,South,27269.03,18,24.79,7,2,0.197,49.6,Social Media,0,159,1,1,0.59
63,Female,West,63193.25,15,44.0,7,1,0.041,47.1,Ads,0,166,1,1,0.77
59,Female,North,46156.3,71,124.54,6,3,0.436,54.9,Social Media,0,113,1,1,0.92
26,Male,East,45584.28,6,65.18,6,2,0.678,65.0,SMS,0,158,1,1,0.6
52,Female,East,37505.87,90,89.77,13,4,0.265,58.8,Ads,1,9,0,0,0.145
60,Female,East,28970.34,13,46.2,7,7,0.386,62.5,Ads,1,72,0,0,0.27
19,Female,North,30420.8,13,77.6,4,2,0.178,52.1,Ads,0,69,0,1,0.71
60,Male,West,71168.16,50,128.49,6,1,0.316,55.8,Email,1,3,1,1,0.625
39,Female,West,52490.9,93,92.13,12,1,0.398,85.0,Email,0,151,1,1,0.735
30,Female,West,44616.91,6,40.4,5,1,0.183,18.5,Email,0,82,0,1,0.515
26,Male,East,91179.91,18,92.38,6,4,0.309,89.4,Social Media,0,12,0,0,0.39
40,Male,West,72203.2,48,92.15,4,3,0.356,82.7,SMS,0,160,1,1,0.925
58,Female,South,73934.66,100,85.11,7,3,0.114,55.2,Ads,0,139,1,1,0.845
21,Female,South,44142.43,76,74.45,12,1,0.345,72.4,SMS,0,133,1,1,0.515
59,Female,North,49592.42,36,79.66,7,0,0.158,58.8,Ads,1,112,1,1,0.815
23,Female,North,47855.49,53,80.09,4,2,0.147,66.9,SMS,0,156,1,1,0.86
51,Female,South,60314.33,77,82.75,12,2,0.133,66.9,Ads,0,93,0,1,0.59
23,Female,North,73362.92,84,83.6,12,0,0.166,44.1,Social Media,0,106,1,1,0.73
38,Male,South,77193.7,65,115.17,7,4,0.433,40.7,Ads,0,85,1,1,0.83
65,Female,North,36972.03,30,23.51,11,1,0.57,59.9,Ads,0,106,0,0,0.19
34,Female,South,59683.75,26,54.79,11,1,0.089,59.3,SMS,0,141,1,1,0.8
30,Male,East,75303.19,106,110.29,11,0,0.028,71.9,Email,1,123,1,1,0.775
26,Female,East,55070.41,111,45.99,5,3,0.254,42.8,Ads,0,125,0,0,0.275
23,Male,West,27779.93,90,69.06,10,1,0.233,56.5,Ads,1,92,1,0,0.305
63,Female,South,68410.39,39,78.26,8,3,0.21,29.4,Email,1,27,1,0,0.295
58,Male,South,79788.03,114,84.54,11,2,0.454,84.7,Ads,0,164,1,0,0.48
66,Male,North,56675.18,88,89.6,7,2,0.552,57.6,SMS,1,62,0,0,0.295
65,Male,East,65174.83,85,74.08,6,3,0.081,85.9,Email,0,64,0,0,0.23
32,Male,South,67989.19,74,98.27,9,1,0.264,64.4,Social Media,0,165,1,1,0.92
41,Female,East,66472.14,53,87.97,8,4,0.283,65.2,Email,1,20,0,0,0.26
30,Male,North,72319.4,87,5.0,11,4,0.116,24.8,SMS,0,85,0,0,0.18
65,Female,West,69221.3,88,59.5,7,1,0.346,55.3,Social Media,1,74,0,0,0.16
43,Male,East,64329.06,49,99.77,11,1,0.135,77.7,Ads,0,23,0,0,0.2
18,Male,North,80377.26,106,75.94,6,2,0.266,35.3,Email,1,16,0,0,0.225
56,Male,South,29731.39,12,64.11,11,1,0.238,26.0,Email,1,171,1,1,0.88
46,Female,South,63183.1,74,110.52,8,1,0.126,57.7,Ads,1,5,1,0,0.41
32,Female,North,62010.73,1,67.09,11,0,0.4,26.8,Ads,0,75,0,0,0.44
62,Female,East,61985.88,58,105.97,6,1,0.118,94.3,Email,1,82,1,1,0.645
55,Male,West,45870.7,39,109.07,7,1,0.383,58.0,Ads,0,162,1,1,0.97
21,Male,South,92972.61,23,86.89,9,5,0.251,100.0,SMS,0,164,1,1,0.815
73,Other,North,62688.11,110,79.01,11,1,0.321,70.8,Social Media,1,65,0,0,0.105
58,Male,East,54081.53,33,74.44,10,0,0.425,52.2,Social Media,0,44,0,0,0.235
68,Male,West,82781.27,96,123.71,9,2,0.164,44.8,SMS,1,53,0,1,0.665
33,Female,South,56601.3,43,146.82,9,3,0.103,61.2,Email,0,132,1,1,0.98
58,Female,East,46033.57,101,79.41,5,1,0.22,63.0,Social Media,0,136,1,1,0.72
27,Male,West,57831.45,63,82.3,12,3,0.139,70.9,SMS,0,106,1,1,0.73
47,Female,East,50136.43,84,39.3,12,1,0.138,72.7,Social Media,1,84,0,0,0.065
19,Male,North,67440.66,42,90.71,14,2,0.389,60.7,Email,1,116,1,1,0.89
50,Female,South,81443.8,99,122.38,7,3,0.287,63.2,Email,0,140,1,1,0.915
24,Female,North,75156.31,20,85.4,4,2,0.259,47.9,Email,1,134,1,1,0.89
63,Female,North,34770.9,46,64.94,12,2,0.47,37.6,Email,1,174,1,1,0.805
45,Female,West,46464.39,106,107.55,7,1,0.065,59.6,Social Media,1,105,1,1,0.84
20,Female,South,58365.02,14,180.37,8,2,0.069,70.6,SMS,0,75,1,1,0.86
72,Female,South,56474.03,116,62.04,8,1,0.357,52.9,SMS,0,159,1,1,0.565
72,Female,South,23775.19,47,59.04,7,4,0.296,78.0,Ads,0,26,0,0,0.125
43,Male,North,76818.31,106,102.23,6,1,0.479,55.9,Ads,0,7,0,0,0.13
57,Male,South,48760.71,118,45.76,5,3,0.149,53.6,Email,1,127,1,0,0.37
69,Female,West,44540.08,60,5.0,7,4,0.61,80.3,Ads,0,60,0,0,0.08
41,Female,North,36764.79,35,67.81,5,1,0.073,45.9,SMS,0,7,0,0,0.305
40,Male,West,54091.87,30,98.34,6,2,0.359,26.4,Social Media,0,73,1,1,0.81
18,Male,South,44298.55,53,115.95,6,2,0.331,74.3,Email,1,44,1,1,0.555
57,Male,South,60077.01,63,91.61,13,0,0.509,64.8,Email,1,131,1,1,0.725
44,Male,South,38610.88,61,67.88,11,1,0.31,41.0,Social Media,0,112,0,1,0.59
42,Male,West,40012.72,13,82.14,4,2,0.104,90.4,Social Media,0,139,1,1,0.915
37,Female,East,51118.53,101,76.12,8,1,0.313,57.4,Ads,0,102,0,0,0.375
23,Other,North,42563.99,18,77.45,7,3,0.575,71.5,SMS,0,177,1,1,0.725
29,Female,South,48167.96,101,56.56,9,4,0.243,59.7,Ads,0,117,1,0,0.295
70,Female,South,67706.79,25,170.67,6,1,0.566,67.1,SMS,0,134,1,1,0.95
53,Male,East,61823.8,112,146.01,10,1,0.117,31.3,Social Media,1,28,1,1,0.83
24,Female,West,35813.02,53,54.73,8,1,0.289,43.4,Social Media,0,61,0,0,0.175
41,Male,South,86319.11,107,56.33,7,1,0.277,80.7,Ads,1,64,0,0,0.075
52,Female,East,55155.0,107,91.01,9,0,0.266,51.2,Ads,0,104,0,1,0.61
43,Female,South,78142.55,33,176.18,7,0,0.159,96.3,Ads,1,86,1,1,0.835
56,Male,North,31115.73,45,95.69,9,0,0.369,68.9,Email,1,115,1,1,0.905
36,Female,West,67445.4,36,62.4,13,1,0.141,43.7,Email,0,5,0,0,0.17
36,Female,South,67002.6,107,31.39,9,0,0.224,61.2,Email,1,12,0,0,0.025
47,Male,West,58715.69,24,121.39,6,5,0.198,62.8,SMS,0,109,1,1,0.965
74,Male,North,32874.31,38,71.51,14,1,0.359,90.7,SMS,1,142,1,1,0.77
60,Male,North,47213.46,67,79.38,7,1,0.021,50.6,SMS,0,102,1,1,0.595
29,Male,South,46674.85,12,73.2,11,0,0.37,66.8,Email,1,67,0,0,0.26
56,Other,East,35887.3,87,5.0,5,0,0.142,49.9,SMS,0,51,0,0,0.155
41,Female,West,68612.04,72,80.36,6,1,0.182,81.1,SMS,0,140,1,1,0.745
31,Male,West,80577.59,105,91.51,9,1,0.175,55.2,Email,0,2,0,0,0.13
59,Female,West,54961.8,106,97.55,9,3,0.541,62.1,SMS,1,40,0,0,0.145
38,Male,East,38793.28,115,72.59,7,3,0.54,61.5,SMS,0,145,0,0,0.46
31,Male,South,65361.99,39,56.68,11,1,0.316,60.3,Ads,0,162,1,1,0.82
67,Male,North,58402.65,16,125.08,11,2,0.333,50.0,SMS,1,142,1,1,0.985
52,Male,South,45107.02,2,120.62,10,1,0.418,33.3,Social Media,1,86,1,1,0.875
64,Male,North,61834.45,53,5.0,6,2,0.151,60.3,Social Media,1,154,0,0,0.305
67,Female,South,107462.59,29,86.17,8,0,0.404,65.3,Social Media,0,148,1,1,0.835
48,Male,North,82961.11,78,89.12,6,2,0.219,66.6,Email,0,169,1,1,0.86
62,Female,West,42832.64,91,10.11,7,1,0.317,23.9,Email,0,126,0,0,0.25
72,Male,West,49559.74,80,82.68,6,0,0.014,49.3,Email,0,3,1,0,0.3
38,Female,South,60767.34,114,82.29,7,0,0.1,47.1,Email,0,134,1,1,0.84
53,Other,West,65449.64,51,34.83,7,2,0.311,71.7,Social Media,1,127,0,0,0.435
45,Male,West,64579.2,84,110.83,5,2,0.124,69.6,Email,0,33,1,0,0.39
66,Female,South,75431.19,94,40.99,6,2,0.122,73.6,Ads,0,10,0,0,0.05
65,Male,West,64482.19,37,134.47,7,2,0.264,95.7,Email,1,29,0,1,0.685
21,Female,North,73612.73,96,113.51,6,3,0.261,63.9,Social Media,0,129,1,1,0.95
35,Male,North,69090.01,79,112.1,8,3,0.157,52.9,Ads,0,71,1,1,0.73
65,Male,West,54974.68,46,139.85,6,0,0.117,72.2,Ads,1,155,1,1,0.985
24,Female,South,61173.54,68,99.5,6,4,0.094,71.7,Ads,1,119,1,1,0.75
71,Male,South,42280.95,118,34.15,4,1,0.164,34.9,Email,0,120,0,0,0.26
47,Female,East,72809.0,9,96.88,9,0,0.044,64.0,Email,0,171,1,1,0.94
46,Male,South,69450.73,68,36.78,11,1,0.194,50.2,Ads,0,49,0,0,0.09
74,Male,East,31827.75,41,92.42,4,1,0.172,43.1,SMS,0,150,1,1,0.915
24,Male,North,77123.42,30,17.61,6,0,0.066,43.5,Ads,0,67,0,0,0.145
66,Female,South,93586.13,11,72.17,4,4,0.239,74.7,Ads,0,155,1,1,0.905
40,Other,East,58407.55,7,80.5,6,3,0.302,57.6,Ads,0,93,1,1,0.79
40,Male,South,46307.68,39,13.36,5,1,0.234,70.0,Social Media,0,87,0,0,0.195
40,Male,North,30172.9,28,117.31,7,3,0.176,75.9,Social Media,1,61,1,1,0.84
63,Male,East,47245.22,42,34.64,10,1,0.214,46.0,Social Media,0,176,1,1,0.665
21,Male,North,67625.99,36,82.6,7,3,0.182,77.9,Email,0,171,1,1,0.915
49,Female,North,66602.73,100,27.59,12,0,0.501,46.7,SMS,0,121,0,0,0.085
72,Male,North,50454.29,118,81.27,7,1,0.136,63.9,SMS,0,25,0,0,0.115
72,Male,West,94663.6,113,53.06,7,2,0.13,40.9,Email,0,67,1,0,0.135
67,Female,North,81601.19,82,60.73,7,2,0.117,95.5,Email,0,86,0,0,0.21
54,Male,West,56027.08,3,79.2,8,1,0.336,38.7,Email,0,38,1,0,0.365
32,Female,West,63517.42,47,139.24,10,3,0.332,74.8,Ads,0,3,1,1,0.58
33,Female,North,51733.71,25,93.01,8,3,0.108,100.0,Social Media,0,15,0,0,0.345
69,Female,West,53672.09,74,109.71,6,1,0.187,58.0,Social Media,1,54,0,0,0.46
35,Female,South,45515.12,4,71.16,11,2,0.478,72.4,SMS,0,118,0,1,0.675
74,Female,West,57107.29,118,67.64,12,1,0.248,51.7,SMS,1,107,1,0,0.33
26,Female,East,49933.41,107,23.21,8,3,0.483,65.2,SMS,0,111,0,0,0.095
22,Female,West,52994.48,57,26.25,8,1,0.243,52.9,Email,1,49,0,0,0.095
47,Other,East,49387.95,11,108.28,10,1,0.551,83.6,SMS,0,63,0,1,0.62
35,Female,South,67547.49,75,51.22,8,2,0.03,43.8,Ads,1,47,0,0,0.155
62,Male,South,56735.15,67,100.79,5,3,0.308,40.8,Social Media,0,111,1,1,0.835
41,Male,West,55555.37,45,119.61,13,2,0.217,69.2,Social Media,0,33,0,1,0.56
60,Male,North,95688.19,25,47.24,5,2,0.423,70.7,Ads,0,8,0,0,0.06
47,Female,North,75729.82,89,54.4,10,0,0.226,64.7,Email,0,171,1,1,0.565
48,Female,South,54194.9,93,103.03,12,1,0.473,55.1,Social Media,0,60,0,0,0.26
65,Female,West,70728.27,36,118.01,6,1,0.076,84.1,SMS,0,74,1,1,0.805
70,Female,West,48807.87,33,87.73,6,5,0.131,47.1,Social Media,1,53,1,1,0.67
31,Male,South,73695.66,60,53.12,8,1,0.101,42.3,Ads,0,22,1,0,0.095
48,Female,South,60454.24,111,80.33,10,0,0.225,81.7,Ads,1,6,0,0,0.05
68,Male,North,88222.79,55,84.31,8,1,0.413,29.2,Social Media,0,89,0,1,0.675
49,Female,North,55870.27,59,108.78,9,2,0.213,91.9,Email,0,131,1,1,0.915
28,Female,South,80700.47,95,69.17,8,2,0.234,46.9,Ads,0,23,0,0,0.07
46,Female,South,43209.23,111,28.93,10,1,0.139,53.5,Social Media,1,56,0,0,0.045
19,Female,South,75537.3,81,121.73,7,2,0.225,55.9,Email,1,116,1,1,0.925
65,Female,North,67761.21,106,39.33,7,1,0.067,43.5,Ads,1,125,0,0,0.335
41,Male,North,83197.79,10,62.97,4,1,0.245,54.2,Ads,0,139,1,1,0.835
25,Male,South,60637.25,39,73.05,9,4,0.086,29.6,Ads,0,91,1,1,0.75
20,Male,North,69736.76,18,126.3,11,2,0.191,39.2,SMS,1,174,1,1,0.985
33,Male,East,47054.81,87,35.98,7,1,0.503,63.3,Email,0,102,0,0,0.07
59,Female,East,55719.38,42,112.75,10,4,0.175,55.8,Social Media,0,107,1,1,0.955
36,Female,South,66187.86,3,102.16,6,2,0.08,81.7,Social Media,1,165,1,1,0.91
37,Female,East,85723.85,101,100.39,8,0,0.294,69.5,Email,0,112,1,1,0.72
46,Female,North,45903.81,116,70.82,12,1,0.14,33.9,SMS,0,124,1,1,0.52
36,Male,West,28253.06,104,14.88,5,0,0.076,35.1,SMS,0,161,1,0,0.37
29,Male,East,57169.01,5,5.0,15,2,0.352,90.9,Email,1,131,0,0,0.355
52,Male,South,57992.67,40,127.63,6,0,0.287,82.4,Social Media,1,58,0,1,0.825
54,Male,South,50422.42,25,139.09,11,3,0.272,100.0,Email,0,72,1,1,0.83
26,Female,North,38859.45,111,98.99,3,5,0.362,34.7,Social Media,1,13,0,0,0.295
40,Female,North,77447.84,47,64.98,9,0,0.475,52.5,SMS,1,114,0,1,0.535
42,Other,West,49868.99,63,50.9,8,2,0.221,42.1,SMS,0,135,1,1,0.605
20,Male,South,63497.46,75,106.81,5,1,0.027,43.1,Ads,1,83,1,1,0.84
40,Female,South,93556.0,54,107.98,8,2,0.105,48.6,Social Media,1,171,1,1,0.94
52,Other,West,58180.07,58,79.89,3,0,0.572,45.8,Social Media,0,52,0,0,0.25
62,Male,North,79292.88,80,75.97,7,3,0.491,62.1,Ads,0,163,1,1,0.675
28,Male,South,75335.18,1,119.48,4,1,0.371,74.9,Ads,1,165,1,1,0.93
48,Male,East,58502.62,89,120.41,10,3,0.288,61.6,Ads,1,23,0,0,0.435
63,Female,West,20177.39,28,100.56,6,0,0.276,57.3,SMS,0,49,1,1,0.715
39,Other,West,57284.28,57,87.41,6,2,0.461,56.9,Email,0,113,1,1,0.82
46,Female,East,53234.55,23,87.98,13,4,0.539,51.0,Social Media,0,156,1,1,0.87
25,Other,East,60720.65,105,100.62,10,4,0.327,53.6,Email,0,155,1,1,0.78
25,Male,North,57474.44,73,76.14,9,5,0.392,30.9,SMS,0,44,0,0,0.195
44,Female,East,60960.89,8,62.6,5,2,0.104,63.7,Ads,1,114,1,1,0.815
28,Male,South,57660.75,9,76.51,7,1,0.093,63.4,Email,1,7,0,0,0.305
35,Female,South,24638.13,33,141.28,12,1,0.351,36.6,Email,0,21,1,1,0.83
22,Female,South,57059.16,11,53.02,6,2,0.182,67.6,Ads,0,153,1,1,0.85
31,Male,North,53588.44,110,78.17,6,1,0.273,52.7,Email,0,110,0,1,0.54
35,Male,South,87914.68,23,5.0,4,0,0.186,76.0,Social Media,0,102,0,0,0.23
26,Male,South,30559.67,68,70.15,14,2,0.192,43.4,SMS,0,46,0,0,0.13
35,Male,South,53791.52,56,116.68,8,2,0.333,41.3,SMS,1,24,0,1,0.515
43,Male,South,15000.0,16,63.47,8,4,0.182,13.2,SMS,1,112,1,1,0.775
51,Female,East,51595.17,22,90.92,6,1,0.468,67.4,SMS,0,112,1,1,0.86
20,Male,East,23765.99,79,74.92,2,1,0.36,51.1,Email,0,13,0,0,0.165
57,Male,North,50504.44,1,88.23,9,2,0.185,59.1,Email,0,50,1,1,0.61
21,Male,East,45663.06,98,88.32,9,1,0.241,24.2,Email,0,155,1,1,0.915
29,Female,South,43445.89,14,75.6,9,1,0.04,72.4,Email,0,74,0,1,0.555
31,Female,West,81831.08,61,47.15,12,0,0.254,55.4,SMS,0,142,0,0,0.39
57,Male,North,70781.1,59,45.64,8,0,0.201,73.1,Ads,0,64,0,0,0.065
46,Male,North,51836.28,82,134.41,6,1,0.228,73.3,Ads,0,151,1,1,0.965
65,Male,South,69554.62,29,170.64,15,2,0.428,63.0,Social Media,0,98,1,1,0.9
18,Male,North,71652.28,21,117.22,9,6,0.137,60.3,SMS,1,40,1,1,0.74
67,Female,West,35236.71,55,33.54,12,0,0.147,41.9,Ads,0,88,0,0,0.22
38,Male,South,61328.81,32,113.84,10,1,0.104,46.7,Social Media,1,87,1,1,0.93
64,Male,South,64967.29,44,5.0,7,1,0.203,48.4,SMS,0,74,0,0,0.17
49,Female,South,79043.39,110,56.63,7,2,0.346,70.7,Social Media,1,96,0,0,0.125
34,Male,East,86348.41,98,48.08,5,2,0.019,75.7,SMS,0,48,0,0,0.105
32,Male,East,74903.93,22,132.52,4,0,0.189,55.2,Ads,1,133,1,1,0.975
58,Male,North,58243.11,8,19.15,9,0,0.347,65.6,SMS,0,26,0,0,0.12
60,Male,East,73612.07,55,79.95,11,1,0.101,74.8,Ads,1,32,0,0,0.23
50,Female,South,66177.49,3,86.78,5,0,0.427,85.1,SMS,1,52,1,1,0.605
71,Male,North,58163.99,3,83.78,10,0,0.085,72.8,Email,1,79,1,1,0.705
29,Male,South,83976.11,105,85.94,7,1,0.382,80.9,SMS,1,162,1,1,0.64
52,Other,South,82224.29,33,96.05,5,2,0.321,50.6,Email,1,38,1,1,0.625
32,Male,South,73782.49,80,98.47,8,0,0.121,77.5,Social Media,1,98,0,1,0.675
22,Female,West,43580.9,105,70.9,6,1,0.425,76.5,Ads,0,88,0,0,0.13
65,Female,West,62500.03,37,53.99,10,3,0.088,0.0,Email,0,13,0,0,0.145
67,Other,South,60088.38,39,73.65,4,0,0.19,77.1,Social Media,1,124,1,1,0.715
64,Female,East,34985.79,9,16.6,6,3,0.163,31.3,Social Media,1,4,0,0,0.17
47,Female,North,88153.84,67,74.52,9,4,0.14,70.2,Social Media,1,110,1,1,0.54
60,Female,East,71679.22,68,72.28,11,4,0.446,11.4,Ads,0,133,1,1,0.595
24,Female,West,61927.8,56,123.41,9,1,0.669,32.0,Email,1,120,1,1,0.835
34,Male,West,46929.15,119,85.24,11,0,0.255,59.7,SMS,0,6,0,0,0.175
30,Male,East,50925.26,116,60.62,5,3,0.258,37.3,Social Media,1,169,1,1,0.7
24,Female,West,68455.87,59,85.13,6,1,0.484,45.2,Social Media,1,87,1,1,0.58
51,Female,West,71002.62,100,71.3,6,2,0.709,72.9,Social Media,1,17,0,0,0.065
50,Female,West,82486.02,96,59.77,12,3,0.165,100.0,Email,0,4,0,0,0.08
51,Female,North,100545.77,76,101.23,7,4,0.247,63.8,Social Media,1,49,1,1,0.54
20,Female,West,60652.68,14,82.48,2,4,0.107,29.1,Email,1,149,1,1,0.915
73,Male,South,67110.02,70,122.19,8,0,0.094,35.5,Social Media,1,169,1,1,0.955
74,Male,South,15000.0,57,47.54,8,1,0.274,91.2,Email,1,9,0,0,0.14
66,Male,East,87741.12,87,98.88,6,0,0.679,79.4,Ads,0,45,0,0,0.275
66,Male,West,78389.68,30,33.1,7,0,0.361,78.5,SMS,0,82,0,0,0.185
35,Female,West,52893.34,45,68.41,3,1,0.157,71.0,Social Media,1,71,1,0,0.385
36,Male,North,66142.91,22,47.52,8,1,0.526,65.3,Email,1,22,0,0,0.05
59,Male,North,39218.87,110,77.57,6,0,0.05,75.5,Email,1,151,1,1,0.535
35,Male,West,51357.61,28,44.75,3,1,0.018,38.0,Social Media,1,107,1,1,0.575
30,Female,East,43921.17,71,138.43,9,2,0.372,70.9,Ads,0,14,0,1,0.56
36,Female,East,70787.81,72,76.98,7,2,0.42,73.7,SMS,0,82,0,0,0.22
40,Male,North,69883.9,89,22.85,6,1,0.419,64.1,Ads,0,16,0,0,0.005
69,Male,East,56715.01,14,89.7,16,4,0.192,42.4,Email,0,50,0,1,0.57
23,Female,West,61198.69,20,128.94,8,1,0.345,49.4,Email,1,139,1,1,0.945
48,Female,North,30099.56,41,68.57,8,0,0.328,49.9,Ads,0,165,1,1,0.865
74,Female,West,45266.42,31,78.39,7,0,0.198,25.0,Email,0,179,1,1,0.91
19,Female,South,56592.83,94,91.23,12,1,0.214,100.0,Email,1,157,1,1,0.775
46,Female,East,51077.44,36,77.77,4,2,0.313,74.2,Social Media,0,135,1,1,0.855
37,Female,West,100009.99,119,91.58,11,4,0.133,70.8,SMS,0,153,0,1,0.71
41,Male,East,39057.16,23,75.5,9,1,0.412,61.7,Ads,0,72,0,0,0.415
51,Male,North,69855.59,13,61.51,4,3,0.075,85.3,Social Media,0,122,1,1,0.73
59,Female,South,77563.08,114,40.26,9,2,0.394,11.4,Social Media,0,3,0,0,0.105
64,Male,South,57301.59,6,33.52,7,4,0.09,63.8,Email,1,175,1,1,0.695
54,Female,East,65536.08,47,58.25,7,2,0.005,32.5,SMS,1,143,1,1,0.75
53,Female,South,79547.36,6,57.58,17,1,0.544,91.7,SMS,1,24,0,0,0.11
21,Female,West,33416.9,95,98.0,10,4,0.346,77.9,Email,0,156,1,1,0.785
20,Other,West,81086.54,29,66.67,6,1,0.283,79.9,Social Media,0,62,1,0,0.23
41,Female,East,49700.82,105,151.48,11,4,0.49,34.6,SMS,0,84,1,1,0.795
30,Other,East,73620.98,57,60.56,10,1,0.334,63.9,Ads,1,141,1,1,0.66
44,Female,South,76956.53,25,70.67,7,3,0.517,49.8,Ads,0,17,0,0,0.175
55,Male,South,58986.07,76,48.44,6,1,0.479,71.0,Social Media,1,105,0,0,0.07
63,Male,North,84102.85,51,101.19,7,1,0.248,69.8,Ads,0,75,1,1,0.67
74,Male,North,44097.41,25,107.56,10,1,0.398,36.3,SMS,1,79,0,1,0.775
25,Female,North,66971.68,109,134.04,14,3,0.273,100.0,Email,0,62,0,1,0.57
18,Female,South,64209.33,98,57.43,8,0,0.309,49.7,Ads,0,118,0,0,0.345
50,Female,West,76575.74,42,114.73,5,2,0.311,97.4,Social Media,1,122,1,1,0.86
49,Male,West,58448.64,32,113.7,5,1,0.084,61.8,SMS,0,170,1,1,0.965
54,Female,East,36594.83,34,165.13,8,1,0.245,73.9,SMS,1,55,1,1,0.85
54,Male,West,90619.74,71,104.65,7,2,0.51,61.5,Social Media,0,138,1,1,0.775
61,Female,East,55611.02,32,111.99,4,1,0.258,62.4,Social Media,0,43,0,1,0.765
72,Male,West,52111.55,50,66.41,7,1,0.352,56.1,Social Media,0,138,1,1,0.71
21,Male,East,55553.88,111,122.15,11,0,0.171,54.8,Social Media,0,94,0,1,0.82
58,Female,North,59968.29,35,91.9,7,2,0.079,44.1,Email,0,176,1,1,0.985
66,Male,South,44544.32,57,56.85,8,1,0.336,53.7,Email,0,91,1,0,0.275
25,Female,South,89158.51,110,107.66,9,0,0.22,55.1,Ads,0,31,0,0,0.37
27,Male,South,60396.29,29,53.79,12,1,0.269,75.6,Social Media,1,24,0,0,0.105
34,Male,East,72408.78,2,88.37,13,2,0.138,56.5,SMS,1,161,1,1,0.925
30,Female,South,88766.81,35,122.07,8,3,0.054,32.5,SMS,1,87,1,1,0.9
45,Other,South,53356.89,33,100.3,12,3,0.174,77.8,Email,1,163,1,1,0.91
68,Male,West,65936.84,75,54.36,4,3,0.295,82.1,SMS,0,82,1,0,0.135
70,Male,East,57868.49,52,21.78,5,1,0.12,46.4,Ads,1,95,0,0,0.22
54,Female,West,79085.19,101,56.56,5,4,0.239,77.5,Email,0,124,0,0,0.36
59,Other,West,44982.21,113,92.24,12,0,0.311,30.9,Social Media,0,30,0,0,0.365
71,Female,West,30172.86,68,129.74,5,0,0.338,81.0,Social Media,0,152,1,1,0.92
35,Other,West,91513.18,102,75.43,7,0,0.48,58.5,SMS,0,179,0,1,0.635
24,Male,South,79603.33,104,138.76,9,1,0.351,40.2,SMS,0,42,1,1,0.65
24,Male,West,36643.11,85,47.56,4,3,0.314,54.9,Ads,0,76,1,0,0.18
47,Male,East,84134.52,57,88.74,7,3,0.408,45.7,Email,1,163,1,1,0.875
74,Female,West,58544.16,35,87.69,8,1,0.281,63.4,Email,0,117,0,1,0.81
25,Female,East,64060.03,39,113.4,4,4,0.306,57.2,Ads,0,162,1,1,0.95
50,Male,South,52698.57,93,62.89,7,1,0.062,60.1,Ads,0,80,0,0,0.245
60,Female,West,79183.84,45,43.75,4,0,0.054,73.1,SMS,0,134,1,1,0.66
33,Female,North,73898.85,115,101.54,5,3,0.358,41.4,SMS,1,76,1,1,0.555
53,Male,South,57124.73,91,76.82,11,2,0.217,64.8,SMS,0,53,0,0,0.09
56,Female,West,53796.91,43,68.75,12,0,0.573,100.0,Ads,0,64,0,0,0.14
72,Female,North,71546.66,20,36.08,13,2,0.284,66.0,Ads,0,48,0,0,0.065
61,Other,North,86364.62,71,81.77,8,2,0.014,83.4,Ads,0,41,0,0,0.345
20,Other,West,92894.59,105,81.67,3,2,0.5,77.6,Social Media,0,9,0,0,0.18
22,Female,North,67524.44,26,98.9,6,2,0.442,96.6,Email,0,102,0,1,0.81
68,Female,South,34917.91,94,40.8,7,1,0.16,81.8,SMS,0,109,1,0,0.155
33,Female,South,46485.38,6,126.93,5,2,0.101,58.1,SMS,0,7,1,1,0.765
72,Male,East,65802.91,68,138.78,17,1,0.337,67.2,SMS,0,79,1,1,0.735
47,Female,East,51420.02,99,135.06,10,1,0.388,97.7,SMS,0,68,1,1,0.73
24,Female,East,69827.74,95,66.06,8,2,0.198,68.7,Email,1,79,1,0,0.16
40,Male,North,58376.73,61,110.12,5,1,0.546,67.6,Ads,0,20,0,0,0.365
44,Female,West,65275.28,55,48.36,3,4,0.385,88.0,Social Media,0,47,0,0,0.115
53,Male,East,85319.76,15,28.05,7,1,0.191,36.0,Ads,0,144,1,1,0.68
35,Male,North,59843.29,65,5.0,10,2,0.008,67.8,Social Media,0,76,0,0,0.11
33,Female,North,51283.16,21,20.74,6,4,0.162,49.2,Social Media,1,88,0,0,0.25
27,Male,West,61613.25,46,143.8,5,0,0.392,47.7,Social Media,0,138,1,1,0.935
41,Male,East,44048.38,40,46.24,6,1,0.228,67.5,SMS,1,8,0,0,0.175
40,Male,West,57747.21,113,113.27,12,1,0.216,18.3,Social Media,1,146,1,1,0.915
25,Female,West,57254.22,41,130.55,12,3,0.233,59.0,Social Media,0,91,1,1,0.895
34,Female,West,68704.55,57,55.9,7,1,0.162,81.8,Email,0,75,1,0,0.215
33,Male,East,57372.49,29,84.08,8,4,0.143,38.5,SMS,0,66,1,1,0.71
53,Female,North,79872.1,77,141.19,10,2,0.35,84.5,Social Media,0,66,1,1,0.76
63,Female,North,87613.51,71,67.58,4,4,0.193,69.9,Social Media,0,33,0,0,0.21
37,Female,West,61761.56,91,20.01,9,1,0.169,84.4,SMS,0,144,0,0,0.115
27,Male,East,60415.59,43,108.41,5,2,0.046,21.9,Social Media,0,146,1,1,0.95
54,Male,South,44517.47,110,96.99,9,2,0.075,59.2,Social Media,0,92,1,1,0.67
59,Female,South,39422.61,95,17.79,7,1,0.113,27.5,Email,1,74,0,0,0.15
57,Male,West,41534.46,44,144.9,13,1,0.259,70.8,Ads,1,49,1,1,0.815
22,Male,North,81380.6,55,74.18,9,3,0.106,61.0,SMS,1,78,1,0,0.42
53,Female,South,77551.0,84,64.05,7,2,0.446,53.5,Social Media,0,75,0,0,0.14
28,Female,North,47606.54,111,88.28,6,2,0.284,43.7,Ads,0,14,0,0,0.11
49,Male,West,41525.63,79,112.12,8,1,0.273,100.0,Social Media,0,78,0,1,0.59
43,Female,West,67706.37,62,71.62,10,2,0.529,68.4,SMS,0,27,0,0,0.05
40,Male,South,37587.42,96,73.72,9,2,0.33,51.9,Ads,0,68,0,0,0.125
38,Male,South,46114.21,47,135.65,8,3,0.389,35.5,SMS,0,39,1,1,0.665
27,Male,West,65914.82,73,97.18,7,0,0.152,61.7,Ads,0,53,0,0,0.395
45,Male,North,53979.75,9,91.73,7,2,0.498,98.4,Ads,1,72,0,1,0.58
55,Male,East,54018.63,112,80.64,10,2,0.385,58.3,SMS,1,121,1,1,0.515
48,Male,South,80928.77,55,143.57,4,2,0.243,74.5,Ads,1,157,1,1,0.97
21,Male,West,33077.61,102,112.24,9,1,0.4,74.0,SMS,1,143,1,1,0.81
61,Male,West,49541.1,26,70.98,13,2,0.429,66.7,SMS,0,167,1,1,0.81
73,Male,West,48643.95,32,121.41,5,1,0.119,73.4,Social Media,0,15,0,1,0.545
47,Female,West,57886.97,72,48.83,16,3,0.126,76.8,Email,1,58,0,0,0.045
61,Male,East,67307.84,119,148.99,4,2,0.235,28.0,Ads,0,131,1,1,0.94
66,Female,West,68791.35,114,79.64,14,1,0.206,30.3,Ads,1,14,0,0,0.155
69,Male,South,27211.52,55,104.03,11,1,0.488,63.3,Social Media,1,57,0,0,0.35
56,Female,North,71922.17,84,90.27,9,2,0.222,18.5,Email,0,123,1,1,0.92
63,Female,West,86545.89,102,43.31,9,1,0.339,56.3,Ads,0,44,0,0,0.015
29,Other,South,70443.53,27,102.48,7,0,0.3,80.8,Social Media,0,139,1,1,0.91
25,Female,South,64770.35,75,101.81,11,1,0.434,67.1,SMS,0,100,1,1,0.725
58,Male,South,55146.91,75,36.85,11,2,0.189,39.0,SMS,1,27,0,0,0.05
69,Male,North,39377.41,90,5.0,10,1,0.417,52.0,SMS,0,115,0,0,0.125
37,Female,North,60309.75,38,71.05,9,1,0.166,64.5,SMS,0,85,0,0,0.42
36,Male,West,78286.17,91,60.48,10,1,0.137,41.9,Social Media,0,58,0,0,0.125
24,Female,East,85917.13,15,71.77,10,1,0.411,52.3,Ads,0,96,0,1,0.725
27,Male,North,83960.33,56,60.52,8,1,0.333,53.2,SMS,0,60,0,0,0.16
69,Other,East,42761.3,58,113.61,16,0,0.192,83.1,Ads,1,3,0,0,0.435
73,Female,West,89030.48,53,45.34,7,0,0.298,45.0,Email,1,141,1,0,0.445
62,Male,South,54762.12,27,81.03,8,2,0.364,45.5,SMS,1,20,1,0,0.225
68,Female,East,56065.32,94,34.59,7,3,0.247,62.7,Email,0,127,0,0,0.24
45,Female,North,52986.86,77,54.86,6,2,0.439,28.8,SMS,0,174,0,1,0.63
32,Female,West,81633.65,4,48.61,5,0,0.606,74.1,Ads,0,44,0,0,0.12
64,Female,North,56609.08,46,65.08,9,3,0.263,83.3,Ads,0,160,1,1,0.83
42,Female,North,71869.75,32,95.22,11,0,0.567,68.9,Ads,0,137,1,1,0.855
35,Female,West,51820.3,103,36.51,12,2,0.395,67.0,SMS,0,66,0,0,0.02
63,Male,East,44228.87,108,99.58,9,1,0.516,20.7,SMS,0,50,1,0,0.34
29,Male,East,29864.28,29,66.08,7,0,0.337,20.5,Social Media,0,29,0,0,0.335
53,Male,West,51618.59,118,82.96,6,1,0.214,60.5,Social Media,0,26,0,0,0.16
48,Male,North,96807.49,90,42.59,7,2,0.348,42.7,Email,0,48,0,0,0.115
22,Female,East,38683.96,109,79.58,9,1,0.086,79.9,SMS,0,145,1,1,0.685
64,Female,East,88068.13,84,45.77,2,0,0.076,51.5,Email,1,26,0,0,0.185
67,Male,South,50929.27,47,75.81,8,1,0.114,58.8,Social Media,0,89,1,1,0.59
31,Female,South,73512.77,13,60.98,9,3,0.043,40.8,Social Media,0,131,0,1,0.845
40,Male,East,46182.34,47,99.19,7,0,0.226,42.5,Ads,1,31,0,1,0.555
72,Male,South,80829.7,25,93.36,9,1,0.066,82.5,SMS,0,128,1,1,0.925
23,Male,South,37729.74,101,87.66,7,0,0.27,63.8,SMS,0,97,1,0,0.42
63,Female,North,37421.89,58,81.52,6,0,0.168,75.4,SMS,1,80,0,0,0.47
42,Female,South,65076.64,65,90.24,6,0,0.073,53.4,Social Media,1,40,1,0,0.44
35,Female,West,45853.54,23,84.76,15,2,0.082,89.0,Email,0,56,0,0,0.37
58,Male,West,62617.47,19,147.72,3,1,0.15,70.6,SMS,0,130,1,1,0.965
49,Male,East,36970.33,88,119.99,9,4,0.227,80.7,Email,0,111,1,1,0.835
20,Female,East,59688.17,35,81.1,3,1,0.428,56.5,SMS,1,67,1,1,0.575
71,Male,South,61112.25,113,66.96,9,0,0.078,39.5,SMS,1,139,1,1,0.565
21,Male,East,25766.57,104,58.73,13,0,0.568,46.5,Email,0,143,0,0,0.325
48,Female,East,66810.32,6,67.53,8,0,0.389,35.7,Ads,1,94,1,1,0.675
54,Female,North,35764.99,75,79.88,8,1,0.46,80.4,Social Media,1,16,0,0,0.11
38,Male,East,87443.36,50,88.31,6,1,0.189,100.0,Ads,0,91,1,1,0.695
47,Male,West,59262.18,101,108.8,4,2,0.203,91.5,SMS,1,128,1,1,0.88
49,Male,East,88871.08,16,67.46,3,0,0.111,70.4,Email,1,25,0,0,0.36
19,Male,North,81897.51,31,91.23,8,2,0.451,50.9,Social Media,1,29,1,0,0.445
28,Male,West,40992.73,3,86.98,9,0,0.072,91.1,Ads,0,150,1,1,0.935
43,Male,East,70362.66,86,95.81,9,1,0.324,78.4,SMS,1,179,1,1,0.845
62,Female,East,64954.72,23,92.48,8,2,0.267,46.4,Ads,0,166,1,1,0.985
35,Female,South,42887.37,50,90.95,9,2,0.275,62.1,Email,0,164,1,1,0.895
60,Male,North,43287.13,68,100.22,9,1,0.366,96.6,SMS,0,108,1,1,0.71
38,Male,South,64255.84,62,96.21,8,4,0.128,72.7,Ads,0,170,1,1,0.92
51,Male,West,62125.48,116,43.39,8,1,0.076,24.5,SMS,0,46,0,0,0.075
44,Female,South,31068.37,13,146.38,7,2,0.51,43.5,Ads,0,40,1,1,0.835
61,Male,West,74139.32,98,141.69,9,3,0.353,82.9,Email,0,72,1,1,0.745
51,Female,West,65017.24,8,149.24,9,1,0.353,33.1,Email,1,138,1,1,0.97
20,Female,East,49205.05,73,33.16,6,2,0.453,47.7,SMS,1,94,0,0,0.21
73,Male,North,73890.4,102,79.88,6,1,0.075,68.7,SMS,0,34,1,0,0.135
64,Male,East,55744.7,62,68.28,10,1,0.341,81.7,SMS,1,32,0,0,0.075
41,Male,North,73339.82,22,63.49,6,3,0.302,42.8,Ads,1,10,0,0,0.185
26,Male,South,76730.06,76,71.8,7,3,0.26,51.3,Ads,0,89,1,0,0.375
57,Male,East,51193.02,29,119.7,10,1,0.362,24.7,SMS,0,149,1,1,0.965
44,Female,West,56818.37,74,107.98,11,1,0.493,89.0,Social Media,0,59,0,0,0.34
23,Female,South,64280.42,21,14.52,15,3,0.46,86.0,SMS,0,35,0,0,0.065
28,Male,East,74064.07,70,72.03,10,1,0.305,47.5,Email,0,102,1,0,0.475
30,Male,East,23626.27,71,95.52,5,0,0.335,74.1,Ads,1,97,1,1,0.635
42,Male,South,47753.22,7,32.6,7,2,0.163,36.9,Social Media,0,58,0,0,0.235
21,Female,North,76016.91,100,75.59,6,2,0.439,44.4,Email,1,174,1,1,0.765
36,Male,West,47967.61,37,70.2,5,3,0.7,71.6,Ads,1,65,0,0,0.3
47,Female,East,54512.9,61,81.76,7,1,0.343,24.9,SMS,1,53,1,1,0.545
71,Male,North,61967.31,42,90.93,9,1,0.195,29.2,Ads,0,109,1,1,0.905
53,Female,South,74513.24,13,84.63,6,1,0.478,93.1,Social Media,0,6,1,0,0.365
48,Male,North,91966.96,39,95.36,3,0,0.338,60.9,SMS,0,103,1,1,0.77
25,Female,West,67940.41,37,91.16,6,0,0.135,38.8,Email,1,121,1,1,0.91
45,Male,South,61678.5,91,96.59,9,2,0.382,61.2,Email,0,168,1,1,0.85
20,Male,South,62016.52,87,46.16,6,1,0.143,36.2,Ads,0,33,0,0,0.095
50,Male,West,71491.73,94,65.71,9,2,0.388,81.8,SMS,1,17,0,0,0.035
40,Female,South,97698.63,66,43.23,12,1,0.685,76.0,Ads,0,30,0,0,0.07
55,Male,West,93387.62,39,82.15,9,1,0.185,52.8,Social Media,0,77,0,1,0.73
31,Male,South,81231.95,89,56.76,5,2,0.112,49.8,Social Media,0,94,1,0,0.2
36,Male,North,70024.95,23,112.0,11,2,0.105,63.3,Ads,1,75,0,1,0.885
26,Male,South,63714.27,67,117.22,11,3,0.134,71.5,Social Media,1,171,1,1,0.94
22,Male,West,50040.95,1,22.91,9,0,0.008,59.3,SMS,0,138,1,1,0.555
68,Female,South,72021.59,67,55.18,7,0,0.168,39.1,Ads,0,107,0,1,0.575
67,Male,West,43413.55,34,120.02,7,3,0.196,48.6,SMS,0,9,1,1,0.785
57,Female,West,86242.73,82,64.07,12,3,0.197,99.9,SMS,0,39,0,0,0.135
51,Female,South,30690.86,111,109.34,6,2,0.302,55.3,Ads,1,105,1,1,0.735
74,Female,South,60292.96,47,44.86,7,2,0.385,49.7,Ads,0,146,0,1,0.595
41,Male,North,59545.64,114,65.8,5,1,0.151,45.7,Social Media,0,179,1,1,0.76
42,Female,East,77702.61,65,70.89,11,1,0.046,55.8,Email,0,78,1,0,0.365
62,Female,West,63611.45,66,44.57,9,1,0.294,62.9,Social Media,0,79,0,0,0.075
34,Male,North,66625.9,75,17.89,6,1,0.177,72.6,SMS,1,115,0,0,0.13
52,Male,South,46350.75,86,62.66,2,1,0.545,90.4,Email,0,172,0,1,0.615
55,Female,West,83538.73,70,5.0,7,3,0.321,70.9,Email,0,111,0,0,0.11
19,Female,East,60870.71,102,110.97,8,3,0.116,62.1,SMS,0,82,1,1,0.73
29,Male,East,45750.18,114,77.39,12,1,0.211,45.9,Email,0,120,1,1,0.61
58,Female,West,74138.69,20,70.18,7,1,0.417,36.1,Social Media,0,72,1,0,0.475
35,Male,South,28675.36,64,116.77,11,2,0.232,74.7,Email,1,53,1,1,0.59
64,Male,North,38624.88,6,124.94,6,1,0.283,63.7,Social Media,0,22,0,1,0.755
29,Male,South,77241.52,10,67.73,5,2,0.424,44.7,SMS,0,167,1,1,0.85
23,Male,West,70925.11,24,46.62,6,2,0.229,52.3,SMS,0,79,0,0,0.36
73,Male,West,49800.36,117,42.55,3,1,0.076,51.0,Email,0,100,0,0,0.315
53,Male,North,53727.8,77,99.82,11,1,0.123,94.7,Email,1,117,1,1,0.88
26,Male,West,82923.62,15,78.25,5,3,0.252,68.6,Email,1,28,0,0,0.33
46,Female,North,82446.84,58,92.59,8,1,0.339,55.6,Email,0,141,1,1,0.945
50,Female,East,45563.23,60,72.77,7,2,0.236,91.4,Email,0,64,1,0,0.27
49,Female,West,39709.85,23,21.35,10,1,0.404,37.3,Email,0,177,0,0,0.38
37,Female,East,52261.73,11,135.74,9,2,0.104,57.1,Ads,0,31,1,1,0.935
62,Female,South,49686.48,66,76.2,7,0,0.608,77.7,SMS,1,90,0,0,0.295
21,Male,East,79219.25,28,107.93,13,2,0.325,49.5,Ads,0,128,1,1,0.945
66,Female,North,68153.32,73,65.94,7,1,0.19,65.3,Social Media,1,163,1,1,0.785
61,Female,South,30752.36,33,57.0,9,1,0.173,53.8,SMS,0,162,1,1,0.825
44,Male,South,49539.94,41,105.47,10,3,0.421,33.0,Ads,1,164,1,1,0.925
50,Female,North,73416.68,61,89.05,3,1,0.281,26.5,SMS,1,29,0,0,0.445
22,Female,East,30224.82,54,92.33,7,2,0.428,54.9,Ads,0,25,0,0,0.265
74,Female,West,46913.16,41,126.28,8,2,0.314,35.0,Social Media,1,7,0,1,0.65
72,Male,East,46054.73,60,144.35,10,1,0.165,28.7,Ads,0,22,1,1,0.71
51,Male,North,65712.19,5,99.48,12,2,0.306,77.6,SMS,0,71,1,1,0.67
38,Female,East,73606.32,35,95.55,6,3,0.591,73.8,Email,0,33,0,0,0.415
73,Male,West,60545.08,43,54.3,5,1,0.169,38.2,Email,0,27,0,0,0.21
67,Female,East,37155.06,43,34.32,6,2,0.006,32.3,Email,1,69,1,0,0.31
48,Female,West,66099.32,19,80.12,7,3,0.063,87.8,SMS,1,147,1,1,0.87
69,Female,West,71550.77,71,73.85,10,0,0.251,80.2,Email,0,166,1,1,0.755
59,Female,South,97991.37,55,114.69,9,1,0.012,56.5,Email,0,107,1,1,0.855
37,Male,North,68766.64,63,56.71,10,2,0.275,93.9,Email,1,154,1,1,0.535
72,Female,East,40868.03,46,73.02,8,2,0.421,78.0,Social Media,0,94,1,0,0.425
71,Female,West,106791.22,83,118.58,7,5,0.346,23.7,Email,1,174,1,1,0.905
47,Male,East,84386.34,92,73.34,12,1,0.144,48.0,Email,0,14,0,0,0.12
57,Female,West,54409.19,19,37.74,8,1,0.231,45.3,Social Media,0,164,1,1,0.665
49,Female,North,38079.92,68,97.11,6,1,0.217,48.7,Social Media,0,124,1,1,0.905
28,Female,East,53842.99,36,104.53,11,1,0.474,25.7,SMS,0,89,1,1,0.81
66,Male,South,64747.18,90,105.35,11,1,0.104,49.5,Ads,0,32,0,0,0.435
62,Male,East,33888.06,116,65.9,8,0,0.196,57.2,SMS,0,110,0,0,0.315
33,Female,East,51841.28,80,65.27,7,1,0.146,32.5,Ads,0,59,0,0,0.305
18,Male,North,45749.76,115,137.89,4,1,0.066,64.5,Social Media,0,104,1,1,0.865
32,Female,West,89629.39,86,86.85,10,1,0.124,51.8,Ads,0,19,0,0,0.175
45,Male,East,59257.11,15,50.47,10,0,0.198,61.7,SMS,1,76,0,0,0.35
27,Male,West,57391.48,25,18.99,8,1,0.346,73.0,Email,0,57,0,0,0.085
59,Female,East,30870.75,72,86.07,3,1,0.3,44.8,Email,0,10,0,0,0.28
50,Female,South,92090.05,4,118.63,13,0,0.468,71.1,Email,0,57,0,1,0.68
52,Male,East,56444.31,6,109.38,5,0,0.205,99.7,Social Media,0,58,1,1,0.705
29,Male,North,72702.42,76,93.01,8,2,0.39,63.0,Ads,1,85,1,0,0.49
34,Male,East,36305.35,73,119.54,7,0,0.382,63.1,Email,0,142,1,1,0.92
38,Other,South,61868.22,109,39.76,5,3,0.302,22.3,Social Media,1,83,0,0,0.2
68,Female,South,73003.12,13,82.99,6,3,0.073,51.8,Ads,0,176,1,1,0.97
71,Male,North,67630.51,87,56.97,9,6,0.151,97.7,Ads,0,96,0,0,0.35
27,Female,South,65958.41,49,65.51,8,3,0.074,61.8,SMS,1,48,1,0,0.225
56,Male,North,86472.38,104,75.78,5,1,0.401,100.0,Email,0,69,0,0,0.135
57,Female,South,83315.67,58,105.21,7,1,0.369,64.0,Social Media,0,28,0,0,0.31
59,Male,East,67674.23,58,47.84,7,4,0.582,44.3,Ads,0,138,0,0,0.425
52,Male,East,61331.59,106,32.47,6,1,0.192,39.9,Email,1,32,0,0,0.08
67,Female,West,61209.87,51,27.16,6,1,0.331,57.9,Ads,0,61,0,0,0.085
30,Male,South,89644.1,118,15.39,8,3,0.275,24.7,SMS,1,106,0,0,0.22
71,Male,South,39202.92,42,108.02,13,3,0.325,76.5,SMS,0,147,1,1,0.95
73,Female,South,55804.28,54,65.85,8,2,0.371,77.7,Ads,0,82,1,0,0.245
51,Female,South,73891.24,22,55.03,7,0,0.054,80.9,Social Media,0,117,1,1,0.7
44,Other,South,58021.47,81,47.69,8,3,0.156,53.6,Social Media,1,50,0,0,0.135
58,Female,South,63857.28,93,48.9,11,3,0.229,50.3,Email,0,36,0,0,0.035
28,Female,South,46273.72,39,75.84,9,0,0.368,62.1,SMS,0,82,0,0,0.46
69,Female,West,49752.86,52,15.3,7,0,0.131,54.0,Social Media,1,40,0,0,0.09
30,Male,North,85978.3,3,114.9,8,2,0.4,55.0,Ads,0,58,1,1,0.85
42,Male,West,85336.94,18,38.14,6,0,0.221,63.5,SMS,0,32,1,0,0.095
68,Male,North,45741.95,38,5.0,6,2,0.43,36.1,SMS,1,6,0,0,0.065
26,Female,North,60659.39,2,68.21,6,0,0.308,37.1,Ads,0,105,1,1,0.695
27,Female,North,54244.76,104,68.76,6,0,0.04,67.6,Ads,1,168,1,1,0.74
74,Male,South,55331.35,97,89.87,3,3,0.12,87.9,SMS,0,85,0,0,0.5
22,Female,South,78879.37,45,71.69,9,1,0.163,62.4,Email,0,90,1,1,0.52
39,Male,West,82361.98,86,124.83,7,1,0.207,72.4,Email,1,145,1,1,0.925
31,Female,South,45719.58,52,84.64,11,2,0.072,47.2,Email,0,66,1,0,0.395
43,Male,West,23882.14,41,61.9,6,2,0.533,81.5,Social Media,1,81,0,0,0.37
18,Female,South,38083.61,35,64.96,8,1,0.165,25.4,Email,0,99,1,1,0.705
66,Female,East,67735.7,49,111.01,9,2,0.294,55.2,Ads,1,47,1,1,0.715
54,Male,South,69301.31,117,98.25,11,6,0.22,100.0,SMS,0,114,1,1,0.64
30,Male,West,56969.24,88,5.0,8,1,0.27,80.8,Social Media,0,175,0,0,0.19
72,Male,West,70371.69,16,117.68,8,3,0.259,48.5,Ads,1,71,0,1,0.81
44,Male,East,70717.57,62,111.85,6,0,0.015,80.9,Social Media,1,17,1,1,0.515
58,Male,North,66145.79,116,45.42,8,2,0.361,45.0,SMS,1,73,0,0,0.055
41,Male,East,67279.61,109,23.69,11,3,0.274,55.6,Social Media,0,48,0,0,0.05
22,Male,East,79628.85,4,110.02,15,0,0.528,48.8,SMS,0,137,1,1,0.79
61,Male,South,47769.55,3,59.36,10,1,0.347,42.9,Ads,0,104,0,1,0.545
30,Male,South,40513.84,17,110.66,7,0,0.391,47.3,SMS,0,122,1,1,0.94
46,Male,South,64548.66,41,45.98,12,0,0.136,51.5,SMS,1,34,0,0,0.065
34,Female,East,78164.2,31,49.96,8,4,0.271,39.3,SMS,0,103,0,1,0.515
53,Male,West,63382.59,35,88.41,12,0,0.23,50.8,Social Media,1,48,0,1,0.525
38,Male,South,26973.9,25,44.29,10,2,0.318,42.1,Ads,1,43,0,0,0.15
20,Female,West,65301.83,75,111.95,10,2,0.206,58.6,Social Media,1,72,1,1,0.68
63,Male,West,69762.03,14,87.66,10,1,0.248,25.9,SMS,0,155,1,1,0.95
41,Female,South,57706.4,44,111.51,5,2,0.278,28.1,Ads,0,148,1,1,0.965
68,Female,East,51478.13,95,121.72,8,0,0.461,56.5,Ads,0,79,1,1,0.71
55,Female,North,66658.26,114,117.79,6,0,0.259,78.0,Social Media,1,16,0,0,0.33
26,Female,East,62226.06,105,88.42,12,0,0.336,64.7,Social Media,0,8,0,0,0.105
36,Other,West,96662.24,62,105.6,6,0,0.253,47.9,Ads,0,59,0,1,0.645
30,Female,West,56172.59,85,53.29,9,2,0.19,65.0,Email,1,102,0,0,0.18
73,Male,East,95167.35,118,110.61,14,0,0.442,83.7,Ads,0,118,0,1,0.585
57,Female,East,58689.65,95,38.03,12,3,0.354,61.5,Ads,0,108,1,0,0.135
22,Male,North,64369.4,116,86.19,9,1,0.337,65.7,Email,1,106,1,0,0.495
29,Male,North,71574.45,30,109.19,11,1,0.152,77.4,Social Media,1,151,1,1,0.97
65,Female,North,101906.94,35,52.63,10,2,0.119,82.8,Ads,1,6,1,0,0.22
47,Female,West,45125.3,114,91.78,10,1,0.247,50.6,Email,0,59,0,0,0.31
71,Female,West,81411.18,100,59.65,9,1,0.413,82.0,SMS,1,20,0,0,0.03
70,Female,West,95747.4,86,60.61,10,3,0.455,87.6,Ads,0,102,1,0,0.22
56,Male,South,75800.8,68,61.65,8,3,0.124,66.0,SMS,1,87,1,0,0.245
64,Female,West,81649.51,48,72.69,11,2,0.243,78.7,Ads,0,11,1,0,0.135
48,Male,North,100382.07,52,126.0,10,0,0.151,55.7,Ads,1,55,1,1,0.79
70,Male,West,76974.94,49,75.56,7,1,0.029,53.1,Ads,1,42,1,0,0.285
64,Female,West,63895.14,98,75.09,14,3,0.375,31.3,Email,0,10,0,0,0.135
18,Female,West,71692.42,80,52.21,7,1,0.077,54.2,SMS,0,147,1,1,0.615
31,Male,North,82851.36,15,85.06,4,2,0.123,55.4,Ads,0,168,1,1,0.965
47,Other,West,70188.15,100,90.02,6,6,0.225,78.4,Email,0,110,1,1,0.755
62,Male,West,75731.86,68,117.79,13,2,0.31,75.4,SMS,0,68,1,1,0.62
19,Female,North,41148.29,94,116.08,4,2,0.291,41.8,Social Media,0,19,0,0,0.495
44,Male,West,40014.65,13,68.36,7,2,0.066,69.2,Social Media,0,57,0,0,0.385
55,Male,East,46487.77,35,81.09,6,3,0.277,39.5,SMS,1,122,1,1,0.88
34,Female,North,70566.2,112,56.1,10,1,0.126,67.0,SMS,0,163,1,0,0.465
53,Female,East,74560.18,67,126.23,7,5,0.436,48.9,SMS,1,24,1,1,0.575
54,Female,East,63286.19,25,58.58,10,3,0.211,78.8,SMS,1,147,0,1,0.805
22,Female,North,49552.25,115,9.94,2,2,0.203,52.0,Social Media,0,5,0,0,0.08
49,Female,South,60946.4,54,73.72,9,0,0.119,65.6,Ads,1,1,0,0,0.24
33,Male,West,47790.6,10,88.82,10,2,0.137,33.3,Social Media,0,31,1,1,0.535
51,Female,East,23881.64,101,64.66,8,3,0.682,29.5,Ads,1,95,0,0,0.205
30,Male,North,63437.12,75,38.31,9,1,0.435,97.3,SMS,1,116,0,0,0.17
43,Male,West,36092.24,45,98.62,8,1,0.135,57.8,Email,0,71,1,1,0.865
47,Male,South,23019.09,80,68.59,9,1,0.171,37.7,Social Media,0,135,1,1,0.665
57,Male,North,60277.02,50,167.09,4,1,0.21,99.1,Email,0,173,1,1,0.935
67,Female,North,32293.88,77,102.48,9,1,0.553,79.1,Ads,0,125,0,1,0.755
22,Female,North,50645.5,106,96.97,12,1,0.187,8.6,SMS,0,133,1,1,0.83
49,Female,North,80126.08,43,104.11,6,0,0.036,40.4,Email,0,63,1,1,0.755
38,Male,North,69591.49,43,102.67,12,4,0.378,40.1,Ads,0,110,0,1,0.895
32,Male,North,55667.49,90,116.26,13,0,0.258,62.7,Email,0,146,1,1,0.91
32,Female,West,75691.81,47,91.19,5,1,0.281,44.0,Email,0,164,1,1,0.925
73,Female,West,56784.81,60,106.19,8,3,0.021,52.3,Email,0,36,1,1,0.6
40,Male,North,55749.97,55,102.27,10,0,0.319,83.1,Social Media,1,2,0,0,0.27
71,Male,North,59613.45,4,83.58,6,5,0.434,20.5,Social Media,0,89,1,1,0.725
18,Male,South,47302.26,29,76.07,8,1,0.619,84.5,Ads,0,141,0,1,0.665
72,Male,North,40149.9,115,144.08,14,4,0.219,49.8,Ads,0,87,1,1,0.79
70,Male,South,46273.25,83,5.0,10,0,0.156,25.9,Email,0,50,0,0,0.075
19,Female,South,72954.35,52,79.9,13,0,0.011,82.0,Social Media,0,106,0,1,0.595
22,Male,South,57392.14,94,89.42,9,2,0.417,65.3,SMS,0,161,0,1,0.77
47,Male,North,39970.36,47,92.62,8,1,0.294,82.6,SMS,0,50,1,0,0.305
22,Male,North,70268.1,18,53.94,10,0,0.062,100.0,Ads,1,40,0,0,0.255
22,Male,South,79801.78,53,101.1,13,2,0.143,86.9,SMS,0,166,1,1,0.875
44,Female,West,44256.33,28,60.35,6,0,0.084,21.6,Social Media,0,166,1,1,0.9
42,Female,South,64130.62,88,62.83,8,1,0.501,84.8,Email,0,109,0,0,0.125
60,Male,North,63011.63,7,130.95,10,4,0.393,56.3,Email,0,133,1,1,0.945
53,Male,East,23566.85,84,54.84,5,1,0.091,65.0,Ads,0,149,1,1,0.565
29,Female,North,54891.19,32,107.67,3,0,0.468,52.9,Email,0,167,1,1,0.95
72,Female,North,59203.87,26,55.98,6,0,0.198,81.8,Email,0,14,0,0,0.135
68,Female,East,48866.84,14,119.32,10,2,0.384,59.9,Social Media,0,54,1,1,0.7
54,Male,East,66925.35,2,66.01,5,1,0.404,71.5,Email,0,12,0,0,0.165
28,Female,West,71291.12,94,19.97,9,2,0.434,47.4,Ads,1,28,0,0,0.01
22,Female,North,75534.54,93,36.75,8,3,0.093,61.6,Email,0,143,1,0,0.405
64,Female,East,66404.63,9,153.1,6,1,0.426,73.3,SMS,0,10,1,1,0.64
34,Male,North,57398.55,73,146.73,6,2,0.165,67.1,Ads,0,16,1,1,0.66
19,Male,South,62173.2,20,54.19,7,2,0.13,54.4,Email,0,131,1,1,0.76
19,Female,North,34946.64,96,73.31,9,2,0.292,46.2,SMS,0,135,0,1,0.635
31,Female,East,54239.19,13,108.52,9,2,0.098,66.0,SMS,0,43,1,1,0.69
28,Female,East,47992.13,46,107.27,5,0,0.475,72.2,SMS,0,110,1,1,0.8
51,Female,West,67397.88,18,5.56,9,3,0.254,39.6,SMS,1,90,0,0,0.24
27,Male,West,79429.07,117,103.72,14,1,0.401,46.4,SMS,0,84,0,1,0.59
36,Male,North,27887.43,91,101.35,5,2,0.057,87.5,Social Media,1,61,0,1,0.575
43,Male,East,77796.51,52,61.09,8,1,0.204,54.0,Social Media,0,99,1,0,0.385
42,Female,West,58358.01,19,94.15,7,1,0.245,76.7,Social Media,0,57,1,1,0.665
39,Male,East,40858.25,36,83.5,5,3,0.341,70.3,SMS,0,70,0,1,0.535
69,Female,West,59681.22,80,45.86,8,2,0.081,92.3,Social Media,0,30,0,0,0.05
49,Female,South,74631.15,66,77.03,9,0,0.205,70.7,Social Media,0,134,0,1,0.695
50,Female,West,71011.41,46,24.86,11,3,0.194,95.4,Social Media,1,160,0,0,0.425
62,Female,North,73848.73,111,109.13,8,0,0.406,76.8,Email,1,46,0,0,0.265
29,Female,North,62331.03,5,120.71,7,2,0.172,66.7,Social Media,0,79,1,1,0.91
21,Male,North,46090.35,70,5.0,9,2,0.245,47.7,Ads,0,94,0,0,0.15
60,Male,North,63333.61,51,100.62,10,1,0.315,61.6,Social Media,0,10,0,0,0.27
34,Female,East,74297.52,49,108.48,11,0,0.372,73.9,Email,1,127,1,1,0.87
70,Female,West,63527.85,31,108.82,9,1,0.385,56.1,Email,0,109,0,1,0.96
26,Male,North,99523.69,5,53.5,12,1,0.482,80.9,Social Media,0,56,0,0,0.175
42,Male,North,70478.91,39,61.3,4,3,0.312,38.0,Email,0,83,0,0,0.475
69,Female,South,31672.33,6,58.77,7,4,0.272,78.7,SMS,0,89,1,0,0.5
48,Male,South,74689.59,21,98.76,11,1,0.266,52.5,Social Media,1,72,1,1,0.7
51,Male,North,53437.5,3,44.28,10,2,0.333,59.4,Ads,0,84,1,0,0.315
43,Male,West,71386.5,88,54.82,8,3,0.146,49.9,Social Media,1,122,1,0,0.48
25,Male,East,90592.52,11,55.09,10,2,0.09,67.4,Ads,1,8,1,0,0.125
33,Male,South,44664.99,43,35.79,9,0,0.322,88.9,Ads,0,162,1,1,0.6
57,Female,South,102263.15,69,136.63,7,4,0.318,53.0,SMS,0,41,1,1,0.715
62,Male,North,49622.86,110,147.16,7,4,0.27,73.0,Social Media,0,141,1,1,0.95
56,Female,East,59096.02,80,81.0,10,1,0.268,43.4,Ads,0,43,0,0,0.15
54,Male,South,24514.76,14,163.68,12,0,0.444,47.1,SMS,0,10,1,1,0.73
47,Male,South,50387.45,118,50.02,10,0,0.123,65.0,Social Media,0,167,1,1,0.535
23,Female,East,85670.24,97,49.2,8,4,0.311,65.8,SMS,0,129,0,0,0.315
36,Male,South,45244.55,97,96.11,8,2,0.564,71.6,Social Media,0,102,0,0,0.455
52,Male,South,63484.04,58,8.93,7,1,0.487,76.6,SMS,1,148,0,0,0.215
31,Other,East,72468.47,60,22.72,6,1,0.222,46.6,Ads,0,135,0,0,0.44
65,Female,South,57130.05,99,37.82,5,3,0.175,71.0,Email,1,179,0,0,0.495
54,Female,South,55972.33,23,103.08,7,2,0.565,22.2,Ads,0,175,1,1,0.965
34,Female,North,33750.4,2,83.5,8,1,0.214,60.5,Ads,0,56,1,1,0.63
28,Male,East,56370.98,17,48.48,8,0,0.196,45.7,Social Media,0,109,1,1,0.64
69,Male,West,37757.92,119,88.96,10,1,0.165,59.5,Ads,0,79,0,0,0.43
27,Female,North,93671.07,62,63.72,6,0,0.123,41.9,Ads,0,123,0,1,0.68
50,Female,West,61023.11,5,29.35,5,1,0.192,29.1,Ads,0,11,0,0,0.35
34,Male,West,77607.18,16,79.67,10,1,0.275,67.7,Ads,1,111,1,1,0.815
29,Male,East,44170.93,1,53.45,7,1,0.186,48.8,Email,1,14,0,0,0.34
24,Male,West,53785.44,39,20.55,9,1,0.162,91.0,Social Media,0,84,0,0,0.16
51,Male,West,58573.87,116,40.3,8,2,0.542,48.3,Ads,0,67,0,0,0.1
28,Female,North,15000.0,38,65.12,5,3,0.438,53.0,SMS,0,138,0,1,0.73
51,Female,South,48948.3,77,88.14,8,4,0.139,63.4,SMS,0,35,0,0,0.19
43,Female,East,73970.08,95,99.91,6,2,0.393,98.1,Ads,0,47,1,0,0.215
61,Female,South,52567.92,61,20.27,9,2,0.753,57.7,SMS,1,99,0,0,0.13
66,Female,North,73323.85,66,19.29,5,1,0.637,100.0,Social Media,1,44,0,0,0.09
43,Female,South,45659.61,109,42.6,7,1,0.146,100.0,Ads,0,65,0,0,0.08
27,Male,West,42566.52,52,69.66,10,0,0.097,86.9,Ads,1,19,0,0,0.2
32,Female,South,57993.86,35,56.28,8,0,0.334,40.3,Email,1,4,0,0,0.11
52,Male,South,59396.15,36,29.04,16,0,0.191,40.8,Social Media,0,109,1,0,0.355
73,Other,North,56773.38,3,43.26,9,1,0.28,55.3,Social Media,0,143,0,1,0.65
37,Female,North,61113.16,18,26.29,9,1,0.359,14.7,SMS,0,82,1,0,0.27
67,Other,South,71593.9,111,81.42,9,1,0.42,53.5,Email,0,134,0,1,0.565
50,Other,West,86483.9,56,47.34,6,1,0.261,66.8,Social Media,1,93,0,0,0.215
34,Female,West,33608.86,23,91.36,8,2,0.14,75.4,Ads,0,91,0,1,0.77
40,Other,West,57953.47,90,78.91,8,0,0.188,0.0,Ads,1,83,1,1,0.58
28,Female,North,59856.0,108,44.37,2,0,0.166,69.4,SMS,0,1,0,0,0.055
25,Female,West,68569.94,17,88.91,12,1,0.198,63.8,Ads,0,138,1,1,0.825
28,Male,North,66149.12,44,74.74,6,5,0.299,69.3,SMS,0,103,1,1,0.545
33,Female,East,68129.42,119,201.5,11,1,0.312,36.4,Ads,0,51,1,1,0.765
32,Female,South,69718.61,33,86.26,4,1,0.087,54.9,Ads,1,45,1,1,0.64
19,Female,South,27873.12,12,48.32,16,0,0.388,77.8,SMS,0,13,0,0,0.13
28,Female,West,51875.71,16,57.75,7,2,0.134,51.9,Ads,1,2,0,0,0.21
23,Female,South,93122.75,90,42.85,7,2,0.179,57.0,Ads,0,170,1,0,0.5
34,Male,East,80459.46,1,103.4,8,3,0.449,72.4,Ads,0,80,1,1,0.68
21,Male,North,77361.97,93,115.34,8,2,0.243,57.5,Email,0,78,1,1,0.7
42,Female,North,60031.09,103,69.55,9,0,0.089,75.4,SMS,0,140,1,1,0.66
29,Male,East,75742.85,57,92.09,4,1,0.523,59.0,Social Media,0,44,0,0,0.29
35,Female,East,68810.39,113,139.85,6,2,0.265,61.5,SMS,0,32,1,1,0.665
64,Female,West,83521.04,12,53.66,11,1,0.064,84.5,Email,0,62,0,0,0.145
64,Male,East,61318.32,14,72.89,6,2,0.332,36.7,Ads,0,175,1,1,0.94
74,Male,North,76770.65,100,82.18,4,2,0.31,60.6,Ads,0,7,0,0,0.115
47,Female,West,51385.94,54,143.16,6,4,0.169,25.2,SMS,0,106,1,1,0.925
30,Male,West,89093.16,70,147.99,12,2,0.318,39.0,Ads,0,20,1,1,0.595
65,Female,East,59045.22,18,60.84,11,4,0.256,20.7,SMS,0,92,1,1,0.665
50,Male,South,67633.4,97,46.95,7,3,0.136,80.4,Email,0,23,0,0,0.035
64,Male,East,74024.43,90,45.81,7,2,0.266,100.0,Ads,0,2,0,0,0.055
49,Female,West,36178.39,29,94.4,7,0,0.156,47.8,Email,0,63,1,1,0.835
41,Male,East,82670.17,63,110.22,12,1,0.234,45.9,Email,1,21,0,1,0.535
26,Male,North,98091.6,76,77.81,9,1,0.115,31.0,Social Media,0,38,0,0,0.345
27,Female,East,74586.39,6,50.19,9,3,0.483,30.9,Social Media,1,44,0,0,0.185
40,Female,East,53104.27,119,72.17,4,0,0.284,57.7,Social Media,0,79,0,0,0.27
42,Female,South,33709.82,87,102.44,6,2,0.231,85.9,Email,0,100,0,1,0.71
74,Female,South,60502.17,29,86.26,6,2,0.24,59.3,Social Media,0,2,1,0,0.325
32,Female,West,61410.35,29,91.42,7,0,0.322,71.9,Email,1,76,1,1,0.67
38,Female,West,73983.44,23,108.5,3,3,0.22,87.8,Email,0,47,1,1,0.6
69,Male,East,108743.53,2,108.74,9,0,0.123,70.1,Ads,0,59,0,1,0.75
44,Male,West,45713.67,77,44.28,9,3,0.211,57.4,Social Media,0,167,1,1,0.705
40,Male,East,46716.35,10,70.26,7,1,0.147,68.0,Ads,0,123,0,1,0.755
31,Male,South,85504.78,59,23.74,10,2,0.403,72.7,SMS,1,118,0,0,0.17
35,Male,South,34931.19,105,90.05,9,0,0.309,86.5,Email,0,61,0,0,0.24
34,Female,West,70015.3,71,64.92,15,1,0.208,68.4,Email,0,71,0,0,0.19
66,Male,South,15000.0,103,132.55,7,1,0.353,47.0,Ads,0,179,1,1,0.85
67,Male,South,82729.3,7,106.11,11,1,0.042,29.8,Email,0,81,1,1,0.84
35,Female,South,86966.56,105,70.85,9,1,0.243,60.6,Ads,1,164,0,1,0.7
57,Male,South,62889.37,37,126.9,4,5,0.634,84.6,SMS,0,23,0,1,0.635
21,Male,West,71147.82,72,49.59,10,1,0.39,53.6,Ads,0,64,0,0,0.06
60,Female,North,47920.02,13,113.9,12,1,0.283,38.3,Ads,0,103,1,1,0.935
49,Female,South,37530.18,64,110.1,14,0,0.376,55.3,Ads,0,51,0,0,0.435
23,Male,North,79776.81,117,36.94,5,0,0.421,66.0,Email,0,57,0,0,0.04
29,Female,West,74743.4,92,125.45,6,5,0.676,90.8,SMS,1,29,1,0,0.355
26,Female,West,82725.1,96,161.43,9,4,0.381,36.7,SMS,0,11,1,1,0.69
28,Male,South,39417.22,107,78.52,6,3,0.251,86.0,SMS,0,34,0,0,0.11
29,Female,South,98396.8,106,60.93,9,0,0.175,19.4,Email,0,7,0,0,0.15
37,Female,East,60362.34,86,9.07,12,4,0.178,96.4,Social Media,0,11,0,0,0.005
74,Female,North,64555.21,79,43.13,10,1,0.111,79.0,Email,0,7,0,0,0.02
20,Male,South,68064.14,99,103.03,9,3,0.152,65.4,Ads,0,110,1,1,0.69
34,Female,West,83342.72,22,58.6,14,0,0.555,69.1,Ads,0,77,1,0,0.245
32,Male,South,26886.84,89,54.14,7,1,0.391,73.2,SMS,0,96,0,0,0.095
51,Female,East,96053.15,20,70.75,8,4,0.093,58.2,Social Media,1,27,0,0,0.305
55,Female,West,28691.7,105,43.05,11,1,0.08,76.5,Ads,0,73,0,0,0.05
21,Male,North,55248.3,75,53.09,7,1,0.101,42.4,Social Media,0,117,0,1,0.595
50,Female,West,80758.43,8,48.36,9,0,0.417,100.0,Ads,1,124,1,0,0.45
33,Female,North,72020.92,11,79.92,8,0,0.108,55.6,Email,0,14,0,0,0.33
62,Female,East,61204.37,17,71.09,5,1,0.822,74.1,Email,1,143,1,1,0.615
71,Male,East,56477.34,30,101.49,12,3,0.279,100.0,Email,0,85,0,1,0.605
71,Male,North,42661.66,75,75.38,7,2,0.143,45.6,SMS,0,55,0,0,0.205
30,Male,West,74537.85,68,110.52,11,2,0.133,41.7,Ads,0,128,1,1,0.9
33,Female,East,23843.49,69,52.28,10,0,0.303,59.5,Ads,0,121,1,0,0.36
45,Male,East,43731.38,99,51.89,7,3,0.227,38.0,SMS,0,55,0,0,0.135
55,Male,South,47362.57,78,124.23,13,3,0.644,67.0,SMS,0,76,1,1,0.51
44,Male,South,82851.95,47,137.32,7,3,0.332,78.3,SMS,1,34,1,1,0.735
33,Male,South,35947.57,10,69.51,5,3,0.379,91.7,Ads,0,72,0,0,0.355
21,Female,East,40395.92,54,138.84,9,3,0.436,59.6,Email,0,10,0,1,0.585
58,Male,East,74371.1,87,89.28,11,1,0.099,78.3,SMS,0,111,0,1,0.715
38,Female,West,97622.15,27,62.93,7,3,0.042,71.3,Ads,0,28,1,0,0.2
33,Female,South,47799.49,15,60.32,10,1,0.303,85.8,SMS,0,22,0,0,0.095
34,Female,North,25258.37,26,61.35,6,0,0.194,81.5,Ads,1,91,1,0,0.48
52,Male,South,68471.84,73,100.83,6,1,0.253,72.1,Ads,1,21,0,0,0.185
59,Female,West,52697.85,83,80.59,8,3,0.206,78.6,SMS,1,58,1,0,0.185
60,Female,South,51946.95,99,56.02,7,0,0.703,52.6,SMS,1,151,1,0,0.33
45,Male,South,62752.25,118,103.84,9,1,0.331,59.3,Ads,0,65,0,0,0.405
18,Female,East,52096.09,46,165.59,8,2,0.343,73.8,Ads,1,53,1,1,0.785
23,Male,South,45182.96,108,119.7,6,0,0.202,81.4,Email,0,87,1,1,0.77
40,Male,East,50185.25,8,152.87,11,3,0.169,41.0,Email,0,119,1,1,0.97
55,Female,South,67156.09,109,95.05,7,1,0.096,48.5,Email,1,37,0,0,0.275
44,Female,South,65334.22,72,127.38,5,0,0.067,76.9,Social Media,0,152,1,1,0.94
59,Female,South,66447.1,103,106.59,10,1,0.18,54.9,Email,0,24,0,0,0.2
30,Male,North,48063.71,100,71.88,5,2,0.159,75.2,Ads,0,19,0,0,0.085
53,Female,West,40798.22,4,85.63,14,0,0.446,92.9,Ads,0,55,0,0,0.44
25,Female,North,70746.32,33,70.35,9,1,0.245,43.7,SMS,0,25,0,0,0.23
42,Female,North,27967.33,51,98.68,8,1,0.31,65.4,Ads,0,127,1,1,0.855
69,Male,North,52796.26,81,90.33,10,0,0.478,28.6,SMS,0,101,1,1,0.56
63,Male,East,38637.61,54,130.47,7,0,0.422,50.9,Social Media,1,6,1,0,0.495
74,Female,West,36133.1,1,146.16,7,2,0.1,69.5,SMS,1,177,1,1,0.94
30,Male,North,72790.83,77,106.29,11,0,0.36,99.7,Email,0,130,1,1,0.82
61,Male,East,26156.29,52,109.01,9,2,0.286,73.3,Email,0,171,1,1,0.93
57,Female,North,63633.95,24,99.26,10,4,0.013,60.6,Ads,1,175,1,1,0.95
25,Male,West,51433.85,6,145.49,9,1,0.405,83.0,Social Media,0,136,1,1,0.93
55,Female,West,53049.13,64,47.84,8,1,0.249,87.9,SMS,0,125,0,0,0.355
48,Female,South,66415.76,63,57.02,4,3,0.24,39.8,Ads,0,74,0,0,0.375
71,Male,South,70764.21,94,54.94,4,1,0.094,30.1,Social Media,0,22,0,0,0.13
23,Male,West,28998.15,104,100.39,4,1,0.351,68.4,Social Media,0,21,0,0,0.19
24,Male,West,60465.0,11,35.98,11,4,0.292,77.2,Social Media,0,50,0,0,0.1
74,Female,West,31405.76,29,46.72,9,2,0.148,40.9,Ads,0,57,0,0,0.23
71,Male,West,81870.83,101,59.18,12,1,0.191,32.2,Social Media,1,141,1,1,0.555
56,Male,North,60511.24,99,79.95,10,3,0.316,44.8,Email,1,167,0,1,0.76
59,Female,West,53627.86,20,67.63,5,0,0.522,55.6,Email,0,127,0,1,0.75
63,Other,East,65400.64,10,115.81,10,1,0.442,85.7,Ads,0,153,1,1,0.945
30,Male,North,57901.6,34,110.61,12,0,0.066,57.7,Email,1,46,1,1,0.765
73,Male,South,45858.19,35,152.08,7,0,0.125,25.9,Ads,0,170,1,1,0.97
66,Male,North,78803.62,117,96.74,7,1,0.105,73.9,SMS,0,152,1,1,0.85
50,Male,East,44977.51,27,53.24,9,1,0.129,61.3,Social Media,0,61,0,0,0.225
64,Female,East,43515.45,74,95.77,10,1,0.224,85.4,Social Media,0,71,0,0,0.34
60,Male,East,50511.06,58,39.25,9,0,0.44,62.3,Email,1,126,0,0,0.18
57,Male,North,34889.26,95,66.01,6,0,0.071,92.9,Ads,0,104,0,0,0.355
50,Female,East,52199.96,79,72.35,11,2,0.439,31.0,Ads,0,98,1,0,0.34
58,Female,South,70177.74,43,95.37,7,2,0.543,100.0,SMS,0,101,0,1,0.54
69,Female,North,94679.59,38,106.65,9,0,0.252,67.4,Email,0,131,1,1,0.915
42,Male,East,59391.68,44,39.73,4,2,0.158,68.2,Email,1,150,0,1,0.625
27,Female,West,52466.69,118,106.48,8,0,0.203,79.8,SMS,0,97,0,1,0.72
35,Male,East,61128.04,49,68.06,8,5,0.463,50.7,SMS,1,118,1,1,0.61
55,Male,South,55112.17,96,6.69,5,1,0.151,56.0,SMS,0,22,0,0,0.07
70,Female,East,107292.81,24,82.49,9,0,0.499,46.3,Social Media,0,84,0,1,0.675
54,Male,East,66221.54,3,74.61,12,1,0.388,79.4,Social Media,0,9,0,0,0.11
35,Male,North,79137.51,14,105.29,8,4,0.68,82.2,Social Media,1,129,1,1,0.74
60,Female,West,56495.09,8,62.06,8,2,0.433,65.0,Email,0,79,0,0,0.455
24,Male,South,59843.55,16,122.22,8,4,0.287,56.1,Email,1,28,1,1,0.705
72,Male,North,50288.44,14,40.74,14,2,0.292,69.1,Ads,1,148,0,1,0.51
31,Female,West,45789.16,35,107.83,8,2,0.307,66.6,SMS,0,26,1,0,0.485
60,Female,West,63440.92,35,80.19,9,3,0.422,67.4,Email,1,119,1,1,0.85
29,Female,West,86466.18,115,93.53,5,2,0.477,75.4,Social Media,0,11,0,0,0.185
71,Male,South,85685.54,113,54.99,12,3,0.422,56.8,Social Media,1,154,1,0,0.385
46,Male,East,59221.15,77,136.85,8,0,0.214,29.2,Email,0,104,1,1,0.935
59,Male,East,30813.04,84,77.93,3,3,0.316,72.0,SMS,1,169,1,1,0.705
68,Female,South,35590.48,47,70.27,5,2,0.175,74.0,Email,0,52,0,0,0.25
64,Female,North,28733.22,85,114.42,7,0,0.547,84.1,Ads,0,4,0,0,0.255
67,Female,East,57185.35,31,56.73,9,1,0.355,56.5,Ads,1,154,0,1,0.8
73,Male,North,45662.98,37,52.37,7,2,0.404,54.3,Email,0,118,1,1,0.59
67,Female,East,73009.42,41,112.24,8,5,0.53,50.3,Email,0,175,1,1,0.945
32,Female,West,47448.67,105,92.73,6,2,0.187,39.4,Ads,0,103,1,1,0.685
33,Male,West,45417.18,115,127.19,7,4,0.122,47.7,SMS,1,80,1,1,0.78
49,Male,East,57029.35,54,24.58,10,2,0.49,54.6,Social Media,0,104,0,0,0.165
55,Male,North,65202.86,76,149.46,4,1,0.073,94.1,Email,0,7,1,1,0.535
60,Male,West,45870.83,115,57.63,6,4,0.273,64.6,Ads,0,75,0,0,0.17
25,Male,North,71038.4,113,113.19,5,2,0.43,46.0,Social Media,1,113,0,1,0.88
29,Female,West,40972.41,34,116.01,11,4,0.381,68.4,SMS,0,174,1,1,0.935
74,Female,South,42858.69,115,98.03,14,1,0.11,58.8,Email,1,163,1,1,0.785
32,Male,East,78672.0,100,118.97,7,1,0.169,73.0,Email,1,46,1,1,0.545
33,Male,East,57916.51,71,45.8,4,1,0.152,65.9,Ads,0,176,0,1,0.665
37,Other,South,51187.33,86,60.07,13,2,0.328,95.9,SMS,0,118,0,0,0.305
21,Male,South,48184.65,56,57.8,8,2,0.166,52.9,SMS,0,23,0,0,0.11
25,Female,East,34390.18,69,111.11,11,1,0.281,74.9,Social Media,0,109,0,1,0.785
42,Female,South,82084.1,44,47.84,5,2,0.288,58.1,Ads,0,97,0,0,0.24
23,Female,West,73067.93,80,99.64,8,2,0.188,71.5,Email,0,153,1,1,0.885
50,Female,West,51248.22,71,65.5,10,4,0.38,90.0,SMS,0,20,0,0,0.06
20,Female,West,68499.81,95,94.92,8,1,0.307,48.0,SMS,1,7,0,0,0.225
63,Male,South,56176.82,79,64.48,9,2,0.232,69.1,Social Media,0,112,1,0,0.34
38,Female,East,37970.7,72,103.09,5,1,0.056,82.8,SMS,1,164,1,1,0.945
57,Male,East,47137.22,112,34.44,7,2,0.107,38.3,Ads,1,156,0,0,0.475
42,Male,South,49287.58,76,100.22,6,2,0.528,50.3,Social Media,0,49,1,0,0.33
23,Male,North,36887.09,114,72.25,13,2,0.37,66.0,Ads,0,10,0,0,0.04
72,Male,North,15000.0,106,85.44,10,0,0.211,50.2,Social Media,0,106,1,1,0.57
53,Male,South,63002.2,14,39.55,9,2,0.018,96.0,Social Media,0,8,0,0,0.14
56,Female,South,87342.45,24,23.69,8,2,0.14,36.5,SMS,1,32,0,0,0.125
27,Male,South,74880.51,13,71.32,11,2,0.328,56.9,Ads,0,41,0,0,0.25
60,Male,North,45832.74,22,51.04,5,1,0.135,65.2,SMS,0,47,0,0,0.265
31,Other,West,106057.84,119,79.55,4,0,0.226,82.8,Email,0,115,1,1,0.51
47,Female,North,42194.13,34,26.94,5,1,0.233,91.3,SMS,0,20,0,0,0.1
74,Male,East,76161.99,89,52.91,12,2,0.134,88.8,SMS,0,119,0,0,0.325
57,Male,East,62566.11,67,61.09,10,0,0.37,37.5,Ads,0,20,0,0,0.1
36,Female,East,69480.06,31,76.01,9,3,0.452,59.4,Email,0,86,0,0,0.47
65,Female,North,47224.77,99,86.47,6,2,0.063,94.0,SMS,0,134,1,1,0.825
35,Male,South,40930.23,105,43.25,12,2,0.124,47.4,SMS,0,130,1,0,0.355
19,Male,South,73420.76,73,40.31,6,3,0.056,86.9,Ads,0,93,0,0,0.15
71,Male,North,75169.82,66,118.02,11,1,0.578,54.5,Ads,0,34,0,0,0.45
56,Female,North,70239.01,82,102.64,8,2,0.248,31.3,Email,1,65,1,1,0.675
48,Male,East,59330.23,100,137.36,7,0,0.492,58.3,Ads,0,137,1,1,0.935
40,Other,West,83340.49,43,113.56,6,0,0.428,79.9,Ads,1,108,1,1,0.885
22,Male,South,68340.81,109,76.9,5,1,0.089,32.0,Email,1,48,0,0,0.355
23,Female,South,51693.05,22,90.14,9,0,0.573,47.9,SMS,0,37,1,0,0.33
74,Male,West,44769.99,101,110.17,6,0,0.449,31.4,Email,0,103,1,1,0.725
47,Female,South,32707.91,76,22.38,1,1,0.089,46.0,SMS,0,140,1,0,0.45
71,Female,West,50734.81,71,81.75,5,2,0.418,65.5,Ads,1,82,1,0,0.485
67,Female,West,58995.83,94,66.98,8,1,0.27,79.4,Email,1,85,0,0,0.155
24,Female,South,30098.18,75,129.28,5,0,0.226,22.2,Ads,0,55,0,1,0.78
27,Female,East,52352.41,46,85.89,11,1,0.312,89.7,Ads,0,67,1,0,0.345
48,Male,West,74799.38,113,58.33,12,1,0.225,46.9,Email,0,151,1,1,0.51
58,Male,West,97721.28,16,26.85,9,0,0.404,63.4,Social Media,1,111,0,0,0.32
33,Female,North,44319.73,59,92.3,16,2,0.559,62.4,SMS,0,18,0,0,0.18
21,Female,South,34108.54,1,99.66,6,1,0.127,37.7,SMS,0,135,1,1,0.94
33,Male,East,71198.51,74,144.71,13,3,0.089,81.4,Email,0,10,1,0,0.495
37,Female,East,41174.65,7,56.0,5,0,0.25,34.2,SMS,0,127,1,1,0.785
61,Male,East,82687.54,58,83.75,9,3,0.329,42.1,Ads,0,140,1,1,0.895
49,Female,North,92194.25,27,114.83,10,2,0.409,44.9,Ads,0,38,1,1,0.69
45,Male,North,62815.22,63,60.27,4,1,0.207,60.9,Social Media,1,55,1,0,0.22
30,Female,North,47058.02,3,104.11,10,1,0.585,41.8,SMS,0,138,1,1,0.88
69,Female,South,83432.63,118,125.88,9,0,0.531,57.3,SMS,0,136,1,1,0.805
52,Female,North,42807.02,78,88.13,9,0,0.397,17.6,Email,1,33,0,0,0.315
56,Female,East,75961.05,119,133.09,7,1,0.056,53.1,Email,0,18,1,1,0.61
70,Male,East,60161.18,40,61.77,6,3,0.78,23.6,Email,0,139,1,1,0.575
60,Female,West,19034.15,1,51.37,11,3,0.284,79.4,Ads,0,21,0,0,0.225
57,Female,North,63539.95,23,56.91,6,0,0.479,67.2,Ads,0,127,0,1,0.535
59,Male,South,34225.45,78,93.5,10,1,0.059,43.7,Email,0,39,0,0,0.39
48,Male,South,87277.65,74,101.01,10,5,0.423,77.8,SMS,0,14,0,0,0.23
70,Female,West,56087.47,31,26.38,9,1,0.104,57.1,Social Media,1,30,0,0,0.09
46,Female,North,56757.19,105,121.09,10,4,0.141,59.9,Ads,1,6,0,0,0.44
44,Female,North,50500.88,34,51.68,9,0,0.816,55.5,Email,1,176,1,1,0.605
33,Male,West,63116.95,47,75.96,11,3,0.272,68.6,SMS,1,93,0,1,0.52
23,Male,North,58311.02,40,51.05,8,3,0.593,75.0,Ads,0,121,1,0,0.275
40,Female,East,64286.45,82,20.35,4,1,0.714,54.9,Email,0,15,0,0,0.02
66,Female,East,81824.66,106,20.78,7,0,0.645,47.4,Email,0,165,0,0,0.205
58,Female,North,57317.29,7,5.0,7,0,0.295,54.8,Email,0,109,0,0,0.29
20,Male,East,16444.87,41,151.1,8,1,0.257,58.1,SMS,0,139,1,1,0.915
39,Other,North,53627.99,74,5.0,5,3,0.039,75.7,Email,0,76,0,0,0.155
23,Female,East,41977.29,9,84.62,11,1,0.18,16.6,SMS,0,108,1,1,0.89
19,Male,East,62828.64,6,31.19,10,1,0.559,84.3,Social Media,0,86,0,0,0.155
57,Male,South,53851.27,105,58.85,4,0,0.192,63.4,SMS,1,158,1,1,0.655
59,Female,East,38416.82,15,68.28,6,3,0.082,46.9,Ads,0,111,1,1,0.845
24,Male,West,40473.72,63,70.11,8,2,0.175,55.9,SMS,0,145,1,1,0.815
20,Male,East,57387.74,88,121.21,5,0,0.306,57.9,Email,0,59,1,1,0.66
19,Male,South,60891.08,65,126.66,5,2,0.415,42.6,Email,1,47,0,1,0.625
69,Female,West,67033.15,37,106.14,6,2,0.309,71.1,Email,0,60,1,1,0.745
23,Male,North,82134.28,116,18.71,5,2,0.209,38.6,SMS,0,65,0,0,0.11
61,Male,North,72340.51,80,76.54,7,1,0.465,43.3,Social Media,1,86,1,0,0.42
52,Male,West,73319.34,91,91.79,6,2,0.125,65.1,Social Media,1,43,0,0,0.315
64,Male,West,84601.19,6,28.92,5,2,0.14,91.5,Email,0,162,0,1,0.595
49,Female,West,48839.51,71,123.83,17,0,0.2,68.4,Email,0,152,1,1,0.895
36,Female,South,77193.99,104,67.96,13,1,0.26,91.4,Social Media,0,160,0,0,0.495
18,Male,West,75326.74,100,153.0,13,1,0.344,69.3,SMS,0,172,1,1,0.855
22,Female,West,33621.52,115,108.5,9,1,0.317,38.0,Email,0,68,1,1,0.54
45,Female,West,55075.68,67,38.97,11,2,0.573,81.8,Ads,0,176,0,0,0.395
40,Female,East,65561.4,40,86.59,7,2,0.656,56.6,SMS,0,136,0,1,0.745
29,Female,East,43716.19,26,30.49,14,3,0.296,45.9,Social Media,1,75,0,0,0.2
52,Female,East,78480.23,94,54.7,8,0,0.147,32.5,Ads,1,19,0,0,0.115
69,Female,West,45118.27,107,103.02,11,1,0.244,67.6,Email,0,120,0,1,0.665
54,Female,West,69230.38,51,11.91,12,0,0.397,68.5,SMS,0,27,0,0,0.04
22,Female,North,55015.7,65,95.21,7,0,0.384,65.7,SMS,0,156,1,1,0.915
68,Male,East,58658.69,69,24.76,14,3,0.387,26.4,Email,0,143,0,0,0.31
20,Other,North,53630.27,88,108.16,10,3,0.086,40.5,Email,0,78,1,1,0.755
48,Female,South,43717.18,21,148.62,11,0,0.149,55.3,Email,0,81,1,1,0.91
44,Female,West,43270.16,96,72.4,10,4,0.129,56.7,Ads,1,81,1,0,0.33
56,Female,North,63300.99,47,113.17,7,1,0.107,88.4,Ads,1,167,1,1,0.95
52,Male,South,82768.96,56,88.41,8,1,0.268,38.3,Ads,0,77,1,1,0.755
18,Male,East,51733.77,116,138.06,9,2,0.325,74.6,SMS,0,9,0,0,0.495
32,Male,South,78868.86,28,100.87,4,1,0.248,59.9,SMS,1,149,1,1,0.93
32,Male,North,70065.7,80,125.62,9,0,0.32,46.1,Social Media,1,47,1,1,0.705
23,Male,West,52568.05,41,112.66,7,4,0.46,63.1,SMS,0,13,1,0,0.48
23,Female,North,61154.49,5,77.17,8,1,0.368,86.9,Ads,0,23,1,0,0.155
64,Female,West,104121.92,37,114.73,10,2,0.183,75.9,Email,0,94,0,1,0.86
37,Other,East,93222.41,117,129.27,8,1,0.303,53.5,Ads,0,56,1,1,0.7
36,Male,North,78912.0,77,142.53,11,3,0.204,47.2,Email,0,47,1,1,0.84
71,Female,South,56784.75,71,136.05,12,2,0.153,37.2,Social Media,0,31,1,1,0.675
72,Female,South,42988.49,64,111.78,12,2,0.744,36.8,SMS,0,53,0,0,0.38
35,Male,West,51753.32,53,81.67,7,3,0.303,59.7,Email,0,113,1,1,0.765
43,Male,South,34204.73,33,64.33,5,2,0.207,82.7,Email,0,106,1,1,0.52
54,Male,East,59736.42,47,92.22,10,1,0.497,68.0,Email,0,34,0,0,0.15
32,Male,South,43629.41,115,149.96,7,3,0.093,38.2,SMS,0,164,1,1,0.97
19,Male,North,43928.29,37,111.81,10,4,0.504,43.2,Social Media,0,100,1,1,0.875
62,Male,West,53822.74,99,62.94,6,0,0.248,64.2,Email,0,100,0,0,0.235
39,Male,North,55739.9,4,71.34,8,2,0.369,90.6,SMS,0,1,0,0,0.16
19,Female,South,57373.06,75,96.1,5,2,0.197,15.2,SMS,0,128,1,1,0.915
48,Female,North,51426.94,23,64.87,6,1,0.122,74.2,Ads,1,119,0,1,0.8
22,Female,South,90207.09,55,90.42,8,0,0.126,79.0,Email,0,58,0,0,0.355
25,Female,West,36957.9,6,72.9,13,2,0.18,60.4,Social Media,0,34,0,0,0.38
41,Female,South,69100.68,76,125.54,9,3,0.313,66.2,Ads,0,77,1,1,0.74
29,Male,South,76264.38,24,67.78,12,3,0.152,68.8,Email,0,153,1,1,0.715
32,Male,South,54989.32,86,29.47,7,3,0.151,35.9,Ads,0,117,0,0,0.185
61,Male,South,42725.95,9,100.11,7,1,0.58,86.3,Social Media,0,55,1,0,0.49
37,Female,North,57446.54,7,69.85,9,0,0.328,75.4,Social Media,0,160,1,1,0.845
42,Female,North,56670.81,21,32.21,7,1,0.074,100.0,Ads,1,13,0,0,0.145
68,Male,West,59395.5,65,51.3,7,2,0.285,57.5,SMS,0,108,1,0,0.375
32,Female,West,70541.21,32,92.71,5,1,0.019,60.6,Ads,0,130,1,1,0.9
58,Female,West,83084.03,102,102.97,10,0,0.245,59.9,Ads,1,166,1,1,0.875
31,Male,South,63596.36,60,169.6,6,3,0.252,85.8,SMS,0,20,0,1,0.69
51,Male,West,53194.59,117,70.1,2,4,0.4,80.6,Email,0,97,0,0,0.335
67,Male,North,58684.51,64,111.11,5,1,0.292,74.1,Ads,0,175,1,1,0.955
68,Female,East,53321.93,30,96.89,7,1,0.078,81.8,Ads,0,106,1,1,0.83
24,Female,West,92462.71,39,65.14,7,0,0.24,72.8,Email,0,139,1,1,0.74
35,Female,East,61819.82,56,44.75,7,3,0.042,66.6,Ads,0,120,0,0,0.375
25,Female,West,113597.75,35,82.63,8,1,0.197,53.4,Social Media,1,62,0,0,0.46
24,Male,North,89248.54,35,66.37,8,1,0.455,60.2,SMS,1,12,0,0,0.14
59,Male,West,47852.45,13,49.77,9,0,0.216,73.3,Social Media,0,29,0,0,0.23
38,Female,West,76401.89,7,99.55,7,1,0.224,72.1,Social Media,0,172,1,1,0.96
26,Female,North,35089.05,49,68.92,9,2,0.412,72.0,SMS,1,124,0,1,0.525
57,Female,South,27095.55,115,23.65,8,2,0.305,100.0,Social Media,0,10,0,0,0.09
59,Male,North,58268.59,50,67.1,9,0,0.059,61.1,Ads,1,14,0,0,0.175
49,Male,South,39535.37,10,67.85,13,1,0.26,64.0,Email,0,105,0,1,0.55
24,Female,North,46456.87,104,70.57,11,0,0.314,53.8,SMS,1,48,0,0,0.07
57,Male,South,70182.11,6,76.18,11,1,0.222,31.0,SMS,1,86,1,1,0.71
23,Female,West,47693.38,44,91.11,7,0,0.644,39.7,Social Media,1,111,1,1,0.76
60,Male,West,18277.87,101,82.63,6,0,0.234,28.2,Email,0,133,0,1,0.775
42,Male,East,37744.42,11,71.47,5,2,0.281,71.6,Ads,1,116,1,1,0.73
38,Female,West,24510.54,95,31.22,7,2,0.382,99.0,Social Media,0,129,0,0,0.205
48,Male,East,96264.95,28,28.78,5,1,0.169,69.9,Social Media,0,177,1,1,0.67
30,Female,North,56626.48,109,82.96,11,2,0.257,24.4,SMS,0,91,0,1,0.525
72,Male,West,18750.52,95,48.15,7,4,0.023,55.1,Social Media,1,6,0,0,0.245
28,Male,West,74681.5,44,55.4,10,2,0.215,65.6,Social Media,0,148,1,1,0.72
63,Female,North,43325.94,85,61.52,4,1,0.357,69.3,SMS,0,174,1,1,0.745
