age,gender,region,income,tenure_months,monthly_spend,website_visits,support_tickets,email_click_rate,loyalty_score,campaign_type,discount_used,last_campaign_days,churn,Predicted_Churn,Probability
58,Male,South,28047.46,43,42.64,7,3,0.13,87.2,Email,0,72,1,1,0.695
40,Male,East,73332.07,56,99.99,8,3,0.182,92.5,Email,0,9,1,1,0.905
49,Female,South,74839.05,42,63.11,9,4,0.547,48.6,Social Media,0,59,1,1,0.985
24,Male,West,92940.25,103,69.97,9,0,0.118,53.8,Social Media,0,76,1,1,0.985
34,Female,West,21304.75,87,82.9,10,1,0.117,63.3,Email,1,167,1,1,0.985
31,Male,North,50615.15,27,118.78,8,1,0.292,83.9,SMS,0,141,1,1,1.0
59,Female,South,59617.61,42,98.98,4,3,0.175,77.7,SMS,1,44,1,1,0.975
51,Male,West,65779.69,53,91.82,7,0,0.196,100.0,SMS,0,7,1,1,0.935
24,Male,North,34709.54,115,79.51,18,1,0.151,26.9,Social Media,1,83,1,1,0.945
26,Male,East,107158.75,116,128.63,5,1,0.658,43.8,Ads,1,85,1,1,0.91
27,Female,East,52015.05,40,84.9,8,1,0.037,80.3,SMS,1,163,1,1,0.99
72,Female,South,68445.5,80,52.13,13,2,0.263,42.0,Email,0,123,1,1,0.925
19,Male,South,75889.16,68,47.11,11,0,0.258,60.1,Email,0,174,1,1,0.86
36,Male,North,82723.98,18,14.03,6,2,0.03,43.0,Social Media,0,116,0,1,0.515
32,Male,South,44191.03,76,90.33,3,1,0.36,81.7,SMS,0,113,1,1,0.99
55,Male,West,64358.56,108,105.85,12,0,0.247,57.7,Ads,0,65,1,1,0.985
47,Male,East,88899.3,52,15.82,10,1,0.243,62.2,SMS,0,75,0,0,0.14
72,Male,West,64826.62,67,115.95,7,0,0.024,73.9,Social Media,0,173,1,1,0.99
35,Female,West,20578.9,92,89.3,5,1,0.618,42.8,Ads,0,151,1,1,0.98
28,Male,South,58573.27,38,54.17,13,0,0.369,67.0,Email,0,43,0,1,0.695
29,Male,East,71871.95,28,110.99,3,1,0.261,60.3,Social Media,0,127,1,1,1.0
19,Male,North,74582.77,11,49.53,8,2,0.102,44.7,Email,1,87,0,1,0.885
33,Male,East,33748.71,83,83.94,4,1,0.063,65.1,Ads,0,118,1,1,1.0
57,Male,West,25255.15,83,109.08,7,1,0.361,25.7,Social Media,1,103,1,1,0.99
25,Male,North,77338.32,1,128.81,13,2,0.107,61.5,Ads,0,46,1,1,0.995
33,Male,East,65279.2,9,112.07,4,2,0.393,56.2,Ads,0,100,1,1,1.0
43,Male,East,59577.82,32,75.43,7,4,0.58,55.9,Ads,0,152,1,1,0.995
69,Female,South,84053.14,81,85.67,12,0,0.297,45.7,Social Media,1,169,1,1,0.985
37,Male,East,101265.82,33,67.19,8,0,0.201,96.4,Social Media,1,123,1,1,0.97
44,Female,East,47310.25,13,38.47,7,0,0.189,100.0,SMS,0,117,1,1,0.825
45,Female,West,92419.72,83,36.32,9,0,0.116,66.6,Social Media,0,164,1,1,0.85
34,Male,North,32724.48,52,88.37,12,3,0.172,63.4,Social Media,0,101,1,1,0.995
41,Male,North,53934.35,36,116.5,8,4,0.34,82.1,Social Media,1,20,1,1,0.98
30,Male,North,85776.61,103,25.48,8,1,0.221,44.1,SMS,1,151,0,1,0.655
50,Female,North,29373.65,10,91.98,4,2,0.097,66.8,SMS,0,43,1,1,0.995
22,Female,South,74064.55,3,41.65,8,2,0.336,72.0,Email,1,125,1,1,0.82
43,Male,East,59645.92,83,65.94,6,2,0.065,37.4,Email,1,103,1,1,0.99
39,Male,North,68455.87,117,5.0,8,1,0.43,51.7,Email,1,115,0,0,0.115
42,Female,North,49531.37,24,92.37,10,1,0.116,63.9,SMS,0,177,1,1,0.99
68,Female,East,52806.48,62,89.94,7,4,0.381,76.7,Ads,1,6,1,1,0.955
32,Female,South,74689.53,62,125.24,11,2,0.222,73.4,Email,0,62,1,1,0.99
68,Male,East,78371.7,96,123.77,11,3,0.283,100.0,Email,1,63,1,1,0.97
66,Female,West,59566.69,18,104.71,6,2,0.593,49.0,SMS,1,91,1,1,0.985
46,Male,South,44132.27,63,141.41,6,3,0.412,86.5,Social Media,1,127,1,1,1.0
64,Female,West,60901.29,68,5.0,4,1,0.51,64.1,SMS,0,178,0,0,0.29
42,Male,East,84562.42,77,33.39,8,0,0.446,46.2,SMS,0,44,0,0,0.14
34,Male,North,59516.68,19,76.14,5,1,0.197,42.3,Email,0,110,1,1,1.0
60,Male,North,20119.88,33,98.03,8,2,0.329,93.0,Social Media,0,141,1,1,0.985
24,Male,East,45545.54,58,83.74,5,1,0.081,100.0,SMS,0,117,1,1,0.985
59,Female,North,59155.22,71,104.45,7,1,0.108,24.0,Ads,0,122,1,1,1.0
35,Other,South,31586.0,65,87.75,8,0,0.388,69.5,Ads,1,30,1,1,0.96
18,Male,North,41956.32,80,87.56,6,1,0.1,100.0,Ads,0,114,1,1,0.98
21,Male,South,42440.98,73,49.14,6,2,0.379,67.6,Social Media,1,79,0,1,0.785
71,Male,North,69373.49,93,81.17,13,1,0.209,75.9,Social Media,0,179,1,1,1.0
31,Female,South,69399.3,116,78.9,9,1,0.313,28.7,Email,0,12,1,1,0.94
28,Other,South,70358.66,109,66.84,13,2,0.308,100.0,Email,1,125,1,1,0.935
19,Female,North,43749.81,84,54.79,7,1,0.247,55.6,Social Media,0,8,1,1,0.515
22,Female,North,71494.04,60,91.68,8,1,0.428,55.6,Social Media,1,1,1,1,0.955
71,Other,North,32230.28,90,31.93,12,3,0.269,75.1,Ads,0,75,1,0,0.265
63,Male,East,60418.6,64,115.93,7,2,0.201,50.6,Email,0,140,1,1,0.995
27,Female,West,63836.34,52,46.42,6,2,0.296,33.8,Ads,0,138,1,1,0.97
26,Male,East,69398.42,76,43.02,8,1,0.103,67.9,SMS,1,20,0,0,0.26
47,Female,East,38493.99,87,64.8,7,0,0.651,75.0,Social Media,0,117,1,1,0.96
62,Female,North,60408.11,39,101.57,13,0,0.406,42.7,Ads,1,46,1,1,0.975
30,Male,West,71161.09,59,49.23,6,0,0.37,64.9,Ads,0,38,1,1,0.565
56,Male,West,35995.72,90,42.43,7,5,0.276,39.5,Social Media,1,73,1,1,0.59
57,Female,West,37744.42,45,76.13,10,0,0.042,69.4,Ads,0,41,1,1,0.98
33,Other,West,49007.85,14,101.12,5,4,0.389,48.7,Email,0,4,1,1,0.975
64,Male,South,55677.4,41,57.74,6,0,0.506,97.8,Email,1,147,1,1,0.965
59,Female,South,54051.97,104,66.12,3,2,0.356,52.0,SMS,0,117,1,1,0.985
67,Male,East,26871.93,66,127.98,6,1,0.098,64.3,Email,0,28,1,1,0.975
44,Male,South,54058.28,94,107.3,10,1,0.1,55.7,Email,0,100,1,1,0.995
19,Female,North,84497.95,70,5.0,11,1,0.378,70.2,Social Media,0,131,0,0,0.17
37,Female,North,46654.7,98,80.54,10,0,0.046,24.3,SMS,0,137,1,1,0.99
58,Female,South,69438.01,67,111.62,10,2,0.187,36.0,Social Media,0,75,1,1,0.98
48,Male,North,31883.98,95,5.0,4,3,0.178,65.4,Social Media,0,166,1,0,0.305
69,Female,South,42327.89,5,94.28,9,2,0.232,44.3,Email,1,61,1,1,0.98
73,Female,North,63952.12,27,69.99,8,1,0.179,55.3,Social Media,0,80,1,1,0.985
29,Female,North,62368.52,16,110.88,7,2,0.373,57.6,Email,1,177,1,1,0.995
19,Male,South,75396.66,52,19.48,13,3,0.275,72.8,Social Media,0,154,0,0,0.48
58,Female,East,84506.66,38,71.62,14,2,0.432,52.7,SMS,0,23,1,1,0.88
37,Female,North,57895.48,5,60.83,7,1,0.46,25.2,Email,1,49,1,1,0.915
47,Female,East,96643.39,111,113.38,7,2,0.186,39.1,Social Media,0,8,1,1,0.965
41,Male,South,58402.65,78,139.7,13,0,0.309,59.4,Social Media,0,166,1,1,0.99
19,Male,North,29970.27,63,169.98,8,1,0.054,51.2,Ads,0,127,1,1,0.985
53,Male,North,85976.14,75,38.72,7,1,0.272,42.8,Email,1,76,0,0,0.495
38,Male,South,68933.33,62,90.35,13,1,0.109,56.2,Email,0,143,1,1,0.99
70,Male,East,59524.01,45,67.65,8,0,0.146,65.6,Ads,0,84,1,1,0.99
53,Female,North,53376.2,64,54.31,4,0,0.291,81.8,Ads,0,140,1,1,0.985
21,Female,South,45546.86,75,60.13,7,0,0.137,80.6,Email,0,116,1,1,0.965
61,Female,North,51061.91,29,106.34,10,0,0.037,67.2,SMS,1,169,1,1,0.99
72,Male,North,45496.8,94,165.55,14,3,0.098,39.7,Ads,0,141,1,1,0.98
45,Female,North,32166.32,116,103.73,7,2,0.631,56.3,SMS,1,151,1,1,0.995
19,Male,West,47750.67,50,37.11,7,0,0.218,61.8,SMS,0,51,0,0,0.42
61,Female,West,70725.24,110,19.98,8,1,0.511,61.2,Email,0,130,0,0,0.2
51,Male,North,50067.01,45,38.6,8,0,0.218,33.9,SMS,1,10,0,0,0.345
19,Male,East,61903.35,80,47.41,8,1,0.399,43.4,Social Media,0,64,1,1,0.59
71,Male,East,27340.39,30,116.88,8,4,0.262,31.4,SMS,0,94,1,1,1.0
32,Female,East,75882.88,107,80.39,6,0,0.131,76.0,Ads,0,179,1,1,1.0
27,Other,East,56230.09,24,69.56,9,2,0.426,68.7,Ads,0,74,1,1,0.965
25,Female,North,15000.0,22,77.17,12,0,0.566,69.7,SMS,0,138,1,1,0.965
23,Female,North,55930.25,66,37.81,5,0,0.181,62.8,Social Media,0,137,1,1,0.85
41,Male,North,79486.84,101,111.44,7,3,0.623,33.1,SMS,0,72,1,1,0.97
48,Male,North,52432.2,86,72.22,7,3,0.619,21.1,Social Media,0,34,1,1,0.91
58,Male,North,83961.65,16,100.14,7,0,0.343,34.4,Email,1,50,1,1,0.985
25,Male,South,68003.06,60,67.71,8,1,0.505,90.3,Email,1,22,1,1,0.82
51,Female,South,73750.41,23,43.69,8,2,0.14,64.7,Email,0,12,0,0,0.41
60,Male,West,72879.54,5,36.3,5,2,0.163,73.8,Social Media,1,37,0,1,0.505
21,Other,North,76727.1,4,5.0,7,2,0.272,34.3,SMS,0,120,0,0,0.415
24,Male,North,42009.76,50,7.82,18,4,0.161,56.9,Social Media,1,174,0,1,0.515
64,Male,North,53909.81,35,25.42,6,0,0.447,47.4,SMS,0,16,0,0,0.205
63,Male,South,61220.07,22,130.24,7,1,0.033,64.2,SMS,0,116,1,1,1.0
49,Female,West,91089.1,4,113.89,5,3,0.284,72.6,Email,0,22,1,1,0.98
18,Male,West,46581.91,51,66.06,11,1,0.428,85.1,Social Media,0,56,0,1,0.88
63,Female,North,41904.66,108,77.63,11,2,0.012,87.8,Ads,0,92,1,1,0.98
60,Male,South,17685.61,98,95.29,8,1,0.081,54.4,Social Media,1,36,1,1,0.945
70,Male,South,59792.47,8,84.11,9,3,0.445,39.4,SMS,0,54,1,1,0.97
57,Female,North,93589.56,23,36.57,3,4,0.696,50.4,Social Media,0,143,1,1,0.78
39,Male,North,39365.03,27,75.75,10,3,0.207,100.0,Ads,1,162,1,1,0.985
38,Male,South,66792.14,76,87.45,8,1,0.12,59.8,SMS,1,106,1,1,0.995
62,Male,East,47711.5,58,87.8,6,0,0.076,53.6,Ads,1,55,1,1,0.975
43,Female,North,68488.73,88,101.6,8,1,0.187,63.5,SMS,0,68,1,1,0.985
66,Female,South,70584.41,45,33.97,9,0,0.549,60.1,SMS,0,78,1,0,0.465
41,Male,North,74863.73,15,19.25,8,1,0.758,58.0,SMS,0,12,0,0,0.255
66,Female,East,57126.13,47,75.69,6,2,0.47,74.4,Email,1,173,1,1,0.995
59,Female,West,59096.3,75,99.88,13,2,0.464,59.2,Social Media,1,64,1,1,0.975
53,Male,South,53735.25,3,99.5,9,1,0.065,83.4,SMS,1,144,1,1,1.0
72,Female,North,68236.61,60,63.13,10,2,0.575,91.9,Email,1,29,0,1,0.71
64,Female,East,15000.0,68,28.21,14,1,0.672,73.3,Ads,0,68,0,0,0.26
63,Male,East,53185.7,49,48.83,6,2,0.288,49.4,SMS,0,61,1,1,0.785
69,Female,East,66050.5,104,43.6,5,1,0.172,49.3,SMS,0,34,0,0,0.265
21,Female,North,41240.84,119,66.42,7,2,0.046,82.3,Ads,0,67,1,1,0.85
18,Female,West,71599.93,32,57.54,5,1,0.315,45.3,SMS,1,117,1,1,0.97
37,Male,East,41774.95,49,75.42,9,1,0.471,67.1,SMS,0,60,1,1,0.97
19,Male,West,43467.9,35,128.09,15,3,0.135,38.9,Ads,0,159,1,1,0.99
67,Male,East,23304.86,66,97.11,10,0,0.32,57.5,Social Media,0,145,1,1,0.99
64,Male,East,43705.65,86,126.84,8,2,0.177,48.3,Social Media,1,120,1,1,0.995
45,Female,North,82399.13,89,74.68,11,1,0.113,77.4,Ads,0,6,0,1,0.9
26,Male,East,73652.93,20,100.92,9,2,0.237,61.8,Social Media,0,11,1,1,0.98
52,Female,West,70939.54,50,99.2,4,2,0.049,71.2,Social Media,0,146,1,1,0.995
42,Male,East,44705.19,112,64.8,5,1,0.496,48.7,Ads,0,105,1,1,0.985
40,Female,South,28142.17,36,106.39,8,1,0.388,59.4,SMS,1,87,1,1,1.0
42,Male,South,71117.18,96,49.04,8,1,0.063,100.0,SMS,0,156,1,1,0.87
41,Male,West,68809.98,117,91.1,8,1,0.084,62.1,Social Media,0,90,1,1,0.985
19,Male,West,62276.0,88,78.26,7,2,0.507,51.5,Social Media,0,81,1,1,0.965
31,Female,East,69408.24,97,93.32,10,3,0.338,59.6,Social Media,0,30,1,1,0.985
65,Male,North,67851.94,66,66.05,11,0,0.52,87.9,Social Media,0,80,1,1,0.955
44,Female,North,79669.49,115,49.08,3,3,0.397,70.8,Social Media,0,22,1,0,0.4
36,Male,East,80059.33,103,120.53,8,2,0.268,64.7,SMS,0,25,1,1,0.995
65,Male,North,64137.34,111,100.87,10,1,0.251,48.6,SMS,0,175,1,1,0.995
68,Male,East,89789.61,38,77.91,6,1,0.224,62.8,SMS,0,150,1,1,1.0
54,Male,West,124518.12,82,49.61,7,0,0.319,100.0,Ads,0,132,0,1,0.835
39,Female,East,18883.08,57,35.05,13,1,0.489,66.7,Ads,0,71,0,0,0.435
43,Female,North,80882.83,109,101.52,10,1,0.14,63.5,Social Media,1,109,1,1,1.0
46,Male,East,42101.91,46,117.15,4,0,0.105,63.3,Social Media,0,125,1,1,1.0
30,Female,South,94845.95,16,81.62,5,1,0.368,55.4,SMS,1,83,1,1,0.995
51,Female,South,67604.75,26,79.06,9,1,0.276,55.1,SMS,0,28,1,1,0.985
50,Female,North,53157.73,21,68.51,5,2,0.361,57.1,SMS,1,126,1,1,0.995
73,Male,North,63611.35,37,94.38,5,3,0.442,82.9,Social Media,0,161,1,1,0.995
68,Other,South,84205.8,87,106.85,8,1,0.134,72.0,Email,0,17,1,1,0.955
42,Female,North,61247.95,113,44.97,8,3,0.253,48.9,SMS,0,27,1,0,0.42
23,Male,West,62817.84,86,95.59,7,5,0.156,100.0,Social Media,0,92,1,1,0.965
45,Male,East,76765.1,45,114.21,9,1,0.56,41.7,Social Media,0,60,1,1,0.98
67,Male,North,61475.02,41,94.1,9,1,0.331,56.1,SMS,0,26,1,1,0.995
64,Female,North,59710.25,28,115.72,11,4,0.33,83.6,Ads,0,38,1,1,0.975
23,Male,East,41034.58,109,116.47,7,1,0.671,75.1,Email,1,38,1,1,0.97
73,Male,East,53066.47,6,68.31,8,1,0.289,35.8,Email,1,52,1,1,0.915
31,Male,East,53507.37,117,104.5,7,4,0.127,58.6,Email,0,8,1,1,0.935
53,Female,South,79047.81,45,56.28,7,2,0.348,55.7,Email,1,116,1,1,0.995
56,Female,East,52349.1,103,146.19,10,0,0.138,37.8,Social Media,0,75,1,1,0.995
47,Female,North,51997.65,19,41.55,7,1,0.484,34.9,SMS,0,96,1,1,0.875
41,Female,West,56414.9,39,86.64,8,1,0.405,60.6,SMS,0,21,1,1,1.0
62,Male,East,62643.53,87,69.42,6,2,0.183,78.4,Ads,0,158,1,1,0.99
57,Male,South,15000.0,59,71.55,4,1,0.232,74.7,Email,0,9,1,1,0.855
19,Male,East,34356.28,68,113.6,15,3,0.53,36.1,Social Media,0,126,1,1,0.975
33,Male,North,85682.4,73,33.08,8,3,0.664,60.6,Social Media,0,166,1,1,0.62
52,Female,North,64816.77,26,130.76,7,0,0.22,47.4,Social Media,0,8,1,1,1.0
37,Female,East,47457.5,37,43.72,14,3,0.045,68.5,Email,0,87,1,1,0.865
62,Female,East,55142.8,32,9.4,10,2,0.191,69.0,SMS,1,176,1,0,0.4
60,Female,East,24491.64,24,62.07,7,1,0.123,71.5,SMS,1,60,1,1,0.95
61,Female,East,81075.92,1,79.75,11,1,0.427,55.5,Email,0,46,1,1,0.97
36,Female,South,76950.13,34,97.04,7,2,0.269,66.8,SMS,1,108,1,1,0.985
60,Female,South,49818.43,14,56.83,3,2,0.049,42.9,Social Media,1,57,1,1,0.955
72,Other,East,61250.51,87,59.03,12,0,0.258,76.7,Social Media,0,41,1,1,0.7
40,Male,North,72222.4,44,100.8,8,1,0.474,69.5,Ads,1,141,1,1,0.995
63,Male,West,60355.89,101,92.35,8,1,0.111,77.1,Social Media,0,107,1,1,1.0
73,Male,South,58473.26,51,17.31,11,1,0.475,41.3,SMS,1,115,1,0,0.3
70,Female,West,44383.32,96,152.34,10,3,0.137,56.2,Email,0,107,1,1,0.995
73,Other,East,41369.62,113,86.35,3,0,0.199,47.6,Ads,0,167,1,1,1.0
68,Female,North,53625.55,32,122.72,6,1,0.288,47.6,Email,0,85,1,1,0.99
27,Other,North,85904.44,42,118.62,10,1,0.256,50.2,SMS,0,5,1,1,0.965
33,Female,West,58422.97,95,76.89,6,2,0.082,48.8,Social Media,0,80,1,1,0.99
64,Female,West,56598.21,71,76.11,8,2,0.471,71.4,Ads,0,31,1,1,0.945
42,Female,North,38452.46,24,76.45,6,1,0.349,69.2,SMS,0,44,1,1,0.985
49,Female,North,34648.46,39,70.71,8,3,0.215,83.6,Email,0,174,1,1,0.995
34,Male,West,48403.32,5,95.21,9,2,0.22,56.2,Ads,0,175,1,1,1.0
28,Female,East,44970.46,53,41.92,5,3,0.131,52.4,Social Media,0,61,0,1,0.695
27,Male,South,63041.3,48,69.6,11,0,0.167,68.8,SMS,0,69,0,1,0.985
23,Male,South,56135.01,52,126.27,5,3,0.291,26.2,Ads,0,17,1,1,0.96
21,Male,South,54806.74,44,99.71,6,2,0.338,66.1,Ads,0,39,1,1,0.995
40,Female,East,52339.04,30,107.0,11,1,0.085,28.8,SMS,1,78,1,1,0.99
21,Female,South,32706.95,79,88.04,8,4,0.217,45.1,Email,1,55,1,1,0.96
53,Male,East,58933.23,113,5.0,7,2,0.342,94.5,Email,0,101,0,0,0.095
47,Female,East,59520.48,56,67.64,8,2,0.418,66.2,Ads,0,147,1,1,1.0
35,Female,East,63460.46,14,105.7,9,1,0.311,81.0,Email,0,39,1,1,1.0
20,Female,North,73390.44,11,111.85,12,2,0.211,100.0,Social Media,0,148,1,1,0.975
27,Other,South,67452.77,27,101.39,10,0,0.16,58.2,SMS,0,140,1,1,1.0
56,Male,West,32351.03,74,76.31,16,1,0.385,20.0,Social Media,1,52,1,1,0.925
26,Male,North,81253.09,102,114.81,9,0,0.358,51.4,Ads,0,132,1,1,1.0
49,Female,East,70685.96,75,67.33,10,2,0.147,32.2,SMS,0,93,1,1,0.995
66,Male,North,45680.09,8,103.6,6,2,0.504,85.2,Social Media,1,162,1,1,0.99
39,Male,East,72266.24,41,54.79,3,1,0.664,80.7,Social Media,0,55,0,1,0.725
23,Female,West,60935.52,115,64.39,4,1,0.344,46.4,Social Media,0,113,1,1,0.96
23,Female,West,89240.21,23,69.97,6,3,0.197,20.4,Social Media,0,128,1,1,1.0
32,Male,West,77106.72,91,62.78,9,0,0.17,73.7,SMS,1,113,1,1,0.97
44,Female,North,67117.61,7,55.57,7,1,0.418,61.9,Ads,0,50,1,1,0.89
22,Male,South,72827.6,101,104.35,10,4,0.301,69.3,Email,1,50,1,1,0.99
74,Male,West,46045.36,27,116.38,6,1,0.837,54.9,Email,0,69,1,1,0.925
27,Male,North,47883.36,82,72.49,7,0,0.124,75.2,Email,0,49,1,1,0.955
40,Female,North,67019.13,48,72.05,3,1,0.23,22.0,SMS,0,121,1,1,0.99
26,Male,West,66665.4,91,106.16,12,1,0.084,41.6,Email,1,37,1,1,0.97
20,Female,East,67513.23,113,114.73,6,2,0.246,56.3,Social Media,0,47,1,1,0.955
55,Male,North,42333.24,83,50.11,6,1,0.439,64.5,SMS,1,86,0,1,0.8
34,Male,West,46567.46,47,62.12,12,5,0.633,79.5,SMS,0,22,0,1,0.615
67,Male,West,75178.47,25,110.9,11,0,0.199,79.2,Email,1,41,1,1,0.99
58,Female,North,63981.16,57,54.68,5,2,0.37,61.9,Social Media,1,100,1,1,0.955
74,Female,South,27707.46,38,114.97,6,1,0.243,100.0,Email,0,92,1,1,0.965
71,Male,West,41167.59,63,86.48,5,1,0.253,9.6,Ads,0,10,1,1,0.965
51,Female,South,52043.42,19,106.5,6,3,0.405,74.2,Social Media,0,88,1,1,0.995
65,Female,North,77336.12,3,53.92,5,1,0.258,81.5,Email,0,115,1,1,0.98
71,Male,South,87900.98,108,43.68,8,2,0.661,38.8,Email,0,109,1,1,0.72
63,Female,South,59177.45,118,7.62,15,1,0.45,10.3,SMS,0,104,0,0,0.17
45,Female,East,66200.01,30,5.0,11,1,0.174,54.9,SMS,1,101,0,0,0.225
72,Female,North,66033.97,49,52.69,10,1,0.308,60.7,Ads,0,177,1,1,0.955
68,Male,South,49986.4,81,128.19,12,1,0.268,1.9,Email,0,6,1,1,0.905
46,Female,South,83370.13,61,121.35,12,3,0.288,52.6,Email,0,99,1,1,0.98
20,Male,South,31861.11,77,46.98,7,0,0.648,92.1,Ads,1,11,0,0,0.315
54,Female,North,33424.8,3,87.01,5,1,0.308,70.0,Ads,1,88,1,1,0.995
46,Female,West,43093.79,30,83.28,8,1,0.427,52.3,Social Media,0,105,1,1,1.0
26,Other,North,70079.67,56,73.81,5,3,0.112,75.7,Ads,0,171,1,1,0.99
51,Male,East,60420.49,69,107.39,6,0,0.437,81.1,Ads,1,54,1,1,0.98
49,Other,East,34716.2,73,86.22,6,4,0.216,38.5,Email,0,30,1,1,0.995
49,Male,North,78686.4,115,166.44,9,0,0.615,50.5,Social Media,0,119,1,1,0.985
58,Male,South,80859.09,87,62.19,7,2,0.546,38.0,SMS,1,77,1,1,0.945
51,Female,East,52293.11,66,63.0,9,3,0.291,79.3,Email,1,15,1,1,0.765
24,Male,North,54041.94,41,105.37,7,1,0.717,63.3,Ads,1,39,1,1,0.955
63,Female,East,51871.91,71,108.46,10,1,0.027,81.5,Social Media,0,74,1,1,1.0
43,Male,East,55284.3,55,103.92,10,3,0.175,42.4,Social Media,0,23,1,1,0.99
38,Male,South,56353.06,24,34.15,8,1,0.168,41.7,Social Media,1,45,1,0,0.415
63,Male,West,53178.18,105,138.97,11,5,0.259,48.5,Social Media,1,3,1,1,0.935
73,Female,West,56491.27,76,55.75,13,1,0.281,72.5,Email,1,126,1,1,0.93
22,Male,South,57171.33,32,116.06,8,2,0.208,50.6,Email,0,122,1,1,1.0
33,Male,North,61293.73,15,139.05,6,2,0.293,65.4,Ads,1,178,1,1,0.995
64,Male,North,88432.23,54,69.79,6,3,0.536,51.8,Email,0,110,1,1,0.975
44,Female,West,17781.39,52,107.12,5,3,0.494,55.4,Social Media,1,94,1,1,0.995
40,Male,South,61385.38,19,81.16,6,2,0.224,74.5,SMS,0,147,1,1,1.0
36,Male,South,55756.53,27,78.15,6,2,0.205,41.6,Email,0,157,1,1,1.0
48,Female,East,44520.34,88,116.61,11,3,0.219,36.6,Ads,0,125,1,1,0.99
49,Female,North,51718.92,80,84.13,7,0,0.182,56.1,Ads,1,41,1,1,0.975
28,Female,South,55566.4,33,31.69,7,2,0.368,44.8,Ads,1,173,1,1,0.83
42,Female,West,87711.51,103,106.69,9,2,0.317,55.9,SMS,0,63,1,1,0.99
73,Female,South,59286.73,31,64.7,6,2,0.112,94.1,Ads,0,73,1,1,0.975
22,Female,South,69255.09,23,54.15,8,0,0.199,91.7,Ads,0,179,1,1,0.955
56,Male,North,52891.9,113,62.48,5,2,0.053,57.3,Email,1,142,1,1,0.965
38,Other,East,66258.92,71,17.05,14,1,0.096,63.9,SMS,0,146,0,0,0.36
57,Male,North,51388.8,74,74.82,11,2,0.378,36.5,Email,1,92,1,1,0.985
46,Male,East,81364.76,113,68.85,9,1,0.501,96.5,Email,1,18,1,1,0.705
72,Male,East,32229.31,48,119.04,10,2,0.497,58.5,Social Media,1,95,1,1,0.995
46,Female,West,79868.09,70,137.19,7,2,0.518,65.1,Social Media,0,1,1,1,0.97
69,Female,West,62548.06,109,57.07,9,1,0.141,73.9,SMS,0,140,1,1,0.98
20,Female,East,65373.72,49,84.36,7,1,0.488,60.8,SMS,0,60,1,1,0.965
24,Female,West,57399.32,55,62.5,8,3,0.199,35.4,Email,1,31,1,1,0.96
70,Female,West,58769.97,53,63.66,9,4,0.381,82.5,Ads,0,60,1,1,0.88
28,Male,South,50701.17,35,34.94,7,3,0.118,51.8,SMS,0,125,1,1,0.835
55,Male,South,54761.46,115,89.3,5,2,0.299,48.3,SMS,1,160,1,1,0.98
59,Male,North,48522.43,31,67.8,14,1,0.369,65.2,SMS,0,143,1,1,0.98
28,Female,South,50436.55,108,114.93,8,2,0.284,42.5,Email,0,56,1,1,0.975
41,Female,West,63006.3,3,128.87,5,0,0.192,41.7,Email,0,20,1,1,0.995
54,Other,East,25060.24,99,117.17,13,1,0.153,66.6,SMS,0,122,1,1,0.99
43,Female,South,81342.08,89,81.56,7,0,0.245,74.9,SMS,0,152,1,1,0.995
42,Male,West,49976.67,59,36.07,7,0,0.327,41.6,Social Media,0,22,0,0,0.295
35,Male,West,57389.1,21,47.3,8,0,0.398,22.8,Email,0,116,1,1,0.935
56,Female,East,81756.84,2,21.09,7,0,0.089,69.4,Email,0,28,0,0,0.245
43,Female,North,46175.68,10,40.35,12,2,0.458,65.6,Social Media,0,174,1,1,0.865
54,Female,East,51137.19,57,61.64,8,0,0.325,76.4,Email,0,10,0,1,0.785
58,Female,South,67638.86,91,60.76,13,3,0.236,50.7,Email,1,174,1,1,0.945
24,Male,East,61227.41,60,119.07,2,4,0.227,34.1,SMS,0,89,1,1,0.99
19,Female,West,54675.03,108,71.43,7,2,0.423,58.3,Ads,0,96,1,1,0.965
53,Male,East,80922.56,73,73.51,3,0,0.238,77.8,Ads,0,169,1,1,0.98
73,Male,West,64052.63,92,58.31,9,2,0.32,88.9,SMS,0,117,1,1,0.96
45,Male,East,50315.59,31,37.5,8,0,0.108,57.4,SMS,1,161,0,1,0.925
27,Female,East,78257.16,97,133.16,6,0,0.368,51.6,Ads,0,26,1,1,0.97
39,Male,West,54067.26,60,148.49,6,2,0.27,47.6,Email,1,30,1,1,0.965
48,Male,North,72494.2,110,86.68,9,3,0.112,54.3,Social Media,0,10,1,1,0.98
68,Male,South,91378.61,119,22.62,4,2,0.382,56.8,Social Media,0,88,0,0,0.235
60,Male,South,68032.81,5,174.08,13,3,0.418,29.2,Email,0,17,1,1,0.995
68,Male,North,67262.01,19,9.09,7,2,0.152,77.4,Social Media,0,156,1,0,0.455
71,Male,South,57418.31,83,70.1,8,0,0.1,41.1,Email,1,142,1,1,0.995
68,Female,West,59730.2,35,44.58,4,1,0.274,68.9,Social Media,0,71,1,1,0.845
28,Female,North,41603.06,18,63.49,9,1,0.678,96.2,Social Media,0,87,1,1,0.96
22,Female,North,77332.17,68,51.15,12,3,0.493,79.4,SMS,0,2,0,0,0.45
74,Female,North,85147.56,111,13.04,6,1,0.208,77.9,SMS,0,138,0,0,0.3
58,Female,South,70746.7,88,81.28,9,1,0.734,56.9,Social Media,0,80,1,1,0.98
45,Male,North,24131.73,5,45.78,10,1,0.276,69.4,Social Media,1,163,1,1,0.9
26,Female,South,61648.23,104,33.89,15,2,0.388,46.5,SMS,1,30,0,0,0.16
37,Male,North,51650.6,8,43.06,12,0,0.386,31.9,Social Media,0,111,1,1,0.865
21,Female,North,50764.19,88,78.44,9,2,0.382,55.1,Email,0,125,1,1,0.99
55,Female,East,80043.59,3,127.79,7,1,0.205,96.6,Ads,1,42,1,1,0.995
32,Female,West,80783.51,3,87.63,14,4,0.334,52.9,Ads,1,119,1,1,0.99
38,Female,East,65491.0,77,74.53,8,2,0.262,47.1,SMS,0,155,1,1,0.99
59,Male,West,48934.35,104,30.99,13,1,0.434,42.3,Ads,0,93,0,0,0.305
72,Male,North,48469.1,19,56.16,4,3,0.203,44.0,SMS,0,17,1,1,0.875
57,Female,North,52162.9,65,143.99,8,2,0.399,35.3,Email,0,92,1,1,0.995
22,Female,East,50724.06,110,46.27,8,3,0.326,33.9,SMS,0,137,1,1,0.82
70,Female,West,51467.55,8,113.92,7,0,0.461,55.9,Social Media,0,134,1,1,1.0
70,Male,West,38407.86,22,58.83,8,0,0.165,95.6,SMS,0,10,1,1,0.745
43,Male,South,51114.3,61,55.84,7,0,0.269,23.5,SMS,0,139,1,1,0.975
30,Female,North,58781.95,112,93.44,10,1,0.107,100.0,Social Media,0,119,1,1,0.99
23,Female,North,44373.62,16,61.61,9,3,0.091,47.9,Ads,0,97,1,1,1.0
47,Male,West,69017.83,12,100.91,8,1,0.313,22.5,Social Media,0,149,1,1,0.995
23,Female,South,67690.8,109,110.47,10,0,0.687,43.8,SMS,0,99,1,1,0.96
34,Male,East,60216.32,58,153.53,8,0,0.248,70.0,Ads,0,124,1,1,1.0
55,Male,South,48549.55,77,67.31,4,1,0.677,85.3,Email,0,2,1,1,0.625
61,Female,West,50375.29,91,81.52,7,0,0.095,72.4,Email,1,124,1,1,0.985
57,Male,North,35540.84,97,18.67,9,3,0.032,66.1,Social Media,0,31,0,0,0.12
60,Male,North,60561.74,22,109.67,8,4,0.3,64.3,Email,1,24,1,1,0.99
23,Male,North,82280.93,14,75.37,8,0,0.598,37.2,SMS,1,105,1,1,0.96
58,Female,South,51766.71,98,83.29,6,1,0.083,92.1,Social Media,0,98,1,1,0.995
54,Male,South,59924.07,79,110.65,8,1,0.466,86.0,Email,1,74,1,1,0.995
72,Female,North,39487.26,25,95.6,10,2,0.009,100.0,Social Media,0,162,1,1,0.975
23,Male,South,75796.26,95,74.27,9,1,0.257,63.3,Email,0,167,1,1,0.985
21,Male,South,48903.93,20,53.02,10,0,0.395,72.0,SMS,0,162,1,1,0.98
48,Female,East,63834.41,26,94.86,10,1,0.139,55.4,SMS,0,82,1,1,0.99
49,Male,East,81370.91,60,44.68,5,3,0.537,69.2,Ads,1,90,1,1,0.75
19,Female,West,72357.5,20,62.23,8,2,0.059,70.2,Social Media,0,4,1,1,0.845
35,Female,North,94147.24,20,47.15,8,1,0.413,80.6,Social Media,1,121,1,1,0.875
64,Male,South,70371.69,57,104.16,14,2,0.269,4.7,Ads,1,106,1,1,0.99
31,Male,West,77858.48,30,106.07,7,2,0.354,55.7,SMS,0,173,1,1,0.995
65,Male,West,44026.49,91,104.49,10,1,0.377,58.3,Ads,0,20,1,1,0.97
36,Female,East,85218.73,78,56.8,6,1,0.137,54.2,SMS,0,142,1,1,1.0
37,Female,South,53458.26,56,110.97,8,2,0.362,50.1,SMS,1,174,1,1,1.0
42,Male,West,67865.29,80,90.64,4,1,0.312,60.3,Ads,0,78,1,1,0.98
28,Female,West,82067.16,42,32.45,7,1,0.313,90.0,Social Media,0,149,1,1,0.83
30,Female,North,94977.34,55,5.3,9,3,0.259,84.8,SMS,0,128,0,0,0.175
48,Male,East,63108.63,40,76.84,8,3,0.077,67.3,Email,0,41,1,1,0.995
34,Female,North,67189.51,67,64.07,6,2,0.187,47.0,SMS,0,158,1,1,0.995
43,Male,East,58631.66,78,16.51,8,2,0.277,39.8,Email,1,88,0,0,0.135
65,Female,West,80426.53,110,52.23,8,1,0.396,54.8,SMS,1,64,1,1,0.735
23,Male,North,44575.92,73,95.67,7,1,0.285,77.1,Social Media,0,61,1,1,0.985
61,Male,West,71182.03,29,54.91,5,1,0.35,56.3,Ads,0,128,1,1,0.98
43,Male,South,36411.85,111,85.75,9,3,0.467,72.4,Email,0,35,1,1,0.96
25,Female,South,72304.62,116,52.31,10,3,0.22,53.0,Social Media,0,52,0,1,0.6
25,Female,West,90143.36,23,98.85,8,1,0.154,21.2,Social Media,1,123,1,1,1.0
18,Female,South,47141.5,52,120.43,10,1,0.334,85.9,Ads,0,95,1,1,0.975
30,Male,South,48024.47,19,48.73,9,2,0.294,58.3,SMS,1,58,1,1,0.795
69,Female,East,85194.3,113,70.35,5,1,0.108,34.8,Social Media,1,162,1,1,0.995
30,Male,East,42799.9,54,61.34,8,2,0.353,84.3,Ads,1,151,1,1,0.985
37,Male,South,36622.37,56,71.99,2,0,0.226,42.1,Social Media,0,109,1,1,0.985
20,Male,West,58394.99,45,58.68,7,1,0.411,67.7,Email,0,96,1,1,0.95
71,Female,South,62942.16,33,99.95,8,3,0.487,61.7,Email,1,33,1,1,0.995
21,Male,South,45080.32,97,34.92,6,2,0.429,77.1,Social Media,1,18,0,0,0.16
35,Female,North,48352.62,106,51.93,8,3,0.023,84.5,SMS,1,176,1,1,0.93
45,Other,West,53077.95,107,70.25,8,1,0.124,43.2,Ads,0,29,1,1,0.805
45,Male,West,77286.47,23,61.48,10,1,0.178,58.3,SMS,0,16,1,1,0.92
35,Female,North,59305.32,100,67.34,9,1,0.487,65.3,Social Media,1,167,1,1,0.99
65,Male,North,51225.06,80,62.01,8,2,0.145,83.8,Social Media,0,63,1,1,0.905
35,Male,South,64405.7,65,124.84,9,4,0.18,44.2,Social Media,1,74,1,1,0.995
38,Female,West,61773.34,17,101.64,8,3,0.197,37.0,SMS,0,33,1,1,0.995
42,Male,West,60240.39,69,90.12,15,1,0.325,38.6,Email,0,4,1,1,0.925
70,Female,South,65488.95,29,115.2,11,1,0.036,82.8,Social Media,0,152,1,1,0.995
31,Male,South,63176.86,109,87.44,9,3,0.419,45.6,Email,0,56,1,1,0.975
55,Male,South,76955.19,37,118.55,12,1,0.365,52.9,SMS,0,154,1,1,0.995
45,Male,North,50626.29,101,100.57,7,1,0.178,76.1,Social Media,0,164,1,1,0.99
26,Male,South,84872.25,99,97.77,4,1,0.632,67.1,Email,1,107,1,1,0.97
70,Female,South,15000.0,7,71.14,13,1,0.44,26.4,Social Media,0,92,1,1,0.98
35,Male,South,41593.58,7,82.13,10,2,0.588,39.5,Social Media,1,174,1,1,0.995
72,Female,West,49543.4,60,65.6,7,3,0.601,50.7,Ads,1,80,1,1,0.975
32,Female,West,57808.33,29,81.35,10,2,0.204,83.9,Email,0,13,1,1,0.985
33,Male,East,43110.66,85,58.27,4,0,0.17,37.0,Social Media,0,83,1,1,0.93
36,Male,East,27989.55,4,74.03,6,2,0.269,42.9,Email,0,73,1,1,0.95
72,Other,North,72769.3,108,48.7,12,2,0.262,61.5,Ads,1,91,1,1,0.73
49,Female,West,55745.41,9,88.64,7,1,0.272,44.7,Social Media,0,129,1,1,0.995
36,Female,South,87005.93,12,89.01,6,1,0.081,82.2,Social Media,0,114,1,1,1.0
24,Female,West,102605.72,49,94.3,9,1,0.121,50.7,Ads,0,43,1,1,0.97
41,Male,East,48592.4,99,143.73,9,1,0.091,67.8,Email,0,59,1,1,0.99
60,Male,West,62519.9,53,78.39,9,3,0.114,75.7,Email,1,146,1,1,0.99
59,Female,North,57809.75,42,130.86,1,3,0.603,66.9,Ads,0,40,1,1,0.925
65,Male,South,76184.43,2,10.29,11,0,0.496,29.5,SMS,1,133,0,0,0.465
59,Male,North,68849.23,100,71.12,10,3,0.236,75.4,Ads,0,30,1,1,0.875
21,Male,West,54695.52,91,42.81,8,2,0.052,68.0,Email,1,8,0,0,0.21
64,Female,West,51988.25,17,109.24,11,1,0.157,76.9,Email,0,43,1,1,0.985
57,Female,West,56460.89,89,88.39,7,1,0.354,57.9,SMS,1,62,1,1,0.985
60,Male,West,92639.19,51,147.91,9,2,0.195,72.8,SMS,0,142,1,1,1.0
54,Male,North,49265.65,3,81.58,6,2,0.074,60.9,Ads,1,35,1,1,0.995
38,Male,South,61479.47,35,102.57,16,4,0.24,78.7,Ads,0,173,1,1,0.98
74,Male,North,79432.45,56,90.62,4,1,0.168,62.8,Social Media,1,115,1,1,1.0
53,Male,South,47567.53,80,95.28,15,3,0.132,51.5,Email,0,89,1,1,0.97
50,Male,East,45675.41,57,25.59,3,1,0.107,9.4,SMS,1,24,0,0,0.42
24,Male,West,91835.46,27,125.51,4,0,0.121,48.9,Email,0,23,1,1,0.975
67,Male,West,40290.51,11,72.66,8,0,0.243,43.5,Social Media,0,176,1,1,1.0
67,Female,North,55995.19,63,35.76,10,4,0.338,48.5,Social Media,0,135,1,1,0.8
50,Male,West,40426.88,56,8.27,8,0,0.075,28.7,Ads,0,111,0,0,0.4
48,Male,South,68623.19,52,86.81,10,1,0.225,98.7,Ads,0,134,1,1,0.985
55,Female,North,81033.4,63,33.31,8,2,0.261,42.1,Social Media,0,26,0,0,0.17
39,Female,West,62634.15,94,73.27,5,1,0.365,40.0,Social Media,0,76,1,1,0.99
35,Male,South,53148.19,103,45.72,7,3,0.106,79.4,Email,1,95,0,1,0.69
34,Male,North,57230.08,64,77.26,14,2,0.232,76.0,Email,0,154,1,1,0.99
59,Female,North,65806.33,35,125.62,8,1,0.039,78.3,Social Media,1,32,1,1,1.0
61,Male,North,68868.97,110,73.51,5,3,0.483,56.3,SMS,1,155,1,1,0.98
74,Male,North,75092.02,105,149.97,9,1,0.169,61.7,SMS,0,92,1,1,0.99
56,Female,North,80907.28,1,61.32,9,2,0.447,38.9,Email,1,6,1,1,0.83
46,Female,South,68098.67,96,14.35,5,0,0.418,15.1,Social Media,0,51,0,0,0.145
36,Female,South,96092.95,24,62.49,7,3,0.345,77.5,Ads,1,172,1,1,0.99
41,Male,South,54147.08,80,143.95,7,2,0.51,58.0,Email,0,67,1,1,0.985
30,Male,South,111959.65,113,88.29,9,1,0.061,36.2,SMS,1,91,1,1,0.97
51,Female,South,43951.41,25,81.04,6,1,0.231,40.0,Social Media,0,5,1,1,0.98
44,Male,South,63866.08,102,120.43,9,1,0.235,30.9,Email,0,177,1,1,0.99
21,Male,East,80658.23,82,97.1,6,1,0.458,28.3,Social Media,0,66,1,1,0.975
23,Other,South,16069.87,16,71.67,8,1,0.264,100.0,Social Media,0,30,1,1,0.845
44,Male,North,92774.27,56,91.54,8,2,0.347,32.4,Email,1,155,1,1,0.995
34,Male,West,82114.95,14,23.65,8,3,0.259,79.8,Ads,0,88,1,0,0.405
58,Female,West,40735.9,109,50.57,10,2,0.266,73.9,Social Media,0,29,0,0,0.385
64,Male,North,53490.1,23,84.34,6,0,0.343,60.5,Ads,0,141,1,1,0.995
21,Male,East,42949.55,43,93.29,10,1,0.578,64.4,Email,0,47,1,1,0.98
36,Female,South,54718.95,97,37.1,7,2,0.261,55.7,SMS,0,110,1,1,0.635
65,Female,East,72497.25,91,128.93,9,1,0.078,54.0,Ads,0,166,1,1,0.995
46,Female,West,70534.93,79,83.12,11,3,0.194,46.9,Social Media,1,21,1,1,0.985
70,Male,East,81341.01,100,46.41,3,1,0.216,63.4,Social Media,1,168,1,1,0.92
50,Male,South,60548.13,66,53.56,7,3,0.073,100.0,Social Media,0,52,0,1,0.7
65,Female,North,59810.49,76,61.24,1,0,0.392,49.9,Ads,0,171,1,1,0.97
41,Male,South,15833.36,80,92.34,4,1,0.071,100.0,Ads,0,86,1,1,0.925
64,Female,West,33484.48,70,61.63,10,0,0.24,52.0,Ads,1,142,1,1,0.985
74,Female,East,36481.13,79,41.17,9,0,0.266,55.7,Email,0,133,1,1,0.75
73,Female,East,52856.45,88,58.94,11,1,0.263,59.8,Email,0,72,1,1,0.865
63,Male,West,67747.73,47,107.11,5,0,0.36,36.0,SMS,0,100,1,1,0.985
32,Female,South,48833.84,95,95.39,12,1,0.102,18.2,Email,0,105,1,1,0.99
42,Male,North,49665.12,101,46.98,12,1,0.287,100.0,SMS,1,175,1,1,0.64
30,Male,North,97698.63,4,71.81,6,0,0.244,30.8,Social Media,1,128,1,1,0.965
66,Female,South,50248.1,32,155.12,5,2,0.174,24.8,Ads,0,31,1,1,0.985
52,Female,East,87388.91,42,112.73,4,0,0.275,83.9,Ads,1,120,1,1,0.995
68,Male,West,67798.32,5,99.31,8,0,0.187,83.6,SMS,1,91,1,1,0.99
58,Male,South,70684.42,71,37.97,8,2,0.184,86.6,Social Media,0,36,0,0,0.18
41,Other,East,42644.34,67,105.08,4,0,0.489,44.0,Email,0,62,1,1,0.98
29,Male,South,37737.7,6,24.62,6,3,0.202,85.0,SMS,1,162,1,1,0.785
22,Male,West,77824.25,28,72.15,5,3,0.091,41.5,Ads,1,41,1,1,0.99
32,Male,West,47777.06,90,109.01,10,1,0.6,82.5,Social Media,0,124,1,1,0.985
55,Male,North,40679.07,38,58.22,7,2,0.358,66.0,SMS,1,18,1,1,0.86
54,Female,West,77576.45,65,51.07,14,1,0.412,41.3,Email,0,61,1,1,0.675
23,Male,East,36590.24,62,32.66,6,2,0.474,8.6,Social Media,0,68,0,0,0.45
36,Male,West,39873.73,98,164.74,7,3,0.15,63.5,Email,0,37,1,1,0.985
72,Male,East,78296.83,70,120.0,4,3,0.225,72.0,SMS,0,69,1,1,0.97
62,Male,West,69932.24,29,37.84,4,2,0.465,68.2,Email,1,46,0,0,0.46
63,Male,South,46830.34,59,75.68,13,1,0.451,69.8,Social Media,0,83,1,1,0.975
34,Male,East,54291.68,115,92.03,8,2,0.243,48.4,Social Media,0,91,1,1,0.99
25,Male,West,44047.98,104,103.87,8,3,0.153,78.0,Social Media,0,14,1,1,0.975
31,Female,South,99577.78,18,146.5,14,6,0.197,76.5,SMS,0,114,1,1,0.955
56,Male,North,29249.25,30,41.82,9,1,0.1,44.8,SMS,0,114,1,1,0.85
18,Male,West,49909.45,71,73.79,4,2,0.585,79.5,Ads,0,152,1,1,0.975
46,Male,North,70592.93,63,52.81,4,0,0.19,70.5,Email,0,116,1,1,0.945
41,Male,North,72624.16,81,83.92,12,0,0.212,28.8,Email,0,169,1,1,1.0
28,Female,South,37631.26,2,43.95,4,2,0.34,88.7,Social Media,0,168,1,1,0.905
27,Female,North,62827.94,114,58.32,8,3,0.31,61.0,Social Media,0,41,1,1,0.635
60,Female,South,91003.27,26,69.54,10,1,0.057,22.0,Email,0,138,1,1,1.0
74,Female,South,63202.35,6,77.26,10,0,0.318,72.1,Email,0,119,1,1,0.98
49,Male,West,68824.64,77,102.55,5,1,0.042,46.9,Email,1,111,1,1,0.99
59,Male,West,98749.9,76,102.38,11,2,0.299,51.6,Ads,0,21,1,1,0.95
43,Female,West,63275.18,107,34.34,13,1,0.257,64.2,Email,0,98,0,0,0.41
36,Male,South,68753.37,74,42.02,6,2,0.105,51.1,SMS,1,104,1,1,0.82
65,Female,West,45874.95,78,121.66,6,3,0.477,64.2,SMS,0,138,1,1,1.0
56,Male,South,29606.92,26,5.0,5,2,0.449,42.3,Email,0,116,0,0,0.21
68,Male,North,41956.5,91,71.98,8,1,0.038,99.5,SMS,1,38,1,1,0.865
63,Other,West,33610.51,119,15.31,9,1,0.335,76.9,SMS,1,151,0,0,0.25
61,Other,East,73589.54,110,83.36,7,2,0.519,59.2,Social Media,0,160,1,1,0.97
20,Female,South,66228.01,94,141.55,13,0,0.328,45.2,Social Media,1,140,1,1,0.99
70,Female,West,88278.61,29,77.18,9,0,0.215,67.4,Email,0,179,1,1,0.995
63,Male,East,55417.52,114,49.97,4,1,0.318,40.3,SMS,0,69,0,1,0.66
57,Female,East,48477.65,23,49.68,7,1,0.358,58.4,Ads,1,169,1,1,0.98
49,Male,North,63041.35,64,105.85,9,2,0.231,47.9,Social Media,1,133,1,1,1.0
60,Female,North,71602.03,19,57.63,5,1,0.161,100.0,SMS,1,161,1,1,0.96
28,Female,North,68431.26,71,79.91,9,3,0.299,64.4,Ads,0,99,1,1,0.995
33,Other,West,32164.9,65,83.23,6,0,0.394,64.4,Email,0,54,0,1,0.97
62,Male,East,88805.67,103,86.33,5,2,0.126,97.8,Ads,0,141,1,1,0.98
33,Female,South,56456.19,107,181.07,7,1,0.293,51.5,Email,0,89,1,1,1.0
60,Male,West,76005.61,54,95.34,8,3,0.145,16.4,Ads,1,141,1,1,0.985
58,Female,North,18357.66,65,106.19,11,2,0.28,33.8,SMS,0,145,1,1,0.99
72,Other,North,78872.02,28,92.41,8,1,0.42,78.2,Ads,0,53,1,1,0.98
18,Female,South,78642.3,16,58.52,5,0,0.214,58.7,Ads,0,160,1,1,0.98
67,Female,South,60668.94,85,104.46,12,1,0.512,73.6,SMS,1,54,1,1,0.97
50,Female,East,28419.77,59,5.0,7,1,0.497,51.9,SMS,0,134,0,0,0.27
23,Female,West,53928.51,84,40.13,8,1,0.405,100.0,Ads,0,137,0,1,0.585
54,Male,East,68241.52,58,86.37,11,1,0.48,25.9,Email,0,90,1,1,0.99
51,Female,West,50025.27,107,48.66,9,0,0.179,54.4,SMS,0,124,1,1,0.89
74,Female,North,53713.84,119,27.39,3,3,0.229,58.8,SMS,0,87,0,0,0.39
68,Male,East,15000.0,70,60.06,8,2,0.116,80.9,Social Media,1,92,1,1,0.95
40,Female,West,52394.49,48,68.24,17,0,0.428,38.9,SMS,0,131,1,1,0.955
67,Female,South,51867.21,57,28.88,7,2,0.095,84.4,Ads,0,170,1,1,0.85
38,Female,East,62420.86,91,103.87,8,3,0.168,88.6,SMS,0,13,1,1,0.985
59,Female,West,81553.26,95,70.08,5,2,0.152,53.3,SMS,0,111,1,1,0.985
33,Female,West,69219.12,25,72.35,7,1,0.573,85.9,Ads,0,11,1,1,0.915
67,Male,West,59974.23,113,46.93,5,0,0.483,28.4,Social Media,1,160,1,1,0.89
52,Female,North,62903.61,118,77.86,10,1,0.384,64.5,Email,1,75,1,1,0.94
23,Female,South,61069.31,43,76.37,5,0,0.239,33.8,Social Media,1,170,1,1,0.995
34,Female,South,47898.08,109,86.64,7,1,0.077,52.7,Email,0,146,1,1,0.99
34,Female,South,68588.91,83,61.15,7,1,0.087,48.5,Email,0,72,1,1,0.965
32,Female,West,62775.07,91,45.97,7,2,0.311,82.5,SMS,0,149,0,1,0.89
33,Male,East,79440.78,60,61.56,12,2,0.143,34.5,Ads,0,146,1,1,0.985
61,Male,West,80490.63,81,85.52,8,7,0.392,85.6,Social Media,0,159,1,1,0.995
51,Female,South,60812.86,119,31.18,3,3,0.379,100.0,Social Media,1,73,1,0,0.33
60,Female,West,53822.35,62,56.47,6,0,0.189,89.2,Email,0,99,1,1,0.95
58,Male,East,50351.86,86,87.83,13,0,0.394,51.9,Social Media,0,105,1,1,0.98
49,Male,South,42672.95,16,76.54,7,3,0.186,59.0,Email,0,119,1,1,0.99
37,Female,North,86446.67,50,67.97,9,0,0.097,31.8,Social Media,0,179,1,1,0.995
61,Female,West,88088.93,47,117.14,12,2,0.291,66.3,Email,1,27,1,1,0.965
66,Female,East,59337.53,74,49.37,12,1,0.558,35.0,SMS,0,36,0,0,0.47
43,Other,West,60816.8,91,169.55,7,4,0.145,58.2,Ads,1,124,1,1,0.985
49,Male,North,64753.93,81,94.1,6,3,0.29,63.5,Ads,1,132,1,1,0.98
37,Male,West,38626.72,45,24.34,7,1,0.313,53.6,SMS,1,146,1,1,0.74
65,Female,East,48824.75,21,60.06,6,1,0.238,69.2,SMS,0,54,0,1,0.925
33,Male,East,38456.77,33,110.26,7,1,0.394,48.8,Ads,1,22,1,1,0.98
30,Female,South,56928.24,17,73.0,5,2,0.546,50.6,SMS,0,121,1,1,0.995
66,Male,East,62922.16,110,105.76,8,0,0.521,66.7,Ads,1,76,1,1,0.98
49,Female,South,53690.33,57,118.39,8,2,0.275,46.7,Email,0,128,1,1,0.99
34,Female,South,88504.44,86,74.24,9,0,0.181,59.6,SMS,1,162,1,1,0.995
53,Male,West,91724.91,73,136.98,11,1,0.028,98.6,Social Media,0,32,1,1,0.94
59,Male,West,47636.24,64,93.84,11,5,0.293,46.0,Ads,0,67,1,1,0.98
20,Female,East,42550.61,18,81.07,13,1,0.257,45.9,Email,0,126,1,1,1.0
47,Female,North,48938.81,103,117.68,8,0,0.145,37.6,Ads,1,13,1,1,0.97
70,Male,South,70262.56,114,104.87,6,1,0.119,58.0,Email,0,41,1,1,0.95
36,Male,North,80004.68,86,46.23,10,4,0.3,53.7,Ads,0,66,1,1,0.56
58,Female,West,91966.96,102,10.0,3,3,0.15,80.2,SMS,0,60,0,0,0.15
73,Female,North,18473.18,105,21.02,12,0,0.085,61.9,SMS,0,81,0,0,0.275
42,Male,South,80588.41,62,42.54,10,2,0.374,57.1,Email,1,80,1,1,0.635
41,Female,South,57481.65,105,88.89,12,2,0.116,50.7,Email,0,60,1,1,0.97
23,Female,West,44240.98,3,81.85,11,2,0.145,43.9,SMS,1,91,1,1,0.99
54,Male,South,69482.4,40,32.13,8,1,0.397,38.1,Ads,1,123,0,1,0.745
66,Male,East,55886.15,46,126.92,5,0,0.407,42.1,Email,0,176,1,1,0.995
25,Male,West,48326.43,49,140.92,5,0,0.27,40.9,Social Media,0,71,1,1,0.995
47,Female,West,67319.13,47,73.04,12,3,0.089,72.2,Email,0,178,1,1,0.98
52,Female,North,71664.87,52,165.09,9,1,0.458,70.3,Ads,0,39,1,1,0.97
74,Female,West,60953.02,21,107.79,6,0,0.014,75.6,Social Media,0,20,1,1,0.965
24,Other,East,69972.0,9,49.68,4,4,0.239,29.9,Email,1,165,1,1,0.935
68,Female,West,55069.57,80,46.16,13,2,0.363,76.6,SMS,0,56,0,0,0.395
36,Female,South,68905.26,26,9.07,10,0,0.333,18.4,SMS,0,48,0,0,0.145
33,Male,East,59977.09,77,49.7,5,0,0.36,49.9,Social Media,0,107,1,1,0.915
24,Male,North,52674.8,72,15.95,7,2,0.191,33.6,Email,1,45,0,0,0.115
37,Female,North,45591.17,48,28.77,7,2,0.279,53.3,Social Media,0,79,0,0,0.345
65,Male,South,20716.38,68,109.31,8,1,0.215,66.2,Email,0,93,1,1,0.995
38,Female,West,53974.7,43,21.79,10,2,0.395,79.2,Ads,0,122,0,0,0.29
39,Female,West,57062.66,109,101.81,9,3,0.192,49.1,Ads,1,62,1,1,0.985
72,Female,East,48719.81,108,55.57,8,0,0.655,75.5,Ads,0,154,0,1,0.915
68,Female,North,65757.54,60,58.45,9,1,0.344,82.9,Email,0,130,1,1,0.985
25,Male,East,57151.9,31,62.43,11,0,0.066,43.9,SMS,0,85,1,1,0.96
31,Male,South,71910.15,106,39.53,14,1,0.234,94.4,Social Media,0,28,1,0,0.165
60,Male,West,79576.3,1,91.55,5,0,0.375,91.7,SMS,0,24,1,1,0.955
64,Female,South,50630.71,81,13.25,8,1,0.641,52.9,Social Media,0,172,0,0,0.445
40,Male,East,34930.64,105,45.69,13,2,0.234,56.7,Email,1,172,1,1,0.79
62,Female,North,60451.83,52,149.17,7,0,0.075,47.5,Ads,1,104,1,1,0.99
74,Male,South,94000.93,45,32.44,7,3,0.283,41.0,Social Media,1,69,1,1,0.52
68,Female,West,56351.81,43,64.81,10,2,0.369,31.3,Email,1,34,1,1,0.94
34,Female,South,51538.58,71,67.97,11,1,0.146,100.0,Email,0,2,1,1,0.79
51,Male,North,54424.94,10,19.53,12,3,0.188,65.8,Ads,0,126,0,0,0.445
33,Female,East,69305.96,99,127.47,7,1,0.103,76.8,Ads,0,85,1,1,0.995
40,Female,South,70143.05,82,97.42,10,2,0.405,55.9,Ads,0,91,1,1,0.99
28,Female,East,72027.75,104,83.38,7,0,0.621,62.7,Email,0,123,1,1,0.99
35,Female,East,58925.56,58,78.65,8,0,0.223,47.3,Email,0,83,1,1,0.99
54,Female,South,55937.83,96,127.41,6,1,0.093,70.3,SMS,1,105,1,1,1.0
42,Female,South,46428.35,80,63.39,7,1,0.318,63.0,Social Media,0,12,1,1,0.835
30,Male,East,55964.61,26,97.1,11,1,0.162,57.3,Social Media,0,72,1,1,0.985
52,Other,South,61271.92,89,25.23,6,2,0.539,57.9,Social Media,0,78,0,0,0.16
31,Male,West,64272.1,73,84.88,6,2,0.452,87.1,SMS,0,20,1,1,0.915
71,Female,North,60077.01,72,54.37,11,2,0.446,68.1,Ads,0,27,0,0,0.435
71,Female,North,77501.26,53,38.27,15,1,0.197,44.3,SMS,0,128,1,1,0.795
45,Male,West,69323.94,119,102.29,11,1,0.286,53.8,Email,0,76,1,1,0.975
27,Female,East,33703.34,13,85.25,8,0,0.613,48.1,SMS,1,140,1,1,0.985
69,Male,South,70002.0,56,61.79,7,2,0.277,80.6,Social Media,0,69,1,1,0.965
42,Male,South,65735.09,6,121.68,3,1,0.183,70.0,Ads,1,77,1,1,0.99
74,Female,North,41553.17,3,86.86,8,0,0.714,44.7,SMS,0,16,1,1,0.78
74,Male,South,72159.31,36,85.91,8,2,0.077,80.3,SMS,1,45,1,1,0.97
18,Female,East,61704.93,94,30.02,10,0,0.247,39.3,Social Media,0,99,0,0,0.445
57,Female,South,99445.61,15,91.67,9,1,0.232,75.0,Social Media,1,42,1,1,1.0
44,Female,North,46975.11,24,68.9,9,1,0.194,47.6,SMS,0,126,1,1,0.995
53,Male,East,69898.04,31,46.81,6,2,0.054,56.7,Email,1,1,1,1,0.585
18,Male,North,81178.01,47,81.39,8,5,0.263,54.9,Ads,1,51,1,1,0.98
37,Male,West,60168.43,71,5.0,8,1,0.251,53.1,SMS,0,16,0,0,0.045
37,Male,West,72190.51,61,77.66,10,0,0.371,45.7,SMS,0,113,1,1,0.99
28,Male,North,71849.06,45,122.2,10,2,0.444,70.0,Social Media,0,178,1,1,1.0
35,Male,West,70443.53,103,52.82,9,0,0.423,66.5,SMS,1,45,1,1,0.595
18,Female,East,29551.41,47,97.3,4,0,0.349,45.9,Ads,1,10,1,1,0.935
63,Female,West,61960.01,2,44.82,7,2,0.309,43.0,Email,0,148,1,1,0.955
53,Female,South,63447.93,21,129.11,15,1,0.227,71.5,Ads,0,65,1,1,1.0
28,Female,North,51874.44,6,102.07,10,1,0.131,66.5,SMS,1,154,1,1,0.99
47,Male,West,89826.68,65,63.56,3,1,0.296,29.8,Social Media,1,35,1,1,0.91
27,Female,South,76216.79,115,91.97,6,1,0.662,42.6,Email,0,66,1,1,0.955
69,Male,East,73966.03,16,78.38,9,0,0.087,62.1,Email,0,6,1,1,0.98
43,Male,West,38317.29,45,5.0,11,1,0.424,95.1,SMS,0,98,0,0,0.195
35,Male,East,25993.93,50,78.77,6,3,0.128,46.7,Ads,0,52,1,1,0.98
23,Male,West,58539.42,94,81.59,11,0,0.147,61.9,Email,0,107,1,1,0.98
42,Female,South,84721.46,42,114.46,6,1,0.273,44.8,SMS,0,56,1,1,0.975
56,Male,South,73434.63,96,34.07,7,2,0.246,44.7,Social Media,0,139,0,1,0.77
70,Female,East,49294.36,100,105.16,7,1,0.27,43.2,Email,0,118,1,1,0.995
41,Male,East,77711.25,60,45.4,12,0,0.222,82.6,Social Media,0,174,1,1,0.895
42,Male,North,42440.71,48,92.76,2,1,0.143,23.8,Social Media,0,77,1,1,0.995
42,Male,South,102268.81,49,37.11,6,3,0.169,78.9,SMS,0,157,1,1,0.855
65,Female,West,56576.46,33,110.14,7,0,0.23,100.0,Ads,0,89,1,1,0.975
21,Female,West,85870.1,106,123.17,12,2,0.179,64.5,Email,0,54,1,1,0.965
70,Female,North,57317.29,75,101.78,5,0,0.556,81.7,Email,0,136,1,1,0.99
29,Male,East,45828.22,18,98.9,5,2,0.729,72.3,Ads,0,28,1,1,0.935
73,Female,South,101813.27,91,78.41,3,2,0.376,56.5,SMS,0,149,1,1,0.975
49,Male,West,25290.14,30,5.0,6,0,0.294,35.0,Ads,1,117,0,0,0.4
42,Female,West,33936.41,32,113.12,8,0,0.316,21.3,SMS,1,3,1,1,0.97
20,Female,East,64170.88,107,77.59,5,4,0.245,66.8,SMS,0,27,1,1,0.935
40,Male,West,72182.06,115,15.56,8,0,0.645,74.2,Social Media,1,54,0,0,0.09
34,Male,South,41050.94,81,120.25,5,1,0.283,58.7,Email,1,139,1,1,1.0
36,Male,East,46419.49,16,107.28,6,2,0.494,70.2,SMS,1,57,1,1,0.99
34,Female,North,43558.98,66,47.19,4,1,0.172,44.2,Social Media,0,90,1,1,0.92
51,Other,East,47783.78,94,113.52,6,2,0.062,76.4,Email,0,15,1,1,0.96
20,Male,South,59228.93,21,58.01,8,2,0.481,58.1,SMS,0,138,1,1,0.99
39,Female,North,46892.93,78,55.76,8,3,0.143,54.5,Email,0,59,1,1,0.89
57,Female,East,30678.41,81,76.21,12,1,0.463,81.9,Ads,0,28,1,1,0.885
68,Female,South,91501.46,18,160.58,6,4,0.213,22.5,Email,0,143,1,1,1.0
38,Male,East,84961.82,84,75.26,17,1,0.124,91.2,SMS,0,161,1,1,0.97
26,Female,West,74090.62,56,54.74,7,1,0.526,99.3,SMS,0,84,1,1,0.875
71,Female,North,79983.55,88,98.73,7,0,0.775,51.2,Email,1,65,1,1,0.93
46,Male,South,40267.33,72,100.11,8,2,0.331,47.2,Email,0,157,1,1,1.0
47,Female,North,47487.49,45,79.65,14,1,0.276,47.1,Ads,0,176,1,1,1.0
29,Male,South,56558.84,92,50.87,8,0,0.234,36.8,SMS,1,109,1,1,0.865
20,Male,West,34174.38,38,112.33,8,0,0.156,55.2,Social Media,0,96,1,1,1.0
43,Female,East,59336.16,40,62.89,6,1,0.158,59.7,Ads,0,105,1,1,1.0
35,Female,West,31707.41,15,54.49,10,4,0.357,51.3,Social Media,0,137,1,1,0.965
31,Other,North,27994.51,62,101.9,7,0,0.176,73.5,Ads,0,13,1,1,0.985
50,Female,South,43511.35,36,27.64,13,5,0.24,35.8,Ads,0,26,0,0,0.225
70,Female,West,23908.92,70,37.52,6,1,0.341,62.8,Ads,0,147,1,1,0.705
49,Female,East,71221.44,81,68.52,3,1,0.201,45.1,Social Media,1,6,1,1,0.9
30,Male,South,49230.39,44,54.19,9,1,0.166,52.0,Email,0,11,0,1,0.775
55,Female,South,70414.95,109,70.68,5,1,0.052,61.8,SMS,0,36,1,1,0.905
71,Female,South,59322.8,115,91.1,7,2,0.598,51.7,Ads,0,29,1,1,0.925
59,Male,East,56152.44,16,36.97,12,1,0.136,92.6,Ads,0,102,1,1,0.795
40,Male,South,75392.6,70,87.79,7,0,0.582,82.4,SMS,1,72,1,1,0.97
39,Female,West,46101.26,117,86.57,8,1,0.477,37.4,SMS,0,153,1,1,0.995
58,Female,North,56657.53,64,46.56,12,2,0.251,36.2,Ads,0,170,1,1,0.92
36,Female,East,45349.63,109,82.85,16,0,0.238,36.7,Ads,0,169,1,1,0.98
33,Male,North,46476.86,104,52.11,11,3,0.282,64.5,Ads,1,175,1,1,0.91
58,Female,West,91725.35,57,96.91,10,2,0.25,71.7,Ads,1,128,1,1,0.995
39,Female,South,92793.84,41,27.14,7,0,0.114,69.5,Ads,0,39,0,0,0.205
57,Female,East,42262.74,65,45.6,7,1,0.249,71.2,Email,0,35,0,0,0.45
42,Male,West,69279.12,97,113.57,9,1,0.153,64.1,Social Media,0,90,1,1,0.995
67,Male,South,62256.68,1,52.54,5,2,0.364,45.2,Email,0,126,1,1,0.97
28,Male,North,49126.95,115,142.73,9,3,0.362,44.2,Ads,0,62,1,1,0.97
20,Female,North,61382.43,56,58.25,7,3,0.528,52.3,Social Media,1,114,1,1,0.975
47,Other,West,73935.3,40,96.02,8,2,0.274,44.8,Email,1,114,1,1,1.0
41,Male,West,63456.92,97,5.0,6,1,0.408,93.5,Ads,0,55,0,0,0.09
35,Male,West,53433.74,81,49.28,13,2,0.383,94.4,Ads,1,63,0,0,0.49
60,Other,North,73107.23,96,68.27,8,1,0.097,78.2,SMS,0,118,1,1,0.985
59,Female,North,53534.64,75,18.7,12,1,0.212,55.6,Ads,1,21,0,0,0.085
70,Male,North,64884.58,25,46.81,5,3,0.005,65.7,Email,0,58,1,1,0.645
19,Male,West,37260.51,13,45.94,7,4,0.155,91.2,Social Media,0,112,1,1,0.885
59,Female,West,41650.43,18,131.09,6,4,0.104,59.6,Ads,1,132,1,1,0.995
48,Female,West,63529.46,70,81.26,6,3,0.446,55.5,Social Media,0,9,1,1,0.99
30,Male,West,53928.64,87,22.74,5,1,0.353,58.5,Ads,0,128,0,0,0.305
33,Male,South,32351.55,48,78.07,8,1,0.373,66.6,SMS,0,119,1,1,0.995
33,Female,East,78229.54,56,114.47,11,4,0.202,72.1,Ads,1,122,1,1,0.99
60,Female,South,83181.12,99,83.45,4,0,0.18,82.3,Email,0,108,1,1,1.0
39,Male,West,73632.41,119,54.82,9,0,0.335,41.2,Email,0,108,1,1,0.96
46,Male,West,86839.52,85,37.21,8,1,0.457,79.9,Email,0,29,1,0,0.175
74,Male,North,68542.35,15,78.93,10,3,0.23,24.0,Ads,0,46,1,1,0.985
52,Male,North,73788.08,56,68.7,6,1,0.577,70.8,Social Media,0,51,1,1,0.975
51,Male,East,28600.04,42,68.98,12,1,0.026,76.4,SMS,0,83,1,1,0.97
54,Male,South,83191.33,39,55.07,4,3,0.417,15.5,Email,1,12,1,1,0.76
18,Male,North,96804.36,59,85.94,6,1,0.195,49.9,Social Media,0,174,1,1,0.995
60,Male,West,38794.91,72,46.64,6,0,0.13,81.6,Ads,0,41,0,1,0.51
63,Male,East,69332.85,50,75.84,6,1,0.24,57.6,Social Media,0,50,1,1,0.965
47,Male,South,51765.03,106,37.4,5,0,0.021,29.1,Social Media,0,89,1,1,0.595
37,Female,South,57532.81,99,44.8,9,2,0.313,32.9,Ads,1,63,0,0,0.475
21,Male,West,35461.39,68,72.85,9,2,0.119,72.6,SMS,1,113,1,1,0.985
59,Male,North,52612.85,25,123.42,11,3,0.488,64.6,Email,0,74,1,1,0.985
37,Female,South,51224.82,76,141.42,9,2,0.275,77.4,SMS,0,144,1,1,1.0
68,Male,South,69367.33,66,81.48,9,2,0.324,77.8,Social Media,1,81,1,1,0.99
48,Female,North,50223.08,11,43.14,6,5,0.223,51.0,Social Media,0,79,1,1,0.82
18,Female,North,54587.19,71,121.09,12,2,0.4,56.9,Social Media,1,129,1,1,0.97
51,Female,West,42887.37,4,96.44,11,0,0.559,50.6,SMS,0,68,1,1,0.96
30,Female,East,91998.48,105,135.19,9,3,0.25,64.3,Social Media,0,173,1,1,0.99
53,Male,West,21032.56,23,54.29,8,0,0.209,33.9,SMS,0,152,1,1,1.0
56,Female,East,33820.57,41,23.53,9,1,0.343,58.3,Email,1,128,1,1,0.545
23,Female,West,57972.6,63,106.59,3,0,0.558,32.0,Ads,0,132,1,1,0.99
51,Male,West,48160.06,38,75.7,7,3,0.057,84.7,Email,1,30,1,1,0.965
70,Female,West,71048.57,102,60.87,6,3,0.102,56.3,Social Media,1,45,1,1,0.875
71,Female,West,46245.39,118,27.54,12,1,0.126,78.6,Social Media,1,69,0,0,0.215
36,Female,North,42639.85,102,87.77,9,1,0.345,27.5,Social Media,0,22,1,1,0.965
74,Male,North,76599.98,5,74.38,9,1,0.41,78.5,Social Media,0,66,1,1,0.99
32,Female,South,60975.26,87,101.5,6,0,0.281,28.2,Social Media,0,28,0,1,0.98
23,Female,South,76007.63,22,144.52,6,2,0.131,84.7,Ads,0,149,1,1,1.0
21,Female,North,47346.93,18,53.42,4,0,0.509,32.6,Social Media,0,43,1,1,0.79
42,Other,North,60898.36,109,86.78,9,2,0.319,86.0,SMS,0,50,1,1,0.955
61,Female,West,73966.07,34,90.07,14,2,0.224,67.0,Email,0,123,1,1,0.99
49,Female,North,57203.36,88,50.17,14,1,0.298,69.2,Email,1,120,0,1,0.84
20,Female,East,54946.61,64,97.47,11,2,0.279,63.9,Email,0,102,1,1,1.0
20,Female,East,68917.53,83,61.03,12,0,0.015,30.2,Social Media,1,5,1,1,0.75
47,Female,East,78642.05,100,101.37,5,1,0.175,63.3,Ads,1,157,1,1,0.985
37,Male,West,54676.13,90,117.77,11,2,0.084,89.8,Email,1,163,1,1,1.0
61,Female,East,22399.63,15,98.46,7,3,0.459,46.0,Social Media,0,166,1,1,0.995
55,Male,North,28167.38,14,115.58,10,1,0.124,54.6,Ads,0,11,1,1,0.99
32,Female,West,80755.95,81,96.21,6,1,0.33,63.6,SMS,0,47,1,1,0.99
72,Female,South,28054.77,56,83.99,14,1,0.36,71.4,Email,0,15,1,1,0.89
64,Male,North,48648.42,23,90.66,5,2,0.11,49.1,Email,1,92,1,1,0.995
30,Female,West,74778.51,44,43.29,5,1,0.315,68.9,Ads,0,67,0,1,0.745
58,Other,East,53522.44,96,48.65,10,1,0.077,34.2,SMS,0,157,1,1,0.91
63,Female,East,63555.0,109,25.55,9,2,0.04,80.4,Email,0,61,0,0,0.26
36,Female,North,83426.31,98,75.46,11,0,0.499,97.9,SMS,0,28,0,1,0.75
30,Female,South,57345.5,78,52.09,13,2,0.259,100.0,Social Media,1,130,1,1,0.905
54,Male,West,89114.33,8,51.46,6,0,0.378,84.8,Social Media,0,168,1,1,0.955
53,Male,South,80574.11,99,94.99,7,0,0.221,65.8,SMS,0,25,1,1,0.975
71,Male,West,61851.5,14,64.45,4,1,0.418,70.2,Email,0,111,1,1,0.99
21,Male,West,58576.06,65,86.07,10,1,0.264,95.8,Social Media,1,147,1,1,0.975
71,Female,East,54853.5,9,51.11,9,0,0.261,73.9,Ads,0,42,1,1,0.825
69,Male,North,81182.96,3,33.9,11,2,0.44,79.2,Email,0,155,1,1,0.69
70,Female,South,77223.06,117,117.01,3,0,0.038,66.7,Ads,0,85,1,1,0.995
49,Male,West,88762.58,55,64.02,5,3,0.257,41.1,Ads,1,94,1,1,0.985
71,Male,North,87099.65,5,114.86,6,1,0.368,41.9,Email,0,58,1,1,0.98
39,Female,West,64286.86,26,27.46,7,0,0.222,66.8,Email,0,39,0,0,0.2
70,Male,West,37930.15,82,70.19,7,2,0.379,40.6,Email,1,159,1,1,0.995
63,Male,West,94752.78,63,112.92,11,1,0.117,89.7,Ads,0,145,1,1,0.99
29,Male,North,70278.2,37,55.58,9,3,0.363,72.9,SMS,0,53,1,1,0.765
66,Female,South,93180.38,85,71.16,5,2,0.379,77.1,Ads,1,165,1,1,0.985
27,Female,East,62539.11,23,70.77,8,0,0.258,46.8,Ads,0,140,1,1,0.99
34,Male,East,64897.68,68,40.71,7,3,0.266,53.2,Email,1,18,0,0,0.315
32,Female,North,76746.69,117,59.63,6,2,0.173,98.0,Email,0,93,1,1,0.94
60,Male,North,32272.18,47,79.32,6,0,0.275,45.8,SMS,0,116,1,1,1.0
30,Male,West,59661.94,85,120.46,10,1,0.396,69.7,Social Media,0,38,1,1,0.945
70,Female,West,46813.3,30,65.79,12,2,0.239,79.3,SMS,0,144,1,1,0.97
61,Male,North,73796.5,83,43.11,9,4,0.451,60.2,SMS,1,16,0,0,0.315
64,Male,North,56855.1,3,120.7,5,2,0.438,45.5,Ads,0,48,1,1,0.98
22,Male,West,58942.26,54,69.23,5,1,0.187,84.2,SMS,0,18,1,1,0.93
73,Male,South,62244.66,57,88.71,7,1,0.372,36.1,SMS,1,124,1,1,0.99
61,Female,South,55466.85,13,90.28,5,3,0.537,77.1,SMS,0,112,1,1,1.0
41,Male,North,40498.74,4,68.58,8,0,0.21,75.7,Ads,0,43,1,1,0.96
26,Female,North,59566.8,40,59.1,3,2,0.403,61.4,Ads,0,11,1,1,0.755
49,Female,West,49300.16,35,50.3,8,0,0.709,51.2,SMS,1,134,1,1,0.94
29,Female,North,27533.74,77,45.02,7,0,0.399,59.6,Social Media,1,175,1,1,0.91
65,Female,East,55832.83,56,106.9,11,2,0.127,74.4,Social Media,0,14,1,1,0.99
62,Male,East,27811.19,28,61.79,10,5,0.465,67.3,SMS,1,78,1,1,0.95
73,Male,West,42506.32,59,112.71,8,2,0.443,67.3,Ads,0,143,1,1,0.975
42,Male,West,48917.12,7,86.05,9,1,0.495,91.4,Social Media,1,84,1,1,0.995
58,Male,North,31235.5,89,117.82,12,1,0.08,57.9,Social Media,0,127,1,1,0.995
30,Female,East,43516.5,60,94.69,7,2,0.21,42.1,Email,0,121,1,1,1.0
33,Female,East,75705.57,26,63.78,13,1,0.095,49.7,SMS,1,144,1,1,0.985
44,Male,West,57207.65,68,90.51,6,1,0.104,34.3,SMS,0,97,1,1,0.995
33,Male,South,59784.03,64,121.39,12,1,0.128,42.5,SMS,0,83,1,1,0.995
36,Female,South,59754.36,87,93.65,10,2,0.166,62.9,Social Media,0,92,1,1,1.0
33,Male,East,77858.57,41,113.56,11,2,0.242,87.4,SMS,0,49,1,1,0.985
65,Male,East,84821.21,117,65.38,8,0,0.302,62.3,Ads,0,58,1,1,0.885
68,Male,North,69252.27,81,92.15,15,2,0.326,75.2,Social Media,0,117,1,1,0.97
30,Female,West,66789.95,117,63.29,4,0,0.059,77.8,Email,0,175,1,1,0.94
40,Male,West,76955.31,62,72.75,2,2,0.122,90.7,Ads,0,15,1,1,0.9
43,Female,East,91189.2,88,92.56,5,2,0.617,33.4,Social Media,0,117,1,1,0.995
41,Female,East,80572.83,118,118.71,7,1,0.252,61.1,Email,0,178,1,1,1.0
59,Male,South,54232.47,98,166.39,5,5,0.093,65.2,Social Media,1,79,1,1,0.995
33,Female,North,65374.71,11,15.38,11,0,0.605,51.5,SMS,0,178,0,1,0.54
47,Male,South,72712.06,90,25.98,11,2,0.588,83.6,Social Media,0,119,0,0,0.26
25,Female,East,59915.12,58,54.04,4,1,0.351,42.8,Social Media,0,126,1,1,1.0
45,Male,North,64294.19,68,47.25,6,2,0.395,86.1,Email,0,19,0,0,0.37
30,Male,North,65506.17,8,78.47,12,0,0.553,43.1,Email,0,157,1,1,0.99
43,Other,East,57576.56,83,49.65,3,1,0.32,86.6,SMS,0,59,1,1,0.595
38,Female,West,66023.39,2,137.25,12,3,0.292,90.7,Social Media,0,92,1,1,0.99
25,Male,North,79790.42,116,104.83,5,3,0.176,47.0,Ads,0,125,1,1,0.97
31,Female,North,89606.1,72,75.07,12,3,0.202,46.6,Social Media,0,103,1,1,0.97
48,Male,East,86274.98,92,59.5,14,1,0.098,87.6,Social Media,0,108,0,1,0.94
44,Male,North,44671.86,43,107.55,3,2,0.242,48.3,Email,0,14,1,1,0.985
64,Male,East,28040.29,46,80.74,10,1,0.706,69.2,Social Media,1,159,1,1,0.975
74,Female,East,87005.17,63,62.21,6,1,0.242,51.9,Social Media,1,120,1,1,0.965
40,Female,West,24809.13,29,97.9,11,2,0.356,30.0,Social Media,0,44,1,1,0.99
55,Male,South,33776.73,77,114.23,6,1,0.555,74.6,Social Media,0,138,1,1,0.985
67,Female,South,53008.81,65,84.84,7,1,0.256,24.4,SMS,1,116,1,1,0.99
65,Female,East,51831.72,95,85.19,9,0,0.39,42.3,SMS,0,149,1,1,0.995
38,Male,South,51797.49,32,124.1,7,3,0.47,24.6,Ads,0,59,1,1,0.98
50,Female,West,58932.61,28,52.21,5,0,0.152,38.3,Ads,0,92,1,1,0.96
26,Female,East,29705.53,26,76.06,3,1,0.342,62.2,SMS,0,66,1,1,0.985
56,Male,South,77815.43,37,65.34,4,1,0.591,43.7,Ads,0,45,1,1,0.95
73,Male,East,80007.36,71,69.13,10,1,0.588,71.9,SMS,1,47,1,1,0.925
53,Male,West,63770.51,97,53.11,10,0,0.131,35.4,SMS,0,62,1,1,0.815
54,Female,West,32661.7,73,51.03,9,3,0.358,30.1,Ads,0,41,0,1,0.685
62,Male,West,76206.63,27,110.08,8,0,0.083,81.1,Social Media,1,168,1,1,0.99
60,Female,West,64513.39,4,113.12,7,2,0.256,39.4,Ads,0,165,1,1,0.995
59,Female,West,52690.54,13,130.14,8,1,0.352,78.1,SMS,0,123,1,1,1.0
19,Male,West,39744.44,95,45.68,5,1,0.081,20.1,Social Media,0,116,0,1,0.91
40,Female,West,67323.61,74,36.3,13,0,0.18,65.8,Social Media,0,127,1,1,0.685
66,Male,West,55957.15,24,85.16,5,2,0.552,60.5,Social Media,0,138,1,1,0.995
31,Female,North,57961.34,61,47.58,11,0,0.461,61.3,SMS,1,98,0,1,0.745
37,Female,South,67009.36,79,19.18,11,0,0.379,60.4,Ads,0,109,0,0,0.19
63,Male,South,74296.71,30,109.87,8,1,0.331,24.2,Email,0,129,1,1,1.0
41,Female,West,51897.61,61,124.82,11,1,0.354,42.6,SMS,0,95,1,1,0.995
56,Female,West,79695.35,61,21.73,10,3,0.284,47.0,SMS,0,26,0,0,0.115
25,Male,West,91817.19,4,46.7,6,1,0.368,78.9,Ads,0,73,1,1,0.84
28,Female,South,37265.87,101,84.99,8,2,0.567,45.3,Ads,0,171,1,1,1.0
43,Female,East,91138.73,9,82.44,5,0,0.22,59.7,Email,0,62,1,1,0.995
59,Male,East,81379.35,97,114.1,5,0,0.285,55.9,Social Media,0,103,1,1,0.995
22,Male,South,25195.96,5,94.24,8,1,0.15,75.9,SMS,0,45,1,1,0.985
45,Male,East,75403.95,84,91.26,7,2,0.232,66.1,Social Media,0,19,1,1,0.985
61,Female,West,46681.5,88,71.26,8,1,0.194,67.4,Email,1,7,1,1,0.85
62,Male,North,46170.06,16,74.22,3,0,0.311,77.9,Social Media,0,155,1,1,1.0
61,Female,East,80014.48,61,129.89,8,1,0.377,74.6,Ads,1,177,1,1,0.99
40,Female,South,73095.87,80,90.53,12,4,0.324,45.9,Email,1,115,1,1,0.99
22,Female,North,62830.29,85,27.69,8,1,0.615,72.8,SMS,0,80,0,0,0.175
66,Male,East,48768.27,21,68.21,4,2,0.578,72.4,Ads,1,144,1,1,0.985
63,Male,North,36392.99,77,48.08,7,1,0.305,75.2,SMS,0,145,1,1,0.9
26,Female,North,59618.58,73,111.4,5,1,0.325,60.1,SMS,0,165,1,1,0.99
72,Male,South,71208.0,62,113.31,5,4,0.287,35.9,Ads,0,50,1,1,0.975
18,Male,East,64485.98,45,62.4,8,2,0.23,100.0,Ads,0,95,1,1,0.945
18,Female,East,42355.17,60,101.15,7,1,0.375,17.5,Email,0,95,1,1,0.975
38,Male,South,54157.41,109,62.18,6,1,0.184,52.8,Social Media,0,117,1,1,0.995
42,Female,North,77434.23,9,101.48,6,2,0.096,64.3,Email,0,54,1,1,0.995
44,Male,East,66344.31,50,97.69,8,1,0.546,83.4,Email,0,21,1,1,0.965
22,Male,East,51705.09,62,51.09,8,2,0.187,73.6,Ads,0,123,1,1,0.965
67,Female,North,49868.91,79,122.23,11,3,0.484,73.1,Email,0,81,1,1,0.98
27,Male,West,68267.43,1,22.0,5,4,0.151,75.9,SMS,0,35,0,0,0.35
70,Female,North,69235.66,118,89.86,5,4,0.346,63.2,Ads,0,115,1,1,0.985
45,Male,West,53359.77,42,69.65,9,0,0.261,59.8,Ads,0,123,1,1,0.995
19,Male,South,78134.1,3,70.4,7,3,0.36,73.8,Email,0,178,1,1,0.975
41,Male,South,71864.98,41,80.44,8,4,0.375,76.0,Email,1,20,1,1,0.96
44,Male,South,102061.25,83,131.09,10,2,0.352,46.7,SMS,0,71,1,1,0.995
23,Male,West,83495.09,83,117.15,10,1,0.117,67.6,Social Media,0,60,1,1,0.975
36,Male,North,64700.95,12,112.66,6,2,0.223,36.8,Social Media,0,32,1,1,0.995
67,Male,East,77563.48,94,103.5,5,0,0.158,51.1,Social Media,0,4,1,1,0.985
66,Male,North,65409.03,62,82.53,6,1,0.108,53.2,Ads,0,174,1,1,1.0
74,Female,South,42258.12,87,52.27,7,4,0.426,82.1,Email,1,32,0,0,0.495
29,Female,North,20039.82,83,90.41,6,2,0.667,79.7,Ads,0,69,1,1,0.965
37,Female,West,49095.19,83,109.63,12,3,0.157,94.2,Ads,0,21,1,1,0.955
39,Male,East,52406.8,114,54.4,3,0,0.318,29.3,SMS,0,2,0,1,0.52
73,Female,West,52049.4,60,48.28,5,0,0.544,48.3,Email,0,35,1,0,0.495
62,Female,South,62515.81,44,134.5,6,2,0.226,38.8,SMS,0,138,1,1,0.995
44,Female,North,82287.9,89,89.93,11,0,0.435,33.3,Ads,0,171,1,1,0.99
31,Male,North,49928.43,53,87.73,16,1,0.425,68.8,Email,0,28,1,1,0.93
49,Female,East,25275.39,107,94.37,7,2,0.303,55.0,Social Media,0,169,1,1,1.0
18,Female,South,77481.98,76,102.36,12,2,0.12,32.6,Email,0,113,1,1,0.99
47,Female,East,44844.35,15,60.13,12,5,0.145,83.6,Social Media,1,47,1,1,0.885
19,Male,South,35992.86,46,57.79,13,4,0.062,41.6,Ads,1,70,1,1,0.925
56,Male,South,54461.63,28,83.81,6,2,0.424,50.2,Ads,0,98,1,1,0.985
36,Female,East,47453.75,92,94.99,6,2,0.055,65.5,Email,1,7,1,1,0.975
45,Female,West,48391.43,5,15.06,11,2,0.51,61.2,Social Media,0,102,0,0,0.265
67,Other,South,83852.41,12,72.52,10,0,0.159,69.8,Email,0,121,1,1,1.0
44,Other,West,51833.49,111,39.32,8,0,0.243,40.6,Social Media,0,141,1,1,0.79
46,Male,South,44168.83,33,89.38,4,2,0.281,51.3,Ads,0,153,1,1,1.0
56,Female,South,89173.69,2,22.05,10,3,0.572,60.1,Email,0,158,1,0,0.5
59,Other,West,40863.4,84,109.79,8,1,0.086,64.5,Social Media,0,173,1,1,1.0
44,Female,East,46177.67,44,129.27,9,3,0.239,66.6,SMS,0,30,1,1,0.975
46,Female,South,29547.53,51,70.41,12,0,0.112,84.8,SMS,1,75,1,1,0.97
41,Male,South,59897.52,96,24.22,9,2,0.628,56.7,Ads,1,18,0,0,0.06
23,Male,North,62390.21,101,122.16,3,1,0.247,60.0,SMS,0,66,1,1,0.975
39,Male,West,68655.46,95,131.75,13,1,0.291,70.9,SMS,0,43,1,1,0.96
72,Male,East,30889.55,35,53.34,6,0,0.392,46.0,SMS,0,2,0,1,0.765
36,Male,West,82401.45,65,89.12,4,1,0.17,36.0,SMS,0,170,1,1,1.0
42,Male,West,52594.41,64,53.44,9,1,0.062,60.2,Email,1,54,1,1,0.8
44,Male,West,40824.12,118,112.05,7,2,0.532,41.7,Social Media,1,165,1,1,1.0
22,Female,West,51039.31,12,29.45,11,1,0.215,85.5,Ads,1,125,0,1,0.575
28,Male,North,52412.52,1,146.59,9,1,0.115,86.3,Email,0,119,1,1,0.995
59,Male,East,77887.23,110,49.7,14,2,0.212,26.9,Email,0,60,0,1,0.65
24,Male,West,48719.27,25,55.7,5,1,0.122,55.9,Ads,0,9,0,1,0.835
19,Male,North,72267.58,94,26.72,5,3,0.338,61.9,SMS,0,101,1,0,0.375
61,Female,South,59721.41,67,53.24,6,0,0.115,43.4,Email,0,103,1,1,0.975
55,Female,East,61129.5,22,130.17,9,4,0.131,73.1,Ads,0,144,1,1,1.0
68,Female,East,53731.09,64,110.08,11,0,0.286,29.7,Email,0,42,1,1,0.995
40,Male,West,64119.25,108,72.73,11,4,0.139,80.3,Email,0,154,1,1,0.99
67,Female,East,56272.32,111,116.81,12,1,0.209,99.7,Email,0,67,1,1,0.98
53,Female,West,38653.31,76,113.06,9,1,0.101,35.8,Email,0,113,1,1,0.985
38,Female,South,57205.17,61,69.8,9,2,0.26,46.8,Ads,0,78,0,1,0.98
53,Male,West,66498.91,3,20.87,7,0,0.503,62.8,Email,0,156,0,0,0.5
73,Female,North,51172.44,43,98.88,6,0,0.531,38.1,SMS,0,152,1,1,0.995
54,Female,North,71693.61,109,94.51,7,3,0.198,100.0,SMS,0,161,1,1,0.99
43,Female,East,61282.04,118,61.93,9,0,0.198,38.3,Ads,1,89,1,1,0.96
47,Female,West,61460.31,21,53.94,7,0,0.229,54.7,Ads,0,1,0,1,0.74
20,Female,South,69801.56,64,62.92,5,2,0.07,60.8,Social Media,0,16,1,1,0.785
56,Male,West,44602.83,71,58.89,8,1,0.157,76.0,Email,0,153,1,1,0.98
26,Male,West,48282.91,88,112.61,13,0,0.105,78.6,Email,0,162,1,1,1.0
69,Female,East,50238.12,1,64.45,5,1,0.316,59.1,Ads,0,30,1,1,0.895
50,Female,East,84120.81,6,132.92,10,0,0.22,63.9,Ads,0,29,1,1,0.99
52,Male,West,53607.49,108,90.15,9,1,0.536,39.2,SMS,0,88,1,1,0.995
74,Other,West,87649.96,23,63.94,8,0,0.351,42.1,SMS,0,71,1,1,0.97
31,Male,North,47372.88,113,109.16,6,2,0.327,63.0,Email,1,160,1,1,0.995
59,Male,South,102460.8,48,77.54,6,2,0.012,29.4,SMS,1,177,1,1,0.99
28,Male,West,61758.77,5,106.73,9,1,0.268,48.7,Email,0,95,1,1,0.99
55,Male,West,82863.55,100,77.81,4,3,0.352,63.2,Ads,0,81,0,1,0.97
70,Male,North,53398.93,49,68.09,8,0,0.147,62.0,Social Media,0,72,1,1,0.98
38,Male,South,81150.15,110,28.39,8,1,0.159,73.0,Email,0,2,0,0,0.07
29,Female,East,69775.14,54,74.57,8,3,0.24,43.4,Email,0,160,1,1,0.99
43,Female,South,46449.33,83,84.71,9,3,0.05,52.2,Social Media,0,153,1,1,0.995
37,Female,East,82205.45,113,154.54,10,1,0.422,38.1,Ads,0,75,1,1,0.985
67,Other,West,76022.24,16,58.25,10,2,0.191,45.2,Ads,1,57,1,1,0.935
51,Female,East,60326.81,110,67.9,8,5,0.165,97.1,SMS,1,157,1,1,0.97
68,Male,West,68664.28,66,37.18,5,3,0.115,65.1,Social Media,1,8,0,0,0.36
38,Male,South,47348.76,36,94.64,11,5,0.157,86.3,Ads,0,171,1,1,0.98
61,Male,West,41825.84,5,66.26,11,1,0.439,57.7,Email,0,62,1,1,0.945
23,Female,East,79937.13,12,84.85,5,1,0.482,76.8,Social Media,1,111,1,1,0.99
59,Female,North,64538.56,11,50.52,11,3,0.339,68.3,Email,0,124,1,1,0.94
68,Male,South,52172.54,2,74.82,10,1,0.405,77.0,Email,0,40,1,1,0.985
50,Other,East,86026.81,53,59.82,10,1,0.22,44.5,Email,1,45,1,1,0.9
28,Female,South,62773.78,114,71.44,9,0,0.435,77.2,Social Media,1,78,1,1,0.94
66,Female,East,20558.38,58,100.24,7,3,0.482,68.0,Ads,1,150,1,1,0.975
28,Female,East,58725.62,78,109.48,7,1,0.31,67.7,Social Media,0,126,1,1,1.0
71,Male,South,41264.58,29,54.2,6,4,0.497,69.2,SMS,1,124,1,1,0.975
63,Male,South,73679.16,22,114.26,12,1,0.094,53.7,Ads,0,177,1,1,0.995
69,Male,North,68739.44,95,68.5,4,1,0.139,62.7,Email,0,11,1,1,0.845
29,Female,West,90363.18,6,106.45,12,1,0.309,54.4,Social Media,1,133,1,1,0.99
70,Male,East,56424.63,35,111.73,6,3,0.163,46.7,Ads,0,125,1,1,0.995
31,Female,North,37615.03,108,84.44,4,1,0.243,62.8,SMS,0,105,1,1,0.985
58,Female,North,60055.56,71,29.83,4,3,0.532,59.9,Ads,1,128,1,0,0.48
25,Female,South,90339.97,65,53.8,10,1,0.366,38.3,Social Media,1,101,1,1,0.94
28,Male,West,50947.67,89,113.29,7,3,0.352,58.2,Ads,0,96,1,1,0.99
23,Male,East,43475.8,19,123.2,11,1,0.161,48.8,SMS,0,79,1,1,0.995
59,Male,South,45481.97,65,129.27,13,0,0.053,73.6,Social Media,0,25,1,1,0.985
66,Male,West,55906.45,31,106.36,4,2,0.566,44.3,Ads,1,170,1,1,0.99
46,Other,South,70752.58,111,37.31,9,4,0.333,22.4,Ads,0,179,1,1,0.75
70,Female,North,109509.53,6,110.99,11,2,0.144,43.6,Email,0,93,1,1,0.955
53,Other,West,85535.92,13,121.71,7,1,0.174,63.1,SMS,0,84,1,1,0.995
32,Female,West,49298.94,69,181.39,18,4,0.052,81.9,Ads,0,109,1,1,0.98
67,Male,North,41336.45,118,98.62,8,1,0.23,50.6,Ads,1,71,1,1,0.99
63,Female,West,45083.15,116,77.03,8,3,0.02,44.3,Social Media,0,38,1,1,0.955
22,Male,East,28401.82,66,84.39,9,1,0.23,30.8,SMS,0,175,1,1,0.985
28,Male,South,73942.77,33,81.51,8,2,0.202,76.3,SMS,0,73,1,1,0.98
61,Male,East,57091.41,42,40.09,5,0,0.078,72.2,SMS,0,125,1,1,0.93
59,Male,West,61479.75,37,37.2,10,0,0.173,37.5,Social Media,0,63,0,1,0.715
41,Other,West,48729.18,110,125.78,4,0,0.376,72.6,Ads,0,89,1,1,0.975
18,Female,North,55447.88,108,21.26,5,1,0.021,69.8,Email,0,129,1,0,0.44
56,Male,North,69475.2,42,55.89,7,1,0.252,70.8,Email,0,95,1,1,0.98
23,Other,East,54381.98,96,46.29,8,1,0.25,66.1,Email,0,1,0,0,0.23
20,Male,East,15134.08,22,82.77,7,3,0.176,28.3,Ads,0,175,1,1,0.99
19,Female,West,71785.29,91,138.29,9,2,0.283,68.0,Email,0,112,1,1,0.99
32,Male,South,57571.27,110,57.76,8,3,0.28,61.6,Ads,1,73,1,1,0.88
35,Male,North,68488.94,31,96.16,12,1,0.37,44.7,Social Media,1,172,1,1,0.99
22,Female,West,68483.11,49,100.04,4,0,0.235,77.6,Email,0,41,1,1,0.99
34,Female,East,56107.44,119,17.34,6,1,0.387,81.8,Ads,1,10,0,0,0.1
44,Female,West,49743.13,106,58.5,2,1,0.234,56.7,Ads,1,123,1,1,0.965
25,Female,South,38568.18,105,117.34,6,4,0.172,80.8,Ads,0,62,1,1,0.985
66,Male,East,50386.06,83,91.56,6,3,0.091,43.4,Ads,1,128,1,1,0.995
69,Female,East,75245.89,86,65.71,11,0,0.15,88.9,Ads,0,122,1,1,0.965
63,Male,South,65964.6,60,82.82,9,3,0.298,20.6,Social Media,0,94,1,1,0.995
42,Female,North,15914.04,50,74.0,6,0,0.099,68.4,Email,0,168,1,1,0.99
38,Female,North,81817.57,13,106.5,7,1,0.163,73.4,Ads,1,55,1,1,0.99
51,Male,North,72786.12,109,110.64,12,1,0.035,52.3,Ads,1,35,1,1,0.965
38,Male,East,76875.58,94,96.67,11,1,0.209,53.9,Email,1,58,1,1,0.99
48,Male,West,54374.93,80,51.03,11,1,0.193,66.1,Ads,0,19,1,0,0.47
54,Male,West,90309.01,68,46.54,7,4,0.561,13.3,SMS,0,67,0,1,0.78
52,Female,West,68146.33,87,45.15,7,1,0.072,85.1,SMS,0,30,0,0,0.295
57,Female,West,73032.2,113,40.87,8,0,0.137,62.3,Ads,1,129,1,1,0.8
72,Female,East,69292.84,18,95.51,13,2,0.1,41.7,SMS,0,102,1,1,0.995
42,Male,North,57293.33,43,142.57,8,1,0.424,52.0,Ads,0,73,1,1,1.0
22,Other,South,36653.53,88,75.75,2,0,0.36,82.2,SMS,0,72,1,1,0.955
52,Female,West,75533.62,44,93.28,10,0,0.246,95.4,SMS,0,87,1,1,0.97
32,Female,South,68519.21,119,94.85,7,1,0.266,75.2,Ads,0,176,1,1,0.995
40,Male,West,70962.63,88,112.89,14,0,0.436,86.9,Social Media,1,120,1,1,0.985
48,Female,North,49544.0,20,68.17,7,2,0.167,25.6,Social Media,0,91,1,1,0.995
21,Female,North,33479.83,117,103.9,4,0,0.203,63.0,Email,0,61,1,1,0.97
54,Male,West,89805.09,41,92.85,7,2,0.2,45.9,SMS,0,136,1,1,1.0
35,Male,East,75878.92,81,90.95,12,2,0.494,96.5,Social Media,0,25,1,1,0.95
29,Female,West,80960.1,64,5.0,7,4,0.072,33.2,SMS,1,143,0,0,0.355
30,Female,East,76947.37,61,54.37,9,4,0.381,81.1,Ads,0,51,1,1,0.825
65,Female,South,80229.5,21,89.58,9,1,0.309,66.0,Ads,0,86,1,1,0.99
20,Female,West,78289.91,44,64.57,6,1,0.651,68.7,SMS,0,96,1,1,0.98
22,Female,West,88254.53,27,82.02,4,0,0.174,63.8,Social Media,1,59,1,1,0.985
30,Female,North,66381.5,69,48.29,9,2,0.389,44.4,SMS,0,9,0,0,0.325
39,Male,West,30642.19,114,115.45,5,1,0.279,68.2,Ads,0,69,1,1,0.965
56,Female,West,47525.58,66,144.51,8,1,0.534,64.2,Ads,0,90,1,1,0.99
32,Female,East,73796.93,110,93.52,15,1,0.511,64.1,Ads,1,122,1,1,0.955
51,Male,West,52823.06,24,78.72,12,1,0.197,39.8,Ads,0,103,1,1,1.0
24,Male,West,52858.33,90,139.6,7,3,0.059,61.3,Email,0,124,1,1,1.0
29,Male,South,56708.94,103,49.21,11,0,0.397,62.8,Email,1,137,1,1,0.795
70,Female,East,78896.3,1,91.1,7,1,0.377,38.9,SMS,0,179,1,1,0.99
53,Female,West,51399.45,56,102.76,13,0,0.364,80.9,Ads,0,41,1,1,0.94
73,Female,South,67127.92,13,95.29,6,3,0.467,71.5,SMS,1,152,1,1,0.99
34,Male,North,97299.71,56,51.78,6,3,0.316,83.4,Email,1,85,1,1,0.91
55,Male,East,75243.93,82,5.0,8,0,0.261,48.7,Email,0,25,0,0,0.055
71,Male,East,39017.72,64,86.23,6,4,0.23,55.4,Social Media,1,135,1,1,0.985
25,Female,South,53430.96,66,91.36,13,0,0.231,68.6,Social Media,0,11,1,1,0.965
20,Female,South,79575.32,69,22.68,10,1,0.471,66.0,Social Media,0,122,0,0,0.275
40,Male,South,44824.02,117,89.91,4,2,0.132,48.3,Social Media,0,94,1,1,1.0
71,Female,North,60067.05,87,28.89,3,3,0.061,62.8,Social Media,0,154,1,1,0.785
54,Male,North,69568.24,83,5.0,10,2,0.29,60.7,SMS,1,122,0,0,0.095
33,Male,South,52703.42,81,30.51,11,1,0.18,80.3,SMS,1,104,0,0,0.405
63,Male,North,57871.45,1,45.94,9,1,0.067,75.6,Social Media,0,46,1,1,0.69
27,Female,South,68955.35,49,61.88,7,4,0.09,86.3,SMS,0,51,1,1,0.94
67,Male,North,47454.59,62,77.28,9,1,0.055,58.4,Email,0,170,1,1,1.0
41,Female,West,80441.39,8,88.75,8,0,0.438,77.2,SMS,0,52,1,1,0.985
49,Male,West,45243.69,12,161.72,11,2,0.218,64.5,Social Media,1,169,1,1,1.0
59,Male,North,38218.88,112,81.3,9,1,0.294,69.5,Ads,0,9,1,1,0.865
31,Male,East,24270.7,85,91.2,9,2,0.31,66.4,Email,1,15,1,1,0.96
53,Male,North,40598.46,13,109.05,4,2,0.208,74.3,Social Media,1,121,1,1,0.985
40,Male,South,51495.22,35,147.08,9,2,0.469,47.2,SMS,1,76,1,1,1.0
58,Male,North,44814.06,78,62.06,4,3,0.118,58.1,SMS,0,140,1,1,0.985
22,Female,North,54154.88,82,29.56,5,0,0.529,88.3,Ads,0,58,0,0,0.205
66,Female,East,68383.11,89,97.5,12,0,0.188,24.8,SMS,0,70,1,1,0.99
55,Male,South,21478.1,17,55.0,10,2,0.171,9.0,Ads,0,31,1,1,0.84
33,Male,West,63348.49,68,122.02,10,3,0.101,23.5,Ads,1,58,1,1,0.995
48,Female,South,45940.26,7,83.42,7,1,0.115,76.7,Ads,0,41,0,1,0.995
43,Male,North,79269.69,44,90.55,5,1,0.151,61.0,Email,0,69,1,1,0.99
20,Female,North,61311.24,36,103.71,8,1,0.452,27.3,Ads,0,126,1,1,0.98
30,Female,West,71984.55,91,70.79,9,1,0.211,30.6,Email,0,142,1,1,0.995
72,Female,West,57009.86,38,59.53,6,1,0.311,72.1,Email,0,153,1,1,0.96
54,Male,West,90169.7,37,103.97,9,2,0.446,68.4,Social Media,0,71,1,1,0.985
41,Female,North,34820.77,69,91.77,3,3,0.109,62.0,SMS,0,14,1,1,0.97
21,Other,East,49345.91,102,92.34,11,2,0.457,43.6,Ads,0,177,1,1,0.995
31,Male,West,51257.3,31,73.9,15,0,0.271,33.2,SMS,0,111,1,1,1.0
59,Male,North,42858.43,6,23.42,11,2,0.279,70.3,Ads,0,44,0,0,0.185
39,Male,North,84664.15,67,121.33,6,2,0.433,36.2,Email,1,163,1,1,1.0
68,Female,South,19058.11,8,77.28,9,1,0.211,51.2,SMS,0,42,1,1,0.995
23,Female,East,86840.55,105,13.93,10,4,0.56,66.3,SMS,0,107,0,0,0.15
38,Female,East,76481.36,74,70.45,10,3,0.213,70.7,Social Media,0,94,1,1,0.98
29,Female,South,34981.27,74,102.84,6,2,0.522,52.6,Social Media,0,24,1,1,0.97
47,Female,South,56524.52,96,91.4,8,1,0.191,72.4,Email,0,77,1,1,0.985
70,Female,South,73256.82,89,96.44,11,1,0.155,80.1,Email,1,73,1,1,0.99
65,Female,East,41125.57,48,48.44,6,1,0.118,61.5,Social Media,1,13,0,1,0.645
41,Male,West,84703.79,47,38.22,4,0,0.508,93.8,Email,1,28,0,0,0.285
58,Female,North,76569.63,12,109.83,13,2,0.343,62.5,Email,0,79,1,1,0.99
31,Male,North,70406.47,73,93.47,9,1,0.149,8.0,Social Media,0,2,1,1,0.975
71,Male,South,75087.77,46,39.65,5,0,0.079,50.9,Social Media,1,25,1,1,0.555
41,Male,West,87269.85,26,78.7,13,1,0.403,64.7,Social Media,0,166,1,1,0.99
18,Male,West,58311.92,103,29.06,7,3,0.137,41.3,Social Media,0,51,0,0,0.23
54,Female,West,49408.85,3,169.79,11,1,0.353,52.7,Ads,1,165,1,1,1.0
24,Male,West,65354.78,102,25.34,11,1,0.324,95.0,Email,0,142,0,0,0.28
51,Male,West,68299.67,103,182.31,8,3,0.194,49.4,Email,1,62,1,1,0.975
72,Male,South,51260.42,56,47.37,10,1,0.166,31.1,Social Media,0,80,0,1,0.92
55,Female,West,49748.98,50,104.78,10,2,0.023,57.0,Email,0,74,1,1,0.995
56,Male,South,38025.98,114,85.12,11,0,0.475,67.4,Ads,1,70,1,1,0.945
54,Female,South,60362.6,78,116.82,8,0,0.078,75.7,Email,1,151,1,1,0.995
24,Male,East,53487.62,61,23.55,10,2,0.052,61.6,SMS,0,170,1,1,0.67
44,Female,East,62661.66,110,76.52,4,3,0.276,33.4,Social Media,0,44,1,1,0.965
74,Male,North,52278.67,79,34.14,12,1,0.468,56.2,SMS,1,86,0,0,0.355
61,Male,South,70346.46,20,123.93,11,0,0.369,87.3,Email,1,29,1,1,0.95
25,Female,South,85882.87,2,112.8,6,1,0.178,65.7,Email,1,113,1,1,0.99
38,Male,South,72358.1,35,78.55,9,2,0.228,83.3,SMS,1,129,1,1,0.99
64,Female,North,36554.5,44,5.0,2,1,0.113,57.9,SMS,0,96,0,0,0.27
27,Male,South,46024.17,58,57.37,6,2,0.149,64.1,Email,0,62,1,1,0.915
21,Male,East,45661.5,37,57.86,14,3,0.395,97.4,SMS,0,20,0,1,0.65
66,Female,East,79720.93,2,57.03,7,2,0.121,32.2,SMS,1,100,1,1,0.975
42,Female,North,66910.46,29,78.04,6,4,0.309,61.7,Social Media,0,51,1,1,0.98
42,Female,South,64609.48,103,46.57,7,0,0.1,53.3,Social Media,1,13,0,0,0.34
57,Male,North,66310.07,61,110.76,7,1,0.222,44.3,Ads,0,2,1,1,0.985
32,Male,West,69268.65,78,49.1,7,1,0.086,48.8,Ads,0,29,0,1,0.565
43,Female,West,57135.15,12,47.92,6,3,0.438,57.2,Email,0,122,1,1,0.925
55,Male,East,52377.89,54,71.54,5,0,0.079,97.4,Email,0,4,1,1,0.94
60,Female,East,66357.66,117,81.55,10,0,0.285,63.4,Ads,0,113,1,1,0.99
47,Female,South,80547.99,35,107.53,12,1,0.29,67.5,Social Media,0,5,1,1,0.945
54,Male,South,50549.84,13,39.11,6,1,0.07,95.2,SMS,0,114,1,1,0.885
61,Female,East,61788.54,117,147.84,7,2,0.307,67.0,Social Media,0,36,1,1,0.975
62,Female,West,44937.57,86,61.56,7,2,0.314,21.7,SMS,0,39,1,1,0.8
19,Male,West,56596.25,5,98.69,7,0,0.366,87.0,Social Media,0,90,1,1,0.965
62,Other,South,56941.11,91,95.53,7,3,0.096,55.6,Ads,0,132,1,1,0.995
56,Male,North,64860.6,45,47.42,7,1,0.075,52.3,Ads,1,52,1,1,0.795
26,Female,West,40905.65,4,85.4,7,1,0.405,65.3,SMS,0,152,1,1,1.0
47,Male,North,77987.61,103,5.0,6,1,0.173,92.9,SMS,1,57,0,0,0.14
39,Female,South,63169.66,64,89.69,8,1,0.442,67.1,SMS,1,78,1,1,0.97
59,Female,South,50548.5,110,29.66,6,2,0.049,54.3,Social Media,1,52,0,0,0.26
28,Female,West,61138.53,44,32.1,5,2,0.322,53.7,SMS,0,17,0,0,0.235
28,Female,East,68754.5,51,120.12,7,1,0.114,57.7,Email,0,107,1,1,1.0
34,Male,East,52956.38,85,141.48,12,2,0.451,52.1,Ads,0,178,1,1,0.995
59,Female,South,66652.1,90,68.39,10,5,0.325,57.0,SMS,0,141,1,1,0.99
53,Female,West,50760.99,44,58.39,3,3,0.458,49.5,Ads,0,15,1,1,0.775
74,Male,West,51908.66,112,96.24,7,1,0.415,33.5,Email,0,41,1,1,0.96
59,Male,West,67935.97,53,113.71,6,0,0.527,57.1,Social Media,0,79,1,1,0.995
22,Male,West,53486.76,44,84.07,4,4,0.343,55.9,Email,0,169,1,1,0.985
52,Female,East,57546.76,64,94.02,4,2,0.202,68.7,SMS,0,164,1,1,1.0
46,Female,North,64624.49,25,106.11,6,2,0.296,76.4,Email,1,162,1,1,0.995
22,Male,South,50017.04,24,43.18,7,4,0.561,67.4,Social Media,0,102,1,1,0.78
31,Male,West,56058.33,93,55.85,7,1,0.483,99.8,Ads,0,160,1,1,0.94
23,Female,South,50106.77,47,79.96,7,0,0.29,94.7,SMS,1,114,1,1,0.985
47,Female,North,65973.93,74,117.07,5,1,0.196,98.8,Email,1,94,1,1,1.0
61,Male,North,45392.75,117,120.79,7,2,0.089,68.8,Email,1,65,1,1,0.975
29,Female,East,65022.93,109,65.98,8,2,0.341,40.6,Ads,0,114,1,1,0.995
61,Male,North,40491.24,60,76.23,9,1,0.04,41.5,Ads,0,121,1,1,0.985
23,Female,North,53687.37,16,60.63,11,0,0.326,43.2,Ads,1,147,1,1,0.99
60,Female,South,68608.67,36,7.13,7,0,0.211,57.1,SMS,0,166,0,0,0.37
45,Male,South,91169.45,102,115.16,5,2,0.387,37.7,Email,0,92,1,1,0.985
72,Female,South,53494.35,78,193.29,8,2,0.167,90.6,Social Media,0,88,1,1,0.98
36,Male,West,72636.67,89,60.68,6,1,0.193,69.9,Email,0,21,0,1,0.8
72,Male,South,56977.77,98,51.94,8,2,0.162,99.0,Social Media,0,95,0,1,0.805
45,Female,East,46522.02,82,81.7,5,3,0.478,35.6,SMS,0,101,1,1,0.99
48,Male,West,80548.62,105,75.33,9,2,0.098,27.7,Ads,0,84,1,1,0.995
73,Male,West,74991.92,52,76.05,4,2,0.237,68.1,SMS,0,118,1,1,1.0
53,Male,West,41526.11,53,43.15,7,2,0.092,55.2,Ads,1,63,1,1,0.825
57,Male,West,42078.07,98,59.61,7,1,0.287,60.9,Email,0,65,1,1,0.925
29,Male,West,42104.44,104,51.74,5,0,0.169,56.4,SMS,0,174,1,1,0.955
36,Female,South,42256.87,90,131.72,9,3,0.354,62.0,SMS,1,43,1,1,0.99
29,Male,North,34843.61,102,97.41,6,0,0.07,55.5,Email,0,124,1,1,0.995
56,Female,South,53759.96,1,87.67,12,2,0.103,62.2,SMS,0,36,1,1,0.995
65,Male,West,51255.78,73,112.89,8,1,0.139,73.4,Email,0,159,1,1,1.0
55,Female,East,74543.49,96,112.06,11,1,0.288,37.0,Email,1,175,1,1,0.99
46,Female,South,42806.91,58,53.09,12,0,0.146,99.6,Email,1,134,1,1,0.92
41,Female,South,53215.42,108,51.52,4,2,0.328,65.5,Social Media,0,75,1,1,0.71
74,Female,East,38800.15,24,67.0,7,0,0.125,25.6,Email,1,98,1,1,0.98
73,Male,East,66606.64,15,75.64,4,2,0.177,52.9,Ads,0,62,1,1,0.975
31,Male,West,57844.27,89,61.57,8,5,0.367,65.8,Ads,1,88,1,1,0.95
65,Female,South,37372.04,89,74.77,6,0,0.258,33.7,SMS,0,25,1,1,0.945
70,Male,West,79932.23,71,110.09,6,1,0.116,18.1,Ads,0,87,1,1,0.995
67,Female,South,43445.89,9,162.74,9,1,0.334,41.8,Social Media,0,118,1,1,1.0
27,Female,West,79273.84,118,133.13,3,2,0.454,42.1,Email,0,27,1,1,0.965
40,Female,East,41540.47,109,135.18,8,0,0.188,72.3,Ads,0,3,1,1,0.975
49,Other,West,54505.66,35,79.29,6,1,0.574,94.4,Ads,0,99,1,1,0.97
32,Female,West,42266.6,20,119.34,9,1,0.649,23.6,Email,1,98,1,1,0.995
46,Male,West,68035.9,13,9.18,6,3,0.051,20.7,Social Media,0,153,0,1,0.64
28,Male,West,68097.52,88,52.25,10,3,0.04,93.5,Ads,1,135,1,1,0.895
55,Female,West,38467.64,114,61.88,9,3,0.348,87.8,Email,1,124,1,1,0.95
68,Male,South,55844.36,42,113.77,6,3,0.081,42.9,Social Media,0,169,1,1,1.0
29,Female,South,68449.63,55,125.53,10,3,0.375,51.5,Email,0,36,1,1,0.97
39,Female,South,69981.9,102,56.2,8,3,0.178,33.1,Email,1,35,0,1,0.785
22,Male,East,71675.11,12,83.11,8,1,0.126,72.2,SMS,1,54,1,1,0.97
35,Female,West,55293.44,81,45.63,6,2,0.241,65.4,SMS,0,112,1,1,0.875
52,Female,East,71262.39,58,95.3,8,3,0.156,31.2,Email,1,36,1,1,0.985
20,Female,East,53842.69,114,38.21,8,1,0.034,68.9,Ads,1,121,1,1,0.61
20,Female,East,38595.68,57,64.78,7,0,0.088,76.8,Social Media,0,6,1,1,0.84
47,Male,West,40468.25,41,115.8,6,3,0.68,53.7,SMS,1,33,1,1,0.97
68,Female,West,81715.98,51,23.5,7,0,0.185,88.1,Email,1,47,1,0,0.25
55,Male,West,78884.2,9,45.63,5,1,0.648,84.4,Email,0,163,1,1,0.95
23,Male,South,61588.14,37,72.05,8,2,0.341,74.4,Social Media,0,20,1,1,0.955
21,Male,South,73081.37,104,67.68,6,1,0.221,75.1,SMS,0,123,1,1,0.99
50,Male,North,38076.01,118,21.64,5,2,0.417,19.7,Email,0,15,0,0,0.14
51,Female,North,65589.74,50,100.31,12,1,0.462,87.6,Social Media,0,66,1,1,0.98
45,Female,South,64548.11,48,34.55,5,3,0.167,62.2,Email,0,51,1,0,0.35
69,Female,South,52361.58,73,119.48,10,1,0.318,82.7,SMS,0,155,1,1,0.99
51,Male,South,46042.93,42,121.23,9,2,0.275,34.7,Ads,0,50,1,1,0.995
46,Other,West,47021.92,37,5.0,10,1,0.057,56.1,Ads,0,170,0,0,0.48
41,Male,North,69220.28,48,97.16,8,2,0.206,73.8,Ads,0,67,1,1,0.99
28,Female,West,48218.69,109,82.02,12,1,0.185,73.8,Social Media,0,107,1,1,0.96
64,Male,North,42411.71,35,79.21,5,2,0.261,73.9,Ads,0,80,1,1,0.99
52,Female,South,65167.64,44,123.56,9,0,0.282,50.8,Email,1,69,1,1,0.99
63,Female,West,57776.89,83,135.55,10,2,0.243,32.0,Ads,0,97,1,1,0.995
57,Female,East,65190.78,100,48.06,9,2,0.363,43.7,Social Media,0,5,0,0,0.335
32,Male,West,104489.41,3,39.03,10,3,0.298,91.3,Email,1,34,0,0,0.36
34,Male,South,93507.75,47,107.23,6,2,0.549,74.6,SMS,1,129,1,1,0.985
50,Male,West,56647.52,35,72.86,10,2,0.284,59.1,Social Media,0,85,1,1,1.0
48,Male,East,32078.21,11,90.27,9,1,0.276,67.5,SMS,1,37,1,1,0.985
56,Male,West,64472.57,13,103.0,10,0,0.022,64.9,Social Media,0,1,1,1,0.965
51,Female,West,82831.96,45,126.94,6,1,0.243,74.8,SMS,0,89,1,1,1.0
40,Male,North,71661.53,70,75.32,5,3,0.18,67.1,Ads,0,99,1,1,0.985
41,Female,West,62586.42,60,60.89,7,1,0.415,63.8,SMS,0,174,1,1,0.995
39,Other,North,57872.43,81,51.7,9,0,0.359,56.4,Social Media,0,69,1,1,0.77
73,Male,East,43505.38,85,96.15,10,2,0.434,77.3,Ads,0,158,1,1,0.98
33,Male,East,65577.93,93,94.08,7,5,0.184,81.7,SMS,1,134,1,1,0.985
40,Male,West,49828.6,47,93.66,9,3,0.04,47.8,Ads,0,148,1,1,1.0
30,Male,West,43326.43,11,84.43,13,1,0.071,44.3,Email,0,75,1,1,0.985
19,Other,South,53687.42,15,100.38,6,1,0.285,62.3,Ads,1,93,1,1,1.0
24,Female,East,65319.07,38,15.83,4,2,0.558,90.7,Social Media,1,46,0,0,0.17
68,Male,West,25234.27,110,75.51,9,1,0.169,68.3,Email,1,94,1,1,0.985
28,Male,North,65807.43,51,48.68,6,5,0.113,68.9,Email,0,118,0,1,0.925
70,Female,East,26551.6,7,66.84,8,1,0.756,100.0,Social Media,1,67,1,1,0.92
58,Female,East,66382.17,101,39.45,11,2,0.538,55.8,Email,1,108,0,1,0.525
66,Female,West,72288.52,9,107.27,6,3,0.158,50.4,SMS,0,159,1,1,1.0
26,Female,South,49162.12,97,56.28,9,1,0.275,98.3,SMS,0,128,1,1,0.955
20,Female,East,58607.92,49,140.65,7,0,0.099,98.8,Social Media,1,136,1,1,0.995
64,Female,South,52871.3,2,59.99,8,3,0.409,46.6,Email,0,102,1,1,0.98
37,Female,North,38437.18,19,69.78,4,0,0.204,69.2,Social Media,0,27,1,1,0.965
32,Male,West,50770.54,51,51.73,4,0,0.415,70.1,Ads,0,169,1,1,0.96
34,Female,South,56549.61,15,158.59,5,0,0.086,61.6,Ads,1,154,1,1,1.0
54,Female,South,82607.19,59,67.63,13,5,0.199,21.7,Social Media,0,8,1,1,0.84
61,Female,East,66208.24,30,67.17,12,2,0.343,20.1,SMS,1,161,1,1,1.0
19,Male,West,65701.62,21,33.58,6,0,0.608,80.8,Email,0,139,1,1,0.635
30,Male,South,50349.85,112,94.42,12,0,0.427,57.6,SMS,0,136,1,1,0.995
33,Male,North,53386.06,61,130.5,9,2,0.116,50.8,SMS,1,122,1,1,0.99
48,Female,North,48596.25,45,80.78,3,1,0.306,100.0,Email,0,159,1,1,0.985
56,Female,South,87195.49,83,174.23,5,3,0.384,100.0,SMS,0,62,1,1,0.965
35,Female,North,93396.47,32,58.34,9,1,0.294,88.1,SMS,0,5,1,1,0.66
35,Female,North,67764.95,20,11.43,5,2,0.099,53.6,SMS,1,39,1,0,0.15
43,Male,South,57096.17,43,92.41,6,1,0.142,52.1,Email,1,149,1,1,1.0
57,Female,East,58045.88,63,5.0,12,0,0.077,40.1,Ads,0,30,0,0,0.06
67,Female,East,84186.78,101,69.48,10,1,0.564,57.9,Social Media,0,48,1,1,0.89
67,Male,South,89148.35,37,61.53,7,2,0.222,52.3,SMS,0,115,1,1,0.985
37,Male,West,61036.73,91,133.05,9,2,0.42,77.0,Email,0,171,1,1,0.995
74,Female,South,50613.82,77,51.79,13,1,0.209,51.6,Ads,0,169,1,1,0.915
41,Male,North,62355.23,56,84.67,7,1,0.251,44.7,Social Media,0,170,1,1,0.985
63,Male,East,94970.0,104,36.63,6,1,0.406,58.9,Ads,0,103,0,0,0.495
61,Male,West,61528.03,52,74.37,5,0,0.636,74.9,Social Media,1,72,1,1,0.965
24,Female,West,44346.89,21,47.34,10,3,0.368,68.3,Email,0,94,1,1,0.87
59,Male,South,47051.81,111,94.55,6,1,0.288,54.8,Social Media,0,96,1,1,1.0
27,Male,East,88416.71,38,96.49,6,2,0.255,25.4,Ads,0,110,1,1,0.995
61,Female,North,55545.62,85,78.32,7,2,0.305,37.6,SMS,0,119,1,1,1.0
44,Other,South,37082.22,87,120.29,6,0,0.222,30.6,SMS,0,97,1,1,0.975
48,Male,West,68567.66,111,94.73,5,2,0.216,34.3,Social Media,0,20,1,1,0.98
27,Male,West,65641.74,118,111.59,8,4,0.248,83.0,SMS,0,68,1,1,0.97
18,Male,North,37460.91,59,63.43,5,3,0.177,52.8,Email,0,50,1,1,0.89
65,Female,West,85516.72,37,97.34,8,1,0.157,39.8,Ads,0,7,1,1,0.97
49,Male,North,55159.38,62,124.89,6,2,0.599,57.8,Social Media,1,68,1,1,0.985
58,Male,South,60047.63,82,69.07,4,1,0.311,38.8,SMS,0,11,1,1,0.885
44,Female,North,74542.81,54,182.9,9,0,0.297,33.4,SMS,1,126,1,1,0.995
23,Male,East,68668.82,37,75.06,7,1,0.221,46.2,Ads,1,40,1,1,0.985
20,Male,East,41173.27,43,56.88,9,0,0.354,31.1,Email,0,114,1,1,0.97
53,Female,North,15021.85,48,83.44,5,1,0.226,61.0,Ads,0,36,1,1,0.965
55,Other,South,15000.0,2,94.59,5,1,0.183,61.7,SMS,0,32,1,1,0.955
45,Male,South,43550.69,7,87.67,9,2,0.099,61.7,Email,0,49,1,1,0.99
64,Female,West,58011.68,55,5.0,8,1,0.305,60.4,Social Media,1,107,0,0,0.17
44,Female,West,40138.75,36,92.39,4,1,0.21,55.2,SMS,1,20,1,1,0.99
45,Female,East,71304.23,37,43.38,6,1,0.387,65.4,Ads,1,74,1,1,0.78
66,Male,East,86605.29,4,77.38,6,1,0.557,85.9,Social Media,0,66,1,1,0.955
48,Female,South,98724.41,88,110.05,4,4,0.435,80.2,Social Media,1,4,1,1,0.94
36,Male,East,57524.54,80,34.39,8,3,0.733,63.8,SMS,0,117,0,0,0.295
26,Female,East,72165.56,2,83.41,8,2,0.286,58.5,Ads,0,172,1,1,0.995
40,Female,East,70078.0,72,93.11,10,3,0.43,87.4,Ads,0,12,1,1,0.965
19,Female,South,38696.1,53,124.99,5,2,0.111,47.6,Ads,0,71,1,1,0.975
21,Female,North,15164.62,38,40.85,8,2,0.102,43.1,Social Media,1,133,1,1,0.88
23,Male,West,46776.95,24,108.64,4,1,0.126,49.1,Email,0,158,1,1,0.99
51,Male,North,37049.98,10,5.0,8,2,0.513,72.1,Ads,0,62,0,0,0.165
48,Male,West,58676.45,13,53.58,2,0,0.375,68.2,Ads,1,120,1,1,0.95
44,Female,East,49801.0,102,110.25,9,4,0.217,38.4,Social Media,0,75,1,1,0.99
41,Male,South,66062.91,70,112.93,8,2,0.086,53.6,Social Media,1,137,1,1,0.995
67,Female,West,32912.73,115,92.26,10,2,0.332,56.3,Social Media,0,167,1,1,0.975
25,Female,East,73704.51,66,64.2,8,1,0.398,0.0,Ads,0,10,1,1,0.83
18,Female,North,34740.07,18,77.14,8,0,0.634,47.0,Social Media,1,133,1,1,0.955
28,Male,South,41106.41,89,34.13,10,2,0.122,56.2,Social Media,0,123,0,1,0.615
24,Female,South,38533.17,98,78.14,8,4,0.111,37.7,Email,0,138,1,1,0.995
57,Male,West,67945.87,46,128.23,6,0,0.499,54.2,SMS,1,91,1,1,0.98
71,Female,West,66548.97,7,36.21,5,2,0.302,76.3,Email,0,9,0,0,0.34
19,Female,West,51451.54,74,81.48,7,0,0.198,42.5,Social Media,0,59,1,1,0.98
46,Female,South,47368.31,91,50.61,8,4,0.516,63.5,Social Media,0,88,1,1,0.705
56,Male,North,64858.88,5,111.79,5,1,0.439,40.0,SMS,1,10,1,1,0.965
33,Male,East,86290.7,67,69.59,9,0,0.359,66.1,Ads,0,131,1,1,0.965
34,Male,South,41172.61,110,64.54,11,2,0.389,69.4,SMS,0,11,1,1,0.535
68,Male,North,79510.88,33,32.0,4,0,0.135,34.8,Ads,0,99,1,1,0.78
71,Male,East,53680.86,94,90.48,15,2,0.402,58.1,Email,0,174,1,1,0.985
21,Male,North,57557.47,33,114.27,14,0,0.068,63.9,Ads,1,87,1,1,0.98
28,Male,North,94894.08,11,40.58,11,1,0.253,62.1,Ads,0,124,1,1,0.74
41,Other,South,41699.29,59,108.88,3,4,0.221,48.9,Email,1,90,1,1,0.99
28,Male,North,34423.54,16,59.32,10,3,0.526,58.1,Social Media,0,154,1,1,0.965
71,Female,West,55550.29,84,84.65,8,1,0.529,71.2,Ads,1,85,1,1,0.985
20,Female,South,69659.11,38,67.41,2,1,0.352,28.4,SMS,1,50,1,1,0.96
32,Male,East,85024.05,33,73.75,7,0,0.642,83.7,Email,0,129,1,1,0.985
34,Female,West,52271.81,66,40.43,6,1,0.167,65.8,Social Media,1,61,1,1,0.525
45,Female,North,77485.01,36,88.37,7,2,0.273,33.1,SMS,0,149,1,1,1.0
33,Female,South,70827.45,5,5.0,3,1,0.131,96.1,Email,1,14,0,0,0.175
40,Female,East,62554.13,72,5.0,4,1,0.475,68.0,Social Media,0,115,0,0,0.1
44,Male,East,74364.56,28,87.85,7,4,0.744,70.4,Social Media,0,105,1,1,0.99
71,Female,North,59304.05,15,68.82,5,4,0.21,39.9,SMS,0,161,1,1,0.995
22,Female,East,50057.81,52,153.27,8,1,0.178,48.7,Social Media,1,156,1,1,0.995
41,Female,South,70295.63,112,132.24,5,1,0.043,90.8,Email,0,87,1,1,0.99
58,Male,South,49487.92,54,101.13,10,2,0.158,31.8,SMS,0,18,1,1,0.995
42,Female,West,46775.12,96,113.18,6,0,0.072,64.7,Ads,0,145,1,1,0.995
50,Male,North,34505.9,106,111.41,8,0,0.425,32.9,Social Media,1,135,1,1,1.0
58,Female,South,55103.11,107,54.2,9,1,0.15,86.7,Social Media,0,75,1,1,0.885
31,Male,South,68615.71,86,109.25,7,2,0.426,59.7,Social Media,0,19,1,1,0.99
32,Female,West,47846.42,11,72.45,7,2,0.133,26.9,SMS,0,156,1,1,1.0
58,Male,West,30669.07,49,98.08,6,1,0.534,45.2,SMS,0,83,1,1,0.985
62,Male,East,31963.01,95,110.65,9,3,0.494,62.3,Social Media,1,88,1,1,0.99
35,Male,East,62069.69,90,149.38,7,2,0.074,22.6,Email,0,104,1,1,1.0
20,Female,West,69594.35,111,93.91,5,1,0.216,65.3,Social Media,0,40,1,1,0.965
57,Male,West,34111.97,65,104.5,7,0,0.039,61.4,Email,0,74,1,1,0.995
45,Female,East,83487.62,20,22.69,4,1,0.492,40.9,Ads,0,142,0,1,0.66
30,Male,West,47183.64,88,84.72,11,1,0.243,100.0,Ads,0,130,1,1,0.985
57,Female,East,61960.66,93,106.86,10,2,0.347,90.2,Email,0,170,1,1,0.99
18,Male,West,60666.02,46,117.64,11,4,0.121,39.6,Email,0,142,1,1,0.97
44,Male,West,64256.47,72,106.37,13,2,0.123,67.7,Ads,0,98,1,1,0.995
18,Female,East,15000.0,113,104.08,9,2,0.366,52.2,Email,0,116,1,1,0.975
54,Male,East,56740.99,81,93.23,8,0,0.187,69.8,Ads,0,17,1,1,0.995
38,Male,East,18685.99,14,71.3,8,2,0.307,62.7,SMS,0,22,1,1,0.96
34,Male,South,48391.35,59,129.21,8,2,0.631,70.4,Social Media,0,113,1,1,0.995
35,Male,South,76264.38,42,68.38,3,2,0.397,89.3,Email,1,121,1,1,0.985
21,Female,East,41485.38,6,42.71,11,5,0.26,39.5,SMS,0,149,1,1,0.84
36,Male,South,100104.22,32,104.75,8,1,0.555,100.0,Ads,0,97,1,1,0.955
59,Male,South,54768.24,5,89.29,8,0,0.081,75.8,SMS,0,120,1,1,1.0
50,Male,East,58828.81,106,85.39,7,1,0.479,61.3,Social Media,0,26,1,1,0.97
49,Female,West,64929.8,65,62.66,11,1,0.135,69.9,Email,1,156,1,1,0.985
58,Female,North,69316.9,105,115.97,6,1,0.294,99.6,Social Media,1,162,1,1,0.995
64,Male,North,50534.46,12,97.49,6,0,0.116,47.7,Email,0,65,1,1,1.0
32,Male,East,80772.79,32,131.71,9,2,0.344,57.2,Email,0,36,1,1,0.98
54,Female,North,78965.69,17,113.92,14,2,0.186,100.0,Social Media,1,146,1,1,1.0
50,Female,North,94068.24,90,80.5,8,0,0.203,19.9,Ads,0,120,1,1,0.995
36,Female,North,68768.83,96,41.5,7,1,0.44,44.2,SMS,0,53,1,0,0.315
18,Female,South,67179.45,77,135.57,7,0,0.182,62.7,Ads,0,46,1,1,0.975
25,Female,North,82575.13,25,133.85,12,1,0.154,30.3,Email,0,64,1,1,0.98
20,Female,East,108435.67,18,62.5,9,2,0.603,48.8,Email,0,130,1,1,0.96
27,Female,South,51362.17,33,37.38,8,0,0.302,78.2,Social Media,0,101,0,1,0.785
22,Female,West,83276.99,31,107.48,13,1,0.351,65.4,Ads,0,143,1,1,0.99
29,Female,North,41009.14,77,70.56,9,4,0.445,54.5,Social Media,0,142,1,1,0.985
72,Male,East,79828.99,100,5.0,12,1,0.163,48.8,Email,0,59,0,0,0.155
53,Female,South,54564.96,114,89.62,14,1,0.376,57.3,SMS,0,61,1,1,0.965
29,Male,South,41767.08,31,74.62,10,0,0.132,70.0,Social Media,1,9,1,1,0.965
70,Female,West,71003.68,58,32.16,10,2,0.084,70.2,Email,1,142,1,1,0.745
74,Female,South,73614.42,81,115.45,11,5,0.654,84.4,SMS,0,160,1,1,0.95
60,Female,East,71957.7,98,116.4,12,3,0.239,89.6,Social Media,1,103,1,1,0.985
37,Male,South,63399.3,25,132.22,2,2,0.257,63.0,SMS,0,29,1,1,0.975
32,Female,North,46138.91,72,137.79,7,1,0.643,83.5,Social Media,1,154,1,1,0.985
27,Male,North,36110.89,4,63.52,8,2,0.2,32.0,Email,0,169,1,1,0.995
22,Female,West,15000.0,78,141.59,9,2,0.356,43.0,Email,1,115,1,1,0.975
50,Male,North,50302.28,88,22.94,7,4,0.049,63.8,Social Media,0,159,1,1,0.695
33,Other,North,62935.2,11,88.79,6,1,0.692,28.0,SMS,0,22,1,1,0.945
41,Male,East,90792.09,101,23.66,11,2,0.251,63.5,Ads,1,81,0,0,0.165
71,Female,East,53758.5,50,82.26,9,1,0.27,66.9,Ads,0,103,1,1,0.99
39,Female,South,57107.5,107,125.15,8,1,0.304,61.8,Social Media,0,161,1,1,0.995
27,Male,North,34244.49,75,87.85,5,1,0.197,88.8,Email,0,124,1,1,0.99
30,Female,West,47660.82,83,106.28,3,2,0.317,48.5,Social Media,0,24,1,1,0.96
20,Female,East,47249.01,35,113.18,11,0,0.302,92.4,Social Media,0,12,1,1,0.955
55,Female,South,80825.04,40,89.08,11,0,0.195,53.5,Ads,1,172,1,1,1.0
61,Female,South,64525.62,35,120.77,8,3,0.456,26.1,Email,0,41,1,1,0.98
55,Other,West,58793.93,68,81.81,8,2,0.148,60.0,Ads,0,155,1,1,0.995
59,Female,North,57569.78,100,59.64,6,0,0.195,56.0,Email,0,109,1,1,0.985
70,Male,East,54259.73,50,56.66,6,0,0.074,62.5,Social Media,0,74,1,1,0.965
47,Female,West,52268.56,76,49.87,8,3,0.363,70.9,Email,1,98,0,1,0.925
42,Female,North,48873.68,49,69.32,13,0,0.287,84.5,Social Media,0,17,1,1,0.925
32,Male,West,45289.32,48,91.66,9,2,0.089,66.5,Social Media,0,120,1,1,0.99
18,Female,North,71073.95,51,118.99,3,3,0.127,80.9,Email,1,157,1,1,1.0
73,Other,East,80928.81,51,153.05,6,0,0.351,60.0,Social Media,0,141,1,1,0.985
51,Female,North,76386.56,97,77.61,6,1,0.063,89.6,Social Media,0,24,1,1,0.93
18,Male,East,69684.96,61,132.1,9,2,0.164,80.1,Social Media,1,168,1,1,0.995
67,Male,North,49246.18,8,64.05,9,1,0.273,35.4,Social Media,0,79,1,1,0.975
21,Female,East,64873.52,101,118.94,8,1,0.264,46.6,Email,0,147,1,1,0.99
69,Female,East,76983.44,39,42.29,9,4,0.155,66.6,Ads,0,149,1,1,0.93
40,Male,East,32133.51,114,79.08,7,0,0.18,60.0,Ads,0,126,1,1,0.995
27,Female,North,63070.71,69,109.29,10,3,0.559,96.9,Email,1,35,1,1,0.935
37,Female,East,51200.38,19,71.45,6,2,0.428,75.3,Ads,0,104,1,1,1.0
36,Female,South,48158.81,115,53.23,4,1,0.285,49.4,Ads,0,117,1,1,0.965
33,Male,East,56833.26,104,59.19,6,0,0.174,87.8,SMS,0,99,1,1,0.98
53,Male,East,74593.2,105,144.1,7,0,0.336,51.4,Email,0,169,1,1,1.0
62,Female,West,54020.07,61,95.56,7,0,0.128,31.0,Social Media,0,53,1,1,1.0
45,Male,South,72740.43,39,114.37,3,1,0.557,49.8,Email,0,71,1,1,0.98
21,Male,East,39383.2,119,44.22,3,3,0.146,46.2,Ads,0,28,1,0,0.455
20,Male,South,54544.08,91,37.85,8,3,0.083,33.3,Social Media,1,109,1,1,0.67
41,Female,West,89536.22,111,75.27,8,0,0.424,46.2,Ads,0,101,1,1,0.985
35,Male,North,91888.32,99,65.3,5,0,0.191,8.9,SMS,1,74,1,1,0.94
65,Male,West,80760.01,67,86.26,8,0,0.117,61.9,Social Media,1,23,1,1,0.985
39,Female,North,57671.36,113,63.1,5,0,0.367,55.5,Email,0,102,1,1,0.96
41,Female,South,100707.38,59,73.07,7,0,0.378,82.6,Email,0,35,1,1,0.93
28,Female,West,39694.42,12,60.25,12,3,0.013,63.6,Social Media,0,73,1,1,0.99
45,Female,West,47662.25,100,39.5,9,2,0.825,60.2,SMS,0,126,1,0,0.375
57,Male,North,31763.4,88,83.13,14,2,0.184,28.7,Social Media,1,162,1,1,1.0
56,Male,North,50281.1,115,63.88,16,2,0.251,57.3,SMS,0,178,1,1,0.96
35,Female,West,50434.05,73,122.92,5,3,0.124,52.1,Social Media,0,62,1,1,0.98
65,Female,North,66421.84,33,38.93,13,2,0.01,36.8,Social Media,0,43,1,0,0.485
47,Female,North,68800.31,43,41.83,8,1,0.304,30.6,Email,1,124,1,1,0.955
25,Female,North,65712.06,85,57.06,5,2,0.214,92.3,Ads,0,116,1,1,0.98
50,Female,East,73058.92,118,119.14,13,2,0.261,48.1,Social Media,1,62,1,1,0.98
25,Other,East,86650.19,66,47.8,8,2,0.069,87.5,Social Media,0,78,1,1,0.865
30,Female,South,74428.19,106,83.96,7,0,0.103,45.2,Ads,0,175,1,1,0.985
66,Female,West,61304.11,13,115.39,11,3,0.384,95.4,SMS,0,102,1,1,0.99
50,Male,South,73544.96,81,39.63,5,0,0.289,79.4,Email,0,26,1,0,0.145
19,Other,South,56120.67,111,66.37,10,0,0.127,60.8,Email,0,64,1,1,0.93
72,Male,South,45999.45,35,84.27,7,2,0.257,58.9,Social Media,0,67,1,1,1.0
34,Male,East,44455.27,96,119.02,4,1,0.2,59.2,SMS,0,8,1,1,0.975
49,Male,South,58730.7,59,100.14,15,0,0.091,62.9,Social Media,0,179,1,1,0.99
63,Female,East,68978.97,1,146.38,4,1,0.473,5.3,SMS,0,53,1,1,0.985
44,Male,West,43637.8,72,110.32,3,1,0.241,56.7,Email,0,39,1,1,0.99
49,Male,West,45055.44,23,53.79,4,2,0.463,44.2,Email,0,3,1,1,0.685
43,Female,North,70263.52,38,97.97,14,1,0.269,90.5,Ads,0,174,1,1,1.0
54,Male,West,41577.6,4,38.66,11,0,0.104,51.3,SMS,0,146,1,1,0.87
21,Other,West,50742.67,79,164.61,8,2,0.16,73.5,Social Media,0,28,1,1,0.98
41,Male,North,89380.75,71,77.44,5,1,0.183,49.3,SMS,0,152,1,1,0.99
38,Male,East,57543.4,8,89.82,6,0,0.601,79.1,SMS,0,92,1,1,0.995
40,Male,West,44374.41,108,66.57,6,1,0.546,50.9,Ads,0,16,1,1,0.83
62,Other,West,88159.19,82,127.79,8,2,0.082,83.5,Ads,0,67,1,1,0.97
66,Male,West,48191.28,32,53.15,4,2,0.23,42.2,SMS,0,52,1,1,0.89
69,Male,South,96150.97,21,62.41,4,1,0.302,45.0,Social Media,0,34,1,1,0.895
64,Female,East,70742.2,119,30.45,3,3,0.404,48.7,Social Media,0,53,0,0,0.26
25,Male,East,76376.94,98,142.59,9,1,0.136,77.9,Email,0,176,1,1,0.99
55,Male,East,51693.09,23,89.27,5,0,0.32,74.9,Email,1,113,1,1,0.99
44,Female,East,41413.02,78,88.4,7,3,0.153,64.8,Email,0,133,1,1,1.0
32,Female,West,85414.01,81,59.45,10,2,0.302,10.6,SMS,0,143,1,1,0.975
65,Female,North,73472.2,42,47.41,14,2,0.328,83.4,Social Media,0,50,0,1,0.58
46,Female,South,64578.83,83,117.84,7,3,0.359,30.9,SMS,0,62,1,1,0.995
30,Male,West,66652.05,51,78.12,15,0,0.447,96.4,Email,0,129,1,1,0.965
73,Female,East,85321.29,68,83.35,7,4,0.213,37.6,SMS,0,92,1,1,0.99
33,Female,North,59686.62,69,57.73,6,1,0.451,74.4,Social Media,1,103,1,1,0.94
66,Male,West,74427.44,67,106.0,9,0,0.24,79.1,SMS,1,63,1,1,0.995
46,Other,South,36970.33,63,75.19,9,0,0.33,63.1,Social Media,1,78,1,1,0.99
55,Female,West,70780.82,18,119.09,10,1,0.126,85.7,Social Media,0,154,1,1,0.995
26,Male,West,76403.8,106,5.0,8,0,0.039,84.6,Social Media,1,129,0,0,0.23
53,Male,South,73630.21,113,106.55,11,0,0.072,54.8,Ads,1,88,1,1,0.965
53,Female,North,52606.81,25,62.14,14,2,0.532,66.4,SMS,0,44,0,1,0.925
42,Male,South,81975.88,52,43.5,8,1,0.257,73.5,Email,0,18,0,0,0.345
38,Female,West,74975.77,53,32.57,4,1,0.029,73.2,Ads,0,70,1,1,0.51
41,Female,North,66020.25,12,19.4,3,2,0.081,72.1,Ads,0,71,0,0,0.245
55,Male,South,65749.54,48,108.07,13,1,0.3,59.2,Social Media,1,38,1,1,0.995
68,Male,North,60811.54,40,104.01,8,3,0.271,58.1,Ads,0,18,1,1,0.985
24,Male,South,38042.32,89,84.4,7,0,0.262,62.7,Email,0,163,1,1,1.0
61,Male,North,82609.55,35,85.11,5,3,0.171,59.8,SMS,1,60,1,1,0.99
55,Male,North,48584.56,50,77.14,5,2,0.041,95.4,Email,0,102,1,1,0.99
67,Male,North,74385.4,82,76.04,7,0,0.694,53.1,Ads,1,39,0,1,0.93
66,Male,East,71552.56,36,9.06,9,2,0.217,91.5,Social Media,1,38,0,0,0.11
47,Female,South,88135.4,83,158.23,13,0,0.445,22.2,Email,0,171,1,1,0.98
70,Female,East,59280.32,20,119.21,9,1,0.332,70.6,Social Media,1,43,1,1,0.99
51,Female,South,69720.99,113,107.67,7,2,0.358,66.7,SMS,0,137,1,1,1.0
63,Female,South,61176.39,82,94.05,8,0,0.202,83.1,Email,1,74,1,1,0.995
30,Female,East,56400.22,55,58.59,11,0,0.479,44.2,Ads,1,160,1,1,0.985
31,Female,North,53191.57,100,93.44,7,2,0.282,80.2,Email,0,79,1,1,0.97
50,Male,East,36651.45,73,111.52,6,1,0.462,23.9,Ads,1,117,1,1,1.0
36,Female,North,57858.54,21,165.39,10,0,0.475,56.5,SMS,0,59,1,1,0.98
51,Female,West,35361.4,77,143.07,6,3,0.483,66.3,Ads,0,82,1,1,0.985
63,Male,East,65830.54,111,159.84,10,0,0.279,88.4,Ads,0,101,1,1,0.99
29,Female,West,62144.86,68,5.0,6,1,0.02,63.4,SMS,0,80,0,0,0.225
40,Male,West,85090.9,117,58.93,11,3,0.522,68.8,Social Media,0,71,1,1,0.725
43,Male,East,47151.83,84,119.24,6,3,0.288,59.2,SMS,1,73,1,1,0.975
30,Male,North,30738.88,85,76.37,6,1,0.267,61.3,Email,0,152,1,1,0.995
48,Female,North,79432.96,68,127.38,7,2,0.121,60.9,SMS,1,123,1,1,0.995
39,Male,West,39284.3,41,38.0,6,0,0.126,47.0,SMS,0,83,1,1,0.795
67,Female,North,63726.77,28,90.74,6,1,0.588,70.2,Email,0,156,1,1,0.995
35,Other,South,61416.05,106,66.3,7,0,0.344,35.6,Email,1,163,1,1,0.995
53,Female,West,68275.53,80,52.19,6,1,0.161,51.2,Ads,0,90,1,1,0.92
18,Male,West,70595.3,91,56.01,6,0,0.372,45.8,Email,0,15,0,1,0.61
46,Female,East,55596.33,6,66.67,7,1,0.395,47.8,Email,0,8,1,1,0.915
58,Male,South,70614.61,43,5.0,7,1,0.247,84.2,Email,0,151,0,0,0.235
35,Female,East,59120.29,117,95.21,7,2,0.199,44.3,Ads,1,55,1,1,0.975
62,Male,North,64856.46,82,58.0,8,0,0.228,48.5,Ads,1,134,1,1,0.995
20,Male,East,47547.06,118,150.78,6,1,0.116,85.2,Email,0,163,1,1,0.985
31,Female,South,63492.84,47,101.68,7,4,0.384,55.8,SMS,1,36,1,1,0.97
50,Male,West,45355.65,75,73.39,10,1,0.394,69.9,Ads,0,132,1,1,0.99
72,Female,North,60091.79,71,130.44,7,1,0.55,77.8,SMS,0,10,1,1,0.965
53,Female,East,41916.83,3,102.69,13,1,0.128,81.6,Social Media,0,38,1,1,0.985
28,Female,South,64348.29,84,128.98,4,2,0.278,43.3,Social Media,1,156,1,1,0.995
53,Male,West,103477.86,30,65.09,10,2,0.171,50.8,Ads,0,114,1,1,0.97
63,Female,West,28986.85,116,79.06,6,4,0.302,96.3,Email,0,34,1,1,0.865
71,Female,West,61197.11,16,46.43,6,2,0.432,99.7,Ads,0,170,1,1,0.925
21,Male,North,71230.63,33,107.08,4,4,0.096,30.0,Ads,0,62,1,1,0.98
53,Male,East,53483.16,31,29.28,7,1,0.446,65.2,Ads,0,130,1,1,0.615
74,Female,East,93482.54,95,56.68,9,1,0.304,48.9,Ads,1,179,1,1,0.95
26,Female,West,51299.51,55,116.97,6,0,0.082,57.9,Email,0,46,1,1,0.975
22,Male,North,66346.77,117,120.4,9,2,0.361,63.4,Ads,1,73,1,1,0.945
59,Female,South,83029.55,106,106.09,7,1,0.32,19.1,Social Media,0,99,1,1,1.0
24,Female,East,93123.59,84,112.84,8,1,0.161,77.6,Ads,0,20,1,1,0.98
64,Female,East,68463.64,112,128.42,8,1,0.409,73.4,Social Media,0,55,1,1,0.995
20,Male,West,62296.51,107,92.48,7,1,0.418,42.4,Email,0,50,1,1,0.985
57,Female,North,76015.56,79,55.91,15,2,0.247,79.3,Ads,0,170,1,1,0.95
21,Female,South,55636.43,45,79.44,9,1,0.703,96.0,Email,1,102,1,1,0.985
26,Male,East,24555.36,68,40.81,6,2,0.263,96.3,SMS,1,25,1,0,0.315
51,Male,North,57164.46,119,82.44,10,2,0.112,68.5,Email,0,104,1,1,0.965
74,Male,West,72207.51,20,99.2,5,4,0.384,89.3,Email,0,146,1,1,0.975
64,Female,South,40176.34,96,117.26,10,2,0.109,71.8,Ads,0,82,1,1,0.995
54,Male,East,60718.57,78,43.6,10,1,0.577,83.9,Social Media,1,95,0,1,0.535
49,Male,North,49279.67,91,34.08,13,0,0.39,63.3,Ads,1,135,1,1,0.525
27,Female,South,52498.98,52,101.98,7,4,0.074,64.4,SMS,0,107,1,1,0.995
20,Male,West,28200.01,21,23.38,8,3,0.493,46.5,Social Media,1,83,0,0,0.39
40,Male,North,28526.5,6,95.31,10,1,0.185,50.4,Email,1,130,1,1,0.995
55,Male,West,58070.67,40,52.64,9,3,0.459,89.9,Ads,0,76,1,1,0.88
69,Female,East,59207.23,84,24.2,5,2,0.5,52.8,Social Media,0,18,0,0,0.13
38,Male,North,80213.28,24,65.65,11,1,0.274,28.3,Ads,0,92,1,1,0.99
61,Male,East,80627.32,106,37.6,7,4,0.233,33.2,Email,0,11,0,0,0.26
45,Male,South,45832.74,75,98.41,13,1,0.612,43.7,Social Media,1,128,1,1,0.98
53,Other,South,63444.66,23,72.08,7,1,0.296,90.9,SMS,1,165,1,1,0.995
27,Other,South,50813.8,65,71.03,6,2,0.409,72.4,SMS,1,36,1,1,0.94
41,Female,East,46218.69,46,96.9,9,2,0.07,33.5,SMS,0,114,1,1,1.0
30,Female,North,49298.51,43,81.72,6,5,0.141,45.2,Email,1,21,1,1,0.995
21,Female,East,40835.26,36,68.16,6,0,0.291,50.0,Social Media,0,141,1,1,1.0
37,Female,North,45884.67,90,128.49,5,0,0.043,31.0,Ads,1,128,1,1,0.99
39,Female,South,32078.64,57,92.43,7,0,0.456,47.1,Email,0,74,1,1,0.99
19,Male,East,36789.06,59,150.93,2,1,0.323,23.2,Ads,0,28,1,1,0.96
34,Female,East,82859.88,72,36.23,11,2,0.139,47.1,Social Media,0,19,0,0,0.31
38,Female,South,41437.33,45,136.62,14,1,0.263,22.4,SMS,0,165,1,1,0.995
72,Other,East,58815.73,82,74.17,10,4,0.182,54.0,SMS,0,98,1,1,0.985
67,Other,South,58694.16,21,56.51,3,1,0.25,47.6,Email,0,78,1,1,0.97
60,Male,East,64962.02,100,42.01,14,1,0.319,74.9,Ads,1,153,0,1,0.78
68,Other,West,15000.0,91,83.26,5,0,0.495,32.7,Social Media,0,126,1,1,0.955
23,Male,West,78915.3,58,64.06,7,3,0.292,74.4,Ads,1,70,1,1,0.97
45,Female,South,66427.48,71,31.65,11,1,0.424,43.2,Social Media,1,33,0,0,0.19
68,Male,North,70968.84,2,59.29,3,1,0.181,48.0,Social Media,0,69,1,1,0.96
26,Female,South,81618.7,16,89.96,10,1,0.563,37.3,SMS,1,149,1,1,1.0
37,Male,North,69538.44,40,96.65,6,2,0.216,66.7,Ads,0,28,1,1,0.995
47,Male,North,65927.92,76,68.91,6,3,0.344,77.8,SMS,0,55,1,1,0.94
73,Male,West,55770.91,118,89.91,9,2,0.078,88.7,Ads,0,25,1,1,0.955
59,Male,North,44377.81,20,92.36,13,1,0.216,81.6,Social Media,0,14,1,1,0.975
20,Female,South,67220.19,55,39.99,7,0,0.419,65.5,Ads,0,129,0,1,0.82
59,Male,North,71606.1,9,161.43,13,3,0.345,53.1,SMS,0,121,1,1,0.98
33,Female,North,72821.52,42,78.22,8,2,0.166,57.4,SMS,0,30,1,1,0.985
51,Female,North,68490.92,57,76.07,9,3,0.155,87.1,Ads,1,56,1,1,0.975
66,Female,East,66475.14,106,92.27,9,3,0.366,41.4,Social Media,1,32,1,1,0.995
29,Male,West,44210.16,34,135.02,8,0,0.261,75.6,SMS,0,41,1,1,1.0
50,Male,East,85739.92,114,57.06,5,2,0.372,49.9,Social Media,0,106,1,1,0.91
62,Female,East,65387.38,53,51.24,10,0,0.129,66.3,SMS,0,86,1,1,0.905
33,Male,South,91062.69,85,128.77,5,1,0.204,85.5,SMS,0,94,1,1,0.98
37,Male,North,21243.41,95,122.82,10,1,0.331,84.0,Ads,0,43,1,1,0.97
66,Male,East,64206.71,62,69.15,8,1,0.291,50.1,Ads,1,179,1,1,0.99
36,Male,West,87770.83,66,84.79,6,3,0.167,57.1,Ads,0,12,1,1,0.975
60,Male,East,44491.33,6,43.68,9,3,0.485,59.9,Email,0,18,0,1,0.595
32,Male,East,72705.6,20,70.23,8,1,0.586,62.4,Social Media,0,174,1,1,0.995
74,Male,West,56398.81,17,101.22,5,1,0.575,53.9,Email,0,161,1,1,0.995
18,Female,South,88061.03,63,74.5,6,0,0.144,36.7,Email,0,106,1,1,0.97
25,Male,North,38743.72,88,98.53,9,1,0.388,64.6,Ads,1,91,1,1,0.985
74,Male,East,84202.5,81,82.87,8,1,0.341,82.0,SMS,0,3,1,1,0.83
43,Female,West,57453.71,65,53.46,13,1,0.481,28.5,Email,1,102,1,1,0.925
19,Male,East,66028.49,88,37.94,14,1,0.465,33.3,Ads,0,158,1,1,0.79
65,Female,East,57189.33,107,117.17,4,0,0.281,54.4,SMS,0,45,1,1,0.975
58,Male,East,70532.99,57,70.05,3,0,0.41,89.1,SMS,0,38,1,1,0.925
25,Male,North,81339.43,17,97.23,7,4,0.134,54.0,Social Media,0,67,1,1,0.995
51,Female,North,104024.51,73,92.53,10,0,0.237,55.9,Social Media,0,138,1,1,0.97
28,Female,West,62412.35,35,67.11,8,0,0.218,52.3,Email,1,97,1,1,0.98
30,Male,East,61280.53,102,81.04,6,2,0.246,63.2,Social Media,0,177,1,1,1.0
48,Female,West,79265.71,36,97.33,6,2,0.498,74.6,Social Media,0,121,1,1,1.0
37,Male,West,72332.25,7,71.12,5,1,0.175,58.6,Social Media,0,128,1,1,0.995
56,Female,North,51628.36,78,80.12,14,2,0.208,62.8,Email,1,106,1,1,0.95
37,Female,East,32812.13,21,102.93,12,4,0.497,72.9,Email,1,57,1,1,0.96
71,Female,East,83334.7,71,125.1,12,2,0.107,59.5,SMS,0,9,1,1,0.975
73,Male,West,78495.76,5,142.62,13,1,0.403,60.6,Ads,0,141,1,1,0.99
18,Female,North,69736.76,77,96.16,10,0,0.113,77.9,SMS,1,83,1,1,0.98
29,Female,North,67290.03,65,61.01,7,5,0.141,92.1,Social Media,0,25,1,1,0.68
20,Female,West,52768.2,35,87.34,10,1,0.263,72.8,Email,0,13,1,1,0.98
45,Male,East,46971.46,108,79.82,9,2,0.192,37.9,Ads,0,31,1,1,0.965
40,Male,North,76672.91,3,137.59,12,2,0.437,73.1,Social Media,0,28,1,1,0.965
40,Male,West,71057.94,19,120.96,6,2,0.213,81.3,Social Media,0,123,1,1,1.0
69,Female,South,33983.51,42,65.11,11,4,0.615,22.6,Social Media,0,134,1,1,0.97
28,Female,North,78230.79,25,5.0,15,4,0.218,32.1,Email,0,20,0,0,0.165
33,Female,West,46238.98,109,115.14,4,3,0.293,79.6,SMS,1,148,1,1,0.995
28,Female,West,53050.77,22,91.52,7,1,0.172,75.6,SMS,0,42,1,1,0.985
23,Female,East,74564.3,99,110.7,5,0,0.052,100.0,SMS,0,146,1,1,0.985
47,Female,West,37659.64,68,47.83,10,2,0.563,46.4,Ads,0,100,1,1,0.84
22,Male,North,56847.06,14,78.99,8,1,0.091,60.7,Ads,1,28,1,1,0.99
71,Female,North,93790.9,40,80.78,8,0,0.327,88.6,Social Media,1,21,1,1,0.935
44,Male,East,82493.3,8,23.63,11,0,0.478,57.0,Social Media,1,168,1,1,0.53
68,Male,North,47350.35,48,91.49,3,2,0.072,47.1,SMS,0,19,1,1,0.995
18,Female,South,69562.4,53,36.13,9,3,0.149,63.0,Ads,0,122,1,1,0.765
63,Male,South,47201.15,85,112.36,10,0,0.187,65.8,Email,0,29,1,1,0.975
49,Female,South,51837.38,96,62.71,14,1,0.089,46.2,Email,1,131,1,1,0.98
36,Female,West,58907.02,75,37.31,5,5,0.252,57.9,Email,1,25,1,0,0.32
48,Male,North,48004.46,29,121.68,9,2,0.052,27.0,Email,0,40,1,1,0.99
46,Female,East,79409.22,53,116.25,7,1,0.459,61.5,Social Media,0,29,1,1,0.99
49,Male,South,67152.73,4,92.59,10,2,0.495,38.7,Ads,0,29,1,1,0.99
67,Male,West,42644.77,91,121.26,11,1,0.153,49.0,Ads,0,42,1,1,0.98
59,Male,North,73393.71,20,21.65,11,1,0.41,37.2,SMS,1,64,0,0,0.34
61,Female,North,72714.26,90,65.99,5,0,0.201,78.2,Email,0,118,1,1,0.99
56,Female,West,53979.75,116,62.38,13,2,0.513,96.9,Social Media,0,105,1,1,0.88
27,Female,East,39255.79,88,89.99,5,1,0.021,52.6,Email,0,154,1,1,0.985
62,Other,East,69040.86,80,98.66,11,4,0.299,42.8,SMS,0,35,1,1,0.945
33,Female,East,56429.58,74,101.69,8,1,0.261,61.4,Email,0,84,1,1,1.0
63,Male,North,64916.95,36,42.84,11,3,0.305,55.0,Ads,0,143,0,1,0.84
54,Male,South,69828.04,8,54.5,8,1,0.273,23.2,Social Media,0,27,1,1,0.89
44,Male,North,65913.35,3,25.19,9,0,0.268,86.4,Social Media,0,61,0,0,0.275
28,Male,South,58842.02,54,53.18,10,1,0.314,66.8,Email,0,71,1,1,0.895
74,Male,West,77324.22,79,95.03,14,1,0.149,43.9,SMS,1,23,1,1,0.955
68,Male,East,48155.75,12,33.51,14,2,0.404,47.9,SMS,0,98,1,1,0.695
74,Male,North,66643.67,18,68.9,14,2,0.228,39.2,Social Media,0,92,1,1,0.985
45,Female,North,66442.3,67,108.25,4,0,0.271,100.0,Ads,0,5,1,1,0.925
55,Male,South,57486.93,66,69.53,9,5,0.499,19.3,Email,1,133,1,1,0.995
54,Female,East,19685.1,13,40.76,7,1,0.395,90.9,Ads,1,48,1,0,0.45
30,Female,East,49218.76,72,72.16,5,2,0.198,76.3,Social Media,1,110,1,1,0.975
65,Male,South,61137.87,102,91.72,6,0,0.147,27.0,Social Media,0,5,1,1,0.97
33,Female,West,76716.49,49,106.0,8,0,0.284,63.8,Email,0,86,1,1,1.0
62,Male,South,41975.39,94,115.27,10,0,0.304,98.4,SMS,1,135,1,1,0.985
73,Female,South,68575.83,78,100.78,3,0,0.339,63.3,Social Media,0,75,1,1,0.98
39,Male,North,73069.06,66,39.13,7,0,0.347,45.1,SMS,1,101,1,1,0.71
68,Female,West,59378.76,20,73.07,10,3,0.342,42.1,Ads,1,174,1,1,1.0
26,Male,North,44275.72,93,102.67,4,0,0.456,46.4,SMS,0,39,1,1,0.98
24,Male,South,79917.91,54,96.22,9,1,0.243,49.4,Social Media,0,85,1,1,0.985
49,Female,North,66443.75,111,89.39,7,2,0.174,71.6,Social Media,1,36,1,1,0.97
37,Male,West,45982.36,100,74.54,9,3,0.407,61.9,Ads,1,60,1,1,0.95
33,Female,East,61104.56,90,41.49,6,3,0.134,58.0,Social Media,0,62,0,1,0.545
73,Male,South,57532.15,103,97.96,12,1,0.11,32.2,Email,0,69,1,1,0.98
38,Male,South,66087.7,89,39.52,1,5,0.418,67.7,Email,0,108,0,1,0.685
54,Male,West,75858.61,31,141.94,8,1,0.281,49.9,SMS,0,36,1,1,0.995
59,Male,East,74528.5,66,45.11,11,1,0.369,82.3,Email,1,173,0,1,0.855
64,Other,North,76474.33,50,86.49,13,0,0.172,62.3,SMS,0,23,1,1,0.95
41,Female,East,74586.39,91,115.18,7,0,0.284,35.0,Ads,0,80,1,1,0.98
74,Male,South,66244.5,78,31.87,8,0,0.664,97.0,Social Media,0,144,0,0,0.495
72,Male,South,55986.54,33,61.78,8,2,0.133,45.6,Ads,1,143,1,1,0.99
28,Male,East,44054.06,107,59.82,8,2,0.152,50.3,Email,0,51,1,1,0.8
68,Female,South,59050.21,73,115.78,8,1,0.159,100.0,Email,0,72,1,1,0.99
73,Male,North,77391.99,66,139.82,8,1,0.306,47.0,SMS,0,178,1,1,0.99
44,Male,South,31549.5,13,69.04,8,0,0.251,100.0,Ads,0,123,1,1,0.975
43,Female,South,61651.33,90,43.06,9,4,0.242,39.0,Email,1,169,1,1,0.855
40,Female,East,44182.14,19,78.27,6,1,0.699,41.5,Email,1,135,1,1,0.98
55,Male,East,31598.1,50,70.07,11,1,0.7,28.5,SMS,1,159,1,1,0.99
62,Male,North,67088.33,89,37.37,7,0,0.332,56.7,Email,0,156,1,1,0.785
58,Male,South,56203.79,73,59.11,6,0,0.301,70.6,Ads,0,178,1,1,0.975
50,Female,North,59010.74,65,61.4,9,0,0.478,57.0,Ads,0,119,1,1,0.975
42,Female,North,71324.74,102,61.12,8,1,0.317,70.8,Ads,0,142,1,1,0.98
42,Female,West,46201.65,20,83.56,5,2,0.198,60.2,Social Media,0,66,1,1,0.975
30,Other,South,79291.71,39,109.91,1,0,0.219,58.8,Email,0,159,1,1,0.985
52,Female,South,77804.89,15,118.9,4,2,0.053,77.3,SMS,1,156,1,1,0.99
40,Female,North,71780.68,69,61.11,11,1,0.431,85.1,Ads,0,39,1,1,0.66
46,Female,West,22343.96,115,44.0,7,0,0.266,50.3,Social Media,1,148,1,1,0.815
37,Female,East,73890.4,41,67.92,15,2,0.019,43.9,Email,0,7,1,1,0.865
26,Female,South,44211.89,26,110.97,6,5,0.168,62.4,SMS,0,132,1,1,1.0
24,Male,South,65167.48,1,106.98,8,1,0.674,63.6,Social Media,0,96,1,1,0.99
41,Male,East,51155.6,7,92.5,5,2,0.819,34.9,SMS,0,37,1,1,0.935
42,Female,East,44339.32,97,87.22,3,0,0.425,67.7,SMS,0,97,1,1,0.99
64,Female,East,59520.93,67,70.31,13,3,0.118,53.1,Ads,1,125,1,1,0.975
54,Male,West,57749.86,21,110.96,8,3,0.398,84.0,Social Media,1,143,1,1,1.0
22,Male,North,46421.55,33,67.69,10,2,0.421,71.2,Ads,0,177,1,1,0.995
57,Female,East,50202.82,73,38.67,5,2,0.703,41.5,SMS,0,22,0,0,0.275
19,Female,North,71552.16,30,12.18,8,5,0.225,54.2,SMS,1,150,0,0,0.45
57,Female,South,35782.34,64,76.07,13,0,0.415,44.0,Email,0,139,1,1,0.985
25,Male,West,98949.9,11,132.67,9,2,0.313,63.1,SMS,0,88,1,1,0.985
31,Male,North,67441.29,79,73.95,8,0,0.285,75.7,Ads,1,13,1,1,0.865
21,Male,East,58989.97,3,51.35,7,3,0.498,85.9,SMS,1,12,1,1,0.69
39,Male,East,45845.31,16,159.99,6,1,0.61,51.2,Ads,0,26,1,1,0.975
59,Male,North,74856.73,77,74.06,8,1,0.643,62.2,Social Media,0,166,1,1,1.0
20,Male,South,40636.12,7,91.98,13,2,0.188,46.8,SMS,1,97,1,1,0.99
64,Female,West,77805.69,52,40.61,8,1,0.316,64.8,SMS,0,136,1,1,0.865
46,Female,West,40350.21,116,81.48,5,1,0.343,57.9,SMS,1,145,1,1,0.97
31,Male,North,94156.98,86,102.15,11,2,0.114,54.0,Social Media,1,40,1,1,0.99
48,Female,West,58071.94,18,114.45,8,1,0.157,85.7,Social Media,0,55,1,1,0.995
49,Female,West,48169.36,13,77.09,5,4,0.188,68.9,Ads,0,173,1,1,1.0
24,Female,North,55299.19,94,71.3,8,1,0.504,41.3,Social Media,0,85,1,1,0.96
55,Female,North,82716.9,65,77.9,7,0,0.317,43.4,Ads,0,165,1,1,1.0
49,Male,East,51947.24,98,101.41,7,0,0.42,96.6,Social Media,1,79,1,1,0.975
69,Other,West,58902.37,66,134.6,5,3,0.585,65.5,SMS,0,99,1,1,0.99
36,Female,East,59119.16,15,71.7,13,0,0.399,63.9,SMS,1,132,1,1,0.995
34,Female,West,64354.36,76,100.86,8,2,0.096,66.4,Ads,0,178,1,1,0.99
35,Female,South,73754.99,37,55.98,11,0,0.059,39.4,Ads,0,81,1,1,0.95
54,Female,West,86108.29,16,62.12,7,3,0.26,70.2,Social Media,0,154,1,1,1.0
49,Female,South,65180.78,70,81.55,9,2,0.341,68.3,Ads,0,59,1,1,0.97
62,Male,South,30009.25,17,68.62,7,0,0.185,50.2,Email,0,177,1,1,0.99
63,Female,North,85950.51,48,84.3,12,1,0.646,25.2,SMS,0,46,1,1,0.935
56,Male,West,75527.84,28,51.84,7,1,0.483,100.0,Social Media,0,171,1,1,0.97
29,Male,North,51177.01,5,30.93,11,0,0.639,84.9,Ads,0,67,0,0,0.295
53,Female,East,80598.75,109,122.98,7,0,0.501,56.1,Email,0,179,1,1,0.975
56,Male,West,60075.81,40,110.14,5,2,0.078,42.3,Ads,0,90,1,1,1.0
70,Male,West,54491.88,112,56.15,14,2,0.26,41.9,SMS,0,154,1,1,0.905
44,Male,West,92376.03,45,54.59,7,2,0.155,88.4,Ads,1,129,1,1,0.985
48,Male,West,57204.64,100,47.39,11,2,0.195,36.5,Ads,1,1,0,0,0.415
66,Male,East,42560.79,13,99.48,10,3,0.182,89.1,SMS,0,84,1,1,1.0
55,Other,West,57952.78,38,81.28,5,3,0.13,68.6,Social Media,0,103,1,1,0.985
51,Female,East,42279.06,73,39.97,11,2,0.133,62.3,Social Media,0,50,0,0,0.375
30,Male,North,88861.36,78,54.12,9,2,0.327,58.7,Ads,0,40,1,1,0.665
48,Male,South,67979.24,117,99.66,7,4,0.024,33.4,SMS,0,55,1,1,0.965
33,Male,East,44272.88,56,55.59,9,3,0.273,69.8,Email,0,52,0,1,0.805
40,Male,East,73178.52,115,122.78,12,0,0.158,53.0,Ads,1,11,1,1,0.955
23,Female,South,72531.3,86,86.67,8,2,0.417,90.2,SMS,0,79,1,1,0.97
32,Male,North,66973.91,76,209.33,8,0,0.454,83.3,Email,0,101,1,1,0.995
39,Female,East,47524.17,107,116.27,14,1,0.053,38.9,Social Media,1,57,1,1,0.985
36,Female,West,55553.82,59,131.6,9,2,0.313,66.5,Social Media,0,4,1,1,0.965
71,Male,East,66578.2,11,129.19,6,2,0.244,45.0,Social Media,0,42,1,1,0.985
65,Female,South,65204.83,29,153.38,7,3,0.142,38.9,Ads,0,52,1,1,0.99
62,Male,North,79742.54,85,131.39,7,2,0.276,51.4,Social Media,0,117,1,1,0.99
55,Female,North,60746.87,7,39.34,8,2,0.111,34.4,Ads,0,35,0,0,0.495
18,Female,North,73034.82,53,137.84,8,2,0.243,43.0,Email,0,50,1,1,0.97
39,Female,East,69548.06,1,76.18,7,3,0.369,94.4,Social Media,0,22,1,1,0.945
19,Male,North,84176.91,76,31.58,6,0,0.521,73.8,Email,0,140,0,1,0.565
73,Male,South,47063.25,5,59.08,12,3,0.139,68.1,Ads,0,60,1,1,0.89
51,Female,West,50583.26,25,113.32,11,3,0.228,43.5,Social Media,1,44,1,1,0.98
37,Female,North,55039.34,17,19.96,7,1,0.334,28.3,Email,0,135,1,1,0.53
25,Female,East,58404.65,2,77.86,8,3,0.25,71.0,Email,1,104,1,1,0.99
29,Male,South,73918.0,35,158.43,6,0,0.14,60.0,Email,0,81,1,1,0.975
58,Female,West,39592.04,41,68.8,10,0,0.263,82.9,Social Media,0,159,1,1,0.995
24,Male,West,86879.53,118,117.34,4,1,0.345,85.3,Email,1,146,1,1,0.975
28,Female,North,46213.19,74,74.94,5,1,0.642,82.0,Social Media,0,2,0,1,0.805
25,Female,North,41807.56,61,172.62,7,2,0.282,28.7,Ads,1,31,1,1,0.975
71,Male,South,49228.39,67,69.67,14,2,0.705,48.5,Email,1,85,1,1,0.93
71,Male,South,41678.59,62,37.7,6,2,0.088,35.5,Email,0,116,1,1,0.78
21,Female,East,103294.35,61,86.72,7,3,0.304,46.7,SMS,0,50,1,1,0.965
72,Female,West,59593.38,24,58.6,4,3,0.605,38.8,SMS,1,45,1,1,0.86
20,Male,West,56450.87,51,122.14,12,1,0.299,52.9,Social Media,1,53,1,1,0.985
34,Female,South,65950.26,61,140.2,8,0,0.056,62.0,SMS,1,145,1,1,1.0
45,Female,South,47408.05,88,53.03,8,3,0.051,77.3,Social Media,1,38,0,1,0.645
68,Female,South,61909.69,12,31.19,9,2,0.056,40.3,Email,0,136,0,1,0.83
31,Female,West,55781.25,89,105.01,6,3,0.307,59.6,SMS,0,121,1,1,0.99
52,Female,North,44826.78,42,43.27,10,1,0.25,61.7,Ads,1,54,1,1,0.59
27,Male,South,84934.06,54,84.15,11,1,0.483,40.7,Email,0,19,1,1,0.955
61,Male,West,76349.82,100,20.5,4,2,0.239,26.6,Email,0,56,0,0,0.175
39,Other,West,21208.61,52,71.79,8,3,0.468,50.8,SMS,1,39,1,1,0.925
29,Male,North,35737.17,10,63.61,7,2,0.031,63.9,Social Media,1,73,1,1,0.98
31,Male,East,75384.82,52,91.18,6,0,0.098,53.0,Ads,1,83,1,1,0.985
27,Male,East,26454.65,48,94.75,9,1,0.546,66.7,Social Media,0,36,1,1,0.955
21,Male,South,34695.44,102,39.44,8,3,0.438,85.8,Social Media,0,6,0,0,0.19
29,Male,East,85416.85,26,111.79,11,0,0.278,42.1,Email,1,114,1,1,1.0
31,Female,East,48437.12,45,112.78,6,0,0.296,57.3,SMS,1,91,1,1,1.0
68,Male,East,56843.45,35,74.08,7,1,0.288,77.9,Social Media,1,122,1,1,0.975
44,Female,South,44568.74,39,107.54,4,2,0.522,70.1,SMS,1,153,1,1,0.995
26,Male,North,62968.77,60,27.86,6,0,0.093,39.1,SMS,0,156,1,1,0.79
72,Male,East,68156.22,102,110.93,14,2,0.523,58.5,SMS,0,173,1,1,0.99
66,Female,East,76274.62,39,96.0,6,2,0.324,79.8,Ads,0,34,1,1,0.98
49,Male,South,83400.82,107,50.91,7,2,0.488,31.2,SMS,1,100,1,1,0.9
55,Female,West,36959.32,57,46.36,11,1,0.119,24.9,Ads,0,21,0,1,0.58
35,Male,South,76396.06,7,25.7,8,5,0.461,56.7,Email,1,102,0,1,0.505
53,Female,West,82253.96,87,126.29,3,0,0.352,26.6,Social Media,0,173,1,1,1.0
72,Male,North,41890.3,71,55.25,8,3,0.155,37.1,SMS,1,30,1,1,0.83
31,Male,North,76341.69,80,45.5,9,2,0.418,43.8,SMS,0,86,1,1,0.625
44,Male,East,61726.76,24,85.29,7,1,0.048,53.8,Ads,0,161,1,1,1.0
29,Female,South,41767.28,2,100.21,3,3,0.077,69.6,Social Media,0,100,1,1,0.955
66,Male,West,75870.31,79,102.49,5,4,0.458,74.3,Social Media,1,88,1,1,0.98
20,Female,North,73837.05,61,64.82,6,1,0.111,46.5,Social Media,0,117,1,1,0.995
48,Male,North,52141.94,37,40.94,10,1,0.095,55.1,SMS,1,35,1,0,0.4
30,Female,South,32243.54,13,58.73,13,1,0.334,57.2,Email,0,86,1,1,0.955
66,Female,East,82083.95,92,127.89,10,0,0.018,62.8,Ads,0,56,1,1,0.985
52,Female,West,83748.98,70,77.03,7,2,0.406,58.3,SMS,0,109,1,1,0.98
40,Female,South,49486.76,27,101.27,11,0,0.065,71.1,Ads,0,150,1,1,0.995
32,Male,West,66294.71,69,29.22,4,2,0.219,60.9,SMS,0,92,0,0,0.395
64,Female,North,98298.23,54,103.7,5,1,0.312,48.7,Email,0,124,1,1,0.99
31,Female,West,79744.52,96,90.36,11,0,0.225,68.0,Ads,0,95,1,1,0.995
26,Female,East,70046.16,57,85.9,11,2,0.383,34.5,SMS,0,89,1,1,0.99
68,Female,South,73016.17,41,85.9,9,0,0.231,58.4,Ads,0,134,1,1,1.0
50,Male,North,34058.97,61,65.57,7,2,0.248,66.4,Email,0,168,1,1,0.995
27,Male,West,59068.43,98,84.72,7,1,0.482,45.4,SMS,0,108,1,1,0.995
57,Male,West,75194.71,57,60.66,8,1,0.678,51.6,Email,0,64,1,1,0.865
64,Male,East,55804.28,64,109.45,7,1,0.216,64.7,Email,1,112,1,1,0.99
50,Male,North,64647.42,49,111.19,7,2,0.431,75.5,Ads,0,75,1,1,0.995
27,Male,North,47279.07,3,72.59,7,2,0.078,46.8,Email,0,145,1,1,0.985
22,Female,North,70108.39,82,110.29,5,1,0.237,65.8,SMS,0,31,1,1,0.985
52,Female,East,79545.04,89,23.9,4,0,0.49,68.8,Ads,0,47,0,0,0.115
65,Male,South,54022.19,6,89.85,5,1,0.298,57.4,SMS,1,5,1,1,0.96
40,Female,West,81378.0,27,9.09,14,0,0.543,70.8,SMS,0,151,0,0,0.28
60,Male,South,77113.94,17,75.12,9,4,0.546,41.3,Social Media,0,67,1,1,0.99
32,Male,North,88390.2,50,80.46,8,1,0.587,55.5,Social Media,1,144,1,1,0.995
22,Other,East,55370.82,13,104.65,7,0,0.177,23.5,Ads,0,108,1,1,0.99
47,Male,South,64602.67,41,115.83,8,2,0.557,94.6,Ads,1,89,1,1,1.0
58,Male,North,80383.05,85,19.85,12,0,0.597,71.7,Social Media,0,130,0,0,0.14
43,Female,North,55967.34,115,24.43,7,1,0.238,48.7,Email,0,34,0,0,0.09
18,Female,South,67125.2,118,80.98,8,0,0.099,74.7,Social Media,0,116,1,1,0.97
65,Male,East,52132.88,119,74.85,4,2,0.479,27.4,Social Media,0,102,1,1,0.955
27,Female,South,36925.3,101,97.66,4,0,0.116,78.3,Email,0,68,1,1,0.98
60,Female,South,48996.56,1,129.24,11,2,0.366,44.4,Social Media,1,40,1,1,0.995
35,Male,South,53389.78,86,48.15,10,1,0.454,59.8,Social Media,0,66,0,1,0.65
22,Male,West,47513.31,9,25.23,3,0,0.111,89.8,SMS,1,123,1,1,0.66
47,Male,North,90969.85,68,43.97,8,3,0.088,40.6,Ads,0,97,1,1,0.84
22,Male,West,48836.0,108,55.87,10,2,0.394,75.9,SMS,0,27,0,0,0.49
61,Female,North,37752.81,49,83.02,2,4,0.186,46.2,Email,1,110,1,1,0.995
54,Female,West,52317.22,37,101.43,2,0,0.262,56.8,Social Media,0,61,1,1,0.985
26,Female,North,52601.6,32,166.47,7,1,0.051,31.3,SMS,0,108,1,1,0.98
73,Male,North,52250.01,100,67.34,8,1,0.283,46.0,Email,0,22,0,1,0.89
29,Male,East,50927.17,108,100.83,10,0,0.136,22.9,Social Media,0,164,1,1,1.0
68,Male,North,37057.1,28,104.46,12,3,0.075,31.7,SMS,0,167,1,1,1.0
27,Female,East,41079.88,111,107.18,5,3,0.261,51.0,Social Media,0,136,1,1,0.985
33,Male,South,68221.04,84,137.33,7,1,0.202,54.4,SMS,1,68,1,1,0.995
50,Female,West,66786.58,82,27.51,11,2,0.147,76.6,Ads,0,20,0,0,0.08
74,Female,West,52319.83,96,80.9,8,0,0.288,69.9,Ads,0,106,1,1,0.995
52,Male,East,33373.08,96,84.06,3,3,0.276,74.2,Ads,0,38,1,1,0.95
70,Female,South,64864.52,106,75.19,12,2,0.189,61.9,Email,1,62,1,1,0.98
22,Male,West,73478.58,57,92.39,10,1,0.244,77.9,Social Media,1,61,1,1,0.99
51,Female,West,68961.52,103,16.34,7,0,0.261,52.8,Ads,0,43,0,0,0.055
57,Female,East,60276.53,110,99.26,10,1,0.462,53.1,Ads,1,147,1,1,0.99
55,Male,North,56711.19,41,80.19,8,4,0.425,76.9,SMS,0,96,1,1,0.99
53,Female,North,33204.77,33,62.94,13,6,0.114,64.4,Social Media,0,21,1,1,0.85
65,Female,East,69814.64,28,63.96,11,2,0.472,37.1,Social Media,0,23,1,1,0.89
73,Female,East,38119.41,3,67.14,1,3,0.322,100.0,Ads,1,177,1,1,0.95
55,Female,West,61510.55,91,56.82,7,0,0.057,56.5,Social Media,1,145,1,1,0.985
62,Female,South,61780.59,51,76.19,12,1,0.17,76.8,Ads,0,137,1,1,0.995
36,Other,South,49306.04,99,88.22,9,1,0.128,82.2,Email,0,3,1,1,0.935
18,Male,East,73294.16,119,64.01,6,1,0.433,41.8,Social Media,1,115,1,1,0.905
56,Female,East,70545.6,91,85.51,12,0,0.341,48.2,SMS,0,5,1,1,0.95
29,Female,West,52347.02,106,76.27,10,1,0.536,43.2,Social Media,0,46,1,1,0.955
40,Other,West,73888.84,102,44.44,8,0,0.193,48.2,Social Media,1,111,1,1,0.785
53,Female,South,81754.03,103,54.69,13,0,0.235,62.4,Ads,0,173,1,1,0.95
65,Female,North,61812.01,34,106.76,7,1,0.3,29.8,SMS,1,141,1,1,1.0
51,Male,West,74231.1,75,36.58,8,0,0.286,56.4,SMS,0,133,1,1,0.705
28,Male,East,58840.9,103,32.85,11,2,0.506,64.5,Ads,0,176,1,1,0.635
46,Female,East,19167.61,46,103.51,8,1,0.366,64.4,Social Media,0,38,1,1,0.985
53,Male,North,58696.94,52,90.05,10,1,0.49,21.7,Email,1,71,1,1,0.985
61,Female,North,58592.39,69,115.43,7,1,0.247,45.6,Social Media,0,84,1,1,0.985
54,Female,North,103439.14,41,80.13,3,1,0.341,60.8,Social Media,0,74,1,1,0.995
67,Male,South,55695.91,75,94.47,5,4,0.42,47.4,Ads,0,65,1,1,0.98
49,Male,East,55740.44,45,47.41,17,0,0.25,39.5,Email,0,48,1,1,0.66
72,Female,North,89821.06,117,83.5,10,4,0.564,91.1,Email,0,173,1,1,0.98
34,Female,North,20664.32,35,38.66,6,1,0.573,47.7,Ads,1,102,0,1,0.775
42,Male,East,95931.61,88,104.86,9,1,0.772,39.8,Ads,1,19,1,1,0.92
63,Female,East,66316.29,84,52.86,9,2,0.158,63.1,Ads,0,61,1,1,0.795
42,Female,East,67275.94,96,85.63,11,0,0.137,90.3,Social Media,1,73,1,1,0.995
72,Female,East,76498.82,91,68.8,9,3,0.435,89.0,Social Media,0,125,0,1,0.98
46,Female,East,58225.31,90,19.83,8,0,0.094,96.6,Email,0,176,0,1,0.53
40,Male,East,78017.39,29,57.36,6,3,0.237,61.0,Ads,0,30,1,1,0.9
26,Female,South,67497.81,112,59.78,5,4,0.671,32.4,Social Media,1,158,1,1,0.925
20,Male,North,52436.85,68,91.52,5,2,0.085,80.7,SMS,1,128,1,1,0.985
38,Male,East,66148.06,62,85.13,10,4,0.167,59.5,Social Media,1,127,1,1,1.0
38,Male,South,57663.6,81,55.97,12,1,0.158,65.8,SMS,0,157,1,1,0.965
55,Female,West,28748.47,103,52.77,6,0,0.122,79.7,Ads,0,22,0,1,0.565
50,Male,South,98582.85,63,107.74,9,0,0.237,79.8,Email,0,133,1,1,0.98
57,Female,West,74595.18,4,90.62,8,2,0.318,36.0,Ads,0,122,1,1,0.995
38,Male,South,49280.79,64,65.72,9,2,0.033,54.6,Email,0,16,1,1,0.905
54,Female,East,67511.83,29,75.78,8,2,0.286,60.5,Email,1,159,1,1,0.99
26,Female,South,60946.4,5,61.17,9,1,0.091,84.5,Social Media,0,115,1,1,0.96
42,Male,South,74753.82,6,72.4,12,2,0.473,39.0,SMS,0,90,1,1,0.99
61,Female,North,18931.23,45,93.06,11,4,0.054,34.1,Social Media,0,83,1,1,0.99
62,Male,South,46829.51,69,63.04,8,2,0.271,48.3,Ads,1,75,1,1,0.97
29,Male,North,60601.53,84,39.57,7,1,0.11,66.1,SMS,0,152,1,1,0.905
30,Male,South,43015.31,1,94.37,8,3,0.326,83.7,Ads,0,153,1,1,0.995
35,Female,South,34821.86,109,39.05,12,0,0.322,30.5,SMS,0,12,0,0,0.28
39,Male,West,70611.66,13,128.45,8,0,0.334,47.9,Social Media,1,4,1,1,0.99
32,Female,South,33403.16,105,5.0,14,1,0.197,45.9,Social Media,0,66,0,0,0.12
29,Male,North,61162.64,50,55.81,6,0,0.122,41.7,Email,1,126,1,1,0.98
41,Male,South,57575.19,69,89.07,9,1,0.209,81.4,SMS,1,139,1,1,0.99
53,Female,North,44207.43,70,74.66,12,2,0.411,84.4,SMS,0,65,1,1,0.93
73,Male,West,65237.34,14,75.82,6,1,0.716,60.9,Social Media,1,30,1,1,0.95
63,Female,East,45497.31,1,95.74,10,1,0.359,78.3,Email,0,99,1,1,0.99
70,Female,East,83522.4,114,50.37,5,2,0.329,75.8,SMS,0,116,1,1,0.825
26,Female,South,56566.68,42,90.79,7,2,0.204,85.7,Social Media,0,95,1,1,0.975
31,Male,South,17988.79,53,9.5,10,1,0.356,54.5,SMS,1,74,0,0,0.24
35,Male,North,40232.47,20,41.95,9,1,0.409,71.7,Email,0,53,0,0,0.415
25,Male,South,72123.78,32,92.59,7,3,0.129,58.3,Ads,0,143,1,1,0.995
37,Male,West,62615.73,44,125.77,10,1,0.175,52.1,Social Media,1,75,1,1,1.0
37,Male,South,50538.6,35,43.98,8,2,0.542,44.6,Email,1,127,0,1,0.87
26,Female,West,53482.14,68,35.11,7,1,0.05,67.5,Social Media,1,60,1,0,0.345
55,Male,South,62422.61,55,65.93,12,2,0.279,73.4,SMS,1,127,1,1,1.0
49,Female,East,83782.4,76,101.7,9,4,0.094,70.0,Email,0,130,1,1,0.98
37,Female,West,66280.77,80,100.19,13,2,0.451,100.0,SMS,0,119,1,1,0.965
35,Female,West,61041.89,46,135.79,11,2,0.299,32.8,Ads,0,86,1,1,0.995
56,Male,North,61157.84,56,81.07,12,0,0.121,61.2,SMS,0,146,1,1,0.995
54,Male,East,53304.09,72,22.64,17,4,0.567,76.5,Social Media,0,113,0,0,0.24
48,Female,West,54982.85,15,129.73,6,1,0.567,44.4,Social Media,1,6,1,1,0.97
68,Male,East,49365.06,78,120.79,9,2,0.328,71.9,SMS,0,21,1,1,0.98
67,Male,East,72060.77,69,105.59,8,1,0.242,99.0,Ads,0,43,1,1,0.97
62,Female,North,59969.45,69,5.0,6,1,0.132,68.2,Ads,0,71,0,0,0.08
62,Male,North,82979.93,28,103.12,9,2,0.29,50.2,Email,1,115,1,1,1.0
24,Male,East,74351.89,21,117.63,9,2,0.409,54.4,SMS,1,36,1,1,0.985
39,Female,South,51208.07,56,69.4,7,1,0.163,43.0,Social Media,0,41,1,1,0.985
29,Female,East,25201.53,89,121.4,7,0,0.329,40.0,SMS,1,137,1,1,0.99
71,Female,East,64000.52,7,88.38,5,2,0.379,37.2,SMS,1,156,1,1,1.0
31,Male,West,58722.12,58,84.82,12,2,0.226,58.9,Ads,0,47,1,1,0.975
71,Female,North,66405.15,80,109.69,9,2,0.414,67.5,Ads,1,25,1,1,0.935
70,Male,South,59769.76,32,108.56,4,2,0.582,63.5,SMS,0,6,1,1,0.925
40,Male,South,61794.27,2,123.9,13,1,0.264,41.1,SMS,1,134,1,1,0.99
63,Male,West,90254.87,94,29.46,8,0,0.314,17.8,Social Media,0,60,0,0,0.19
42,Female,East,52285.78,7,134.96,10,1,0.439,56.9,Social Media,0,144,1,1,1.0
28,Male,East,91513.11,2,117.05,11,0,0.143,30.2,Ads,0,49,1,1,0.98
48,Female,South,41538.51,83,9.88,6,1,0.116,64.2,Ads,0,66,0,0,0.105
70,Male,East,72283.31,25,140.47,7,2,0.189,73.5,Ads,0,38,1,1,0.99
54,Male,East,72812.22,17,88.87,6,4,0.197,81.8,Email,0,150,1,1,0.995
71,Male,West,80524.1,8,92.55,13,1,0.516,89.3,Social Media,1,109,1,1,0.985
56,Male,East,63768.49,70,14.59,8,0,0.149,48.5,Ads,1,104,0,0,0.275
48,Female,West,94148.62,9,49.36,9,1,0.455,55.6,SMS,0,55,0,1,0.765
43,Female,South,52167.64,105,114.48,11,2,0.639,60.6,SMS,1,99,1,1,0.97
35,Female,East,69008.71,14,52.02,9,1,0.281,65.4,Ads,1,31,1,1,0.765
67,Female,South,60385.08,55,39.22,13,2,0.162,50.0,Ads,1,58,0,1,0.58
57,Male,North,44540.45,107,57.01,10,1,0.201,43.1,Ads,0,53,1,1,0.885
27,Female,North,45072.4,103,42.51,4,6,0.319,43.6,Social Media,0,39,0,0,0.385
60,Other,East,74780.33,14,93.89,7,1,0.457,87.1,SMS,1,24,1,1,0.97
61,Male,West,87566.19,78,62.68,16,1,0.278,94.0,Ads,0,34,0,1,0.61
43,Female,South,79936.87,83,60.61,6,1,0.427,60.8,Ads,1,133,1,1,0.98
55,Male,East,40877.4,60,101.59,6,1,0.127,63.9,SMS,0,92,1,1,0.985
57,Male,East,57872.57,58,95.65,9,2,0.35,37.7,Email,0,45,1,1,0.995
33,Male,South,115086.51,8,132.61,7,0,0.121,21.0,Ads,0,165,1,1,0.98
61,Female,North,79224.15,44,92.22,3,0,0.064,76.1,Ads,0,137,1,1,0.995
48,Female,East,50750.2,81,108.08,13,1,0.464,62.3,SMS,0,82,1,1,0.99
46,Female,West,41097.6,105,54.72,8,1,0.105,38.8,SMS,0,146,1,1,0.99
58,Male,South,84619.07,20,65.12,14,0,0.285,84.9,Email,0,15,1,1,0.82
47,Male,West,81847.12,40,130.78,10,1,0.149,85.9,SMS,1,57,1,1,0.995
22,Male,South,53198.66,29,120.77,9,1,0.262,38.8,Social Media,0,101,1,1,1.0
42,Female,East,66365.15,95,41.55,3,1,0.417,84.2,Email,1,149,1,1,0.705
42,Female,East,56892.36,114,137.18,9,3,0.238,70.4,Email,0,85,1,1,0.985
53,Female,West,65325.84,13,105.81,7,0,0.422,71.7,Social Media,0,84,1,1,0.995
48,Male,West,60351.6,71,67.25,7,3,0.225,64.3,Ads,0,130,1,1,0.99
45,Male,North,82165.75,26,79.47,10,1,0.264,32.0,SMS,0,152,1,1,1.0
48,Male,South,80259.4,62,58.93,6,0,0.138,57.5,Ads,1,36,1,1,0.925
21,Female,East,28418.19,70,47.22,8,1,0.446,45.7,Social Media,1,159,1,1,0.935
32,Female,North,56414.26,80,128.97,6,2,0.245,62.9,SMS,0,2,1,1,0.975
21,Male,East,86811.97,74,127.57,10,2,0.252,44.5,Email,0,148,1,1,1.0
44,Female,East,57371.01,36,77.87,10,2,0.232,77.2,Email,1,88,1,1,0.985
25,Male,East,46792.13,27,125.93,9,1,0.36,54.7,Social Media,1,58,1,1,1.0
43,Female,East,88073.78,49,141.04,12,4,0.037,60.7,Email,0,68,1,1,0.98
64,Male,North,35578.14,28,68.89,8,2,0.133,36.0,Email,0,2,1,1,0.94
71,Female,South,58089.52,9,24.11,7,3,0.147,87.9,Email,1,154,1,1,0.76
37,Male,West,26964.49,98,70.17,13,1,0.368,68.0,Ads,1,3,1,1,0.685
57,Female,North,79914.88,64,82.65,11,2,0.299,72.4,Ads,0,26,1,1,0.965
19,Female,South,71925.26,105,128.0,6,3,0.266,76.6,Social Media,1,89,1,1,0.99
64,Female,West,43716.51,22,66.26,4,1,0.131,43.9,Email,0,147,1,1,0.99
63,Male,South,67375.0,7,76.47,10,0,0.267,55.4,Social Media,0,8,1,1,0.955
36,Other,West,31862.21,32,77.63,9,2,0.422,47.9,SMS,1,131,1,1,0.985
30,Female,North,79847.54,37,170.16,12,1,0.145,69.7,Ads,0,11,1,1,0.98
48,Male,East,69859.77,11,74.38,11,1,0.301,71.8,SMS,0,11,1,1,0.975
30,Female,South,55125.26,90,54.99,12,4,0.103,66.0,SMS,0,76,1,1,0.855
50,Female,North,30940.91,68,128.15,8,1,0.429,76.1,Email,0,71,1,1,0.985
74,Male,North,47889.56,42,101.21,11,1,0.201,52.8,Ads,1,31,1,1,0.97
70,Male,East,44209.42,75,61.86,8,2,0.548,75.7,Social Media,0,76,0,1,0.94
55,Female,West,58220.7,107,92.9,5,2,0.268,68.4,Social Media,0,126,1,1,0.985
22,Female,North,80169.47,20,81.28,12,1,0.238,9.9,SMS,0,158,1,1,0.995
34,Male,East,64352.93,41,30.93,7,1,0.175,33.8,Social Media,0,143,1,1,0.83
43,Female,North,56904.33,42,44.31,5,2,0.357,44.6,Social Media,0,164,1,1,0.955
71,Female,South,26383.67,28,105.57,11,0,0.14,40.9,Social Media,0,87,1,1,0.985
60,Male,West,53176.0,101,110.24,5,3,0.684,74.3,Ads,1,46,1,1,0.92
30,Male,North,49445.28,25,52.33,6,0,0.332,76.9,Social Media,1,17,1,1,0.78
19,Male,West,38821.72,56,105.01,8,4,0.167,49.9,Email,0,120,1,1,0.995
64,Female,West,32493.39,29,35.93,5,2,0.235,44.2,Email,0,137,1,1,0.94
48,Female,East,103956.19,54,66.66,7,4,0.048,41.3,Social Media,1,131,1,1,0.985
22,Male,West,62716.52,92,51.93,8,5,0.166,69.6,SMS,0,110,0,1,0.89
55,Male,East,58651.68,99,112.96,11,1,0.196,61.6,Email,0,35,1,1,0.985
45,Male,South,71930.78,109,70.98,6,2,0.315,78.1,Social Media,0,13,1,1,0.775
56,Female,South,82012.45,88,28.93,11,2,0.469,100.0,Email,1,100,0,0,0.23
44,Male,North,61859.01,24,87.87,4,1,0.139,100.0,SMS,0,15,1,1,0.975
19,Male,West,27601.28,2,87.23,5,1,0.321,41.0,Email,0,123,1,1,0.995
63,Female,South,54690.2,13,119.55,5,0,0.271,76.4,Social Media,0,159,1,1,1.0
37,Female,North,91381.28,33,94.51,13,1,0.545,22.4,SMS,0,93,1,1,0.97
57,Female,East,39127.22,112,58.62,11,0,0.33,46.7,Ads,1,148,1,1,0.95
73,Female,North,18353.9,63,76.2,10,3,0.357,53.7,Email,0,121,1,1,0.98
30,Female,West,44638.59,94,46.81,5,2,0.545,67.1,SMS,0,154,1,1,0.82
30,Male,South,88093.76,41,49.24,4,1,0.351,100.0,Ads,0,52,0,1,0.63
26,Female,North,56530.83,65,46.96,8,3,0.098,41.7,SMS,0,19,1,1,0.595
74,Female,North,38723.69,91,45.5,9,0,0.261,67.1,Ads,0,35,0,0,0.385
42,Female,South,78953.42,102,100.91,14,0,0.126,49.5,Email,0,59,1,1,0.97
23,Other,South,53649.14,29,78.05,7,0,0.179,73.7,Social Media,1,38,1,1,0.99
57,Female,East,70484.69,31,132.44,4,2,0.318,87.3,Ads,1,84,1,1,0.985
25,Female,East,50851.9,94,11.08,4,2,0.213,74.0,Social Media,0,40,0,0,0.125
66,Male,East,101942.23,111,5.0,8,2,0.137,67.7,Ads,1,26,0,0,0.12
44,Male,West,75473.31,78,47.28,8,1,0.27,36.0,SMS,0,34,1,0,0.44
50,Male,West,88134.76,86,96.75,10,1,0.361,81.8,Ads,0,144,1,1,0.99
35,Female,East,45765.42,48,55.45,6,2,0.232,57.3,Email,0,124,1,1,0.97
68,Female,East,49634.88,56,99.54,6,2,0.17,48.4,Social Media,1,67,1,1,1.0
66,Female,South,53109.94,17,21.86,8,2,0.359,69.6,Social Media,0,155,1,1,0.715
65,Female,South,56686.58,94,77.91,6,5,0.371,78.7,Ads,0,62,1,1,0.96
69,Female,East,51523.97,6,79.04,8,1,0.363,66.4,Social Media,0,97,1,1,1.0
32,Female,East,58545.15,26,99.06,5,1,0.42,58.3,Email,1,85,1,1,1.0
37,Male,East,59202.45,22,89.35,6,1,0.404,87.4,SMS,0,112,1,1,0.98
53,Male,South,51167.22,110,94.49,12,2,0.047,28.7,Ads,1,39,1,1,0.975
43,Male,South,61638.06,19,107.24,5,1,0.548,69.2,Email,0,166,1,1,1.0
29,Female,West,30245.74,66,113.82,8,3,0.385,61.7,Email,0,81,1,1,0.965
68,Female,South,60741.19,40,13.47,8,1,0.484,75.7,Social Media,1,42,0,0,0.085
27,Female,South,72370.97,25,112.59,8,3,0.61,68.8,Email,0,34,1,1,0.97
25,Female,West,41673.81,90,80.88,9,3,0.227,68.0,Email,1,9,1,1,0.965
28,Male,North,69395.69,56,91.48,5,1,0.314,62.5,Social Media,0,151,1,1,1.0
57,Female,South,55622.62,105,40.98,9,0,0.022,64.4,SMS,0,66,1,0,0.465
28,Male,North,34061.75,20,70.87,11,1,0.475,26.1,SMS,0,178,1,1,0.99
54,Female,East,59377.04,111,107.3,10,4,0.223,73.5,SMS,0,175,1,1,1.0
30,Male,West,78262.76,15,90.34,6,2,0.162,55.7,Social Media,0,82,1,1,1.0
30,Male,West,23986.95,68,76.72,5,1,0.211,66.5,Email,1,70,1,1,0.98
64,Female,North,63265.56,84,27.89,7,1,0.244,50.3,Social Media,0,162,0,1,0.765
38,Female,North,61037.31,39,55.1,7,0,0.173,40.5,Social Media,1,99,1,1,0.98
42,Male,East,71160.53,72,165.3,12,1,0.114,100.0,Social Media,0,119,1,1,1.0
60,Female,North,43104.89,11,101.48,2,1,0.12,52.3,Social Media,0,92,1,1,0.98
29,Female,West,84999.6,14,83.91,9,2,0.262,61.0,Email,0,126,1,1,0.995
24,Female,West,43037.14,75,77.76,7,0,0.216,47.1,Social Media,0,116,1,1,0.995
60,Male,West,22010.06,73,43.08,13,1,0.028,17.1,SMS,0,158,1,1,0.895
69,Female,North,52970.76,72,103.43,8,2,0.411,32.7,Ads,0,163,1,1,0.995
58,Female,South,36875.09,43,37.37,11,1,0.273,51.4,Email,0,145,1,1,0.85
51,Female,North,33785.9,34,101.89,4,1,0.059,70.5,SMS,0,94,1,1,0.99
55,Female,South,15000.0,99,101.85,7,1,0.115,69.4,Social Media,1,38,1,1,0.945
25,Male,East,51224.75,37,128.57,9,3,0.045,56.0,SMS,1,82,1,1,0.995
20,Male,East,17904.61,20,26.24,7,2,0.228,94.7,SMS,0,143,1,1,0.59
62,Male,West,19289.96,87,56.11,6,3,0.555,59.9,SMS,0,117,1,1,0.87
57,Female,South,26046.28,64,28.57,8,3,0.19,85.3,Social Media,1,115,0,1,0.51
29,Male,West,56426.15,43,103.09,5,4,0.195,81.3,Ads,0,37,1,1,0.99
26,Female,South,84767.87,16,108.95,10,1,0.098,62.4,Social Media,0,152,1,1,0.995
58,Male,West,69849.57,22,78.79,11,1,0.209,72.0,SMS,1,49,1,1,1.0
72,Female,West,25098.66,119,127.12,10,0,0.515,61.8,Ads,0,113,1,1,0.96
60,Female,North,37730.49,64,92.52,8,0,0.585,65.3,Email,1,61,1,1,0.98
25,Male,East,67195.09,25,74.81,10,0,0.098,79.5,Ads,0,120,1,1,0.995
38,Female,North,65492.96,68,69.45,4,1,0.156,36.0,Ads,0,35,1,1,0.99
45,Male,West,79919.64,64,79.33,8,1,0.557,49.9,Email,0,82,1,1,0.98
60,Female,East,15000.0,29,70.53,7,1,0.316,90.9,Social Media,0,122,1,1,0.98
72,Female,South,38341.93,24,111.86,10,3,0.226,64.0,Social Media,0,80,1,1,0.99
56,Male,West,65416.81,9,66.7,14,1,0.144,87.9,SMS,0,154,1,1,0.97
56,Female,East,82162.46,64,70.41,4,2,0.324,65.3,SMS,1,27,1,1,0.925
56,Female,South,46424.52,49,86.14,2,4,0.298,44.8,Ads,0,142,1,1,0.985
67,Male,North,65691.64,89,68.16,9,3,0.459,57.3,Social Media,1,140,1,1,0.98
42,Male,East,74453.0,101,82.12,6,0,0.42,47.9,Ads,0,150,1,1,1.0
27,Female,North,70360.9,12,98.3,5,1,0.189,34.1,Email,0,160,1,1,1.0
48,Male,North,51074.35,95,121.36,5,3,0.127,56.0,Email,0,30,1,1,0.985
59,Female,West,48099.07,96,96.44,7,2,0.511,2.9,Email,0,46,1,1,0.955
30,Male,East,45515.35,38,82.47,12,0,0.485,49.4,Email,0,43,1,1,0.98
37,Female,West,35744.02,25,53.58,6,0,0.527,42.2,Ads,0,139,1,1,0.97
60,Female,North,25878.49,5,64.01,12,3,0.401,100.0,Ads,1,62,1,1,0.885
36,Female,West,76123.28,56,92.96,12,5,0.374,40.4,Email,1,105,1,1,0.985
47,Female,North,77010.9,83,27.72,9,1,0.317,31.4,Social Media,0,36,0,0,0.13
73,Male,West,57177.35,35,5.0,8,2,0.514,23.4,Social Media,1,157,0,0,0.38
38,Female,South,83412.25,50,70.48,5,2,0.125,67.2,SMS,0,175,1,1,1.0
25,Male,West,55399.08,51,97.14,9,1,0.427,100.0,Email,0,138,1,1,0.995
28,Male,South,40028.07,116,46.13,4,1,0.185,100.0,Social Media,1,25,0,0,0.26
67,Male,North,50607.93,112,123.63,6,1,0.223,42.5,SMS,0,106,1,1,0.99
49,Male,East,36634.07,12,69.34,6,2,0.371,100.0,Social Media,0,59,1,1,0.95
40,Male,North,89623.65,91,147.66,2,2,0.551,77.8,Email,0,27,1,1,0.975
36,Male,North,83818.12,46,124.16,10,4,0.239,58.7,Email,1,94,1,1,0.975
45,Female,South,89297.35,74,133.73,11,2,0.455,91.1,Email,1,84,1,1,0.975
59,Male,North,73213.32,64,105.16,7,2,0.208,36.2,Email,0,10,1,1,0.96
44,Female,East,40209.05,4,85.43,10,1,0.351,42.5,Social Media,1,122,1,1,0.99
62,Male,East,47079.48,72,47.24,13,1,0.493,68.2,Email,0,90,0,1,0.655
74,Male,East,54733.35,27,78.17,10,1,0.131,59.5,Email,0,97,1,1,1.0
45,Male,West,78711.61,115,91.74,13,2,0.061,58.2,Ads,0,20,1,1,0.955
33,Male,South,100078.18,60,112.73,13,2,0.331,64.8,Social Media,1,46,1,1,0.96
18,Female,South,52559.95,107,127.18,10,0,0.608,59.1,Ads,1,112,1,1,0.955
56,Male,West,37053.71,89,52.93,7,3,0.525,86.2,Email,0,141,1,1,0.825
69,Male,West,52653.28,28,59.06,10,2,0.248,40.8,SMS,0,69,1,1,0.97
21,Female,South,67806.48,33,103.52,11,1,0.162,70.8,Ads,1,6,1,1,0.985
28,Female,East,55682.9,63,59.46,6,3,0.088,32.0,SMS,0,29,1,1,0.855
69,Female,East,40555.39,63,79.41,9,1,0.465,100.0,Ads,1,108,1,1,0.98
69,Male,South,32253.96,69,80.69,8,2,0.081,55.1,SMS,0,172,1,1,0.955
40,Male,West,64171.82,67,70.92,12,3,0.171,50.0,Social Media,0,124,1,1,0.98
30,Other,East,64142.75,31,144.58,5,1,0.182,86.1,SMS,0,2,1,1,0.97
56,Male,East,64253.28,101,82.3,12,2,0.453,65.1,SMS,1,170,1,1,0.985
63,Female,East,62897.18,67,56.18,14,3,0.26,43.3,Email,0,6,1,1,0.675
56,Female,East,77025.35,77,62.65,6,1,0.274,58.2,SMS,0,151,1,1,0.985
69,Male,East,76515.78,78,146.4,6,2,0.135,73.3,Email,1,173,1,1,0.985
65,Female,North,75228.29,90,138.89,5,2,0.274,63.5,Email,0,20,1,1,0.935
71,Male,South,58809.64,24,119.95,8,0,0.068,52.0,SMS,0,121,1,1,0.99
37,Female,North,72049.18,35,96.91,7,0,0.495,72.3,Ads,1,162,1,1,0.995
19,Male,South,74148.32,79,94.61,10,1,0.13,42.1,Ads,1,37,1,1,0.97
64,Female,East,70552.19,78,48.83,7,3,0.15,65.5,SMS,1,120,1,1,0.93
19,Other,West,47917.53,83,92.42,1,4,0.323,79.9,Email,1,18,1,1,0.885
27,Female,West,72835.62,59,56.44,6,0,0.464,58.4,SMS,0,109,1,1,0.985
74,Male,West,89101.69,65,62.24,4,1,0.242,25.1,Social Media,0,20,1,1,0.845
65,Female,North,15000.0,43,105.66,5,4,0.266,78.4,Email,1,133,1,1,1.0
67,Male,North,47453.1,90,80.65,11,1,0.423,22.1,SMS,1,94,1,1,0.98
69,Male,South,58187.44,22,22.82,8,1,0.173,12.2,Email,0,7,0,0,0.28
50,Female,East,77400.26,68,13.46,8,2,0.173,82.4,SMS,0,102,0,0,0.12
64,Female,North,52074.66,43,157.05,7,1,0.292,84.8,SMS,0,89,1,1,0.995
43,Female,North,40862.53,105,84.73,9,4,0.348,49.3,Ads,0,173,1,1,0.985
55,Male,East,66505.26,16,41.25,7,1,0.389,80.0,SMS,0,143,1,1,0.9
52,Female,North,47406.51,112,45.19,9,1,0.744,55.9,Social Media,0,114,0,1,0.625
46,Female,East,90870.48,116,120.03,7,2,0.05,60.8,Ads,1,111,1,1,0.985
45,Female,South,58329.07,100,81.46,9,5,0.293,51.9,Social Media,1,166,1,1,0.995
24,Other,West,28150.7,59,69.23,10,0,0.264,54.6,Ads,0,46,1,1,0.94
46,Male,South,37812.87,1,44.85,5,0,0.422,56.5,Ads,0,144,1,1,0.92
18,Male,West,68697.09,39,92.6,5,2,0.446,71.1,Social Media,0,95,1,1,0.975
60,Male,West,77172.08,7,122.1,4,2,0.125,88.5,SMS,0,93,1,1,0.99
23,Female,East,37733.83,65,127.18,14,1,0.299,68.2,Email,1,148,1,1,0.98
71,Other,East,60314.82,23,110.17,7,1,0.252,67.7,Social Media,0,75,1,1,0.98
62,Female,West,76375.22,96,98.64,10,3,0.054,13.7,Social Media,0,154,1,1,0.99
21,Female,South,58552.79,100,54.77,6,1,0.14,52.2,Email,0,47,1,1,0.735
31,Male,West,29467.27,17,59.01,8,1,0.127,50.4,Social Media,0,2,1,1,0.835
57,Female,North,68683.9,71,79.68,6,2,0.87,76.3,Email,0,47,0,1,0.915
68,Male,West,57125.69,84,96.68,3,0,0.373,66.7,SMS,1,77,1,1,0.995
21,Female,North,108403.61,87,48.11,7,0,0.446,65.9,Social Media,1,68,0,1,0.62
44,Other,North,55367.22,49,59.99,7,0,0.631,63.4,Social Media,0,71,1,1,0.945
23,Female,East,48932.44,85,44.47,7,0,0.423,81.1,Email,0,97,1,1,0.67
43,Female,South,53351.31,38,68.59,8,2,0.434,54.8,Email,0,147,1,1,0.99
47,Male,North,71210.23,79,122.69,6,1,0.483,70.5,SMS,0,43,1,1,0.955
35,Female,East,76790.45,11,73.66,9,0,0.167,69.8,Social Media,0,139,1,1,0.995
36,Male,East,60451.77,61,77.74,15,2,0.169,43.4,Email,1,28,1,1,0.96
60,Male,South,73787.68,16,98.49,9,0,0.574,69.2,Ads,1,151,1,1,0.995
59,Female,North,81782.12,25,58.8,6,1,0.206,98.3,Ads,0,161,1,1,0.975
26,Female,East,24325.92,73,125.65,9,2,0.438,55.7,SMS,0,29,1,1,0.97
40,Male,North,67422.68,36,79.83,5,4,0.172,37.8,Email,0,86,1,1,1.0
20,Male,West,69485.81,87,30.79,6,0,0.114,51.6,Ads,0,32,0,0,0.175
73,Male,West,38244.89,98,92.48,5,0,0.493,85.7,Social Media,0,138,1,1,0.99
50,Male,North,74821.6,32,32.91,13,3,0.293,59.5,SMS,0,29,0,0,0.21
59,Female,East,52482.0,50,111.89,9,1,0.55,74.7,Social Media,0,94,1,1,0.99
28,Male,West,75105.15,82,79.95,8,1,0.316,27.1,Ads,1,7,1,1,0.915
69,Male,North,65138.38,22,58.82,9,1,0.208,17.7,Social Media,0,143,1,1,0.995
57,Male,West,52337.48,115,52.66,10,1,0.363,53.4,SMS,0,47,1,1,0.59
63,Female,South,57748.87,2,50.42,9,1,0.409,33.2,SMS,1,49,1,1,0.87
72,Female,South,78948.01,82,163.56,10,1,0.297,44.4,SMS,0,98,1,1,1.0
69,Female,East,64282.83,90,70.12,8,1,0.362,30.7,Ads,0,34,1,1,0.93
69,Male,West,45316.28,32,103.35,17,1,0.211,85.1,Ads,1,127,1,1,0.985
42,Male,East,58443.31,107,77.18,7,0,0.141,47.5,Email,0,54,1,1,0.975
63,Male,North,62140.56,57,89.68,10,1,0.705,57.6,Email,0,142,1,1,0.985
28,Female,East,60200.54,40,79.1,11,2,0.242,55.1,Email,0,111,1,1,1.0
38,Male,North,58081.86,13,71.76,7,1,0.496,68.3,Social Media,0,65,1,1,0.99
24,Female,North,37192.84,20,74.73,4,0,0.152,34.4,Email,0,106,1,1,0.99
59,Female,West,55503.91,39,76.06,3,2,0.175,51.3,Ads,0,29,1,1,0.97
50,Female,West,54999.15,88,82.1,12,2,0.377,27.7,Email,0,100,1,1,0.985
50,Female,South,66531.57,83,43.67,5,2,0.124,93.4,Email,0,171,1,1,0.875
73,Male,West,46496.74,59,103.43,6,2,0.092,27.6,Ads,0,164,1,1,1.0
21,Male,West,62634.03,87,40.86,9,1,0.182,66.2,Ads,0,173,0,1,0.85
41,Male,West,68801.04,30,30.97,12,3,0.165,45.2,SMS,1,83,1,1,0.56
66,Male,East,62243.22,87,95.08,10,0,0.29,96.9,Email,0,7,1,1,0.935
38,Male,East,67710.85,66,41.21,9,3,0.428,50.8,Ads,0,62,1,0,0.415
71,Male,North,79999.9,110,123.72,8,0,0.056,50.6,Ads,0,19,1,1,0.925
71,Male,South,103277.86,55,59.81,5,1,0.206,61.4,Social Media,0,173,1,1,0.97
70,Female,North,62516.24,78,137.57,8,1,0.181,48.9,Ads,0,28,1,1,0.985
44,Female,East,73299.98,35,135.17,9,2,0.359,62.1,Ads,1,49,1,1,0.98
40,Female,North,84540.37,17,118.22,9,2,0.438,41.3,Ads,1,82,1,1,0.99
59,Male,South,69295.18,111,75.83,7,4,0.105,44.7,Social Media,0,166,1,1,0.99
64,Male,East,76216.22,89,47.76,10,1,0.117,72.5,Social Media,1,157,1,1,0.91
67,Female,East,47822.72,93,49.51,8,1,0.586,88.1,Social Media,0,165,1,1,0.82
20,Male,West,41268.21,17,108.52,9,0,0.524,89.9,Social Media,0,148,1,1,0.98
39,Other,East,69139.69,47,69.1,5,0,0.65,59.5,Social Media,0,89,1,1,0.97
49,Female,East,37519.47,26,35.39,5,2,0.602,85.4,SMS,0,85,1,1,0.52
29,Female,South,58027.45,3,51.14,6,3,0.248,46.7,Ads,0,106,1,1,0.965
19,Female,North,79697.58,21,26.19,7,1,0.39,79.9,Social Media,0,41,0,0,0.195
39,Male,East,67493.72,108,67.58,12,4,0.515,64.7,Social Media,0,40,1,1,0.725
39,Female,South,67215.16,37,68.74,13,0,0.241,78.1,Email,0,146,1,1,0.995
31,Male,West,33403.98,70,29.88,10,0,0.287,80.7,Email,1,21,0,0,0.205
69,Female,North,29842.23,51,157.66,5,1,0.221,60.3,Email,0,110,1,1,1.0
60,Male,West,42626.12,115,74.81,7,0,0.236,38.5,Ads,0,136,1,1,0.985
36,Male,North,54860.2,97,79.9,2,0,0.218,57.6,SMS,0,140,1,1,1.0
38,Female,North,33613.23,15,59.93,10,3,0.119,53.9,Email,0,10,0,1,0.88
28,Female,West,49820.55,50,5.0,6,1,0.562,16.1,SMS,1,50,0,0,0.25
44,Female,East,44188.95,118,102.15,10,4,0.232,76.5,Social Media,0,60,1,1,0.97
21,Female,West,53735.91,36,79.48,11,2,0.632,79.6,Ads,0,39,1,1,0.98
44,Female,South,33452.3,60,61.35,6,2,0.279,73.4,SMS,0,55,1,1,0.905
57,Male,West,78751.67,109,74.96,11,1,0.256,52.3,SMS,0,69,1,1,0.99
56,Female,South,73492.49,60,79.3,5,2,0.553,55.7,Social Media,0,139,1,1,0.995
51,Male,East,71933.65,12,74.87,7,1,0.373,55.6,Ads,0,49,1,1,0.975
35,Male,East,61252.82,15,137.26,9,4,0.415,43.0,Social Media,1,72,1,1,0.99
42,Male,North,88629.67,30,61.88,10,2,0.529,100.0,Email,1,152,1,1,0.905
64,Female,East,44407.08,61,103.45,6,0,0.623,89.8,Email,0,150,1,1,0.99
65,Female,South,40807.66,57,49.48,8,1,0.139,77.2,Email,1,73,1,1,0.84
24,Male,West,50724.76,83,31.52,4,5,0.5,41.7,SMS,0,101,0,0,0.5
60,Female,West,57292.63,46,18.29,11,2,0.46,36.2,Social Media,0,151,0,0,0.41
31,Female,North,23845.15,73,146.5,8,1,0.453,40.3,Email,1,145,1,1,0.99
30,Male,East,55622.8,89,43.18,8,1,0.582,45.0,SMS,1,131,1,1,0.71
24,Male,West,53439.33,58,86.62,9,2,0.34,28.3,Email,1,76,1,1,0.99
57,Male,West,77039.86,90,63.23,1,0,0.414,85.8,Email,0,79,1,1,0.835
74,Male,West,43016.55,18,57.32,12,1,0.117,74.1,Ads,0,175,1,1,0.985
38,Female,North,71179.15,16,66.79,6,3,0.111,71.6,Social Media,0,5,1,1,0.95
33,Male,East,90022.89,21,102.29,9,0,0.44,77.0,Email,0,37,1,1,1.0
25,Other,South,39502.18,83,40.73,8,4,0.701,54.9,SMS,0,106,0,1,0.54
45,Male,West,54558.1,100,49.68,9,0,0.357,83.2,SMS,0,12,0,0,0.225
46,Male,South,103162.43,91,76.9,10,2,0.067,50.9,Ads,0,77,1,1,0.97
74,Female,North,54790.69,110,97.86,7,1,0.248,99.8,Ads,0,84,1,1,0.98
20,Male,West,71013.25,84,52.16,10,1,0.317,35.7,Email,1,159,1,1,0.945
47,Female,West,61792.3,15,91.02,9,4,0.253,67.7,Ads,0,167,1,1,1.0
74,Male,West,76202.14,59,72.3,13,2,0.218,43.2,Ads,0,38,1,1,0.925
59,Female,West,66249.17,27,152.6,10,0,0.192,12.8,Social Media,0,28,1,1,0.98
29,Female,North,76384.26,5,106.54,5,0,0.036,66.0,Social Media,0,70,1,1,0.995
48,Male,South,58056.33,112,77.64,7,2,0.426,63.6,Social Media,0,63,1,1,0.945
21,Female,East,81683.54,47,69.66,12,1,0.515,85.0,SMS,0,95,1,1,0.98
38,Other,South,53474.54,74,105.65,7,1,0.157,36.1,SMS,1,157,1,1,1.0
45,Female,West,52802.95,96,46.84,9,0,0.463,61.8,Ads,0,57,0,0,0.4
47,Male,East,32928.23,86,100.96,8,3,0.286,66.6,SMS,0,100,1,1,0.99
18,Female,South,66596.25,30,52.53,8,0,0.095,58.7,Social Media,1,123,1,1,0.955
59,Female,North,58199.72,40,108.16,12,1,0.374,71.8,Social Media,0,32,1,1,0.955
29,Male,South,62184.43,33,42.64,8,2,0.229,76.8,SMS,0,167,1,1,0.895
71,Male,South,45449.74,3,72.1,11,3,0.091,34.7,SMS,1,53,1,1,0.97
26,Male,South,61621.89,55,87.02,6,3,0.055,42.2,Ads,0,72,1,1,1.0
28,Female,North,46477.02,114,18.86,3,1,0.26,46.6,Email,0,49,0,0,0.135
29,Male,West,64607.24,89,126.82,11,1,0.054,63.3,Social Media,1,40,1,1,0.98
57,Female,North,73359.17,117,52.32,9,0,0.191,73.4,Social Media,0,155,1,1,0.905
43,Male,East,57089.16,38,119.74,7,3,0.078,49.9,Email,0,140,1,1,1.0
46,Female,North,29658.07,108,75.07,7,3,0.387,43.2,Social Media,0,68,1,1,0.95
65,Male,South,66715.55,98,97.18,8,2,0.123,27.1,Email,0,41,1,1,0.995
60,Other,West,55536.41,77,93.02,8,2,0.54,74.6,SMS,0,174,1,1,0.99
49,Male,North,48985.72,65,125.17,10,2,0.195,54.0,SMS,0,83,1,1,0.995
44,Male,East,76875.33,106,88.91,9,1,0.045,82.1,SMS,0,52,1,1,0.975
54,Male,East,75537.3,56,75.73,9,0,0.233,46.6,Social Media,1,147,1,1,1.0
37,Female,North,75826.16,90,60.15,7,1,0.222,64.4,Ads,1,162,1,1,0.99
23,Male,East,61232.0,67,163.7,10,2,0.422,51.2,Email,1,17,1,1,0.96
68,Female,East,26309.38,99,93.82,6,2,0.05,48.5,SMS,0,71,1,1,0.945
52,Male,East,70408.34,73,47.39,4,0,0.564,75.3,SMS,0,153,1,1,0.88
52,Female,East,84164.64,56,102.74,4,2,0.028,95.7,Social Media,0,77,1,1,0.98
64,Female,East,33099.83,101,55.79,5,2,0.382,73.7,Social Media,0,133,1,1,0.92
24,Male,East,88963.44,82,40.16,7,0,0.208,43.5,Social Media,0,122,1,1,0.83
38,Male,West,53838.09,84,69.24,6,1,0.219,34.8,Social Media,0,40,1,1,0.95
71,Male,North,25257.09,27,70.13,8,1,0.234,71.5,Ads,1,175,1,1,0.995
23,Male,South,48135.35,105,138.99,12,1,0.46,31.2,SMS,0,17,1,1,0.975
43,Female,West,26308.71,14,18.12,8,4,0.487,66.4,SMS,0,49,0,0,0.15
71,Female,South,69941.79,37,106.15,15,2,0.053,53.3,Email,0,80,1,1,0.98
59,Female,South,69817.61,59,82.45,6,3,0.265,56.0,Ads,0,4,1,1,0.95
26,Female,North,24019.96,24,81.5,11,1,0.267,50.9,Social Media,0,31,1,1,0.97
31,Male,East,28178.6,22,83.99,11,1,0.141,28.4,SMS,0,141,1,1,1.0
21,Female,West,55722.54,21,155.34,10,0,0.213,92.6,Ads,1,41,1,1,0.98
48,Male,South,56995.81,101,121.08,12,3,0.41,73.2,Email,0,94,1,1,0.99
46,Male,North,50417.87,7,121.03,6,0,0.285,80.2,Email,0,31,1,1,0.98
26,Male,North,51001.48,86,50.2,7,3,0.243,61.4,Ads,0,137,0,1,0.95
24,Female,West,51427.64,99,31.85,6,0,0.404,54.4,SMS,0,164,1,1,0.605
37,Male,South,38323.16,4,61.21,7,0,0.505,80.9,SMS,0,12,0,1,0.755
25,Female,West,40754.16,63,90.15,3,4,0.155,80.5,Email,1,81,1,1,0.97
55,Male,North,111064.21,88,82.42,4,4,0.158,56.4,Ads,0,21,1,1,0.95
54,Female,South,67857.91,69,91.44,11,1,0.648,60.5,Email,1,19,1,1,0.97
32,Other,East,89066.77,51,50.17,8,2,0.267,26.8,Ads,1,125,1,1,0.96
43,Female,West,52791.37,47,77.9,11,2,0.432,46.5,Social Media,1,76,1,1,0.995
41,Female,North,64548.51,18,64.93,3,2,0.368,60.0,SMS,1,49,1,1,0.96
42,Male,North,86037.0,33,146.64,11,1,0.274,71.2,Email,1,17,1,1,0.975
22,Male,North,74316.99,15,117.6,10,3,0.288,48.3,SMS,0,83,1,1,1.0
69,Female,North,28414.16,13,30.42,6,3,0.085,82.8,Social Media,0,30,0,0,0.375
69,Female,West,53569.41,16,26.32,10,3,0.104,82.0,Social Media,1,121,1,1,0.595
27,Female,East,57620.39,70,136.64,8,2,0.316,100.0,SMS,1,147,1,1,0.995
25,Male,West,108515.24,100,115.01,7,1,0.365,57.6,Email,0,157,1,1,0.985
46,Female,East,81516.8,25,97.96,8,3,0.154,74.9,Social Media,1,128,1,1,0.995
49,Female,East,73483.9,52,147.92,5,1,0.295,45.5,Ads,0,90,1,1,1.0
69,Female,East,53034.55,11,60.61,7,2,0.142,58.9,SMS,1,78,1,1,0.985
18,Female,West,63763.03,88,35.18,5,0,0.047,72.6,Ads,0,52,1,0,0.32
27,Female,South,57814.52,104,18.69,5,3,0.082,53.9,Ads,1,68,0,0,0.185
69,Female,East,50009.9,16,17.58,5,3,0.112,100.0,Email,1,168,1,1,0.64
74,Male,North,54499.66,15,14.11,10,2,0.271,85.8,SMS,0,121,0,0,0.28
60,Female,North,46689.58,113,142.05,3,3,0.118,39.8,SMS,1,140,1,1,0.98
59,Other,East,52044.24,100,28.26,10,1,0.015,58.3,Ads,1,64,0,0,0.375
42,Female,East,58567.33,12,103.65,4,4,0.106,55.0,Email,1,178,1,1,0.995
31,Male,North,51382.34,61,76.1,9,1,0.181,76.7,Social Media,1,104,1,1,0.995
64,Other,North,91450.58,54,39.96,12,3,0.144,50.8,Ads,0,128,0,1,0.77
31,Female,West,67974.45,83,60.94,5,1,0.361,47.1,Social Media,0,96,1,1,0.985
22,Male,East,22495.29,50,62.56,11,1,0.421,61.8,Email,0,53,0,1,0.91
35,Male,East,54417.46,90,60.48,10,0,0.618,43.5,Email,0,91,1,1,0.905
39,Male,West,71922.17,71,85.71,6,3,0.252,64.2,SMS,1,105,1,1,0.995
70,Female,West,34840.97,64,63.02,8,1,0.582,52.1,SMS,0,107,1,1,0.94
45,Female,West,74547.57,110,69.18,11,4,0.481,79.0,Ads,0,78,1,1,0.915
24,Male,East,41115.63,40,31.8,5,2,0.624,69.2,Ads,0,12,0,0,0.175
38,Male,East,37705.83,100,84.23,7,2,0.555,49.7,Email,1,149,1,1,0.985
45,Male,North,64600.49,81,98.92,7,2,0.388,50.9,Email,0,100,1,1,0.985
68,Male,West,38699.39,92,60.82,8,2,0.166,20.7,Ads,1,138,1,1,0.98
32,Male,North,70452.95,104,73.24,4,0,0.3,23.9,Ads,0,48,1,1,0.975
46,Female,South,44841.82,74,33.15,8,5,0.206,70.2,SMS,0,69,0,0,0.375
60,Female,West,24844.73,75,63.67,8,1,0.276,82.2,SMS,0,139,1,1,0.96
74,Female,West,52143.82,3,66.98,7,0,0.124,21.7,Ads,0,59,1,1,0.96
23,Other,South,43374.5,25,87.09,9,2,0.264,61.3,SMS,0,84,1,1,0.975
33,Other,East,51535.61,72,80.13,9,0,0.059,35.4,Email,0,150,1,1,1.0
74,Male,West,34773.62,44,90.86,11,3,0.619,31.8,Email,0,33,1,1,0.915
38,Male,North,56147.84,46,98.46,10,3,0.423,64.2,Ads,0,174,1,1,1.0
29,Female,North,57007.55,103,119.07,11,1,0.302,44.9,Social Media,1,157,1,1,1.0
31,Male,West,63933.13,44,103.13,5,3,0.245,58.1,SMS,0,8,1,1,0.98
23,Female,South,63615.83,46,121.22,2,2,0.493,39.5,SMS,0,167,1,1,0.99
60,Female,East,108743.53,81,16.45,9,0,0.387,52.6,Social Media,0,58,0,0,0.215
71,Female,North,50665.18,89,66.45,7,2,0.524,49.8,Email,0,96,1,1,0.99
54,Male,South,80802.63,118,88.06,10,0,0.574,46.6,Email,1,42,1,1,0.91
56,Female,North,72987.33,33,91.8,10,1,0.138,74.2,Email,0,146,1,1,0.99
63,Female,West,43835.92,113,81.37,6,0,0.233,51.4,Social Media,0,131,1,1,1.0
73,Male,North,57217.09,65,107.42,11,2,0.176,29.1,Ads,1,40,1,1,0.99
27,Female,North,51388.88,92,68.13,4,1,0.333,78.2,Ads,1,108,1,1,0.975
65,Other,South,49436.11,51,148.55,9,2,0.475,97.7,SMS,0,109,1,1,0.98
22,Male,West,59759.67,2,116.28,7,1,0.455,72.3,Social Media,0,148,1,1,0.995
52,Female,South,50468.06,70,115.51,12,0,0.313,93.0,SMS,0,172,1,1,0.985
57,Male,South,47585.13,39,75.05,8,1,0.464,92.3,Email,1,68,1,1,0.99
26,Male,South,48588.31,108,77.91,12,0,0.112,62.9,Social Media,0,144,1,1,0.99
28,Male,East,51433.85,106,100.39,7,1,0.03,64.7,Ads,0,155,1,1,0.995
23,Male,West,54599.69,62,105.43,5,1,0.274,12.4,Social Media,0,97,1,1,0.99
57,Male,South,40848.4,91,47.01,8,1,0.214,54.4,SMS,1,6,0,0,0.27
52,Male,East,41690.1,21,77.17,2,2,0.567,72.3,Ads,1,31,1,1,0.955
74,Female,North,47329.4,78,63.84,7,1,0.462,40.7,Email,0,74,1,1,0.92
24,Male,North,57868.49,60,68.11,6,3,0.695,82.6,Social Media,0,160,1,1,0.99
70,Other,South,25328.94,105,85.29,8,7,0.057,80.9,Email,1,2,1,1,0.81
33,Female,West,44445.4,11,5.0,5,3,0.16,77.9,Ads,0,90,0,0,0.22
70,Male,South,63621.09,65,113.18,6,0,0.201,62.5,Email,0,21,1,1,0.98
48,Male,South,43346.22,77,64.36,11,1,0.548,39.4,Email,0,44,1,1,0.855
30,Female,West,87572.61,12,105.82,13,2,0.301,72.2,Social Media,0,103,1,1,0.985
48,Male,East,47226.76,36,43.27,7,0,0.265,79.4,SMS,1,80,0,1,0.75
64,Male,South,84410.95,32,85.57,12,1,0.243,68.2,SMS,0,76,1,1,0.985
73,Male,East,54505.71,88,69.27,5,0,0.379,48.2,Social Media,0,27,1,1,0.935
40,Male,South,56647.41,103,78.18,10,0,0.181,100.0,SMS,0,91,0,1,0.975
18,Male,East,35189.07,73,103.11,15,2,0.503,67.0,Social Media,1,150,1,1,0.945
53,Male,North,76765.41,90,45.69,7,2,0.152,50.8,Email,1,116,1,1,0.89
43,Male,South,74823.12,104,85.02,5,0,0.242,63.8,SMS,1,176,1,1,0.99
60,Female,South,66937.88,42,38.98,12,2,0.206,100.0,Ads,1,137,1,1,0.8
24,Female,East,46629.49,8,115.15,5,2,0.388,81.7,Ads,0,134,1,1,0.995
18,Male,South,33330.26,85,145.63,6,2,0.21,55.6,Social Media,0,155,1,1,0.985
61,Female,North,92456.63,113,90.52,7,3,0.216,39.8,Ads,0,124,1,1,0.98
44,Female,South,76111.64,92,112.66,12,0,0.492,61.6,Ads,0,123,1,1,0.99
21,Male,South,48850.55,83,85.59,13,2,0.276,7.6,SMS,0,135,1,1,0.975
62,Male,West,91814.46,77,82.82,11,2,0.141,57.5,Social Media,1,102,1,1,0.98
18,Male,West,53166.85,93,115.07,7,2,0.163,20.2,Email,0,164,1,1,0.995
57,Female,North,49292.5,93,78.57,11,3,0.68,65.2,Email,0,9,0,1,0.825
66,Male,North,63431.33,41,112.98,15,0,0.069,62.7,Social Media,1,148,1,1,0.99
30,Male,West,54791.1,27,100.55,6,2,0.137,95.6,Social Media,1,175,1,1,0.99
44,Male,East,46558.8,51,93.88,10,3,0.202,29.8,SMS,0,66,1,1,0.995
71,Male,West,62337.94,33,68.31,11,2,0.329,14.0,Social Media,0,51,1,1,0.96
51,Female,South,27190.37,31,108.54,4,1,0.12,100.0,SMS,0,1,1,1,0.95
30,Female,South,80101.04,42,109.62,12,7,0.215,23.0,Ads,0,112,1,1,0.97
73,Female,South,77962.69,76,25.9,7,1,0.249,57.3,SMS,0,89,0,0,0.265
30,Female,East,47683.77,2,125.67,7,1,0.424,59.3,SMS,0,136,1,1,0.995
44,Female,North,78152.77,78,70.72,10,1,0.296,40.8,Ads,1,46,1,1,0.94
43,Female,North,55634.7,27,121.61,7,0,0.338,39.4,Email,0,178,1,1,1.0
74,Male,East,52260.7,37,92.67,5,1,0.169,65.0,SMS,0,106,1,1,1.0
26,Female,North,50456.97,27,90.18,8,2,0.301,70.2,Social Media,1,157,1,1,1.0
31,Male,West,63342.99,38,119.12,9,2,0.186,49.9,SMS,1,68,1,1,0.995
71,Male,West,58717.95,112,100.6,5,1,0.615,87.7,Email,1,128,1,1,0.965
34,Female,South,52075.83,74,62.22,6,4,0.231,56.8,Email,0,178,1,1,1.0
44,Female,South,51239.92,78,70.18,9,2,0.455,42.7,Ads,0,154,1,1,1.0
74,Female,West,68087.95,117,12.8,8,4,0.272,50.9,Ads,1,67,0,0,0.2
35,Male,East,15000.0,79,106.51,11,1,0.392,62.5,SMS,0,30,1,1,0.94
70,Male,South,46385.77,60,85.58,6,2,0.296,76.9,Email,0,150,1,1,1.0
42,Male,South,63801.67,86,114.06,10,2,0.325,0.0,SMS,0,87,1,1,0.98
43,Female,North,67474.9,92,86.42,4,1,0.218,66.8,SMS,0,40,1,1,0.99
63,Female,West,98417.85,104,88.13,7,4,0.403,56.3,SMS,1,16,1,1,0.925
29,Male,East,70491.62,70,93.18,7,1,0.295,78.4,SMS,0,68,1,1,0.995
59,Female,North,78434.91,57,62.46,13,3,0.245,80.2,Ads,0,37,1,1,0.815
36,Female,North,87433.22,26,109.35,7,1,0.265,65.6,SMS,1,131,1,1,0.985
42,Male,South,27286.66,104,118.76,9,2,0.341,43.0,SMS,0,32,1,1,0.98
22,Other,South,51469.72,74,97.12,9,0,0.123,87.3,Email,0,40,1,1,0.955
26,Male,East,64232.65,40,70.18,9,3,0.131,0.0,Social Media,1,78,1,1,0.96
58,Female,North,79556.83,72,37.89,10,0,0.36,64.7,Social Media,0,145,1,1,0.67
40,Male,East,50937.87,76,46.82,7,1,0.347,50.7,Social Media,1,79,0,1,0.765
37,Female,North,59497.21,77,37.43,6,2,0.075,66.0,Social Media,1,145,1,1,0.845
33,Male,North,45553.72,26,127.24,5,3,0.177,35.0,Ads,0,68,1,1,0.995
68,Female,South,79152.19,95,65.42,4,1,0.317,58.9,Ads,1,130,1,1,0.985
61,Female,North,48908.83,72,78.64,6,1,0.286,45.0,Email,1,6,1,1,0.97
32,Male,South,68014.08,71,66.8,7,2,0.297,53.0,Social Media,1,39,1,1,0.905
38,Female,East,53787.81,27,57.55,13,3,0.309,18.6,SMS,0,14,1,1,0.765
42,Female,South,49465.91,53,58.59,10,1,0.638,50.5,SMS,0,73,1,1,0.94
26,Female,East,66886.11,42,39.02,13,2,0.131,63.0,SMS,0,58,1,1,0.545
28,Male,North,52282.78,110,105.98,11,1,0.385,79.1,Social Media,0,82,1,1,0.975
25,Female,South,39513.3,10,99.96,4,1,0.231,83.5,Ads,0,20,1,1,0.965
31,Male,East,57590.98,34,151.31,11,2,0.546,68.0,Ads,0,76,1,1,0.985
70,Female,West,15000.0,85,98.4,10,0,0.166,71.3,Email,1,85,1,1,0.955
30,Female,North,43478.46,72,127.3,7,0,0.207,49.2,Ads,0,32,1,1,0.99
73,Female,West,57870.84,62,50.41,5,1,0.293,55.7,Ads,0,102,1,1,0.94
20,Male,East,87685.39,62,119.86,10,1,0.143,29.1,Email,0,18,1,1,0.985
63,Male,West,65894.2,76,102.3,6,1,0.287,91.0,SMS,0,106,1,1,0.995
69,Male,South,36843.64,12,97.77,9,1,0.043,76.0,SMS,1,10,1,1,0.945
73,Female,East,68561.47,61,39.41,8,1,0.202,35.3,SMS,1,16,0,0,0.36
24,Male,North,62466.92,76,65.84,10,1,0.334,54.5,Social Media,1,91,1,1,0.95
41,Male,South,93632.96,72,64.71,9,3,0.108,69.1,Social Media,0,170,1,1,0.985
60,Female,East,69132.39,53,135.4,10,2,0.249,21.1,Email,1,108,1,1,0.985
69,Male,South,49417.47,115,106.12,8,1,0.272,35.6,Ads,0,118,1,1,1.0
45,Female,East,46103.71,80,83.72,6,3,0.217,80.3,Ads,1,106,1,1,0.995
19,Female,West,40561.16,119,64.18,6,0,0.166,50.2,Ads,0,34,1,1,0.735
25,Female,West,60790.07,60,70.34,10,0,0.249,45.8,Social Media,0,4,1,1,0.875
31,Female,East,101157.49,38,73.31,5,0,0.391,31.2,Social Media,0,19,1,1,0.945
48,Female,East,40110.38,57,113.85,9,1,0.136,54.4,Email,1,37,1,1,0.985
32,Male,South,66895.33,106,114.61,8,0,0.425,85.2,SMS,1,28,1,1,0.96
39,Female,South,58648.04,22,75.11,12,1,0.496,61.9,Social Media,0,113,1,1,0.995
53,Male,North,52793.19,59,46.59,10,1,0.167,100.0,SMS,1,37,1,0,0.415
24,Female,North,73098.28,74,72.18,6,1,0.093,53.9,Social Media,0,49,1,1,0.975
50,Male,East,47867.89,51,125.72,13,1,0.316,74.5,Social Media,0,144,1,1,0.99
61,Female,North,34158.17,49,108.89,4,1,0.154,41.6,Email,0,136,1,1,0.985
74,Female,West,78219.01,1,114.56,9,0,0.315,52.4,Ads,0,112,1,1,0.97
55,Male,West,37451.13,80,5.0,11,1,0.097,48.2,Email,0,95,0,0,0.17
55,Female,North,70437.6,86,34.47,6,1,0.279,36.5,Email,0,57,0,0,0.19
25,Female,East,29859.56,63,54.9,15,0,0.373,73.3,Ads,0,157,0,1,0.92
32,Male,East,72204.71,56,52.64,4,1,0.477,29.9,SMS,1,2,0,1,0.71
18,Male,South,90705.73,118,55.71,11,3,0.337,72.5,SMS,0,2,0,0,0.43
50,Female,South,75346.4,8,37.01,5,5,0.34,67.5,Email,0,41,0,0,0.445
63,Female,East,69831.36,88,60.51,6,1,0.373,100.0,Social Media,0,103,1,1,0.905
42,Male,West,64824.6,44,66.1,5,0,0.175,72.8,Email,0,122,1,1,0.99
49,Female,North,56614.57,21,124.75,8,0,0.311,95.9,SMS,0,146,1,1,0.995
32,Female,South,73600.3,48,57.0,10,1,0.069,61.3,Social Media,0,85,1,1,0.925
20,Male,East,67028.56,68,78.48,6,1,0.136,91.0,SMS,0,104,1,1,0.995
21,Female,South,64828.91,101,50.19,5,0,0.289,44.2,Ads,0,88,1,1,0.83
30,Female,North,50719.03,118,77.1,11,4,0.3,65.4,Social Media,1,77,1,1,0.945
67,Male,South,44210.78,24,62.75,6,3,0.31,100.0,Social Media,0,88,1,1,0.97
59,Female,South,53167.24,46,104.1,8,0,0.289,77.1,Email,0,34,1,1,0.99
56,Female,North,37127.81,59,134.53,12,1,0.208,54.9,Social Media,0,52,1,1,0.98
59,Female,West,43339.15,64,87.42,7,2,0.115,62.8,Email,0,131,1,1,0.99
23,Male,North,41085.67,21,79.21,11,3,0.202,73.7,Ads,1,15,0,1,0.975
26,Male,West,42768.76,52,152.5,9,2,0.511,59.9,Email,0,55,1,1,0.95
27,Female,South,56296.48,84,83.25,7,2,0.358,100.0,Email,0,23,1,1,0.945
54,Female,South,91177.73,33,106.46,12,1,0.213,91.9,Ads,0,27,1,1,0.965
62,Male,North,59771.28,113,71.95,3,2,0.347,16.1,Social Media,0,21,1,1,0.905
63,Female,East,42546.32,37,61.56,7,1,0.419,54.1,Email,0,96,1,1,0.99
42,Female,North,81114.29,35,109.51,9,4,0.29,64.1,Email,0,106,1,1,0.995
65,Male,North,65911.52,72,91.19,6,1,0.14,78.9,SMS,1,61,1,1,0.995
46,Female,West,79331.48,16,86.23,6,0,0.072,65.9,Social Media,1,166,1,1,0.99
38,Male,East,66980.32,14,75.91,11,3,0.102,63.8,Social Media,0,142,1,1,0.99
66,Male,North,35830.64,73,58.18,8,0,0.4,93.2,SMS,0,125,1,1,0.935
63,Female,East,114959.01,31,112.42,10,1,0.219,70.4,Email,0,172,1,1,0.98
40,Male,East,69262.77,24,97.29,14,0,0.296,83.2,Social Media,0,84,1,1,1.0
59,Female,North,88103.54,111,100.68,8,3,0.135,67.8,Email,0,17,1,1,0.985
56,Male,South,55704.13,39,122.54,10,1,0.068,58.0,SMS,1,179,1,1,0.98
47,Male,South,75057.3,20,39.42,10,2,0.123,62.6,Social Media,1,156,1,1,0.96
54,Female,South,78573.99,33,81.15,7,0,0.161,44.9,SMS,0,164,1,1,1.0
61,Female,East,61431.36,81,27.89,5,2,0.069,100.0,Ads,0,106,0,0,0.34
69,Male,West,80282.09,88,68.96,11,3,0.201,58.1,Email,0,38,1,1,0.92
65,Male,East,36935.13,77,19.96,4,1,0.263,51.2,Social Media,1,119,0,0,0.475
41,Female,North,49221.26,1,49.08,5,0,0.055,41.6,Ads,0,138,1,1,0.965
53,Male,West,67164.53,103,82.96,10,1,0.133,21.9,Social Media,1,142,1,1,0.99
34,Female,North,71562.63,103,64.43,7,1,0.156,63.4,Ads,0,76,1,1,0.975
56,Male,South,58478.41,50,142.16,8,0,0.195,58.5,Social Media,1,41,1,1,1.0
36,Female,West,68467.07,23,83.64,9,1,0.249,46.1,SMS,0,171,1,1,1.0
36,Other,South,37463.1,75,38.39,3,1,0.096,72.4,Ads,0,140,1,1,0.78
29,Female,South,81651.23,10,77.5,7,2,0.364,100.0,Email,0,147,1,1,1.0
43,Male,South,68061.33,10,47.91,8,1,0.125,47.3,Email,0,120,1,1,0.97
30,Female,South,76984.65,2,93.28,14,2,0.235,38.2,SMS,1,8,1,1,0.965
72,Female,West,83244.59,10,103.33,11,0,0.319,75.0,Social Media,0,25,1,1,0.96
24,Female,West,53654.26,10,93.01,4,0,0.233,94.5,Ads,0,6,1,1,0.97
30,Male,West,76648.47,64,78.84,4,1,0.546,100.0,SMS,0,139,1,1,0.99
63,Female,East,63739.96,57,105.7,7,0,0.564,86.7,SMS,1,88,1,1,0.985
56,Male,West,54786.61,12,134.89,6,3,0.091,84.7,SMS,0,73,1,1,0.99
18,Male,East,57659.97,37,89.4,7,2,0.053,38.0,SMS,1,106,1,1,1.0
30,Male,North,51918.76,118,69.14,9,0,0.034,73.1,Social Media,0,164,1,1,0.98
50,Male,North,29522.63,19,5.0,10,1,0.244,81.9,Ads,0,8,0,0,0.135
72,Female,West,46498.42,57,27.38,4,2,0.258,73.2,Ads,0,8,0,0,0.15
74,Male,North,28371.57,43,84.2,7,0,0.293,77.6,SMS,1,144,1,1,0.985
44,Male,North,39716.7,55,52.65,11,2,0.432,74.3,Email,0,132,1,1,0.95
23,Female,North,91770.23,70,84.98,7,1,0.305,68.7,SMS,0,132,1,1,0.995
49,Female,South,26291.32,23,92.37,7,1,0.3,64.5,SMS,0,114,1,1,0.995
22,Male,South,71379.38,12,131.29,8,0,0.255,66.6,Ads,0,156,1,1,0.985
57,Female,North,45196.68,117,99.89,6,0,0.355,81.0,Ads,0,28,1,1,0.97
52,Male,South,22511.82,32,86.9,6,5,0.629,69.9,SMS,0,177,1,1,0.98
43,Male,North,63881.73,13,96.46,7,2,0.357,39.1,Email,0,21,1,1,0.975
42,Male,North,41868.07,24,61.94,6,2,0.187,78.7,SMS,1,113,1,1,0.99
51,Male,South,74006.79,62,80.23,4,1,0.322,46.6,Email,1,40,1,1,0.985
71,Female,West,65334.54,116,123.94,9,2,0.129,62.1,SMS,0,142,1,1,0.995
74,Male,South,93274.01,80,69.69,7,0,0.332,61.1,Email,0,36,1,1,0.83
50,Female,South,56267.65,94,65.66,6,0,0.191,85.3,Ads,0,27,1,1,0.825
58,Other,West,80106.55,62,120.49,6,1,0.157,61.4,SMS,0,14,1,1,0.97
34,Female,North,39095.61,29,147.25,0,0,0.203,68.8,Email,0,177,1,1,0.995
59,Female,West,34720.68,45,82.47,6,0,0.364,67.3,Email,1,5,1,1,0.945
67,Female,North,33537.45,85,131.72,8,2,0.151,77.4,Email,1,161,1,1,1.0
49,Male,South,77862.5,34,67.36,7,1,0.146,35.7,Social Media,1,153,1,1,0.995
31,Female,West,77878.19,17,97.26,4,0,0.215,64.5,Social Media,0,15,1,1,1.0
45,Male,East,65581.14,16,73.25,9,3,0.116,47.0,SMS,1,164,1,1,1.0
20,Male,North,65180.25,93,110.4,8,1,0.335,58.8,SMS,0,1,1,1,0.93
42,Male,West,75271.43,8,73.08,8,0,0.325,57.0,Email,0,39,1,1,0.98
27,Male,North,73217.08,57,75.73,9,3,0.209,88.4,Ads,0,82,1,1,0.955
73,Male,East,15000.0,80,158.21,9,2,0.371,10.9,Ads,0,33,1,1,0.92
57,Male,East,78307.51,20,99.99,6,1,0.381,74.1,Email,0,154,1,1,1.0
71,Female,North,69630.69,6,34.91,9,2,0.329,90.2,Social Media,1,13,0,0,0.195
70,Female,North,87316.75,64,34.75,12,3,0.114,27.5,SMS,0,150,1,1,0.87
27,Female,East,63937.08,8,60.49,8,2,0.371,44.5,SMS,0,156,1,1,1.0
62,Male,East,51301.32,108,87.57,6,2,0.28,27.8,Ads,0,159,1,1,0.995
66,Male,North,76198.23,52,90.55,11,0,0.265,10.6,Email,1,60,1,1,0.955
27,Male,East,91980.35,110,145.3,3,2,0.186,53.9,Ads,1,150,1,1,0.975
27,Male,East,98188.9,30,93.77,9,1,0.222,58.9,SMS,0,149,1,1,0.985
29,Male,North,34158.75,73,49.5,9,0,0.115,56.8,SMS,0,128,1,1,0.88
68,Female,East,60498.92,101,93.94,12,1,0.208,77.6,Email,0,54,1,1,0.975
31,Female,East,67274.55,103,68.83,8,4,0.052,60.2,Email,0,10,1,1,0.845
35,Female,South,77151.42,67,134.76,7,1,0.126,72.0,SMS,0,34,1,1,0.99
53,Male,West,68584.68,57,146.64,11,3,0.652,54.9,Email,1,110,1,1,0.965
41,Male,West,79613.59,30,69.05,8,0,0.596,84.8,Ads,0,142,1,1,0.975
45,Female,East,37894.79,110,98.65,9,1,0.619,100.0,Social Media,1,170,1,1,0.96
19,Male,East,76120.88,87,55.84,9,2,0.399,54.3,Social Media,0,153,1,1,0.965
43,Female,East,58240.13,54,81.96,10,2,0.185,86.8,Social Media,1,35,1,1,0.995
23,Male,North,76897.11,21,90.11,8,2,0.347,73.5,Ads,0,41,1,1,1.0
65,Female,South,47683.83,69,143.03,3,1,0.261,70.6,Email,0,14,1,1,0.97
31,Male,North,33858.75,16,87.34,11,1,0.222,65.4,Email,0,68,1,1,0.98
61,Male,East,88192.18,39,62.99,8,0,0.214,72.1,Social Media,0,149,1,1,0.99
37,Female,West,61887.79,62,72.69,7,3,0.189,39.7,Ads,0,176,1,1,0.995
20,Female,South,51089.08,44,59.84,10,2,0.148,59.6,Email,0,19,1,1,0.91
29,Male,West,71438.8,87,54.96,6,3,0.127,81.7,SMS,0,129,1,1,0.98
31,Other,North,32862.74,19,69.56,7,0,0.234,62.0,Social Media,0,126,1,1,0.985
49,Male,East,49392.89,53,74.25,7,0,0.145,40.8,Email,0,39,1,1,0.985
74,Male,West,70790.65,106,124.5,8,2,0.237,56.0,SMS,1,45,1,1,0.965
48,Female,East,34575.44,45,76.61,2,1,0.559,36.4,SMS,0,141,1,1,0.97
23,Male,East,84824.18,63,81.51,7,4,0.474,60.2,Email,0,110,1,1,0.985
22,Male,East,63767.33,26,45.69,8,1,0.126,69.0,Email,0,97,0,1,0.87
27,Male,East,15000.0,34,20.14,7,2,0.213,76.8,Email,0,64,0,0,0.245
34,Female,South,68943.56,70,110.6,8,1,0.357,63.8,Social Media,1,62,1,1,0.97
62,Male,West,55064.7,11,87.83,10,3,0.082,50.2,SMS,1,8,1,1,0.975
57,Female,East,59621.03,33,65.06,9,0,0.286,48.4,Social Media,0,45,1,1,0.95
65,Female,South,56094.01,24,37.1,7,0,0.099,34.8,SMS,1,53,1,1,0.58
34,Male,North,63797.34,90,46.92,8,1,0.374,75.4,SMS,0,76,0,1,0.635
60,Female,North,45654.33,45,53.04,3,3,0.286,65.5,Social Media,0,151,1,1,0.985
72,Male,South,42661.14,17,87.37,8,0,0.162,76.5,Ads,0,55,1,1,0.965
73,Female,North,89132.16,59,102.72,10,0,0.145,70.7,SMS,0,45,1,1,0.975
62,Male,East,88604.13,25,28.96,4,1,0.179,50.9,SMS,0,158,1,1,0.89
27,Female,South,42314.35,17,73.06,12,0,0.146,97.4,Ads,0,57,1,1,0.93
37,Female,North,60201.63,46,72.23,7,1,0.09,61.0,Social Media,0,101,1,1,0.985
38,Male,East,70663.78,68,39.86,10,1,0.62,85.9,Social Media,0,96,1,0,0.33
20,Female,South,62906.54,9,69.96,9,1,0.324,88.1,Social Media,1,98,1,1,0.99
49,Female,South,50238.79,99,91.75,6,3,0.152,58.2,Social Media,0,102,1,1,0.995
68,Other,East,62808.39,69,86.26,7,1,0.248,72.9,Social Media,0,68,1,1,0.995
46,Female,North,77534.89,41,75.83,9,1,0.229,62.0,Ads,0,62,1,1,0.985
19,Female,East,41134.14,36,76.41,4,2,0.08,46.0,Email,1,86,1,1,0.995
21,Male,North,71743.31,49,74.27,11,3,0.31,54.0,Social Media,0,117,1,1,0.98
62,Female,North,63709.3,31,67.64,5,1,0.311,43.4,Ads,1,87,1,1,0.995
38,Male,East,79528.21,10,94.67,13,0,0.191,75.0,Social Media,1,80,1,1,0.955
67,Male,East,40151.44,10,164.9,5,2,0.196,87.1,Social Media,0,91,1,1,0.99
35,Female,East,44237.12,101,107.15,5,3,0.176,80.8,Email,0,126,1,1,0.985
37,Female,West,37847.02,82,56.79,8,0,0.31,30.3,Ads,0,143,1,1,0.985
21,Male,East,59568.72,76,31.84,10,6,0.217,48.8,Email,0,92,0,1,0.58
19,Female,West,75372.02,51,20.78,10,4,0.306,72.8,Social Media,1,69,0,0,0.22
37,Female,West,32337.59,68,157.02,12,2,0.168,46.9,Social Media,0,60,1,1,0.975
34,Male,West,28227.22,60,98.61,12,1,0.222,48.0,Email,1,44,1,1,0.975
73,Male,South,53654.43,9,10.51,8,1,0.428,20.5,Ads,0,123,0,0,0.36
60,Male,North,83002.34,68,137.14,10,1,0.037,42.9,Email,0,26,1,1,0.98
21,Male,North,70369.62,88,62.7,7,2,0.105,39.5,SMS,1,107,1,1,0.995
36,Female,South,49547.69,93,92.31,13,0,0.321,63.7,Email,0,161,1,1,0.995
53,Female,West,82188.03,47,81.84,6,2,0.499,65.6,Ads,0,89,1,1,0.995
70,Male,West,62011.65,13,93.77,11,1,0.03,53.6,Ads,0,2,1,1,0.97
33,Female,South,72972.84,12,79.89,9,3,0.507,65.7,Ads,1,19,1,1,0.965
22,Female,South,66287.14,64,60.26,6,2,0.524,61.1,Ads,0,84,1,1,0.945
50,Male,East,51067.55,118,54.89,6,0,0.2,40.9,Ads,1,72,1,1,0.84
31,Male,South,51929.52,89,128.98,6,0,0.116,56.8,Email,1,170,1,1,1.0
64,Female,West,72923.22,83,92.22,6,2,0.244,67.7,Ads,1,163,1,1,0.99
23,Female,South,47461.77,38,64.08,6,3,0.021,84.2,Email,0,16,1,1,0.88
31,Male,South,59254.51,88,93.75,10,1,0.063,50.4,Social Media,0,18,1,1,1.0
34,Male,West,31469.05,79,159.02,12,0,0.446,73.6,SMS,0,18,1,1,0.94
62,Male,North,38566.51,4,33.78,13,3,0.158,46.8,SMS,1,54,0,1,0.51
69,Male,North,87582.82,54,73.1,8,2,0.426,82.4,Email,0,144,1,1,0.985
23,Male,West,62324.22,28,76.82,11,1,0.268,64.4,Social Media,1,73,0,1,1.0
33,Female,West,47687.06,64,52.95,7,1,0.174,72.1,Ads,0,105,1,1,1.0
49,Female,North,33849.31,66,106.32,5,2,0.024,69.9,Ads,0,21,1,1,0.99
20,Female,East,53121.79,103,56.71,6,4,0.272,25.3,Ads,1,129,1,1,0.945
37,Male,East,49718.13,8,80.87,8,0,0.208,52.6,Ads,0,144,1,1,1.0
44,Male,West,63597.11,32,28.1,6,1,0.171,70.1,Email,0,132,1,1,0.775
64,Male,West,26979.13,68,87.19,11,2,0.198,65.0,Ads,0,36,1,1,0.975
32,Male,West,89949.66,40,54.56,9,1,0.392,47.7,Ads,0,95,1,1,0.98
28,Male,South,51558.27,115,46.95,7,1,0.371,75.0,Ads,0,3,0,0,0.215
68,Female,East,66246.11,32,48.0,5,2,0.363,84.2,Email,0,29,0,1,0.595
24,Male,East,62109.79,40,92.09,9,2,0.444,45.6,Email,1,86,1,1,1.0
70,Male,South,41127.98,55,108.59,13,0,0.516,55.6,Email,0,115,1,1,0.975
34,Male,East,32792.77,61,86.61,8,4,0.302,69.5,Social Media,0,75,1,1,0.995
48,Female,East,76721.99,80,59.97,12,0,0.215,82.8,Email,0,86,1,1,0.94
49,Female,North,62450.13,73,29.63,2,1,0.509,64.5,Social Media,0,67,1,0,0.245
22,Female,East,53537.41,88,93.89,7,1,0.324,74.0,SMS,0,148,1,1,0.99
59,Male,West,70516.03,29,107.43,8,2,0.445,43.5,Social Media,0,164,1,1,1.0
24,Male,East,58156.56,54,66.32,4,2,0.43,57.9,Email,1,83,1,1,0.98
71,Male,South,51020.47,33,69.04,6,2,0.411,74.0,SMS,0,152,1,1,0.975
52,Male,South,61582.17,97,59.71,5,1,0.335,69.3,Ads,0,88,1,1,0.97
18,Male,West,20138.81,60,98.76,15,5,0.6,81.6,SMS,0,18,1,1,0.78
61,Female,South,91013.78,9,59.65,11,0,0.24,88.1,SMS,1,121,1,1,0.96
58,Male,South,68187.34,100,89.62,8,1,0.455,81.3,Ads,0,91,1,1,0.99
31,Male,South,47483.53,32,112.38,9,0,0.232,79.4,Email,0,101,1,1,0.985
51,Female,East,51483.07,90,68.8,10,1,0.189,88.3,SMS,0,15,0,1,0.86
66,Female,South,40022.04,62,49.15,8,1,0.639,66.3,SMS,1,63,1,1,0.61
56,Other,South,39067.39,13,95.52,5,1,0.139,70.1,Email,0,23,1,1,0.98
72,Female,South,56776.48,3,65.35,7,2,0.307,59.2,Ads,0,38,1,1,0.94
48,Female,South,51753.32,92,49.88,8,2,0.118,59.0,Social Media,0,131,1,1,0.96
38,Male,North,68506.83,13,88.84,8,0,0.242,52.3,SMS,0,84,1,1,0.98
23,Female,East,56445.92,69,166.98,5,2,0.452,97.0,Email,0,85,1,1,0.99
27,Female,North,51061.21,115,43.88,11,2,0.548,88.1,Social Media,0,10,0,0,0.235
64,Male,East,66402.84,9,81.71,8,1,0.372,66.2,Email,1,91,1,1,0.99
64,Male,North,72156.75,85,90.35,5,0,0.181,43.5,SMS,1,126,1,1,0.99
55,Male,North,75997.41,40,119.02,7,2,0.426,66.7,Social Media,0,82,1,1,1.0
38,Male,South,39433.64,25,23.24,10,3,0.448,60.1,Ads,0,117,0,0,0.34
73,Male,East,36615.45,61,134.98,13,0,0.169,26.6,Ads,0,81,1,1,0.985
34,Female,West,71808.54,29,69.45,7,0,0.061,72.4,Email,0,125,1,1,0.995
56,Female,South,65110.43,59,141.69,4,0,0.094,76.2,Social Media,0,157,1,1,1.0
63,Female,West,58733.34,92,97.08,6,0,0.149,69.5,Ads,0,95,1,1,0.99
56,Male,South,66255.18,76,52.87,10,3,0.075,54.3,Social Media,0,66,0,1,0.88
22,Female,South,57489.86,78,18.65,5,1,0.29,46.6,Social Media,0,9,0,0,0.1
67,Female,North,43984.15,83,35.88,9,1,0.27,81.8,Email,0,27,1,0,0.13
33,Male,South,38231.14,27,79.82,8,2,0.055,65.2,SMS,1,51,1,1,0.99
36,Female,West,73009.72,65,115.57,7,1,0.435,40.8,Email,0,92,1,1,0.995
42,Female,West,66056.34,39,152.66,4,2,0.337,35.3,SMS,0,26,1,1,0.995
25,Female,East,51437.48,73,105.52,11,3,0.407,59.8,Social Media,1,142,1,1,1.0
43,Male,South,75690.38,14,68.79,11,5,0.573,74.5,Social Media,0,120,1,1,0.985
46,Other,East,65645.61,86,95.4,7,0,0.141,82.4,Ads,0,84,1,1,0.99
54,Male,East,52228.69,96,88.35,8,1,0.246,69.9,Social Media,0,87,1,1,0.995
52,Female,West,95739.93,79,152.02,7,1,0.207,55.9,SMS,0,126,1,1,0.99
41,Male,East,65733.5,13,57.74,10,3,0.032,100.0,SMS,1,99,1,1,0.93
30,Male,West,71730.89,41,73.5,13,2,0.253,67.0,Ads,0,49,1,1,0.99
19,Female,South,44803.53,40,37.92,9,1,0.1,21.6,Social Media,0,66,0,1,0.705
23,Male,East,53532.43,72,5.0,9,1,0.323,80.9,SMS,0,56,0,0,0.07
62,Male,South,66826.36,38,97.74,9,2,0.299,81.0,SMS,0,132,1,1,1.0
33,Female,West,48087.36,68,50.71,10,0,0.115,68.8,Ads,1,33,1,1,0.665
39,Male,South,48272.94,64,69.21,7,0,0.226,71.3,Ads,0,91,1,1,0.985
18,Male,East,78076.49,23,67.18,8,1,0.203,64.4,SMS,1,78,1,1,0.98
51,Female,South,45106.04,46,103.73,8,1,0.186,50.4,Ads,0,148,1,1,1.0
36,Male,North,47877.98,73,72.46,6,1,0.436,63.7,Ads,0,112,0,1,0.98
46,Female,North,64615.94,103,95.51,7,2,0.057,51.7,SMS,0,151,1,1,0.99
55,Male,West,58536.95,52,87.64,3,5,0.189,64.0,Email,0,132,1,1,0.995
47,Female,South,72260.23,113,74.16,12,1,0.426,36.5,Ads,0,175,1,1,0.99
58,Female,South,34278.44,118,21.83,9,1,0.17,100.0,Social Media,0,93,0,0,0.35
65,Other,East,53446.82,3,44.04,8,2,0.381,53.5,Ads,1,144,1,1,0.925
44,Female,East,19236.98,88,116.12,4,1,0.367,82.2,SMS,1,152,1,1,0.975
50,Female,South,46536.77,57,106.93,6,0,0.494,76.1,Email,0,161,1,1,0.99
47,Male,North,65331.41,110,104.43,5,0,0.166,59.9,Social Media,1,117,1,1,0.995
74,Male,East,54233.03,62,99.16,13,2,0.134,40.5,Email,0,161,1,1,0.995
20,Male,South,81571.27,18,53.96,7,2,0.167,29.9,Social Media,0,82,1,1,0.985
28,Male,South,61396.67,51,61.4,6,1,0.273,0.0,SMS,0,125,1,1,0.975
52,Male,East,66278.25,104,47.47,17,2,0.396,82.9,Social Media,1,63,1,0,0.4
19,Male,West,40541.04,73,132.69,5,3,0.267,100.0,SMS,0,43,1,1,0.905
57,Female,East,63249.43,61,42.31,11,0,0.485,64.4,Social Media,1,90,0,1,0.53
68,Male,South,70422.96,29,30.17,6,0,0.288,63.8,Social Media,0,132,1,1,0.81
57,Female,East,36245.4,97,99.29,14,2,0.289,68.5,Email,1,32,1,1,0.935
31,Female,South,70200.77,43,76.48,10,2,0.226,54.6,Ads,0,118,1,1,1.0
70,Male,East,58395.84,86,40.64,10,0,0.148,42.7,Social Media,1,11,1,0,0.265
31,Male,West,65761.71,107,6.15,6,1,0.537,63.6,Ads,0,133,0,0,0.175
28,Female,East,48612.89,76,57.95,8,1,0.085,62.0,Ads,1,60,1,1,0.9
35,Male,North,44813.87,4,46.16,5,2,0.28,83.9,SMS,1,149,1,1,0.93
27,Female,West,37088.9,108,126.63,11,1,0.171,61.7,Email,1,125,1,1,0.99
37,Female,South,48311.76,45,52.7,11,1,0.342,74.9,Ads,0,25,0,1,0.685
53,Female,South,73545.72,90,57.02,5,3,0.275,100.0,SMS,0,37,1,1,0.54
50,Female,South,62618.64,110,53.07,5,3,0.42,56.9,Ads,0,68,1,1,0.845
52,Female,South,59124.92,1,34.71,9,3,0.17,50.2,Ads,0,60,1,1,0.64
68,Female,East,43574.52,22,117.22,11,1,0.231,72.3,Social Media,0,38,1,1,0.985
42,Other,North,61141.71,33,115.17,9,2,0.217,60.8,Social Media,1,21,1,1,0.98
53,Male,East,61419.82,49,94.56,5,3,0.152,78.9,Email,1,131,1,1,1.0
61,Male,South,55828.97,35,38.82,5,2,0.478,99.1,SMS,0,142,1,1,0.785
56,Female,East,86148.85,53,128.02,13,2,0.241,43.5,SMS,1,18,1,1,0.975
65,Male,South,62904.71,67,78.97,6,0,0.209,70.6,Ads,0,63,1,1,0.985
69,Male,West,68160.46,51,122.52,10,2,0.291,66.8,Social Media,0,69,1,1,0.985
23,Male,East,40985.08,7,104.71,7,2,0.114,66.3,Ads,0,70,1,1,0.98
58,Male,North,89856.61,96,127.83,11,1,0.213,84.3,Email,0,122,1,1,0.98
50,Female,West,82486.02,73,72.07,5,2,0.254,32.5,Ads,0,176,1,1,0.995
31,Male,West,71692.84,63,124.22,6,2,0.401,47.2,SMS,0,139,1,1,0.995
38,Female,South,62027.6,68,58.4,6,2,0.611,69.0,Email,1,44,1,1,0.78
52,Female,South,51509.62,62,112.22,4,1,0.464,42.7,Social Media,0,111,1,1,0.99
43,Female,South,78745.17,35,116.29,6,1,0.251,40.6,Social Media,0,9,1,1,0.98
22,Female,South,78020.96,98,38.15,11,2,0.467,51.0,Social Media,1,123,1,1,0.595
47,Male,West,91137.38,46,129.47,9,2,0.304,38.4,SMS,0,84,1,1,1.0
20,Female,East,70372.45,105,58.77,12,1,0.081,62.5,Email,0,19,1,1,0.61
61,Female,East,15000.0,68,70.58,2,3,0.278,66.8,Social Media,0,63,1,1,0.93
26,Female,West,48146.86,30,61.86,8,3,0.269,78.8,Email,0,59,1,1,0.91
62,Male,East,52895.93,80,70.57,5,1,0.065,88.7,Email,1,52,1,1,0.945
58,Female,East,70852.85,108,146.7,4,2,0.434,47.3,Ads,0,158,1,1,0.985
54,Female,West,68856.8,19,51.67,12,3,0.402,71.3,Ads,0,46,1,1,0.715
58,Female,East,70416.49,65,110.83,18,0,0.317,92.7,Ads,0,25,1,1,0.905
66,Other,East,90390.5,75,73.8,12,1,0.312,76.2,Email,0,93,1,1,0.985
18,Female,West,54605.85,66,127.87,5,0,0.195,71.5,SMS,1,179,1,1,0.995
24,Female,North,71830.15,31,121.28,8,3,0.23,52.5,Email,1,131,1,1,0.995
41,Female,South,70935.24,73,94.47,3,2,0.233,45.6,Social Media,1,90,1,1,0.995
57,Female,North,39377.25,26,67.2,7,1,0.531,89.8,SMS,1,41,1,1,0.95
58,Female,East,45705.04,108,83.71,10,2,0.103,78.2,Ads,0,63,1,1,0.985
57,Female,East,51789.88,110,42.57,10,0,0.131,77.0,SMS,0,73,0,0,0.385
27,Female,West,35775.41,96,76.16,7,1,0.651,69.4,Social Media,0,104,1,1,0.96
58,Female,South,40080.28,89,41.05,10,2,0.099,72.6,Ads,0,59,0,0,0.385
18,Male,South,59358.87,21,71.46,4,0,0.489,57.7,SMS,0,131,1,1,0.98
26,Male,West,83026.95,80,101.48,7,0,0.3,53.3,Ads,1,2,1,1,0.95
59,Male,West,70926.94,32,37.45,10,0,0.347,93.3,Social Media,1,86,0,1,0.665
62,Male,North,67865.91,21,32.0,6,1,0.244,54.9,SMS,0,160,1,1,0.89
20,Female,East,65614.56,9,40.06,8,7,0.202,79.9,Social Media,0,143,1,1,0.845
71,Male,West,41417.07,77,99.65,6,1,0.3,16.4,Ads,0,5,1,1,0.97
67,Female,South,64241.79,51,70.11,11,0,0.31,12.6,Ads,0,165,1,1,0.98
73,Other,East,47912.43,69,5.0,2,1,0.158,78.3,SMS,0,170,0,0,0.44
41,Female,North,60131.09,39,98.74,10,2,0.146,69.6,SMS,0,171,1,1,1.0
62,Female,West,37965.55,33,94.96,10,0,0.332,33.9,SMS,0,149,1,1,1.0
21,Male,North,38690.09,25,70.51,7,1,0.2,26.2,Social Media,0,18,1,1,0.95
26,Female,North,63183.1,113,100.94,12,0,0.356,81.5,Social Media,0,88,1,1,0.965
71,Male,South,56420.45,81,82.37,9,3,0.167,48.7,SMS,1,148,1,1,0.985
64,Female,South,74540.75,71,100.82,6,1,0.123,34.1,Social Media,0,60,1,1,0.98
71,Female,South,53674.78,25,79.99,5,2,0.678,55.0,Social Media,1,15,1,1,0.875
45,Female,East,39279.97,29,27.64,11,1,0.13,68.1,Email,1,165,1,1,0.865
42,Female,North,40183.57,13,8.86,6,2,0.478,40.8,Email,0,92,0,0,0.25
38,Male,South,62633.2,65,118.14,5,0,0.37,69.4,SMS,0,174,1,1,0.995
35,Male,West,63241.85,62,123.35,8,0,0.207,82.9,Ads,1,58,1,1,0.985
41,Female,West,66014.23,110,78.07,3,1,0.021,64.7,Social Media,1,60,1,1,0.98
45,Male,West,72469.81,29,82.95,9,0,0.557,80.2,Email,0,125,1,1,0.99
18,Female,South,61921.6,42,84.94,3,4,0.095,55.8,SMS,0,30,1,1,0.965
22,Male,West,45937.83,66,48.19,8,3,0.536,60.4,Email,0,75,1,1,0.745
22,Other,South,49909.53,59,97.5,5,1,0.183,25.3,SMS,1,143,1,1,0.995
45,Other,North,72056.53,61,117.87,9,1,0.182,78.9,Social Media,0,58,1,1,0.985
73,Female,North,75199.44,55,52.85,6,1,0.16,53.1,Email,0,73,1,1,0.955
43,Male,North,27839.06,37,25.43,6,1,0.081,70.8,SMS,1,154,1,1,0.85
60,Male,South,78069.52,89,40.18,6,2,0.232,30.5,SMS,0,170,1,1,0.845
54,Male,North,67198.36,58,77.18,12,0,0.107,46.9,Ads,0,24,1,1,0.965
66,Female,West,72532.17,78,13.31,7,3,0.155,39.5,SMS,0,52,0,0,0.125
72,Female,West,74001.9,57,88.03,13,1,0.353,75.4,Email,0,38,1,1,0.92
70,Female,West,46404.3,77,79.35,10,1,0.614,87.7,Ads,0,91,1,1,0.96
61,Male,North,86517.28,77,62.29,2,3,0.394,80.1,Email,0,88,1,1,0.935
56,Other,North,64995.31,61,19.32,6,2,0.054,54.1,Email,0,94,1,0,0.335
47,Female,North,17310.15,64,113.02,3,2,0.229,71.7,Email,1,148,1,1,0.98
31,Male,West,53735.77,76,22.23,12,2,0.1,49.1,Email,0,147,0,1,0.625
23,Female,South,50579.59,75,53.97,9,5,0.258,88.1,Social Media,1,110,1,1,0.905
22,Female,South,56606.53,47,80.9,8,1,0.399,32.5,Social Media,1,18,1,1,0.99
74,Male,South,56811.5,77,79.54,11,2,0.143,68.5,Social Media,0,92,1,1,0.985
25,Male,West,80241.47,64,52.14,6,2,0.241,45.9,Social Media,0,51,1,1,0.815
18,Female,East,53482.76,66,65.87,9,3,0.36,69.5,Ads,0,10,1,1,0.78
46,Female,West,32092.55,43,60.17,9,1,0.105,76.4,Social Media,0,17,0,1,0.86
61,Male,South,89811.19,24,90.19,9,1,0.414,69.6,SMS,0,66,1,1,0.985
54,Male,East,20375.93,80,117.5,4,3,0.477,86.4,Ads,0,145,1,1,0.98
20,Male,West,89516.45,114,37.04,10,1,0.356,59.1,Social Media,0,120,0,1,0.53
52,Other,East,64149.79,4,97.25,9,2,0.088,64.4,Social Media,0,72,1,1,0.985
54,Male,North,64719.17,14,113.48,17,3,0.185,33.9,Ads,1,35,1,1,0.99
34,Female,East,25542.29,100,127.34,9,0,0.183,37.2,Ads,0,39,1,1,0.99
25,Female,West,54726.47,60,45.42,9,0,0.397,92.0,Email,1,176,1,1,0.83
70,Female,North,50694.84,19,45.3,8,3,0.052,77.2,Social Media,0,158,1,1,0.965
46,Female,North,66765.18,76,190.35,2,0,0.142,52.5,Email,0,133,1,1,0.98
24,Male,East,66837.84,92,39.23,7,2,0.086,78.2,Email,1,72,1,1,0.595
31,Female,East,26175.19,104,46.37,5,0,0.531,54.4,Email,0,152,0,1,0.79
60,Male,West,51068.5,10,108.88,8,2,0.219,42.3,Social Media,1,159,1,1,1.0
46,Female,South,47118.08,22,76.0,7,3,0.11,67.8,Social Media,0,29,1,1,0.99
67,Female,East,53243.54,56,89.03,10,3,0.146,77.3,Ads,1,61,1,1,0.985
35,Male,West,71864.2,41,106.45,8,3,0.455,67.0,Ads,0,6,1,1,0.97
54,Female,North,93747.8,69,92.36,11,0,0.412,52.8,Email,1,154,1,1,0.99
33,Male,West,67200.96,89,70.93,3,2,0.311,75.7,Ads,0,7,1,1,0.78
74,Male,South,67075.86,17,45.48,7,1,0.448,61.5,Ads,0,136,1,1,0.86
53,Male,North,59652.56,32,113.18,12,3,0.052,54.2,Social Media,0,132,1,1,1.0
34,Male,West,72626.37,51,76.63,7,1,0.207,60.4,Social Media,0,75,1,1,0.995
52,Male,North,73356.58,112,117.7,11,4,0.508,84.9,Ads,0,44,1,1,0.905
31,Male,West,56956.42,44,115.8,6,0,0.209,41.9,Social Media,1,34,1,1,0.995
23,Female,South,54266.99,87,5.0,8,1,0.122,63.6,Ads,0,41,0,0,0.055
58,Male,East,79333.99,88,90.15,12,1,0.41,60.3,Social Media,0,177,1,1,1.0
38,Female,North,68520.24,29,79.11,8,3,0.351,22.0,Ads,1,166,1,1,0.99
25,Female,West,55600.95,29,84.56,6,2,0.395,50.3,SMS,1,48,1,1,0.99
50,Female,North,48838.27,30,148.29,6,4,0.291,54.5,SMS,0,88,1,1,0.985
59,Male,East,54122.63,107,14.06,7,2,0.43,63.6,Ads,0,43,0,0,0.085
73,Female,North,44560.2,29,69.93,5,1,0.458,63.1,Social Media,0,50,1,1,0.97
25,Female,South,62219.45,115,50.86,8,1,0.053,84.8,Social Media,0,98,1,1,0.76
18,Male,South,70007.17,53,122.25,4,4,0.321,76.6,Social Media,1,74,1,1,0.97
33,Male,South,59795.32,16,80.66,12,2,0.101,80.1,Email,0,92,1,1,0.995
39,Female,West,54838.96,110,84.99,12,0,0.457,68.8,Ads,0,17,1,1,0.885
39,Male,East,80921.47,91,40.86,7,2,0.226,76.7,Email,1,72,1,1,0.525
56,Female,South,93394.31,71,128.74,8,3,0.386,67.0,Email,0,174,1,1,0.975
68,Male,North,85459.8,84,76.82,9,3,0.258,33.6,SMS,0,102,1,1,0.99
51,Female,South,53652.91,55,21.53,11,3,0.179,100.0,SMS,0,103,0,0,0.3
64,Male,West,48550.75,16,64.33,10,0,0.089,64.1,Email,0,9,1,1,0.88
28,Male,East,59704.05,13,57.55,8,1,0.122,60.2,Email,0,160,1,1,1.0
65,Male,North,19316.57,16,82.43,11,1,0.089,100.0,SMS,0,9,1,1,0.875
74,Female,North,64241.73,52,90.51,10,1,0.027,57.9,SMS,1,30,1,1,0.99
45,Female,South,48348.2,99,143.22,10,0,0.55,53.6,Ads,0,99,1,1,0.995
35,Female,South,63267.16,72,78.5,5,1,0.476,89.3,SMS,0,1,1,1,0.855
72,Female,East,90838.34,107,56.59,8,0,0.141,80.2,SMS,1,133,1,1,0.97
64,Female,North,68937.87,49,48.13,8,1,0.369,61.2,SMS,0,88,1,1,0.805
62,Female,North,55964.81,49,45.01,7,0,0.573,71.8,Email,0,117,1,1,0.92
27,Female,North,51190.25,42,43.71,4,0,0.357,32.9,SMS,0,118,1,1,0.9
71,Other,East,69029.69,42,74.52,7,2,0.404,100.0,Email,0,25,1,1,0.915
66,Female,West,81859.49,117,22.9,14,2,0.363,50.5,Email,1,7,0,0,0.13
52,Female,East,50521.4,115,93.6,3,1,0.534,33.5,SMS,0,158,1,1,0.99
51,Female,West,41197.06,29,70.44,8,2,0.029,88.2,Social Media,0,152,1,1,1.0
20,Female,East,60427.59,109,144.72,6,2,0.747,55.3,Ads,0,171,1,1,0.97
35,Male,South,64204.42,9,72.58,10,0,0.279,59.0,SMS,0,122,1,1,0.99
66,Male,North,77152.64,115,84.49,8,0,0.067,61.3,Ads,0,17,1,1,0.97
38,Male,South,67731.8,79,62.92,7,0,0.367,70.2,Social Media,0,79,1,1,0.97
62,Male,South,55418.39,111,93.51,8,1,0.144,84.2,Email,0,21,1,1,0.94
30,Female,East,89566.11,79,57.52,4,2,0.075,64.0,Email,1,32,1,1,0.8
55,Male,North,65508.59,112,56.28,8,3,0.069,48.5,SMS,1,49,1,1,0.805
45,Female,North,82321.74,15,121.87,8,3,0.28,65.6,Email,0,150,1,1,1.0
42,Female,South,67994.82,109,38.38,9,4,0.551,93.3,SMS,0,41,0,0,0.195
22,Male,North,40933.65,17,66.39,9,0,0.089,35.0,Social Media,0,65,1,1,0.995
44,Female,West,61663.86,116,72.52,11,0,0.585,60.0,Ads,0,148,1,1,0.975
34,Male,West,49788.63,15,108.26,6,2,0.072,39.1,SMS,0,35,1,1,0.99
22,Male,East,48676.44,81,27.24,5,2,0.102,42.3,Social Media,0,51,0,0,0.245
69,Male,North,58287.38,62,71.68,11,1,0.325,65.9,Email,0,48,1,1,0.955
67,Female,South,61674.81,7,151.84,8,2,0.104,57.5,Email,0,79,1,1,0.99
30,Male,West,59676.27,98,50.86,7,0,0.548,43.3,Ads,0,110,1,1,0.905
57,Female,South,26810.89,100,148.3,10,4,0.101,25.0,Ads,0,130,1,1,0.995
29,Male,South,49721.69,53,109.3,9,2,0.186,58.5,Email,0,151,1,1,0.995
26,Male,East,76155.24,24,111.74,9,1,0.571,87.0,Social Media,0,4,1,1,0.94
65,Male,West,59849.56,50,103.28,10,2,0.209,74.6,Email,0,138,1,1,0.995
21,Male,South,58900.85,72,119.17,5,1,0.14,51.0,Email,0,97,1,1,0.99
23,Male,South,88264.11,48,68.08,9,2,0.272,91.5,SMS,0,82,1,1,0.975
61,Male,East,101568.74,104,64.77,11,2,0.136,38.2,Email,0,174,1,1,0.995
47,Male,East,82320.37,99,144.03,4,7,0.093,67.4,Email,1,104,1,1,0.975
67,Female,North,35739.62,47,88.05,10,0,0.256,32.3,Email,0,67,1,1,0.98
51,Female,South,59345.95,26,87.74,11,1,0.495,57.9,Email,0,18,1,1,0.99
46,Female,West,37987.43,42,108.17,8,1,0.067,63.9,Ads,0,88,1,1,0.985
49,Female,East,46755.35,41,75.78,12,1,0.555,50.6,Ads,1,172,1,1,0.985
40,Male,South,74521.95,32,16.83,10,2,0.417,64.0,Email,0,125,0,0,0.3
43,Male,South,41496.36,56,143.41,4,1,0.434,75.6,Ads,0,145,1,1,0.99
61,Male,East,25637.01,103,14.47,6,1,0.016,38.8,SMS,0,148,0,0,0.4
52,Male,North,47035.37,15,68.15,11,2,0.33,49.0,SMS,0,142,1,1,0.995
54,Female,West,41227.5,1,126.61,6,2,0.281,87.9,SMS,1,177,1,1,1.0
68,Male,West,42326.31,27,46.87,5,1,0.27,48.1,SMS,0,46,1,1,0.715
55,Female,East,53464.21,64,84.37,8,2,0.349,73.8,SMS,0,56,1,1,0.99
38,Female,West,21592.2,117,78.18,8,1,0.337,38.2,SMS,0,146,1,1,0.995
19,Female,East,58509.69,106,95.56,12,3,0.36,40.0,Ads,0,38,1,1,0.96
64,Female,South,51986.31,73,92.08,4,1,0.754,55.3,Email,1,114,1,1,0.965
50,Male,North,86135.04,101,158.85,11,1,0.383,62.9,SMS,1,135,1,1,1.0
45,Male,South,40138.17,45,49.73,9,3,0.166,59.1,Ads,0,86,1,1,0.94
66,Male,West,49896.73,119,145.57,10,3,0.346,64.3,Ads,1,81,1,1,0.98
37,Female,North,59093.58,95,68.85,9,1,0.242,33.5,Social Media,0,44,1,1,0.955
48,Female,North,33088.02,90,90.85,10,0,0.557,99.5,SMS,0,47,1,1,0.84
74,Male,North,36720.11,8,118.1,7,1,0.297,11.3,Email,0,67,1,1,0.96
74,Male,South,56652.26,20,134.53,11,2,0.444,72.5,Ads,0,94,1,1,0.985
53,Male,North,36173.62,45,57.93,5,1,0.252,65.7,Social Media,0,41,1,1,0.945
48,Female,East,72951.48,27,96.88,3,1,0.381,47.3,Social Media,1,127,1,1,0.99
33,Other,West,33234.85,61,92.77,9,3,0.195,73.1,Email,0,156,1,1,0.995
64,Male,East,55986.85,61,106.42,9,0,0.256,35.6,SMS,1,147,1,1,1.0
45,Male,South,58621.36,81,27.15,13,2,0.046,65.5,Ads,0,108,0,0,0.385
69,Male,East,52267.8,39,124.05,6,3,0.189,48.8,Social Media,0,22,1,1,0.985
54,Male,North,75529.61,36,74.15,12,3,0.234,60.7,SMS,0,145,1,1,0.995
32,Male,West,66782.35,66,88.68,11,1,0.194,81.9,Ads,1,27,1,1,0.975
51,Male,South,69733.26,29,66.94,9,1,0.273,73.4,SMS,1,75,1,1,0.98
68,Female,North,46397.01,18,115.15,10,2,0.367,90.7,SMS,0,14,1,1,0.97
31,Male,South,47448.05,26,84.89,9,1,0.403,46.6,Email,0,109,1,1,1.0
33,Male,North,58962.36,99,88.66,9,0,0.461,55.7,Social Media,1,158,1,1,0.985
73,Male,South,102985.32,104,85.31,6,3,0.261,44.1,Ads,0,9,1,1,0.915
71,Female,South,34327.7,50,12.22,6,0,0.536,69.5,SMS,0,24,0,0,0.13
22,Other,North,67660.81,115,64.66,7,0,0.261,57.7,Email,1,102,1,1,0.97
53,Female,West,63924.16,42,41.45,8,2,0.315,73.5,Ads,0,63,1,1,0.575
27,Female,North,55823.47,70,139.61,7,2,0.473,35.7,SMS,1,153,1,1,0.99
37,Female,West,49562.36,73,41.89,13,0,0.498,77.9,Email,0,162,1,1,0.73
25,Male,West,75758.86,82,93.22,9,4,0.252,83.8,Ads,1,116,1,1,0.98
59,Female,East,63777.34,13,87.52,9,0,0.121,80.7,Ads,0,40,1,1,0.995
55,Male,East,48386.21,50,134.35,5,1,0.405,63.6,Email,0,20,1,1,0.975
24,Female,East,45190.0,79,123.78,10,3,0.139,72.5,Ads,0,16,1,1,0.99
44,Male,South,86517.45,30,80.94,10,1,0.306,62.2,Ads,0,139,1,1,0.995
29,Female,North,67958.68,81,57.82,7,2,0.297,86.3,SMS,1,92,1,1,0.935
31,Female,North,47935.05,99,83.86,10,2,0.345,52.1,Ads,1,25,1,1,0.96
28,Female,North,67191.42,29,148.42,11,0,0.32,48.7,Social Media,1,70,1,1,0.985
29,Male,West,43547.64,50,60.95,5,1,0.216,90.4,Email,0,21,1,1,0.77
64,Female,West,34766.23,10,81.57,9,2,0.137,76.8,Social Media,0,78,1,1,1.0
69,Male,South,73787.06,114,83.45,6,1,0.328,46.3,SMS,0,72,1,1,0.96
58,Female,West,38973.08,113,60.8,12,2,0.477,83.5,Ads,0,5,0,0,0.39
71,Female,East,87761.13,50,68.16,15,1,0.098,26.5,SMS,0,143,1,1,0.965
27,Male,South,35948.59,70,87.28,5,3,0.445,54.7,Ads,0,117,1,1,0.995
42,Male,North,63536.23,67,63.42,9,0,0.053,34.3,Email,0,178,1,1,0.98
51,Male,East,60939.7,31,165.95,4,1,0.215,90.8,Ads,1,148,1,1,0.99
22,Male,West,70781.86,78,104.43,7,0,0.298,76.7,Email,0,3,1,1,0.94
65,Female,North,72177.07,69,132.86,14,0,0.347,83.4,Email,1,126,1,1,0.985
37,Female,East,55378.03,16,100.53,4,1,0.265,64.5,Ads,0,66,1,1,0.985
67,Male,North,62053.98,71,8.85,12,5,0.204,85.9,Ads,1,135,0,0,0.325
56,Male,South,88653.76,30,120.37,10,0,0.125,42.8,Email,0,86,1,1,0.99
20,Male,West,49265.88,6,52.51,10,3,0.269,70.5,Email,0,5,1,1,0.645
34,Female,West,89043.34,36,109.87,5,2,0.641,78.5,Ads,0,67,1,1,0.99
73,Male,East,75899.49,108,36.74,11,1,0.368,50.3,Ads,1,153,1,1,0.705
46,Female,West,49640.97,111,48.68,13,0,0.441,58.1,SMS,0,104,0,1,0.62
52,Male,East,51808.11,28,73.53,6,1,0.225,54.4,Email,1,1,1,1,0.955
74,Other,East,70566.2,109,87.42,12,3,0.207,55.5,Email,0,146,1,1,0.975
21,Male,North,52489.8,39,101.11,8,0,0.46,46.3,SMS,0,118,1,1,0.98
36,Male,West,62840.23,115,90.82,5,3,0.035,100.0,SMS,1,127,1,1,0.965
40,Other,North,56201.17,5,70.03,8,2,0.16,88.6,Ads,1,159,1,1,0.975
68,Female,North,85148.13,73,53.53,5,0,0.276,69.9,Ads,0,14,0,1,0.575
60,Male,West,74541.68,75,118.74,5,1,0.368,100.0,Email,0,154,1,1,0.975
19,Male,South,67317.84,21,93.9,7,3,0.495,36.8,Ads,0,99,1,1,0.985
39,Female,West,49214.3,74,111.87,6,0,0.446,46.4,SMS,0,73,1,1,0.99
38,Female,South,80751.28,2,115.96,10,1,0.514,69.8,SMS,1,50,1,1,0.99
18,Female,South,73200.18,116,87.19,11,3,0.204,47.4,SMS,0,117,1,1,0.96
69,Male,North,65584.83,38,32.71,7,4,0.18,74.8,Email,1,31,0,0,0.29
51,Male,East,45263.13,108,81.77,5,2,0.128,48.9,Email,1,116,1,1,0.995
40,Male,West,44836.48,17,73.13,6,4,0.225,67.1,Ads,1,27,1,1,0.965
22,Male,East,56936.23,53,5.0,10,2,0.375,37.6,Social Media,0,119,0,0,0.175
20,Male,West,58947.97,110,77.41,10,2,0.406,49.8,Email,0,97,1,1,0.995
41,Male,East,56847.62,78,52.4,10,2,0.08,36.7,Social Media,1,91,1,1,0.94
64,Female,North,79702.47,78,59.01,7,0,0.501,88.4,Ads,1,117,1,1,0.94
57,Other,North,15696.11,65,128.69,3,1,0.18,78.5,Email,0,13,1,1,0.985
33,Male,North,80955.94,47,87.35,1,0,0.703,55.5,Email,1,171,1,1,0.97
56,Female,South,45507.2,40,41.42,6,3,0.395,58.4,Social Media,0,21,0,0,0.465
71,Other,South,91968.91,8,117.33,10,6,0.089,52.7,SMS,0,130,1,1,0.975
43,Male,North,59106.23,39,35.47,8,1,0.361,55.5,Social Media,0,166,1,1,0.915
40,Male,East,76410.51,4,98.1,10,2,0.279,77.7,Ads,1,58,1,1,0.995
31,Male,South,68818.93,108,110.84,4,3,0.355,100.0,SMS,0,158,1,1,0.985
70,Male,West,78875.74,74,61.47,10,2,0.645,100.0,SMS,0,80,1,1,0.88
38,Male,North,61898.55,52,78.85,5,1,0.077,44.8,Email,1,77,1,1,0.99
57,Female,North,57224.37,97,8.22,7,2,0.146,100.0,Email,0,119,0,0,0.165
41,Female,North,41530.95,52,46.06,9,2,0.603,60.4,Email,0,94,0,1,0.815
44,Female,East,58134.32,10,93.25,8,1,0.148,73.1,Email,1,19,1,1,0.975
51,Male,North,76119.13,53,71.2,11,1,0.264,32.2,Email,0,108,1,1,0.99
62,Female,South,68561.6,72,84.67,8,4,0.062,95.2,Social Media,0,56,1,1,0.93
27,Female,North,52295.99,104,79.77,5,2,0.121,100.0,Social Media,0,131,1,1,0.99
40,Male,North,85230.79,77,89.88,10,1,0.058,39.0,Email,0,121,1,1,0.985
30,Female,North,64514.36,115,59.51,4,1,0.151,71.5,SMS,1,26,1,1,0.705
44,Female,South,22266.48,98,21.79,8,3,0.423,68.6,SMS,1,146,0,0,0.45
20,Male,East,84087.41,86,133.13,9,1,0.153,71.2,Ads,0,99,1,1,0.98
37,Female,South,51636.14,87,118.24,9,2,0.377,52.6,Email,0,77,1,1,0.98
21,Male,South,68105.82,99,67.46,7,2,0.179,32.6,Ads,0,143,1,1,1.0
40,Female,West,40972.71,90,77.1,6,2,0.125,66.2,Social Media,0,39,1,1,0.985
35,Female,West,69385.23,118,109.01,8,1,0.333,76.6,SMS,0,49,1,1,0.98
41,Female,North,57130.05,82,106.43,10,1,0.247,75.2,Ads,0,153,1,1,0.995
34,Male,North,52548.04,109,80.58,7,1,0.394,50.5,Email,0,173,1,1,1.0
29,Male,South,70399.62,42,121.47,11,2,0.299,72.2,Social Media,0,11,1,1,0.96
27,Male,South,69257.37,91,104.27,7,0,0.272,81.0,SMS,0,31,1,1,0.97
51,Female,East,54633.91,8,47.87,1,0,0.071,71.0,Email,0,146,1,1,0.98
22,Female,North,79100.3,100,82.7,8,1,0.48,46.1,SMS,1,28,1,1,0.93
63,Female,West,55919.81,7,126.03,10,2,0.086,55.0,Email,0,85,1,1,0.99
69,Female,East,63948.35,92,104.49,9,1,0.291,9.5,Email,0,26,1,1,0.96
67,Other,South,73446.17,5,114.27,4,0,0.363,73.6,Ads,1,147,1,1,0.995
42,Male,East,69420.88,68,93.74,2,2,0.311,63.0,Ads,0,87,1,1,0.98
41,Female,South,88747.61,14,102.62,6,0,0.279,60.6,Email,1,122,1,1,0.995
71,Female,West,66101.69,74,72.3,7,2,0.376,39.9,SMS,1,64,1,1,0.98
53,Female,North,67698.54,54,61.39,5,1,0.065,71.8,SMS,1,51,1,1,0.955
18,Male,East,109858.1,13,112.35,10,1,0.64,64.2,Social Media,0,9,1,1,0.885
53,Male,North,59637.0,69,51.85,8,3,0.471,50.9,SMS,0,72,1,1,0.815
19,Male,East,57135.77,71,53.52,10,1,0.099,60.4,Email,0,147,1,1,0.96
63,Female,West,52010.66,116,92.0,4,1,0.469,24.5,Ads,0,175,1,1,0.995
71,Male,North,62261.12,74,149.77,7,1,0.076,100.0,SMS,0,121,1,1,0.96
65,Female,North,40801.03,39,81.87,9,1,0.371,72.0,Email,1,78,1,1,1.0
61,Male,West,55259.92,116,103.44,11,2,0.472,46.7,Email,0,75,1,1,0.995
54,Male,North,59111.52,49,69.65,12,1,0.556,49.3,Social Media,0,100,1,1,0.985
55,Male,East,91698.17,65,27.38,9,1,0.039,73.7,Social Media,0,17,0,0,0.145
25,Male,West,61812.94,50,133.64,14,1,0.061,68.3,SMS,0,83,1,1,0.995
29,Female,East,79467.63,72,85.29,13,0,0.227,60.5,Email,0,61,1,1,0.98
33,Female,South,44851.51,83,100.77,6,2,0.39,34.7,Email,0,124,1,1,1.0
36,Female,South,38500.51,56,128.32,8,0,0.2,75.9,Social Media,0,170,1,1,1.0
70,Male,South,78427.09,41,78.68,7,0,0.281,83.2,Social Media,1,13,1,1,0.96
65,Male,West,15000.0,94,105.96,3,2,0.384,35.7,Social Media,0,131,1,1,0.985
64,Male,East,31857.47,83,100.44,9,1,0.473,60.9,Social Media,0,66,1,1,0.985
57,Male,North,73883.48,19,59.06,6,0,0.595,75.1,Email,0,35,1,1,0.81
27,Female,East,49350.11,20,66.12,6,2,0.043,44.2,Social Media,0,33,1,1,0.975
49,Female,West,26810.32,59,61.6,8,1,0.545,88.2,Email,0,73,1,1,0.915
28,Male,East,38429.79,15,71.3,10,3,0.164,74.5,Social Media,1,92,1,1,0.995
18,Male,East,60846.83,77,73.64,7,2,0.161,66.2,SMS,0,128,1,1,0.995
57,Male,North,74549.25,22,29.15,9,2,0.258,58.7,SMS,1,87,0,1,0.565
34,Male,West,52960.62,36,156.72,6,5,0.101,75.6,Ads,0,160,1,1,0.995
55,Male,West,79290.44,16,43.3,6,0,0.426,56.5,Email,0,91,1,1,0.875
60,Female,East,51989.77,42,70.45,13,1,0.5,56.6,Ads,0,78,1,1,0.945
29,Female,East,15000.0,103,51.31,11,1,0.424,66.2,Email,0,142,1,1,0.87
46,Male,East,38724.13,39,34.29,6,1,0.209,41.4,Ads,1,45,1,0,0.305
61,Male,South,84064.62,15,40.47,10,1,0.268,60.8,Email,0,25,0,0,0.285
44,Female,North,74456.23,90,5.0,7,3,0.498,50.0,Social Media,0,120,0,0,0.14
18,Male,West,68022.23,54,78.65,10,2,0.417,49.6,Social Media,0,34,1,1,0.99
48,Male,North,85110.72,48,37.31,7,3,0.467,40.3,Ads,1,158,1,1,0.88
27,Female,North,80517.33,75,5.0,4,1,0.101,59.2,Ads,0,117,1,0,0.18
32,Female,East,60231.87,19,121.51,5,0,0.258,38.6,Social Media,0,46,1,1,0.985
22,Male,North,64424.88,49,68.63,6,1,0.319,46.0,SMS,1,1,1,1,0.895
72,Female,East,80139.45,63,24.45,7,2,0.296,73.6,Email,0,85,0,0,0.26
73,Male,North,46988.72,24,5.0,7,2,0.099,54.2,Email,0,145,1,0,0.405
45,Other,East,15000.0,117,98.99,13,0,0.467,52.5,Social Media,1,94,1,1,0.935
46,Female,West,63536.97,96,39.22,2,1,0.284,100.0,Ads,0,155,1,1,0.74
40,Female,South,60553.5,84,82.32,4,2,0.125,46.0,Email,0,95,1,1,1.0
28,Female,North,70942.01,49,69.36,7,1,0.017,85.0,Social Media,0,80,1,1,0.98
32,Female,East,80549.58,17,32.44,7,1,0.515,53.8,Social Media,0,69,0,0,0.385
20,Male,West,81455.42,37,124.67,6,1,0.325,52.1,Email,0,36,1,1,0.99
57,Female,South,63016.55,67,60.81,5,0,0.063,76.5,Social Media,1,130,1,1,0.995
49,Male,South,37259.72,45,120.17,10,3,0.289,53.2,SMS,0,7,1,1,0.97
74,Male,South,67622.31,44,114.28,4,0,0.029,73.1,SMS,0,118,1,1,0.985
35,Female,West,54968.16,88,46.65,8,2,0.382,46.0,SMS,1,129,1,1,0.89
36,Female,West,59309.46,29,34.38,7,1,0.274,72.9,Ads,0,115,1,1,0.84
35,Female,West,62337.86,67,43.84,7,1,0.177,44.6,Ads,0,88,0,1,0.84
74,Female,East,69962.37,10,71.59,8,0,0.585,39.4,Social Media,1,91,1,1,0.96
22,Female,East,49429.6,62,122.53,6,1,0.486,63.2,Social Media,1,62,1,1,0.975
56,Female,East,57810.68,12,103.1,5,0,0.246,42.4,Social Media,0,137,1,1,1.0
26,Female,East,43523.49,37,85.47,10,0,0.291,43.1,SMS,0,83,1,1,0.995
72,Female,East,85185.86,113,81.58,11,3,0.329,63.3,Email,1,34,1,1,0.915
64,Female,West,74970.84,1,23.71,8,1,0.553,82.8,Social Media,0,15,0,0,0.195
57,Male,North,69900.31,61,36.05,6,3,0.072,57.0,Ads,0,82,0,1,0.62
70,Female,North,59435.49,68,42.61,9,0,0.385,26.8,SMS,0,176,1,1,0.9
45,Female,West,54570.79,51,107.54,9,0,0.379,43.1,SMS,0,85,1,1,0.99
18,Male,North,72068.86,47,111.24,12,3,0.326,61.4,SMS,0,33,1,1,0.995
40,Male,South,33245.9,25,109.57,4,1,0.323,100.0,SMS,0,87,1,1,0.99
23,Female,North,40595.68,49,68.88,10,1,0.196,58.7,Ads,0,87,1,1,0.98
35,Male,West,56606.53,118,95.96,5,2,0.257,77.8,Social Media,1,93,1,1,0.99
62,Male,North,64817.62,6,48.68,9,3,0.193,62.4,Ads,1,176,1,1,0.96
27,Female,West,50872.57,66,50.32,12,3,0.304,73.3,SMS,1,3,0,0,0.47
34,Male,East,62474.26,63,104.56,9,3,0.272,63.2,SMS,1,150,1,1,0.99
19,Female,West,35384.86,81,77.33,6,0,0.523,55.9,Ads,1,44,1,1,0.94
24,Female,North,27375.84,25,97.41,4,3,0.118,68.1,Social Media,0,177,1,1,0.99
50,Female,West,25666.55,86,22.54,2,0,0.092,35.3,Email,1,82,1,0,0.36
57,Female,West,56094.13,14,57.28,6,1,0.651,100.0,Ads,1,35,1,1,0.81
68,Male,South,45241.9,6,148.14,10,2,0.308,70.9,Social Media,0,119,1,1,1.0
51,Male,East,64007.58,36,132.18,9,1,0.155,78.4,SMS,1,117,1,1,0.995
66,Male,East,85942.2,65,11.49,8,1,0.332,37.3,SMS,0,60,0,0,0.115
43,Male,East,79180.23,88,109.73,6,2,0.362,56.6,Ads,0,86,1,1,1.0
26,Female,South,39672.92,103,116.32,12,1,0.597,41.2,Ads,0,127,1,1,1.0
35,Male,West,48074.29,35,96.98,9,0,0.111,34.2,Ads,1,37,1,1,0.995
59,Female,West,44903.4,13,96.0,9,0,0.07,82.1,Social Media,0,150,1,1,0.995
73,Female,East,42687.1,111,124.71,8,2,0.274,52.1,Social Media,1,98,1,1,0.995
38,Male,North,72779.86,77,81.49,7,2,0.614,62.7,Ads,1,29,1,1,0.96
61,Female,North,54323.51,43,100.29,6,3,0.354,82.3,SMS,0,162,1,1,0.99
70,Male,North,74801.33,9,6.59,7,1,0.336,63.0,Social Media,0,8,0,0,0.105
31,Female,East,65334.14,15,104.35,5,1,0.25,50.8,Social Media,1,127,1,1,0.995
53,Female,West,72673.18,13,87.36,7,4,0.124,41.8,Ads,1,4,1,1,0.985
20,Female,North,116606.8,9,52.4,6,0,0.305,61.4,Social Media,0,88,1,1,0.875
64,Female,North,57324.68,59,83.27,9,1,0.131,79.3,Social Media,0,163,1,1,0.995
37,Male,South,48105.42,8,124.66,7,0,0.253,54.2,Social Media,0,81,1,1,1.0
71,Male,North,72215.55,59,65.43,9,1,0.28,53.8,Email,0,158,1,1,1.0
39,Female,West,52083.9,46,45.14,6,1,0.321,13.8,Social Media,0,130,1,1,0.96
37,Female,East,57710.83,19,60.74,6,1,0.291,72.7,Social Media,1,87,1,1,0.98
25,Female,South,46638.06,12,149.69,7,2,0.182,53.9,Ads,0,53,1,1,1.0
53,Female,South,15000.0,45,97.9,9,1,0.297,30.6,Ads,0,138,1,1,0.995
42,Male,West,51723.2,82,124.62,9,4,0.109,46.6,Email,0,43,1,1,0.99
23,Male,East,15000.0,98,64.35,10,2,0.157,67.4,Ads,0,16,1,1,0.675
70,Female,West,29258.39,93,96.81,11,2,0.107,33.9,Social Media,1,105,1,1,0.995
38,Male,South,68531.83,101,125.04,10,6,0.144,81.2,Social Media,1,46,1,1,0.91
70,Female,North,63155.53,116,111.22,7,0,0.315,57.3,SMS,0,171,1,1,0.99
53,Female,North,60756.2,108,11.1,9,2,0.402,69.8,Ads,1,62,0,0,0.09
52,Male,West,21155.87,20,57.6,8,1,0.503,83.0,SMS,0,109,1,1,0.955
61,Female,North,55331.73,61,21.95,10,1,0.05,63.7,SMS,1,58,0,0,0.18
70,Other,West,87419.57,110,64.81,8,2,0.065,82.4,Email,1,139,1,1,0.965
42,Female,North,74462.63,104,112.57,5,4,0.093,76.0,Email,0,48,1,1,0.98
23,Male,West,91284.16,98,103.84,6,1,0.18,55.8,Social Media,0,92,1,1,0.985
64,Other,South,21329.4,24,76.3,7,0,0.214,63.6,SMS,0,45,1,1,0.99
43,Female,West,46204.08,75,53.53,9,2,0.54,74.3,Email,0,47,0,1,0.725
72,Female,South,46623.41,57,22.17,2,1,0.182,49.3,Email,1,173,1,1,0.67
46,Male,North,54489.17,63,93.57,7,1,0.128,39.3,Ads,1,76,1,1,1.0
63,Male,West,80575.95,113,41.75,18,1,0.298,55.3,Ads,0,114,1,0,0.475
45,Male,East,53581.14,74,56.78,3,0,0.184,69.9,SMS,0,59,1,1,0.89
56,Male,East,59840.45,15,78.21,6,1,0.177,56.0,SMS,1,18,1,1,0.97
65,Male,West,63194.34,105,40.89,6,4,0.538,56.2,Social Media,0,131,0,1,0.72
74,Male,South,66081.31,40,120.27,4,2,0.176,48.8,Email,0,6,1,1,0.985
38,Male,South,79984.96,46,71.23,10,5,0.172,39.7,SMS,0,163,1,1,0.99
43,Male,North,49915.61,28,176.07,6,2,0.113,75.4,Email,0,109,1,1,0.995
19,Female,East,47306.32,86,56.81,13,0,0.619,100.0,Ads,1,126,1,1,0.815
50,Female,West,86311.52,101,5.0,9,2,0.345,68.4,Ads,0,170,0,0,0.215
25,Male,West,51908.4,54,78.33,5,1,0.531,98.8,SMS,0,176,1,1,0.99
18,Male,South,71515.71,70,70.51,7,1,0.131,72.8,Social Media,1,124,1,1,0.975
62,Male,North,69146.56,87,5.0,8,1,0.04,84.7,Email,0,111,0,0,0.16
21,Female,West,66095.64,24,52.76,12,3,0.079,52.5,SMS,0,58,1,1,0.815
26,Other,West,50961.63,27,137.15,17,2,0.273,42.7,Social Media,0,69,1,1,0.965
18,Other,South,48574.55,85,79.88,14,1,0.041,49.4,Email,1,135,1,1,0.98
32,Other,North,60991.96,59,50.58,8,2,0.147,58.5,Ads,0,170,1,1,0.965
29,Male,East,63066.77,112,183.08,8,0,0.375,55.3,SMS,1,143,1,1,0.99
43,Female,West,96203.51,87,69.69,10,1,0.324,20.8,Email,0,16,1,1,0.86
67,Female,South,75991.33,103,145.74,6,3,0.134,78.4,Ads,1,91,1,1,0.99
52,Female,East,59310.75,109,116.0,8,3,0.626,72.7,Email,1,103,1,1,0.97
51,Female,South,60512.55,49,108.53,10,2,0.287,82.6,Ads,0,47,1,1,0.99
73,Male,East,43456.77,69,48.54,8,2,0.156,66.3,Ads,0,174,0,1,0.93
68,Other,East,53871.94,39,109.99,10,1,0.224,83.7,Ads,1,5,1,1,0.97
50,Male,South,47711.5,96,69.08,7,1,0.371,49.3,Ads,0,177,1,1,0.995
68,Female,West,52814.17,99,54.82,6,1,0.204,85.6,SMS,0,12,0,1,0.62
58,Female,North,97855.92,115,134.9,10,1,0.273,92.8,Social Media,0,84,1,1,0.965
45,Female,West,45580.34,74,49.35,7,0,0.452,63.8,Ads,0,86,0,1,0.82
51,Female,East,53438.19,2,95.76,8,2,0.308,63.7,Social Media,1,73,1,1,0.985
24,Female,North,72492.32,45,74.41,13,0,0.074,77.2,Email,0,164,1,1,0.97
70,Male,West,64355.89,93,23.73,7,2,0.2,85.7,Ads,1,155,0,0,0.45
57,Male,North,71823.53,66,66.94,10,5,0.482,14.2,SMS,0,71,1,1,0.94
30,Female,East,54343.25,53,14.26,11,1,0.046,58.7,Email,1,120,1,0,0.26
41,Female,North,59361.25,4,67.2,10,2,0.162,63.8,SMS,0,86,1,1,0.975
41,Other,North,35584.57,39,5.0,7,2,0.221,31.5,Email,0,60,0,0,0.265
46,Male,South,28184.28,40,42.61,4,4,0.216,70.9,SMS,0,38,0,1,0.56
41,Female,South,74060.82,51,121.73,5,1,0.206,76.3,SMS,0,171,1,1,0.995
69,Female,South,79240.84,21,106.7,5,2,0.776,82.8,SMS,1,82,1,1,0.93
58,Female,East,59907.64,9,78.45,7,1,0.459,83.2,Email,0,176,1,1,1.0
34,Male,East,60299.72,8,92.02,10,0,0.187,99.0,Email,0,42,1,1,0.98
30,Female,South,48077.35,18,82.02,12,1,0.203,72.8,Ads,0,138,1,1,0.995
41,Female,West,53111.13,40,67.84,8,1,0.156,37.2,Ads,0,41,1,1,0.96
72,Male,North,77013.94,66,122.7,8,1,0.152,68.4,Social Media,1,42,1,1,0.98
29,Female,West,73895.71,78,120.9,4,2,0.157,27.3,Social Media,0,68,1,1,0.995
48,Female,South,52658.73,27,85.8,6,2,0.615,63.7,SMS,1,124,1,1,0.995
68,Female,South,49473.27,30,95.27,10,2,0.531,45.9,SMS,1,130,1,1,0.975
46,Female,North,52195.22,20,101.12,10,1,0.349,64.4,Social Media,0,4,1,1,0.975
20,Male,South,90207.59,57,126.82,11,1,0.33,80.4,Ads,0,159,1,1,0.99
19,Male,South,50957.58,70,135.75,8,4,0.144,65.8,Ads,0,145,1,1,0.99
71,Male,North,50293.18,86,46.49,11,0,0.088,28.6,Email,0,57,1,0,0.47
66,Male,West,77562.38,28,90.58,10,0,0.368,89.6,SMS,1,13,1,1,0.975
20,Female,West,59065.85,21,101.6,6,0,0.243,63.6,Ads,0,1,1,1,0.98
35,Male,West,62902.89,15,60.97,7,1,0.176,90.8,Social Media,0,133,1,1,0.985
69,Female,East,50878.58,61,71.92,12,2,0.676,30.1,Email,0,96,0,1,0.95
28,Female,East,72111.08,66,105.0,8,2,0.307,99.1,Ads,0,67,1,1,0.99
68,Female,West,88034.35,38,72.35,10,4,0.392,61.3,Social Media,1,126,1,1,0.99
57,Female,South,45686.36,28,97.96,11,2,0.224,31.0,SMS,1,42,1,1,0.98
55,Male,East,61199.36,66,114.23,8,0,0.399,100.0,Social Media,0,50,1,1,0.98
66,Female,North,72090.39,13,86.84,4,4,0.183,25.7,SMS,1,156,1,1,1.0
38,Male,North,68540.48,109,78.72,13,3,0.1,65.8,Email,1,162,1,1,0.99
49,Female,South,62296.27,28,91.84,9,2,0.632,74.6,Email,0,162,1,1,1.0
21,Female,West,70006.54,66,12.17,5,1,0.366,34.1,Ads,0,116,0,0,0.32
39,Female,West,40942.02,85,61.62,8,1,0.158,69.5,Ads,0,160,1,1,0.99
66,Female,South,25452.35,30,36.14,12,0,0.205,55.4,Ads,0,35,0,0,0.425
39,Male,East,80189.66,88,102.41,6,1,0.192,63.1,Email,0,7,1,1,0.985
26,Female,North,71230.37,93,100.86,9,2,0.311,72.2,Ads,1,106,1,1,0.995
39,Male,North,45689.73,115,100.22,2,3,0.235,19.0,SMS,1,144,1,1,0.99
44,Female,North,46426.56,117,85.86,7,0,0.314,62.2,SMS,1,130,1,1,0.975
58,Male,North,43169.36,29,110.59,8,1,0.091,0.0,SMS,1,116,1,1,0.985
72,Male,West,49045.59,73,60.51,12,0,0.241,78.4,Social Media,0,123,1,1,0.97
53,Female,North,66691.57,111,90.2,7,3,0.192,78.9,Social Media,0,18,1,1,0.92
38,Male,East,62744.49,104,74.61,8,2,0.401,50.8,Social Media,0,138,1,1,1.0
55,Female,West,40142.35,97,50.91,7,1,0.347,67.3,Social Media,0,30,0,0,0.435
69,Female,West,55080.95,63,76.66,5,5,0.106,71.6,SMS,0,166,1,1,0.995
29,Male,East,54054.59,2,78.69,8,1,0.219,68.1,Ads,0,75,1,1,0.985
31,Male,North,70556.15,67,37.59,8,2,0.569,47.7,Ads,0,124,0,1,0.67
43,Male,North,70241.7,27,80.79,3,0,0.208,82.2,Email,0,83,1,1,0.985
24,Female,West,46582.08,46,59.24,12,3,0.378,42.9,Social Media,0,103,1,1,0.98
30,Female,East,63798.28,1,72.82,8,2,0.124,46.3,Email,0,19,1,1,0.985
70,Male,North,106162.19,6,122.62,10,1,0.17,48.3,Social Media,0,159,1,1,0.975
58,Male,West,67472.93,26,55.62,9,2,0.332,46.1,Ads,0,53,1,1,0.855
23,Male,East,76359.36,68,5.0,8,2,0.294,70.4,Email,1,142,1,0,0.27
35,Male,North,69771.44,24,117.69,9,0,0.089,61.7,Ads,0,9,1,1,0.995
37,Male,East,51083.24,43,27.04,9,2,0.397,69.5,Email,1,64,0,0,0.135
64,Male,East,40333.44,98,102.84,11,1,0.254,6.9,Email,0,111,1,1,0.985
71,Female,North,67695.9,81,50.84,5,5,0.285,93.5,Social Media,0,116,1,1,0.885
57,Male,West,78030.88,110,116.74,8,2,0.147,58.2,Email,1,45,1,1,0.975
33,Male,South,63941.39,74,78.16,4,1,0.212,27.5,Ads,0,93,1,1,0.995
27,Male,East,61620.97,57,112.36,6,1,0.389,76.4,Email,0,138,1,1,0.985
38,Female,North,48518.95,86,51.02,6,0,0.039,69.7,Email,0,124,1,1,0.9
23,Male,West,36242.63,104,90.21,5,1,0.181,93.2,Social Media,0,38,1,1,0.935
25,Female,South,24160.37,39,104.63,3,3,0.227,72.9,Social Media,0,3,1,1,0.95
71,Male,West,50999.1,64,61.59,4,1,0.134,56.4,Email,0,170,1,1,1.0
25,Male,South,54005.13,94,42.34,7,1,0.097,52.6,Email,0,14,1,0,0.195
52,Female,North,44560.23,96,114.39,9,0,0.086,52.4,Ads,0,29,1,1,0.965
30,Male,North,71699.5,26,31.4,5,3,0.188,67.5,Email,0,19,0,0,0.23
65,Female,East,51548.57,33,58.34,11,2,0.155,38.9,Ads,0,49,1,1,0.95
25,Male,North,51089.14,20,19.71,6,1,0.131,14.8,Social Media,0,105,1,0,0.445
44,Female,North,60919.57,2,97.24,6,0,0.581,62.4,SMS,0,52,1,1,0.965
52,Male,North,67160.94,38,81.55,9,2,0.267,71.7,Email,0,67,1,1,0.99
26,Male,West,53379.11,50,48.14,5,3,0.554,59.6,Ads,0,105,0,1,0.885
47,Male,South,79557.77,97,37.82,5,0,0.441,63.7,SMS,0,25,0,0,0.205
64,Male,North,73066.06,22,104.07,1,0,0.212,40.6,Ads,0,24,1,1,0.98
69,Male,South,64388.34,1,96.45,10,2,0.125,53.4,Email,0,131,1,1,0.995
58,Female,South,46448.96,37,53.56,9,0,0.025,77.4,Ads,1,42,1,1,0.87
73,Female,South,36683.54,63,99.34,9,1,0.574,93.5,Email,0,118,1,1,0.975
21,Female,South,39378.07,114,37.44,6,3,0.307,42.2,SMS,0,131,1,1,0.605
37,Female,West,68602.12,13,54.83,9,0,0.267,76.6,Social Media,1,177,1,1,0.975
24,Female,East,99178.11,19,28.21,4,1,0.282,28.0,Social Media,1,61,1,0,0.485
68,Male,West,56362.94,101,82.0,8,1,0.225,81.4,Ads,0,78,1,1,0.99
69,Male,West,72978.39,15,93.6,13,1,0.253,55.9,Email,1,119,1,1,1.0
69,Female,East,86174.99,42,50.96,5,3,0.497,80.3,SMS,0,35,1,1,0.635
58,Male,West,59552.33,104,43.83,7,1,0.389,74.3,Ads,0,130,1,1,0.73
54,Female,South,33034.93,32,97.43,5,1,0.316,40.5,Social Media,1,84,1,1,1.0
25,Male,North,78209.87,78,47.24,4,1,0.185,60.1,Social Media,0,30,0,0,0.5
41,Female,North,60983.93,38,121.07,8,0,0.13,31.4,Social Media,1,170,1,1,1.0
20,Male,South,37182.69,52,107.12,10,2,0.441,37.7,Social Media,1,128,1,1,0.995
61,Male,West,78480.23,31,42.82,4,2,0.359,21.9,SMS,0,168,1,1,0.955
33,Male,West,37390.8,31,93.58,4,2,0.19,44.5,Email,0,12,1,1,0.99
47,Female,South,78941.53,22,45.59,6,1,0.293,36.9,Ads,1,72,1,1,0.855
29,Male,South,62063.03,84,37.95,9,0,0.266,33.5,Social Media,0,120,1,1,0.755
50,Female,West,80728.74,115,43.14,10,0,0.14,57.3,Ads,0,145,1,1,0.77
44,Male,North,73478.55,90,47.72,9,0,0.275,71.2,SMS,0,126,1,1,0.85
71,Male,West,62101.53,91,65.29,9,1,0.153,38.0,Social Media,1,139,1,1,0.985
20,Female,West,77582.39,88,50.55,7,1,0.234,56.4,Ads,0,74,0,1,0.825
61,Male,South,64800.57,101,97.93,8,1,0.585,37.1,Email,0,43,1,1,0.965
34,Female,South,83844.42,29,113.81,9,1,0.265,38.5,SMS,0,140,1,1,0.995
26,Male,South,28187.03,15,45.18,12,0,0.438,64.4,Ads,1,130,1,1,0.92
43,Male,South,64043.89,57,171.1,11,4,0.209,53.0,Email,0,96,1,1,1.0
53,Male,South,52941.92,69,133.66,11,4,0.314,41.2,SMS,0,170,1,1,0.995
74,Female,East,105020.21,20,120.46,9,3,0.16,80.5,SMS,0,44,1,1,0.945
70,Female,South,70516.92,103,97.02,3,1,0.177,92.7,Ads,0,161,1,1,1.0
58,Male,South,65680.73,52,61.91,9,0,0.477,70.2,Ads,1,84,1,1,0.99
61,Female,East,40767.33,110,41.64,10,0,0.299,76.1,Ads,0,147,1,1,0.635
49,Female,East,54857.01,77,124.94,7,1,0.422,69.1,Email,0,107,1,1,1.0
31,Female,South,33845.72,70,56.68,6,2,0.41,79.8,Ads,0,134,1,1,0.98
68,Female,North,91137.96,79,68.81,7,0,0.371,66.4,Email,0,12,1,1,0.895
49,Male,East,56228.29,24,74.28,5,2,0.668,55.3,Email,0,8,1,1,0.92
22,Female,East,67231.25,98,62.01,6,7,0.156,32.5,SMS,0,104,1,1,0.93
71,Male,East,77333.03,58,62.27,8,2,0.578,45.0,Ads,0,8,1,1,0.775
40,Male,East,29773.84,42,32.0,10,1,0.213,60.4,Social Media,0,167,1,1,0.815
53,Male,West,54490.32,47,84.64,8,2,0.226,57.5,SMS,1,25,1,1,0.99
60,Male,West,23957.97,37,33.48,5,1,0.655,48.8,Ads,0,171,1,1,0.705
20,Female,South,46422.82,15,74.01,11,1,0.211,92.0,Social Media,0,42,1,1,0.975
50,Male,North,23030.48,44,117.29,8,2,0.338,73.0,SMS,0,76,1,1,0.975
71,Male,East,56743.07,77,45.33,8,2,0.41,64.8,SMS,1,3,0,0,0.305
65,Female,South,44020.29,46,106.32,6,2,0.4,66.2,Ads,0,95,1,1,0.995
44,Male,North,68424.48,91,101.58,12,0,0.525,100.0,SMS,0,123,1,1,0.97
50,Female,South,47921.34,109,134.89,9,1,0.083,68.3,Social Media,1,92,1,1,1.0
61,Male,South,73456.59,46,62.18,14,2,0.673,72.1,Social Media,0,74,1,1,0.95
59,Male,East,76478.88,87,70.01,5,0,0.253,26.2,Ads,1,92,1,1,0.975
58,Female,North,48460.29,25,114.53,8,1,0.11,64.9,SMS,1,10,1,1,0.99
22,Female,North,43786.52,110,52.43,7,0,0.327,79.4,Ads,0,116,1,1,0.88
62,Female,West,38233.87,62,59.51,8,0,0.139,58.7,SMS,1,144,1,1,0.995
22,Female,South,60557.07,111,105.47,10,3,0.551,92.2,Social Media,0,175,1,1,0.97
48,Male,South,72692.73,86,81.88,10,3,0.101,56.5,Social Media,0,75,1,1,0.99
63,Male,South,114628.02,34,41.12,7,1,0.5,78.8,Ads,0,23,0,0,0.385
36,Female,West,69147.8,25,75.89,5,3,0.198,40.1,SMS,0,162,1,1,1.0
58,Female,North,82872.07,72,117.53,12,1,0.409,65.8,SMS,0,113,1,1,0.985
66,Male,South,59107.71,67,116.02,5,1,0.236,79.6,Ads,0,124,1,1,0.995
73,Male,East,88780.9,63,111.17,9,1,0.265,14.1,SMS,0,28,1,1,0.93
26,Female,East,62159.41,35,58.48,7,2,0.125,42.0,Email,1,123,1,1,0.985
21,Male,South,39066.93,52,108.84,7,1,0.305,50.6,Email,0,149,1,1,0.995
69,Male,East,72141.54,56,101.62,6,1,0.047,71.8,Ads,0,118,1,1,0.99
70,Male,East,15000.0,8,138.91,7,1,0.499,24.0,SMS,0,9,1,1,0.915
71,Male,East,39739.85,110,29.34,6,2,0.208,63.9,SMS,0,66,0,0,0.305
30,Female,South,67696.47,14,43.6,6,0,0.074,50.8,SMS,1,35,0,1,0.695
71,Male,East,54455.5,89,82.12,10,2,0.185,60.2,SMS,1,109,1,1,0.99
71,Male,North,53031.54,91,106.99,4,4,0.21,65.3,Ads,0,130,1,1,0.98
31,Male,South,56996.11,86,51.18,5,2,0.321,66.0,SMS,1,45,1,1,0.64
32,Female,South,47532.27,12,83.56,10,2,0.499,89.9,Ads,0,42,1,1,0.97
21,Female,East,87463.09,21,66.0,10,2,0.329,55.6,Social Media,1,173,1,1,1.0
35,Other,South,20817.63,52,108.8,9,3,0.328,17.3,Email,0,149,1,1,0.995
61,Female,South,74399.01,66,40.45,8,3,0.178,57.4,Social Media,1,15,1,0,0.385
66,Male,West,44837.82,99,124.48,4,2,0.254,73.3,SMS,0,30,1,1,0.985
43,Male,East,75707.26,35,80.67,7,1,0.095,89.1,Social Media,0,134,1,1,1.0
53,Female,South,54116.2,7,55.51,10,0,0.355,100.0,Social Media,0,174,1,1,0.975
68,Male,East,67653.85,2,117.5,7,1,0.421,34.1,Social Media,0,125,1,1,0.99
31,Female,East,82370.76,79,116.98,8,2,0.341,77.0,Social Media,0,174,1,1,0.995
26,Male,West,40309.58,35,5.0,9,1,0.539,71.1,Ads,0,158,0,0,0.29
49,Female,East,76553.69,62,60.58,9,1,0.254,38.4,Ads,0,59,1,1,0.925
43,Female,West,25575.43,85,84.58,8,1,0.367,68.4,SMS,0,49,1,1,0.955
51,Female,West,52547.32,54,115.42,7,2,0.114,52.1,Ads,0,165,1,1,1.0
19,Female,South,58347.3,30,108.63,10,1,0.205,64.7,Email,1,73,1,1,0.99
47,Male,West,51645.15,96,142.38,8,2,0.146,26.0,Social Media,0,29,1,1,0.985
54,Female,West,73107.63,29,101.68,11,1,0.202,39.7,Email,0,46,1,1,1.0
41,Male,East,41188.1,61,105.21,9,0,0.169,32.4,SMS,0,4,1,1,0.985
31,Male,South,70161.67,118,78.76,10,4,0.423,67.4,SMS,0,166,1,1,0.985
69,Male,South,56916.65,72,59.53,6,0,0.14,80.4,Social Media,0,66,1,1,0.935
65,Female,South,59251.74,98,115.96,8,3,0.204,55.4,Ads,0,56,1,1,0.985
33,Male,East,76446.21,35,47.96,4,0,0.11,76.2,Ads,0,177,1,1,0.94
44,Other,West,76279.26,75,51.66,10,0,0.116,31.7,Email,1,16,0,1,0.625
67,Female,South,52229.71,8,141.93,9,2,0.11,72.8,SMS,0,91,1,1,0.99
74,Female,North,57666.42,71,125.41,9,0,0.254,67.6,Email,1,23,1,1,0.97
31,Male,North,56982.45,48,131.08,10,0,0.21,41.3,Social Media,1,134,1,1,1.0
50,Female,South,54967.96,16,74.97,9,3,0.105,44.6,SMS,1,175,1,1,0.995
39,Female,East,29764.24,101,77.22,14,2,0.062,71.5,SMS,0,164,1,1,0.985
73,Other,North,63010.51,4,122.37,6,1,0.34,64.3,SMS,0,2,1,1,0.95
32,Other,West,64342.41,49,64.22,7,1,0.426,51.3,Social Media,0,120,1,1,0.99
70,Female,West,86564.48,11,75.39,4,1,0.646,96.5,SMS,1,24,1,1,0.965
45,Male,South,38044.66,108,93.25,5,1,0.602,79.2,Ads,1,171,1,1,0.98
22,Male,West,65003.75,70,79.16,3,1,0.122,49.6,Email,0,9,1,1,0.945
36,Male,East,75434.46,113,91.7,10,1,0.606,55.3,Ads,0,118,1,1,0.985
45,Male,East,58409.37,31,71.76,8,2,0.474,79.8,Email,0,16,1,1,0.965
39,Male,East,45803.4,40,84.69,5,2,0.697,24.0,Ads,0,58,1,1,0.935
34,Female,North,70160.89,117,65.89,14,1,0.1,57.2,Email,0,125,1,1,0.97
25,Female,South,79163.19,45,69.78,9,2,0.221,89.3,SMS,0,177,1,1,0.98
59,Other,South,56513.59,18,13.3,4,3,0.232,67.3,Ads,1,50,0,0,0.215
44,Male,West,68763.71,75,86.02,9,1,0.047,76.6,SMS,0,41,1,1,0.97
68,Female,South,69759.33,19,13.85,5,2,0.244,49.0,Ads,0,102,1,0,0.28
20,Female,North,45279.99,71,138.25,4,5,0.779,91.3,Ads,0,32,1,1,0.86
63,Male,West,75629.1,79,93.1,7,4,0.139,45.5,Ads,0,129,1,1,1.0
25,Female,West,59069.29,92,107.25,9,0,0.471,53.4,Email,0,159,1,1,0.995
48,Male,West,49994.45,64,96.48,10,2,0.325,44.3,Social Media,0,9,1,1,0.97
58,Male,South,81780.66,103,101.71,8,4,0.426,79.3,Social Media,0,99,1,1,0.99
67,Female,East,68535.06,42,77.54,9,0,0.211,53.6,Social Media,0,111,1,1,0.995
59,Male,South,15000.0,46,60.98,4,4,0.438,16.9,Social Media,0,31,1,1,0.835
24,Female,North,71876.79,60,85.97,4,1,0.124,14.8,Social Media,1,168,1,1,0.995
38,Male,South,79166.84,117,62.6,8,1,0.131,52.5,SMS,0,96,1,1,0.96
70,Other,North,60472.07,118,91.41,10,1,0.218,61.8,SMS,0,4,1,1,0.885
20,Male,West,86251.42,116,89.85,5,3,0.191,78.7,Email,0,157,1,1,0.96
33,Female,East,71403.02,91,134.77,9,1,0.621,64.4,Ads,0,163,1,1,0.995
61,Male,East,75988.39,108,77.97,9,0,0.486,39.6,Social Media,0,100,1,1,0.985
51,Female,West,84547.87,105,67.35,6,1,0.433,58.2,Ads,0,107,1,1,0.98
51,Female,East,50873.5,39,140.12,8,2,0.206,78.5,Social Media,0,92,1,1,1.0
71,Other,West,50682.84,104,44.91,6,2,0.446,29.4,Ads,0,58,0,0,0.475
55,Female,West,66655.78,54,145.12,9,1,0.175,63.4,Social Media,0,80,1,1,0.995
27,Female,West,85008.53,36,142.09,6,2,0.311,56.0,Ads,0,162,1,1,1.0
48,Other,West,59195.32,100,60.97,12,0,0.283,70.6,Ads,0,104,1,1,0.925
48,Male,North,49952.08,14,99.8,9,2,0.318,52.5,Email,1,88,1,1,1.0
34,Female,South,63362.03,93,181.88,10,4,0.598,75.9,SMS,0,16,1,1,0.965
54,Female,West,53161.87,24,73.84,7,7,0.472,62.1,Email,0,49,1,1,0.975
60,Female,West,56299.98,55,137.04,8,0,0.192,34.3,Social Media,1,31,1,1,1.0
30,Female,West,39421.11,6,118.6,6,2,0.457,61.4,Ads,1,87,1,1,0.985
72,Male,South,25681.63,27,148.36,8,0,0.097,44.6,Ads,1,102,1,1,1.0
33,Female,East,51643.92,68,62.65,10,2,0.132,34.7,Ads,1,36,1,1,0.89
23,Male,West,53192.94,48,91.51,8,2,0.404,49.8,SMS,1,100,1,1,1.0
24,Male,South,58747.6,86,99.98,9,1,0.122,32.1,Ads,1,142,1,1,1.0
34,Female,East,46417.57,101,136.15,8,1,0.209,51.0,Social Media,0,33,1,1,0.995
27,Male,North,53212.76,75,79.07,9,2,0.427,51.5,Email,0,120,1,1,0.995
70,Female,West,48777.42,97,50.42,9,1,0.063,81.9,Ads,1,165,1,1,0.965
61,Male,West,63668.79,119,82.74,11,3,0.179,40.5,Social Media,1,108,1,1,0.975
40,Male,West,70684.44,105,87.1,8,1,0.084,96.7,SMS,1,66,1,1,0.96
65,Female,West,50793.58,58,111.76,10,0,0.125,100.0,Ads,0,91,1,1,0.98
47,Female,South,44011.53,24,85.32,7,6,0.576,64.0,SMS,0,39,1,1,0.945
49,Female,North,88960.54,119,71.76,9,3,0.156,89.3,Ads,1,137,1,1,0.96
50,Male,South,52976.31,111,63.82,7,0,0.114,63.4,SMS,1,106,1,1,0.98
73,Male,East,55578.8,2,92.49,9,1,0.309,65.0,Email,0,19,1,1,0.995
63,Female,East,79404.71,66,104.92,7,1,0.065,35.5,SMS,1,110,1,1,0.995
57,Male,East,55603.33,13,58.1,11,2,0.243,59.3,Ads,0,169,1,1,0.97
55,Male,South,54066.29,93,99.58,7,1,0.392,85.3,Ads,1,44,1,1,0.93
29,Female,East,49483.54,94,52.55,11,2,0.168,62.7,Email,0,114,1,1,0.935
67,Male,West,46081.57,95,63.38,3,0,0.13,64.9,Email,1,151,1,1,0.99
71,Male,East,61189.81,52,94.4,9,0,0.392,60.2,SMS,0,25,1,1,0.985
55,Female,North,49622.0,74,88.61,9,2,0.094,87.8,SMS,1,147,1,1,0.995
41,Male,South,54557.81,18,93.03,6,1,0.249,52.6,Social Media,0,173,1,1,0.995
41,Male,West,29766.75,64,90.46,9,1,0.477,82.6,Social Media,0,58,1,1,0.96
61,Female,North,59016.8,20,62.27,9,1,0.381,51.7,Email,0,116,1,1,0.985
69,Male,West,59569.85,20,35.78,6,2,0.023,68.5,Social Media,1,89,1,1,0.81
23,Male,South,42249.99,79,73.33,9,1,0.483,67.9,Social Media,1,144,1,1,0.995
34,Male,North,60264.69,102,15.65,6,3,0.473,73.8,Email,0,66,0,0,0.085
63,Female,North,52256.26,28,124.0,2,1,0.32,79.2,Ads,0,114,1,1,0.995
52,Male,North,57731.36,20,128.42,7,1,0.385,52.2,SMS,0,132,1,1,0.995
43,Female,South,69441.19,9,52.27,9,2,0.187,84.3,Ads,0,126,1,1,0.94
29,Male,South,71057.91,70,126.84,8,2,0.271,61.6,Email,1,63,1,1,0.97
37,Male,North,58604.05,67,42.43,9,2,0.351,33.2,Social Media,0,56,0,0,0.435
44,Male,North,78818.68,33,28.61,7,0,0.08,32.7,Email,0,35,0,0,0.315
43,Female,South,45012.39,23,70.1,6,0,0.435,76.2,Email,0,140,1,1,1.0
49,Female,South,91108.43,109,41.98,10,0,0.171,51.5,Email,1,119,0,1,0.69
48,Female,West,48358.9,20,102.45,9,0,0.289,60.6,Email,0,156,1,1,1.0
56,Female,West,66782.23,72,143.45,4,0,0.149,15.1,SMS,1,97,1,1,1.0
25,Female,East,64747.87,9,102.21,8,1,0.581,58.2,Social Media,0,58,1,1,0.985
51,Male,North,53104.27,46,80.63,11,1,0.404,61.9,Ads,0,177,1,1,0.995
35,Female,South,42085.72,83,32.42,7,2,0.301,78.8,Email,1,32,0,0,0.125
60,Female,East,37244.75,45,120.6,6,1,0.115,73.9,SMS,1,19,1,1,0.98
33,Female,West,53983.46,83,104.6,8,2,0.078,100.0,Social Media,1,127,1,1,0.985
42,Female,West,68869.09,62,128.71,10,3,0.46,53.0,Ads,0,33,1,1,0.965
56,Female,East,80047.65,116,41.81,8,2,0.44,39.0,SMS,0,101,1,0,0.485
43,Male,East,76350.99,42,114.96,8,1,0.178,86.3,Email,0,156,1,1,0.99
69,Female,West,79347.61,21,82.32,8,1,0.258,45.5,Social Media,1,112,1,1,0.995
59,Female,East,56205.04,19,35.64,10,1,0.082,66.0,SMS,0,172,1,1,0.895
39,Male,West,75272.79,66,97.06,6,1,0.262,51.7,Ads,0,71,1,1,0.99
28,Female,East,74364.69,70,51.3,5,2,0.257,61.9,Social Media,1,117,1,1,0.975
44,Female,East,59975.61,49,82.48,6,2,0.237,78.1,SMS,1,165,1,1,0.995
49,Female,East,59940.65,85,127.39,9,1,0.131,42.4,Social Media,1,89,1,1,0.985
25,Other,North,75723.44,94,114.16,10,1,0.333,73.2,Social Media,1,140,1,1,0.99
67,Male,North,57886.97,23,66.23,8,0,0.377,87.9,Social Media,0,151,1,1,0.995
44,Female,North,58984.87,8,72.85,4,2,0.407,78.7,Ads,0,115,1,1,1.0
40,Female,West,78249.92,56,76.03,11,1,0.355,52.5,SMS,0,38,1,1,0.955
32,Female,South,79087.05,6,94.05,7,1,0.273,83.3,Ads,0,123,1,1,0.985
41,Male,West,48770.01,45,64.96,7,4,0.348,50.9,SMS,0,49,1,1,0.955
21,Female,North,21790.14,66,108.69,9,2,0.372,67.4,Ads,0,20,1,1,0.98
20,Male,West,57783.97,15,101.86,11,1,0.308,9.4,Ads,0,178,1,1,0.985
55,Male,North,60066.64,72,88.93,11,1,0.299,87.3,SMS,0,31,1,1,0.96
44,Female,East,36701.36,45,74.49,4,1,0.526,71.4,SMS,0,133,1,1,0.99
26,Female,North,72804.56,85,81.9,6,0,0.119,65.8,SMS,1,100,1,1,0.99
47,Male,East,62860.05,117,56.05,8,2,0.231,58.1,Ads,0,142,1,1,0.96
59,Male,South,66599.19,15,118.31,11,4,0.261,63.9,Email,0,79,1,1,0.995
58,Female,South,62769.72,118,154.06,9,1,0.245,72.4,Social Media,0,142,1,1,0.99
54,Female,South,64836.35,104,43.41,7,1,0.12,100.0,Email,0,71,1,0,0.48
71,Female,South,86235.94,91,83.68,7,0,0.052,50.5,Social Media,0,66,1,1,0.975
43,Male,East,57330.08,102,158.7,6,0,0.462,62.0,Social Media,0,22,1,1,0.98
63,Male,West,84767.11,77,72.86,2,2,0.491,56.4,Social Media,0,122,1,1,0.98
46,Female,East,59780.93,109,5.0,7,2,0.102,66.2,Social Media,1,101,0,0,0.2
50,Female,West,74399.71,41,134.66,7,0,0.418,59.0,Social Media,0,140,1,1,1.0
70,Male,West,69613.8,77,55.84,7,0,0.197,47.2,Email,1,147,1,1,0.995
52,Male,West,67851.84,98,65.78,6,0,0.132,41.3,SMS,0,147,1,1,0.99
19,Male,North,69033.57,15,10.48,7,0,0.419,49.5,Ads,0,70,0,0,0.16
40,Male,East,57215.14,109,63.52,8,1,0.425,40.4,Social Media,0,55,1,1,0.85
38,Female,West,59018.45,108,64.93,8,1,0.244,99.9,Ads,0,176,1,1,0.985
36,Male,South,37956.0,88,93.23,10,4,0.498,36.0,Ads,1,121,1,1,1.0
32,Male,North,59246.54,17,100.79,9,1,0.274,24.6,SMS,0,17,1,1,0.99
51,Female,West,69513.68,48,81.23,7,2,0.563,36.8,SMS,0,67,1,1,0.985
45,Female,South,50788.2,35,87.39,11,1,0.132,50.3,Social Media,1,91,1,1,1.0
74,Other,East,52258.14,32,50.19,5,1,0.185,42.0,Ads,0,166,1,1,0.97
41,Male,East,60305.2,27,107.72,6,3,0.427,19.9,Email,1,84,1,1,0.99
64,Male,North,100300.88,5,33.99,7,3,0.272,42.2,Email,1,145,1,1,0.89
26,Male,East,70979.76,77,116.83,8,1,0.262,42.4,SMS,1,117,1,1,0.995
67,Male,South,63142.06,100,68.41,7,0,0.137,67.4,Ads,0,55,1,1,0.95
62,Male,West,31816.17,1,48.64,13,0,0.501,84.2,Ads,0,118,1,1,0.875
34,Female,West,78800.11,19,53.35,4,1,0.462,31.3,Ads,0,55,1,1,0.86
54,Female,West,57822.71,47,71.77,7,2,0.093,55.1,SMS,0,168,1,1,1.0
64,Male,West,47472.5,27,58.63,9,0,0.24,83.0,SMS,0,67,1,1,0.915
66,Female,South,60632.7,62,113.38,4,1,0.329,31.5,Ads,0,63,1,1,0.955
22,Female,South,46072.46,53,79.17,9,2,0.333,80.3,Social Media,1,75,1,1,0.98
72,Male,East,64090.91,97,48.7,9,3,0.196,40.5,Ads,0,38,1,1,0.54
69,Male,West,53301.71,57,15.99,4,4,0.284,57.1,SMS,0,81,0,0,0.3
47,Male,South,67954.68,69,95.46,8,2,0.101,69.1,SMS,1,178,1,1,1.0
73,Male,East,46234.53,66,144.03,10,1,0.232,58.4,SMS,0,126,1,1,0.99
28,Female,North,61100.83,60,81.28,7,1,0.274,79.3,Email,0,68,1,1,0.98
52,Female,North,69235.91,105,152.94,3,1,0.293,36.2,Email,0,58,1,1,0.985
38,Female,South,69936.12,113,124.1,8,0,0.254,68.0,SMS,0,169,1,1,1.0
58,Male,North,70578.34,37,64.03,3,2,0.682,57.5,Social Media,0,166,1,1,0.975
40,Female,East,44877.82,75,60.78,5,2,0.32,62.1,Ads,0,172,1,1,0.985
34,Male,South,56482.21,55,117.26,6,0,0.71,69.3,Email,0,15,1,1,0.855
44,Female,North,80878.06,115,67.33,7,2,0.379,79.5,SMS,0,93,1,1,0.985
73,Male,East,73263.73,57,158.14,8,2,0.196,32.1,Ads,1,78,1,1,0.985
39,Male,West,50618.64,76,103.04,11,0,0.12,31.3,Ads,0,63,1,1,0.98
56,Female,North,75566.78,103,62.03,9,1,0.31,59.6,Email,0,59,0,1,0.885
51,Male,North,56491.86,20,103.06,4,3,0.535,31.0,Email,0,7,1,1,0.935
34,Male,East,74476.6,118,133.64,10,3,0.487,55.6,Social Media,1,133,1,1,0.98
53,Female,South,59815.71,20,5.0,15,2,0.232,46.2,Ads,0,27,0,0,0.11
59,Female,East,55196.41,34,66.05,5,2,0.114,45.7,SMS,0,83,1,1,1.0
35,Female,East,65277.16,69,60.85,8,2,0.182,57.7,Social Media,0,74,1,1,0.97
62,Female,East,62497.51,9,83.11,13,4,0.196,37.5,Social Media,1,59,1,1,0.99
27,Male,North,81814.63,110,45.18,8,1,0.281,91.0,SMS,0,111,1,1,0.715
73,Male,East,65340.78,62,92.26,6,4,0.463,58.9,SMS,1,116,1,1,0.985
66,Female,South,40439.27,101,102.52,7,1,0.241,73.8,Social Media,0,43,1,1,0.98
63,Other,North,60096.61,75,132.59,10,1,0.499,65.1,Email,1,149,1,1,0.985
74,Female,West,83295.05,30,69.07,9,3,0.016,38.5,SMS,0,22,1,1,0.94
60,Female,East,58322.76,3,39.11,8,1,0.257,69.3,Email,0,97,1,1,0.87
44,Male,North,77029.94,16,107.9,4,1,0.173,51.3,SMS,0,105,1,1,0.99
67,Female,North,47475.71,83,79.88,16,1,0.099,59.5,Email,0,33,0,1,0.93
30,Female,North,44698.4,7,89.0,4,1,0.193,53.7,Email,0,134,1,1,0.99
32,Female,North,59362.26,82,104.13,12,0,0.152,79.7,Social Media,0,72,1,1,0.995
63,Male,West,75525.52,93,89.72,5,0,0.389,78.9,SMS,0,169,1,1,0.995
65,Male,North,58432.46,36,44.03,7,4,0.301,46.6,Ads,1,102,1,1,0.945
33,Male,West,80455.34,67,41.79,10,2,0.071,62.0,SMS,0,169,1,1,0.91
18,Male,South,46280.38,116,71.56,11,2,0.399,32.1,Ads,0,67,1,1,0.935
74,Female,North,64765.04,80,8.87,10,1,0.43,27.1,SMS,0,56,0,0,0.13
39,Female,South,52608.23,93,71.39,5,0,0.157,64.9,SMS,0,93,1,1,0.99
66,Male,East,57784.65,80,101.73,8,1,0.206,46.2,Social Media,0,14,1,1,0.97
48,Female,West,60484.47,47,37.56,5,1,0.499,60.0,Social Media,0,77,0,1,0.625
19,Male,South,77604.59,108,71.0,10,1,0.556,43.8,SMS,0,115,1,1,0.96
41,Female,North,69676.66,94,46.22,11,0,0.448,28.2,Email,0,91,1,1,0.66
59,Male,West,66817.14,76,5.0,10,0,0.109,97.5,Ads,0,138,0,0,0.105
26,Male,East,83033.44,72,100.21,8,1,0.073,56.6,Email,0,58,1,1,0.99
36,Female,South,56622.35,118,130.04,10,3,0.235,96.9,SMS,0,108,1,1,0.985
39,Male,North,67809.12,81,71.28,10,3,0.103,40.6,Email,1,119,1,1,0.99
72,Female,North,30608.97,61,7.27,4,0,0.3,68.0,Ads,0,145,0,0,0.36
63,Female,South,90887.62,61,121.5,6,0,0.405,67.5,Social Media,0,121,1,1,0.995
51,Female,West,84714.42,58,90.6,9,1,0.125,50.7,SMS,0,142,1,1,1.0
46,Male,South,69731.56,79,154.26,10,2,0.427,96.8,Email,0,36,1,1,0.94
70,Female,South,75577.2,35,12.44,10,3,0.202,61.0,Social Media,0,55,0,0,0.16
23,Male,South,32082.49,81,41.51,11,1,0.242,26.4,Email,0,157,1,1,0.865
39,Other,North,76705.83,41,61.38,11,2,0.529,33.7,Email,0,159,1,1,0.98
59,Male,West,43568.02,97,136.96,7,1,0.353,58.8,Ads,0,127,1,1,0.99
43,Male,East,64633.86,117,49.44,4,2,0.297,53.5,Ads,1,90,1,1,0.805
40,Male,West,84601.13,8,93.9,11,0,0.103,50.5,SMS,0,23,1,1,0.985
51,Female,West,40834.77,54,98.22,4,1,0.223,76.1,Social Media,1,177,1,1,1.0
20,Female,West,60767.34,44,45.34,13,1,0.156,86.3,SMS,0,140,1,1,0.885
72,Male,West,60293.51,109,45.1,7,2,0.052,49.3,Social Media,0,135,1,1,0.905
42,Male,South,72414.63,6,58.23,13,3,0.297,64.2,Email,0,58,1,1,0.905
46,Female,South,33963.19,69,56.87,6,3,0.219,51.4,Social Media,0,81,1,1,0.945
46,Female,West,70949.07,22,109.04,6,1,0.308,42.9,Ads,1,119,1,1,1.0
53,Male,North,59388.93,58,18.26,8,3,0.206,93.3,Ads,1,75,0,0,0.15
58,Male,East,74502.91,47,76.47,7,4,0.49,57.9,SMS,0,112,1,1,0.995
70,Female,South,30034.35,59,76.36,9,1,0.152,56.6,SMS,1,159,1,1,0.99
49,Male,South,79292.88,78,24.63,9,1,0.297,89.3,SMS,1,88,0,0,0.245
38,Female,North,60496.41,7,94.52,6,1,0.189,83.9,Ads,1,122,1,1,1.0
29,Female,West,58116.71,17,109.17,6,4,0.365,24.6,SMS,1,111,1,1,1.0
42,Female,West,71452.38,35,119.85,10,1,0.206,79.0,SMS,0,94,1,1,0.995
51,Female,North,55603.89,69,47.9,10,0,0.6,6.7,Ads,0,179,1,1,0.88
72,Female,South,29306.76,20,100.83,12,3,0.328,65.4,Ads,0,96,1,1,0.995
59,Female,East,47719.37,61,111.13,5,2,0.718,44.5,SMS,0,160,1,1,0.975
25,Male,East,44335.29,57,103.69,4,1,0.257,56.7,Social Media,1,76,1,1,0.99
21,Male,South,66149.12,67,137.03,7,3,0.299,79.6,Ads,0,60,1,1,0.985
53,Female,East,62151.51,45,67.86,11,1,0.022,40.6,Social Media,0,92,1,1,0.98
67,Male,South,101849.34,50,92.16,7,2,0.202,27.5,Ads,0,148,1,1,0.995
74,Female,South,49216.16,99,99.1,9,1,0.031,91.9,Social Media,0,90,1,1,0.975
28,Female,East,59510.81,21,60.32,10,4,0.251,67.2,Ads,0,140,1,1,0.995
44,Female,South,57457.54,50,146.48,5,2,0.326,39.8,SMS,0,28,1,1,0.99
39,Male,South,67082.15,87,119.42,8,1,0.057,53.3,Social Media,0,121,1,1,1.0
51,Male,East,62563.99,28,33.4,9,3,0.419,44.1,Ads,0,131,1,1,0.775
32,Male,East,23421.14,13,91.73,9,1,0.299,80.5,SMS,0,109,1,1,0.99
60,Male,South,46285.84,19,139.05,5,2,0.102,67.9,Email,0,109,1,1,0.995
45,Male,West,49761.65,79,28.18,4,3,0.446,50.1,Social Media,0,92,0,0,0.355
21,Male,West,39578.03,116,66.87,8,2,0.172,43.5,Ads,0,77,1,1,0.95
29,Female,West,53788.47,111,124.23,9,0,0.429,71.5,Ads,1,45,1,1,0.96
40,Male,South,66314.01,53,71.94,9,5,0.159,38.5,Social Media,1,89,1,1,0.99
39,Male,East,86547.38,117,90.44,5,2,0.354,45.8,Ads,0,152,1,1,0.985
49,Female,East,46820.28,76,75.16,6,2,0.496,56.5,Social Media,0,102,1,1,1.0
38,Male,North,29152.63,11,110.02,11,4,0.094,58.7,Email,0,30,1,1,0.985
38,Male,West,33234.06,59,110.74,8,1,0.282,85.2,Ads,1,92,1,1,0.99
45,Female,South,45757.05,63,54.63,7,0,0.643,66.7,Social Media,0,30,0,1,0.575
44,Male,West,85975.96,62,93.18,3,3,0.398,47.3,Social Media,1,86,1,1,0.995
73,Male,East,64641.32,104,135.84,11,0,0.026,37.0,Email,0,117,1,1,0.99
46,Male,North,51636.94,65,102.32,8,0,0.517,80.9,Email,1,1,1,1,0.945
35,Male,West,51523.83,94,141.1,6,4,0.358,46.8,Ads,0,178,1,1,1.0
63,Female,West,55663.16,63,122.16,5,1,0.309,55.7,SMS,0,110,1,1,0.99
54,Male,South,61016.39,117,26.9,7,1,0.219,30.4,Email,0,141,0,1,0.575
21,Male,West,85450.76,89,80.53,9,0,0.08,31.8,Social Media,0,130,1,1,0.985
58,Male,South,44621.48,3,138.21,10,0,0.166,57.3,SMS,0,94,1,1,0.995
26,Male,North,56342.5,88,122.85,6,1,0.491,55.0,Email,0,27,1,1,0.97
46,Male,West,21482.25,116,125.05,13,2,0.581,15.2,Ads,0,152,1,1,0.975
53,Female,East,45773.0,106,71.29,6,0,0.288,100.0,Email,0,133,1,1,0.975
59,Male,East,46411.68,92,93.6,6,2,0.507,50.3,Ads,1,158,1,1,0.985
46,Male,East,94386.62,64,41.18,10,0,0.224,76.7,Social Media,0,178,0,1,0.825
51,Male,East,40042.78,106,105.65,9,1,0.738,70.2,Email,0,36,1,1,0.93
31,Male,East,86474.38,58,96.14,9,1,0.231,53.6,Social Media,0,111,1,1,0.98
62,Male,East,18122.95,47,87.51,10,3,0.272,66.0,Email,1,154,1,1,0.99
23,Other,East,32472.64,18,115.33,4,0,0.094,62.4,Email,0,125,1,1,1.0
51,Male,East,68191.1,110,36.17,3,5,0.144,45.3,Ads,0,150,1,1,0.815
46,Male,East,84120.24,65,10.19,9,2,0.089,50.1,Ads,1,45,0,0,0.125
57,Male,West,81406.04,37,69.34,10,2,0.256,50.7,Ads,0,83,1,1,0.995
73,Male,West,40442.25,82,120.14,11,3,0.391,73.1,Email,0,86,1,1,0.96
22,Female,East,61942.69,117,57.12,6,0,0.221,61.6,Ads,0,56,1,1,0.74
52,Male,South,51196.31,97,64.77,6,0,0.475,76.2,Email,0,58,1,1,0.895
29,Male,East,59064.21,104,159.53,9,1,0.504,84.6,Email,0,72,1,1,0.985
56,Male,South,69641.79,56,74.91,7,2,0.141,95.3,SMS,0,179,1,1,0.98
65,Female,East,38833.03,106,5.0,6,2,0.542,8.3,SMS,1,63,0,0,0.165
34,Male,South,94330.84,99,106.45,7,1,0.2,91.8,Email,1,150,1,1,0.985
44,Female,East,56921.69,45,35.83,9,0,0.24,100.0,Ads,0,15,0,0,0.205
39,Male,West,58043.01,99,109.84,9,1,0.403,46.9,SMS,1,72,1,1,0.995
58,Male,South,39721.25,50,61.85,10,2,0.336,59.9,Email,1,154,1,1,0.99
51,Female,South,67841.34,28,90.82,12,1,0.474,48.4,Ads,1,76,1,1,0.99
19,Male,East,82564.76,49,65.93,8,2,0.683,35.5,SMS,0,117,1,1,0.95
74,Male,South,50895.03,47,112.78,8,3,0.242,55.2,Email,0,147,1,1,0.985
24,Female,North,61285.13,103,69.85,9,3,0.275,74.7,Ads,0,84,1,1,0.99
40,Male,North,77935.65,34,42.22,10,2,0.596,91.4,Ads,0,104,1,1,0.69
67,Female,South,88366.78,56,67.56,9,1,0.395,59.9,Ads,1,39,1,1,0.89
22,Female,North,32594.55,71,35.56,8,1,0.231,73.8,Ads,1,108,1,1,0.675
21,Male,West,111084.26,93,81.75,6,2,0.502,73.6,Ads,0,79,1,1,0.92
46,Male,West,77608.52,119,62.18,7,1,0.345,47.8,Email,0,116,1,1,0.97
31,Male,South,75076.94,117,68.51,3,1,0.612,42.6,Email,0,178,1,1,0.95
20,Male,West,41798.36,80,79.74,9,0,0.29,10.1,Email,0,8,1,1,0.925
65,Male,West,40421.42,79,130.61,3,2,0.044,42.1,Email,0,175,1,1,0.995
59,Female,West,52181.06,111,96.55,9,5,0.037,79.4,Email,1,20,1,1,0.94
60,Male,East,15000.0,71,97.39,8,0,0.221,48.2,SMS,0,83,1,1,0.975
30,Male,North,37544.63,65,91.36,6,1,0.102,29.0,SMS,1,178,1,1,1.0
65,Male,North,64314.77,59,16.4,2,2,0.193,28.5,Email,0,111,1,0,0.465
47,Female,West,16578.6,10,113.46,11,4,0.209,38.8,Social Media,0,39,1,1,0.975
23,Female,South,80536.61,91,137.92,8,1,0.492,42.2,Ads,0,70,1,1,0.98
36,Male,West,69468.09,77,56.92,5,1,0.363,74.5,SMS,0,149,1,1,0.975
37,Male,North,36211.21,106,67.64,6,2,0.32,76.7,Email,1,8,1,1,0.76
60,Male,South,81110.29,70,43.83,8,4,0.26,58.8,Social Media,0,97,1,1,0.765
58,Male,West,77414.03,61,78.17,8,2,0.2,50.8,SMS,0,104,1,1,1.0
74,Male,East,76664.76,110,145.79,9,0,0.412,23.2,Ads,1,9,1,1,0.935
25,Other,East,77634.04,69,97.32,11,3,0.162,76.3,Email,0,145,1,1,0.97
59,Male,South,48113.81,80,121.13,9,2,0.181,84.3,Social Media,1,137,1,1,0.99
43,Female,West,70745.87,89,83.29,10,1,0.125,53.7,SMS,0,35,0,1,0.975
46,Female,North,49899.81,87,82.71,7,4,0.45,59.6,Email,1,1,1,1,0.845
34,Female,South,52958.99,83,64.74,12,1,0.314,73.4,SMS,0,17,1,1,0.64
69,Male,South,72992.6,117,46.45,5,0,0.189,63.9,Email,0,107,1,1,0.71
47,Male,West,93191.64,85,16.84,4,1,0.21,68.6,Email,0,156,1,1,0.585
18,Male,South,84224.36,6,52.95,11,2,0.389,46.9,Social Media,0,63,0,1,0.875
64,Other,North,87276.85,67,97.44,8,2,0.252,30.5,Social Media,0,151,1,1,0.995
43,Other,South,47172.65,12,69.47,11,1,0.245,49.0,Email,0,126,1,1,0.995
35,Female,West,79023.49,57,93.45,8,0,0.244,77.7,SMS,0,56,1,1,0.96
54,Male,South,79519.17,55,115.18,3,4,0.204,49.9,Social Media,1,34,1,1,1.0
68,Female,North,52586.61,116,92.61,6,1,0.035,90.2,Email,1,67,1,1,0.97
74,Female,West,41310.28,15,95.95,7,3,0.279,25.8,SMS,0,72,1,1,0.99
45,Male,South,50481.99,107,74.79,6,0,0.467,38.9,Ads,0,5,1,1,0.795
27,Male,West,86106.3,36,97.23,9,2,0.379,49.5,SMS,0,60,1,1,0.99
27,Female,West,57422.54,13,137.93,11,1,0.446,80.6,Ads,1,30,1,1,0.975
48,Other,West,49869.75,87,61.96,13,1,0.481,85.2,Ads,1,101,1,1,0.855
41,Male,West,69992.6,97,106.66,8,3,0.238,43.7,Social Media,0,83,1,1,1.0
19,Female,East,55690.02,81,51.56,10,0,0.139,61.8,Social Media,0,7,0,0,0.385
40,Male,North,70838.24,58,92.9,7,1,0.121,66.5,Social Media,0,62,1,1,0.99
18,Female,West,50212.95,46,142.59,8,3,0.04,28.1,Ads,0,166,1,1,0.98
29,Other,South,70457.71,12,82.42,6,1,0.087,64.2,Email,0,17,1,1,0.985
73,Female,East,71115.13,13,44.99,14,2,0.7,61.1,Social Media,0,74,1,1,0.695
32,Female,East,36110.05,10,62.85,5,0,0.233,55.7,Email,1,137,1,1,1.0
53,Female,West,49599.43,78,42.92,9,1,0.272,56.5,Email,1,26,1,0,0.235
68,Female,South,68038.32,84,86.38,8,1,0.184,38.8,Ads,1,98,1,1,0.995
25,Female,North,64821.92,82,57.22,6,3,0.208,66.0,Social Media,0,11,1,1,0.625
32,Female,South,16848.31,15,128.45,8,4,0.321,76.1,Social Media,0,151,1,1,0.99
46,Female,South,82318.04,39,75.82,6,0,0.381,53.2,Ads,0,157,1,1,0.985
60,Female,East,93958.44,12,5.0,11,1,0.592,44.9,Social Media,0,29,0,0,0.14
38,Female,West,60274.88,21,80.69,7,2,0.063,35.2,Email,0,10,1,1,0.995
39,Male,West,80687.28,71,20.61,10,2,0.053,8.8,Social Media,0,95,0,0,0.355
73,Male,South,69563.58,2,90.7,10,2,0.092,56.1,Social Media,0,41,1,1,0.985
49,Female,North,78288.08,78,15.81,8,3,0.083,19.0,SMS,1,24,0,0,0.165
38,Male,East,44108.19,70,54.01,10,5,0.244,31.3,Email,1,83,1,1,0.925
72,Male,West,29268.74,38,107.23,11,0,0.132,60.9,SMS,0,77,1,1,0.99
20,Male,North,88706.8,87,109.99,7,1,0.136,57.7,Social Media,1,18,1,1,0.97
67,Male,West,62048.78,69,122.08,3,2,0.337,63.1,Ads,0,103,1,1,0.995
57,Male,South,19205.07,28,88.45,7,3,0.308,39.3,SMS,0,74,1,1,1.0
63,Female,East,51731.9,57,82.68,5,1,0.087,50.9,SMS,1,70,1,1,0.995
58,Female,East,77064.0,29,48.95,3,2,0.221,73.2,SMS,0,57,1,1,0.79
65,Female,East,83483.51,48,70.2,6,1,0.222,47.7,SMS,1,68,1,1,0.985
48,Female,West,22552.5,23,25.23,7,1,0.058,67.5,Social Media,0,10,0,0,0.24
46,Female,North,45046.82,63,133.53,6,1,0.429,34.0,Ads,0,155,1,1,0.995
32,Male,East,62464.66,75,75.59,7,3,0.594,39.3,Email,1,98,1,1,0.97
72,Female,North,63527.85,116,114.96,11,1,0.395,35.6,Ads,0,123,1,1,0.99
59,Female,East,72812.06,53,44.82,8,3,0.43,40.5,Social Media,0,122,1,1,0.94
68,Male,North,60051.82,79,77.23,4,2,0.408,96.6,SMS,1,114,1,1,0.975
30,Male,East,62694.51,97,119.85,7,4,0.205,57.6,Ads,0,72,1,1,0.975
29,Female,East,90107.35,58,67.7,8,2,0.538,65.9,Email,0,168,1,1,0.985
60,Female,South,61818.95,111,64.2,7,1,0.516,71.6,Ads,0,18,0,1,0.53
61,Male,West,46720.96,48,42.62,5,1,0.128,65.1,Ads,0,132,1,1,0.93
53,Male,West,59347.08,95,125.31,10,2,0.278,0.0,Ads,0,94,1,1,0.99
32,Male,South,69085.33,45,48.33,4,3,0.19,60.1,SMS,0,179,1,1,0.965
74,Other,East,62267.52,108,101.42,9,2,0.433,45.9,Ads,0,64,1,1,0.965
34,Female,West,97698.0,59,90.37,7,0,0.049,46.5,SMS,1,56,1,1,0.985
72,Male,South,87081.7,10,65.93,7,0,0.295,24.6,SMS,0,160,1,1,0.995
41,Female,East,82522.66,28,10.59,8,1,0.32,49.6,SMS,0,123,0,0,0.32
33,Female,South,46499.05,86,135.07,10,2,0.166,65.0,Email,1,17,1,1,0.99
32,Female,North,15061.28,11,112.76,4,1,0.218,40.7,Email,0,159,1,1,0.99
66,Female,West,66913.99,8,111.12,8,2,0.128,23.8,Ads,0,126,1,1,0.995
65,Male,East,51983.08,58,101.13,10,1,0.373,67.1,Email,1,78,1,1,1.0
45,Male,North,71671.37,31,98.02,10,1,0.225,100.0,Social Media,1,171,1,1,0.99
30,Male,East,58059.42,50,71.59,7,0,0.068,88.2,Ads,0,9,1,1,0.955
35,Male,East,56767.33,2,83.94,5,2,0.163,77.8,Email,0,103,1,1,0.995
39,Male,West,66349.4,33,28.74,8,1,0.472,59.8,Ads,0,9,0,0,0.14
19,Female,West,41924.79,95,66.95,10,1,0.401,62.1,SMS,1,150,1,1,0.98
35,Male,South,48042.36,107,74.84,11,2,0.121,74.4,Ads,0,178,1,1,0.99
62,Female,West,48230.4,57,144.55,8,2,0.107,76.4,Email,1,120,1,1,0.99
35,Male,West,77542.27,28,116.23,7,2,0.172,46.4,Social Media,0,12,1,1,0.98
58,Female,East,17964.99,115,52.19,10,1,0.263,82.0,Ads,0,162,1,1,0.845
37,Female,North,59102.55,114,99.87,8,1,0.174,40.6,Ads,0,141,1,1,1.0
48,Female,West,86955.65,35,71.38,5,0,0.071,49.9,Ads,0,155,1,1,0.985
27,Female,North,69323.78,65,102.39,14,2,0.272,21.8,Email,0,108,1,1,0.995
71,Female,East,63742.92,27,36.67,4,1,0.316,52.4,SMS,0,159,1,1,0.89
57,Female,North,39462.5,17,46.3,10,3,0.296,43.8,Ads,1,156,1,1,0.955
38,Female,West,76334.03,108,57.75,12,1,0.377,59.7,SMS,0,171,1,1,0.98
71,Male,East,39278.05,21,114.8,6,2,0.384,57.9,Social Media,1,141,1,1,1.0
55,Female,South,71433.92,84,78.84,10,0,0.097,53.7,Email,0,25,1,1,0.955
21,Female,North,93890.54,34,69.45,7,1,0.568,32.9,Ads,1,14,1,1,0.875
31,Female,East,32022.7,114,13.8,8,2,0.333,37.7,Social Media,0,94,0,0,0.145
43,Other,East,54809.97,115,118.17,12,3,0.006,60.6,Email,0,27,1,1,0.935
52,Male,East,43658.81,92,118.31,5,0,0.388,30.1,Ads,0,151,1,1,1.0
65,Female,North,75784.85,107,75.98,7,1,0.189,87.3,Ads,0,80,1,1,0.97
41,Male,East,71614.33,57,53.15,8,0,0.243,41.6,Social Media,0,158,1,1,0.985
22,Male,West,79031.71,88,90.42,9,1,0.129,55.2,SMS,0,159,1,1,1.0
57,Male,North,71104.08,18,32.79,3,0,0.039,29.3,Email,1,178,1,1,0.845
26,Male,West,75106.04,73,77.14,12,1,0.511,58.6,Social Media,1,173,1,1,0.985
66,Female,West,66767.18,1,70.63,9,2,0.347,62.1,Ads,1,89,1,1,0.985
70,Female,West,72001.49,54,121.41,4,0,0.146,57.3,Social Media,0,9,1,1,0.98
39,Male,South,15000.0,42,101.7,13,2,0.049,40.1,Ads,0,52,1,1,0.965
59,Female,East,38690.16,23,57.1,8,2,0.189,47.2,SMS,1,38,1,1,0.945
22,Male,East,75147.11,45,70.52,14,1,0.369,42.4,Social Media,0,2,0,1,0.885
62,Female,South,37733.09,98,39.75,11,0,0.276,61.7,Ads,0,77,0,0,0.39
33,Female,West,59447.96,7,108.77,5,0,0.151,49.1,Social Media,0,89,1,1,0.99
21,Female,North,58528.39,41,62.14,4,1,0.419,84.3,SMS,1,86,1,1,0.975
63,Female,East,62494.42,53,83.88,8,1,0.511,59.8,SMS,0,162,1,1,0.99
50,Female,West,23086.15,15,126.15,7,1,0.135,40.8,Social Media,1,33,1,1,0.965
50,Male,West,51853.99,10,98.33,10,2,0.399,57.2,Ads,0,45,1,1,0.985
27,Male,South,61210.34,46,123.56,5,1,0.447,100.0,Social Media,1,67,1,1,0.965
63,Female,East,38646.44,21,28.04,10,2,0.381,81.6,SMS,0,118,1,1,0.675
42,Male,East,70849.51,16,80.55,8,3,0.372,77.6,Ads,0,142,1,1,0.99
47,Male,North,96771.24,32,126.11,6,0,0.447,69.5,Email,1,53,1,1,0.99
43,Male,North,53995.33,96,58.38,8,4,0.274,97.3,Social Media,0,29,0,1,0.515
67,Female,East,93199.65,91,110.22,10,0,0.316,71.1,Ads,0,69,1,1,0.985
33,Male,West,85811.6,71,25.9,8,4,0.075,61.9,SMS,1,121,1,1,0.545
71,Female,East,53737.64,97,101.65,1,2,0.417,31.5,Ads,0,76,1,1,0.96
38,Female,East,69323.52,119,104.94,6,1,0.26,43.1,Ads,0,20,1,1,0.97
33,Male,East,92700.21,85,148.14,9,0,0.597,42.7,SMS,0,176,1,1,0.98
21,Female,West,47744.63,59,97.27,6,2,0.212,77.5,SMS,0,55,1,1,1.0
65,Female,West,66563.27,24,100.14,8,2,0.152,43.3,SMS,0,29,1,1,0.985
55,Female,North,46450.36,64,61.89,9,1,0.093,72.5,Ads,1,138,1,1,1.0
36,Male,South,83791.39,70,43.01,7,2,0.572,48.3,Ads,0,146,1,1,0.81
60,Male,East,50270.56,41,8.91,6,1,0.124,50.5,Email,1,101,0,0,0.33
31,Female,East,44219.58,93,106.75,8,2,0.211,26.5,Social Media,0,29,1,1,0.99
47,Male,North,59265.43,25,124.88,4,1,0.325,88.8,SMS,1,58,1,1,0.97
35,Male,East,89459.38,65,93.44,7,1,0.138,33.0,Email,0,22,1,1,0.975
35,Female,North,51541.13,18,103.42,5,1,0.536,75.5,SMS,0,133,1,1,0.995
58,Male,North,65253.49,59,52.31,9,2,0.173,66.6,Email,1,76,1,1,0.895
43,Female,East,36234.77,24,72.37,7,1,0.587,74.0,Social Media,0,10,1,1,0.94
67,Male,East,50688.67,109,102.12,10,1,0.562,52.3,Email,1,140,1,1,0.975
46,Female,North,41839.99,99,82.88,10,2,0.255,43.2,Email,0,82,1,1,0.97
55,Male,West,79732.56,41,109.13,9,1,0.633,55.2,SMS,1,12,1,1,0.965
56,Female,West,48866.84,32,49.61,7,1,0.362,64.4,SMS,0,105,1,1,0.955
18,Female,South,107897.84,96,45.73,4,3,0.375,56.8,Email,0,72,0,1,0.625
33,Male,West,15000.0,65,83.75,7,3,0.224,76.3,Ads,0,63,1,1,0.975
42,Male,West,51493.08,99,94.99,10,2,0.382,51.0,SMS,0,66,1,1,0.985
33,Female,South,48166.98,93,106.03,8,1,0.179,51.4,SMS,0,73,1,1,0.985
36,Female,West,76772.39,76,57.53,7,1,0.211,76.5,Ads,0,96,1,1,0.965
30,Male,East,67913.53,63,74.17,11,2,0.134,96.1,Social Media,0,110,1,1,0.98
59,Male,South,85587.28,57,61.2,11,0,0.83,79.6,Social Media,0,170,1,1,0.915
32,Female,West,86620.89,104,126.67,13,4,0.097,55.0,Email,1,174,1,1,0.99
36,Female,West,61570.8,19,52.99,7,3,0.398,51.6,Ads,0,174,1,1,0.975
57,Other,West,59348.61,59,76.27,11,1,0.319,37.4,Ads,0,25,1,1,0.98
67,Male,West,58028.78,67,118.16,7,0,0.014,79.0,Email,0,63,1,1,0.99
62,Female,North,55513.44,118,83.31,7,1,0.243,45.2,SMS,0,160,1,1,0.98
29,Female,North,55248.3,114,5.09,10,2,0.653,87.4,Ads,0,161,0,0,0.17
72,Female,South,77481.78,54,32.03,11,1,0.528,67.8,Social Media,0,84,0,0,0.255
35,Male,East,15000.0,40,43.39,11,2,0.12,48.6,Email,0,148,1,1,0.9
58,Female,South,71796.04,44,117.94,8,0,0.096,54.9,Social Media,0,23,1,1,0.985
36,Female,North,23171.82,60,18.24,12,1,0.246,36.8,Social Media,0,125,0,0,0.38
73,Female,West,48165.17,28,60.29,10,0,0.311,36.7,Email,0,167,1,1,0.995
37,Male,South,47462.36,58,37.47,15,1,0.393,39.9,SMS,1,125,1,1,0.69
55,Male,North,89615.78,113,98.45,10,2,0.174,69.0,Social Media,1,85,1,1,0.99
47,Female,West,61893.25,88,122.39,3,3,0.211,65.4,Social Media,0,176,1,1,0.985
41,Male,South,75716.4,119,19.18,6,4,0.283,52.6,Email,0,32,0,0,0.1
28,Male,North,69046.16,92,26.22,5,0,0.332,100.0,Email,1,70,0,0,0.17
41,Male,South,86854.89,103,76.29,9,2,0.249,81.1,Ads,1,35,1,1,0.95
69,Male,North,59930.24,97,91.58,7,2,0.294,51.9,Ads,0,174,1,1,1.0
20,Male,West,59642.67,101,83.35,6,0,0.495,36.6,Ads,0,16,1,1,0.935
28,Male,East,57523.5,31,135.12,6,1,0.351,78.6,Ads,0,123,1,1,0.995
21,Male,East,48454.24,2,83.93,9,0,0.253,38.6,Email,1,85,1,1,1.0
27,Female,South,73852.38,108,139.16,4,0,0.143,65.7,Social Media,0,102,1,1,1.0
26,Female,East,99026.29,29,83.28,6,4,0.349,49.0,Email,1,150,1,1,0.99
29,Female,North,60114.82,66,43.08,8,1,0.745,56.5,Social Media,0,98,0,1,0.58
64,Female,East,47955.85,70,86.1,3,1,0.601,56.2,SMS,0,39,1,1,0.965
25,Male,North,38418.02,88,59.31,8,1,0.269,77.3,Ads,1,52,1,1,0.85
56,Female,North,88623.59,49,68.15,11,2,0.237,95.9,SMS,1,6,1,1,0.865
72,Female,South,54673.05,28,73.81,6,1,0.335,41.7,Ads,0,143,1,1,0.99
44,Male,East,45310.66,19,106.33,7,0,0.249,89.2,Email,1,169,1,1,0.99
64,Male,North,55493.56,88,73.45,6,2,0.526,80.3,SMS,0,73,1,1,0.96
32,Female,West,70980.06,105,140.97,6,1,0.05,96.9,Ads,0,47,1,1,0.96
44,Male,West,59837.6,74,103.78,5,3,0.356,23.9,Ads,0,28,1,1,0.985
43,Male,North,52396.95,60,111.74,12,1,0.227,71.2,Email,1,101,1,1,0.995
35,Male,North,90501.39,91,106.86,5,0,0.478,49.9,SMS,0,23,1,1,0.96
61,Male,West,56408.17,34,89.16,10,3,0.257,77.8,Email,0,88,1,1,0.995
19,Female,North,34587.64,116,111.12,4,2,0.547,42.8,SMS,1,88,1,1,0.96
40,Male,East,97985.43,93,93.18,10,1,0.467,47.4,Email,0,150,1,1,0.995
32,Male,North,66193.35,59,45.69,11,2,0.308,68.7,Social Media,0,82,1,1,0.79
29,Male,West,40730.73,30,33.75,14,2,0.096,100.0,Email,0,12,0,0,0.23
50,Male,East,57659.33,21,78.02,11,3,0.105,87.8,Ads,0,121,1,1,0.995
38,Female,South,62428.18,15,14.26,7,1,0.405,74.2,Email,0,148,0,0,0.34
52,Male,South,39200.1,51,87.74,7,1,0.14,48.7,Email,1,49,1,1,0.995
36,Male,West,48519.19,70,19.6,9,2,0.625,37.8,Email,0,47,0,0,0.14
26,Female,West,76933.72,35,79.58,4,3,0.061,63.2,Ads,0,115,1,1,0.995
68,Female,North,45523.38,10,90.79,5,0,0.328,100.0,SMS,0,145,1,1,1.0
73,Female,South,30413.12,4,14.93,10,1,0.51,84.4,Ads,0,62,0,0,0.205
44,Female,West,75191.73,15,110.14,7,2,0.409,71.0,SMS,1,160,1,1,0.995
53,Female,South,55267.58,64,38.58,8,3,0.27,31.7,Email,0,66,0,0,0.5
43,Male,East,26284.4,78,100.75,15,1,0.129,74.5,SMS,0,54,1,1,0.98
18,Male,East,61461.25,90,93.8,8,1,0.193,60.2,Email,0,99,1,1,1.0
48,Male,North,48399.88,103,38.2,4,0,0.655,45.2,Email,1,174,1,1,0.715
73,Male,East,72958.55,70,30.26,12,1,0.223,56.6,Ads,0,81,0,0,0.32
22,Female,West,67780.89,69,64.69,8,0,0.167,41.9,Email,1,58,1,1,0.935
57,Male,South,52078.49,87,28.78,7,1,0.134,51.7,Social Media,1,107,1,1,0.57
73,Male,North,59942.98,94,122.75,9,2,0.132,45.5,Social Media,0,159,1,1,1.0
29,Male,South,66277.79,93,63.18,9,4,0.102,57.5,SMS,0,49,0,1,0.895
37,Male,East,34670.38,101,32.0,9,0,0.138,47.9,SMS,0,172,1,1,0.805
48,Female,West,62950.77,81,53.22,10,2,0.283,46.9,Social Media,1,72,1,1,0.88
54,Male,East,35060.62,80,47.92,7,3,0.223,62.7,Ads,0,106,1,1,0.875
66,Female,South,66418.71,8,96.22,4,3,0.502,29.4,Ads,0,158,1,1,0.995
53,Male,North,75120.4,16,104.25,5,2,0.35,29.7,Ads,1,61,1,1,0.965
48,Female,East,76544.05,16,100.62,7,3,0.156,91.1,Ads,1,30,1,1,0.985
60,Female,West,41568.56,17,87.4,5,1,0.345,61.1,Email,0,127,1,1,0.995
52,Female,East,60024.5,106,97.2,9,1,0.416,45.5,Email,0,140,1,1,0.99
54,Female,South,52827.07,81,13.2,7,0,0.369,32.4,SMS,1,176,1,1,0.515
31,Male,South,74439.76,13,89.93,3,2,0.139,57.3,Ads,0,69,1,1,0.975
39,Female,East,74319.12,52,53.55,8,2,0.082,99.9,Social Media,1,98,1,1,0.94
71,Female,North,52741.21,35,72.36,4,2,0.357,46.3,Social Media,1,62,1,1,0.99
41,Male,East,39388.3,51,98.75,15,0,0.231,63.2,Email,0,42,1,1,0.98
72,Female,East,57868.34,101,90.35,8,2,0.518,31.1,Ads,0,139,1,1,0.99
28,Male,North,71469.73,78,68.45,15,2,0.082,45.5,Ads,0,6,0,1,0.835
57,Male,South,54646.9,79,108.37,12,2,0.198,50.5,Social Media,0,45,1,1,0.975
46,Female,South,70764.21,105,129.9,7,2,0.306,56.1,Ads,0,48,1,1,0.99
71,Male,East,62114.79,36,60.27,14,3,0.317,49.5,Email,0,60,1,1,0.885
45,Female,West,44603.54,92,37.15,8,1,0.129,55.5,Ads,0,136,1,1,0.76
73,Female,West,67194.56,116,100.06,7,1,0.38,67.8,Social Media,0,35,1,1,0.955
54,Other,North,62531.07,49,65.25,13,0,0.358,100.0,Social Media,0,136,1,1,0.965
34,Male,North,67258.58,31,73.84,8,0,0.142,69.5,SMS,0,8,1,1,0.955
72,Male,West,59709.15,66,88.48,6,3,0.103,17.7,Email,0,44,1,1,0.975
45,Other,East,56398.4,29,86.87,11,4,0.098,86.5,Social Media,1,167,1,1,0.97
63,Male,North,83345.45,2,97.05,7,2,0.302,55.9,Email,0,120,1,1,1.0
35,Male,South,64656.63,29,108.41,12,2,0.656,38.8,Ads,1,175,1,1,0.995
48,Male,North,51403.42,31,126.56,6,3,0.112,48.7,Ads,1,1,1,1,0.955
46,Male,East,65717.46,13,78.61,11,2,0.494,58.4,Social Media,0,54,1,1,0.985
55,Female,West,51139.45,16,89.71,9,2,0.179,36.6,Email,1,105,1,1,1.0
74,Female,North,59408.0,27,130.01,10,2,0.326,50.3,Ads,0,131,1,1,0.995
42,Male,North,57884.54,90,32.96,7,3,0.612,86.9,Social Media,0,161,1,1,0.575
36,Female,East,76838.03,63,37.1,2,2,0.16,34.5,Social Media,0,4,0,0,0.325
31,Female,South,30827.21,30,48.12,10,0,0.12,73.5,SMS,1,58,1,1,0.825
53,Male,East,43862.0,38,75.56,5,2,0.06,58.4,Email,0,179,1,1,0.99
40,Female,East,37471.91,58,88.16,9,1,0.199,36.7,Social Media,0,122,1,1,0.985
20,Female,North,60174.56,19,61.72,3,3,0.694,79.1,Email,1,50,1,1,0.825
27,Female,North,46893.96,109,103.33,8,1,0.187,62.2,SMS,0,93,1,1,0.98
58,Female,North,64484.25,55,61.64,7,0,0.442,39.4,Social Media,0,48,1,1,0.96
42,Female,South,47626.98,56,65.25,8,1,0.376,70.6,Email,0,136,1,1,0.995
59,Female,North,60716.97,115,44.44,7,2,0.222,82.5,Ads,0,170,1,1,0.87
39,Female,East,20083.82,77,82.97,9,1,0.424,50.6,Ads,0,46,1,1,0.955
70,Female,East,37809.21,105,66.33,10,4,0.059,38.4,Ads,0,128,1,1,0.98
26,Male,North,65243.07,10,90.3,6,2,0.283,77.0,SMS,0,132,1,1,0.99
42,Male,North,93593.98,85,116.62,3,0,0.293,29.8,Email,0,24,1,1,0.975
46,Female,East,58959.59,55,40.74,4,1,0.236,59.5,Ads,1,105,1,1,0.885
59,Male,West,68917.35,115,97.57,13,2,0.264,45.8,Email,0,10,1,1,0.975
65,Male,North,84083.19,56,82.33,8,1,0.322,78.0,Email,1,134,1,1,0.99
20,Female,West,83946.77,74,11.88,5,0,0.547,56.4,Ads,0,2,0,0,0.18
66,Female,South,89502.46,105,119.57,9,1,0.22,84.3,Social Media,1,6,1,1,0.965
36,Male,North,50100.8,80,105.18,13,1,0.095,43.9,Social Media,0,87,1,1,0.975
64,Male,South,75342.23,30,80.27,13,3,0.243,53.2,Email,1,155,1,1,0.985
58,Male,South,88133.29,32,56.58,4,1,0.533,65.9,Ads,1,31,1,1,0.835
72,Female,East,49744.77,70,135.18,3,0,0.069,41.0,Ads,1,131,1,1,0.985
65,Female,South,60140.18,77,85.92,11,0,0.476,60.6,SMS,0,52,1,1,0.995
40,Male,West,74032.53,93,91.19,9,0,0.352,69.0,Ads,0,56,1,1,0.97
39,Male,South,71933.35,62,135.8,5,0,0.748,100.0,Email,0,139,1,1,0.95
51,Male,West,65819.81,68,91.3,5,4,0.086,48.6,Social Media,0,136,1,1,1.0
49,Female,North,48118.48,9,30.08,10,3,0.453,76.7,Ads,1,101,1,0,0.48
25,Female,West,50757.41,35,44.63,9,0,0.243,59.5,Ads,0,95,0,1,0.855
42,Other,South,63690.93,4,79.69,6,0,0.119,65.1,Ads,1,37,1,1,0.99
35,Female,North,35163.75,64,32.39,8,3,0.309,79.4,SMS,0,75,0,0,0.33
42,Female,South,86814.65,15,107.3,8,1,0.353,65.7,Social Media,0,37,1,1,0.99
25,Female,North,42153.61,110,5.0,5,1,0.124,40.4,Social Media,1,5,0,0,0.095
43,Male,North,37278.0,109,65.77,4,2,0.486,63.7,Social Media,0,2,1,1,0.7
50,Female,South,62216.36,93,62.08,5,1,0.199,25.5,Social Media,1,23,1,1,0.915
55,Female,West,34377.89,95,41.26,9,2,0.273,58.1,Email,0,152,1,1,0.815
32,Female,North,25232.86,90,42.35,10,1,0.117,75.2,SMS,0,29,0,0,0.345
40,Female,East,63529.65,74,90.07,6,0,0.183,73.0,SMS,1,154,1,1,0.995
68,Male,North,52337.89,39,89.53,5,2,0.142,80.2,Ads,0,75,1,1,0.98
32,Female,South,70533.84,98,92.02,11,2,0.358,68.5,SMS,0,126,1,1,0.995
35,Female,West,87556.61,66,97.21,8,0,0.157,55.3,Email,1,67,1,1,0.995
62,Male,North,80698.99,81,66.66,11,3,0.427,83.5,Ads,0,138,1,1,0.965
66,Female,East,48331.25,19,79.03,12,2,0.208,53.4,SMS,0,83,1,1,0.97
50,Male,West,64898.78,90,83.97,8,0,0.155,62.7,SMS,1,12,1,1,0.97
63,Female,North,88128.82,60,40.44,5,0,0.109,46.8,Social Media,0,93,1,1,0.79
59,Female,North,45870.65,34,28.92,9,1,0.112,49.9,Social Media,1,33,0,0,0.245
61,Male,West,63919.94,69,109.91,8,3,0.291,56.5,SMS,0,16,1,1,0.99
28,Female,South,72117.12,18,90.01,11,4,0.55,38.0,Ads,1,70,1,1,0.965
33,Male,North,51519.33,73,85.83,11,0,0.152,58.0,SMS,0,164,1,1,0.995
22,Female,West,79757.61,82,44.9,8,1,0.35,77.6,Ads,0,6,0,0,0.315
48,Male,North,27012.25,6,99.93,7,2,0.192,48.1,Social Media,0,173,1,1,0.995
24,Male,East,77649.78,20,63.7,7,0,0.2,45.4,Social Media,1,160,1,1,1.0
74,Male,North,53864.54,117,52.6,7,1,0.265,56.3,Email,0,137,1,1,0.925
59,Male,North,73763.26,72,159.87,9,0,0.184,76.8,SMS,1,135,1,1,0.985
69,Female,North,53886.46,75,49.52,7,1,0.103,97.2,Ads,1,129,1,1,0.91
67,Male,West,44134.02,41,85.86,7,4,0.486,33.9,Ads,0,141,1,1,0.995
64,Female,South,54887.66,52,69.76,10,0,0.222,70.2,Ads,0,73,1,1,0.98
57,Female,South,58407.82,18,98.96,10,1,0.148,37.1,SMS,0,118,1,1,1.0
25,Female,South,48983.2,53,95.19,4,1,0.18,39.5,SMS,0,173,1,1,1.0
54,Female,South,61935.45,84,131.31,9,4,0.142,45.3,Social Media,1,33,1,1,0.98
69,Female,North,44375.97,47,77.28,10,3,0.083,53.8,Email,0,38,1,1,0.955
71,Male,South,61051.06,66,83.45,8,2,0.386,68.4,Ads,1,45,1,1,0.955
53,Female,South,81185.22,64,109.86,10,3,0.426,6.2,SMS,1,135,1,1,0.985
62,Male,South,50696.56,14,180.51,5,3,0.117,34.1,SMS,0,23,1,1,0.99
18,Male,South,44120.38,86,40.09,8,1,0.412,65.0,Email,1,69,1,0,0.415
28,Female,North,82192.24,85,60.53,10,2,0.075,82.1,Email,1,166,1,1,0.985
46,Female,West,39641.17,102,120.04,11,2,0.147,11.1,Social Media,0,56,1,1,0.97
64,Female,East,54849.5,18,74.2,11,2,0.488,63.1,Social Media,0,122,1,1,0.995
30,Male,West,46493.8,40,57.34,9,1,0.284,73.5,Ads,0,155,1,1,0.985
61,Male,West,15000.0,95,57.75,6,1,0.073,57.9,Ads,0,76,1,1,0.925
39,Female,East,64470.93,62,88.86,7,5,0.287,57.8,SMS,1,102,1,1,0.99
30,Male,East,64234.36,11,52.53,8,1,0.284,51.9,SMS,0,170,1,1,0.965
50,Female,West,70148.97,26,124.01,7,2,0.035,63.4,Email,1,160,1,1,1.0
37,Male,North,70362.66,97,45.15,7,1,0.14,71.0,Ads,0,140,1,1,0.925
58,Female,East,55525.57,4,27.22,11,1,0.153,17.3,Email,0,19,0,0,0.24
42,Male,North,80111.05,51,92.81,7,1,0.158,81.6,Social Media,0,80,1,1,1.0
50,Male,South,43322.51,47,24.92,12,1,0.582,54.4,SMS,0,129,1,0,0.435
68,Other,East,106761.07,21,154.64,8,3,0.216,67.0,Email,0,78,1,1,0.98
26,Female,East,63984.73,74,52.54,10,0,0.078,48.9,Email,0,173,1,1,0.955
40,Male,West,57136.79,84,61.55,11,1,0.353,81.3,Social Media,0,75,1,1,0.92
36,Female,West,23662.18,94,123.62,7,0,0.467,63.4,SMS,1,92,1,1,0.985
50,Female,South,85046.09,70,83.48,6,0,0.284,89.7,Social Media,0,64,1,1,0.99
60,Female,East,68224.82,35,46.3,11,0,0.397,71.2,Email,0,65,1,1,0.725
31,Female,South,62287.94,25,34.97,5,2,0.219,22.6,Social Media,0,3,0,0,0.385
18,Male,West,63642.83,54,12.91,12,3,0.288,76.5,SMS,0,87,0,0,0.165
68,Female,West,51089.97,37,65.89,7,2,0.318,60.8,Ads,0,129,1,1,1.0
37,Male,East,76206.11,48,109.38,6,3,0.112,74.3,Email,1,62,1,1,0.98
24,Female,North,46717.71,4,127.54,9,0,0.289,84.7,Email,0,159,1,1,0.99
26,Female,North,65024.05,43,48.53,8,1,0.285,61.3,Social Media,1,116,0,1,0.92
48,Male,North,65511.16,98,50.79,11,3,0.223,91.7,SMS,0,55,0,1,0.61
54,Female,North,45449.1,56,7.24,4,3,0.017,70.7,SMS,0,6,0,0,0.185
33,Female,North,67141.82,59,30.72,7,0,0.149,68.6,SMS,0,1,0,0,0.19
18,Female,South,61790.01,18,162.65,6,0,0.086,41.5,Email,0,2,1,1,0.96
57,Male,North,33988.52,115,93.37,7,2,0.302,51.6,Ads,1,79,1,1,0.985
68,Female,West,40250.44,11,50.39,8,3,0.133,67.1,SMS,0,100,1,1,0.945
19,Female,South,44830.87,12,94.17,5,1,0.199,69.1,Ads,0,19,1,1,0.965
42,Male,South,37177.93,94,84.75,15,1,0.491,45.7,SMS,0,39,1,1,0.96
53,Male,North,84006.64,25,83.97,8,0,0.464,62.4,Email,0,93,1,1,0.995
62,Female,South,65365.91,12,46.06,8,2,0.349,100.0,Ads,1,139,1,1,0.9
27,Female,West,81721.16,77,70.52,4,3,0.581,52.6,Social Media,0,20,1,1,0.865
62,Male,South,38982.03,6,93.87,14,1,0.15,42.5,Ads,0,48,1,1,0.99
69,Male,North,81328.09,21,5.0,9,2,0.446,93.2,Social Media,0,174,1,0,0.285
71,Male,South,61342.27,38,59.05,5,4,0.44,20.7,Ads,0,84,1,1,0.95
55,Male,North,74387.13,37,78.66,14,4,0.322,60.1,Email,0,125,1,1,0.98
45,Female,East,74943.74,64,25.83,12,1,0.354,68.1,SMS,1,133,0,0,0.33
61,Male,East,68149.64,104,102.45,12,3,0.576,61.7,Email,0,136,1,1,0.99
67,Male,East,49701.54,12,75.07,6,0,0.259,98.7,Email,0,146,1,1,0.985
51,Female,North,55500.36,58,101.22,7,2,0.252,52.3,Social Media,1,41,1,1,0.985
73,Female,West,52390.45,92,70.01,11,0,0.069,88.9,SMS,1,163,1,1,1.0
61,Male,North,41483.45,65,108.54,7,4,0.52,38.3,Ads,0,125,1,1,1.0
38,Male,South,24025.86,114,77.61,6,0,0.539,49.7,Email,1,139,1,1,0.97
70,Male,North,75433.77,14,88.59,15,2,0.094,81.0,Ads,0,108,1,1,0.99
25,Female,North,52216.47,66,142.2,9,2,0.087,98.5,Social Media,1,45,1,1,0.965
35,Male,East,63094.47,93,117.9,18,1,0.255,69.5,Social Media,1,34,1,1,0.945
59,Male,West,45845.53,55,86.4,8,1,0.745,100.0,Ads,0,21,1,1,0.845
28,Male,South,90538.47,36,94.86,7,2,0.369,35.2,SMS,0,85,1,1,0.99
52,Male,East,61579.8,84,159.52,8,0,0.523,74.1,SMS,0,70,1,1,0.99
31,Female,North,59370.43,60,45.71,10,1,0.356,77.7,SMS,0,130,1,1,0.865
60,Female,South,51961.28,46,171.36,10,2,0.189,44.7,Social Media,0,146,1,1,0.995
59,Female,South,80992.85,106,35.34,7,0,0.216,73.2,Email,1,129,1,1,0.67
44,Female,North,72239.57,57,64.84,12,3,0.133,66.3,Social Media,1,2,1,1,0.725
45,Male,North,73739.75,105,103.54,12,0,0.195,67.2,SMS,1,111,1,1,0.97
42,Male,South,59788.13,79,94.13,7,2,0.61,61.0,Ads,1,99,1,1,0.985
51,Male,West,59470.02,59,106.72,6,1,0.297,30.2,Email,0,42,1,1,0.97
62,Male,South,49221.3,37,118.44,7,0,0.275,54.0,Email,0,140,1,1,1.0
70,Female,South,54852.73,101,86.56,11,5,0.484,51.7,Social Media,0,41,1,1,0.9
20,Male,South,50151.17,101,40.76,13,0,0.132,76.9,Email,1,141,1,1,0.66
54,Male,North,55514.51,114,101.1,11,3,0.147,38.6,Ads,0,98,1,1,0.995
56,Female,East,46296.55,109,31.94,9,1,0.079,77.9,Social Media,0,150,0,1,0.77
40,Male,North,66365.73,119,173.11,13,0,0.375,38.3,Ads,1,99,1,1,0.975
33,Male,North,37729.74,26,68.83,8,1,0.286,49.5,Social Media,1,55,1,1,0.99
28,Female,East,46014.18,111,121.2,10,2,0.226,72.1,SMS,1,52,1,1,0.985
66,Male,East,16745.75,87,56.75,8,3,0.378,52.5,Email,0,47,1,1,0.755
27,Female,South,74820.22,23,135.61,7,3,0.149,76.1,Social Media,0,47,1,1,1.0
45,Female,North,77690.73,110,60.36,9,3,0.171,57.8,Email,1,18,0,1,0.725
49,Male,East,92351.32,76,80.76,8,1,0.305,94.7,SMS,1,31,1,1,0.885
63,Female,North,55103.71,53,94.62,8,1,0.158,59.3,Social Media,0,41,1,1,0.98
57,Female,West,47345.74,10,73.43,10,3,0.199,74.6,Social Media,1,155,1,1,1.0
51,Female,East,80150.91,15,48.26,5,1,0.039,69.5,Social Media,0,61,1,1,0.86
73,Female,West,60929.24,20,98.62,8,2,0.257,67.0,SMS,0,87,1,1,0.99
25,Female,North,60115.13,77,61.46,4,1,0.227,45.7,Social Media,0,159,1,1,0.98
23,Female,East,76771.81,52,116.46,5,1,0.248,69.5,Ads,0,39,1,1,0.975
49,Female,West,52260.36,115,62.32,9,1,0.262,65.2,Ads,1,91,1,1,0.965
63,Male,South,73498.43,93,81.11,9,3,0.147,62.4,Social Media,1,149,1,1,1.0
62,Female,East,45324.7,35,177.58,9,2,0.171,56.9,Ads,0,73,1,1,0.995
66,Female,South,59702.37,68,113.6,10,2,0.33,59.8,SMS,0,106,1,1,1.0
61,Female,North,31933.34,63,161.66,12,2,0.215,67.9,Social Media,0,146,1,1,0.995
38,Male,South,45898.88,79,87.66,12,1,0.177,54.7,Email,0,51,1,1,0.99
66,Male,West,31411.1,106,77.76,13,2,0.218,85.4,Ads,0,89,1,1,0.965
48,Male,North,58084.7,26,63.95,7,6,0.349,82.0,Ads,0,90,1,1,0.97
19,Male,West,83523.08,103,71.2,7,1,0.186,57.0,Ads,0,34,1,1,0.88
44,Female,South,47892.82,10,120.55,6,2,0.451,48.3,Email,0,128,1,1,1.0
21,Female,North,70052.42,119,112.47,10,1,0.034,71.5,Email,0,78,1,1,0.975
26,Male,North,27744.07,15,47.3,6,1,0.256,80.4,SMS,1,128,1,1,0.93
50,Male,West,49325.44,39,68.46,6,3,0.314,54.0,SMS,0,63,1,1,0.97
25,Male,East,63262.69,87,59.18,10,1,0.449,93.2,Ads,0,107,1,1,0.9
24,Male,South,50412.47,28,72.61,7,1,0.195,74.1,Social Media,0,175,1,1,0.985
58,Female,East,67273.05,60,87.38,5,0,0.318,46.9,Social Media,0,68,1,1,0.98
48,Other,East,50249.58,78,48.72,9,7,0.204,98.7,SMS,0,135,1,1,0.88
40,Male,East,63471.04,17,82.17,5,0,0.219,68.7,SMS,0,140,1,1,0.995
67,Male,West,65794.98,33,109.19,13,0,0.2,100.0,Ads,0,73,1,1,0.97
62,Male,East,29795.43,50,63.61,13,0,0.101,93.7,SMS,1,118,1,1,0.955
20,Female,East,62394.32,11,41.88,10,2,0.366,40.9,SMS,0,68,1,1,0.705
49,Male,North,74555.17,30,38.99,8,2,0.391,85.7,Social Media,0,51,0,0,0.315
18,Male,North,54316.61,46,64.69,9,2,0.397,43.5,Social Media,0,117,1,1,0.98
46,Male,East,36866.99,71,90.41,7,0,0.716,48.5,Email,1,155,1,1,0.975
53,Male,North,54009.43,58,110.02,8,1,0.155,31.5,Ads,1,140,1,1,1.0
20,Male,West,70768.74,35,56.37,5,0,0.272,55.6,SMS,0,102,1,1,0.96
74,Male,West,60907.26,60,51.33,5,0,0.039,74.6,Email,0,74,1,1,0.88
70,Male,South,46965.14,6,95.3,6,1,0.118,52.0,SMS,0,154,1,1,0.99
37,Female,East,40360.63,47,104.98,5,6,0.198,71.0,Email,0,8,1,1,0.945
24,Female,North,48480.71,79,63.98,2,1,0.339,35.1,SMS,0,101,0,1,0.965
64,Male,East,60720.19,117,71.82,15,1,0.276,75.0,SMS,0,31,0,1,0.81
24,Female,East,43287.13,22,54.78,10,0,0.105,71.3,Email,0,99,1,1,0.97
28,Male,South,30863.01,29,48.88,13,0,0.099,46.8,Ads,0,128,1,1,0.945
55,Male,South,88006.35,16,100.06,6,0,0.326,67.8,Social Media,0,5,1,1,0.975
69,Female,West,40326.27,5,51.9,11,1,0.382,35.2,Email,0,88,1,1,0.965
64,Female,East,39608.07,59,73.6,8,0,0.156,51.1,Social Media,1,103,1,1,0.995
30,Female,West,57708.93,13,63.95,9,2,0.027,67.7,Ads,0,128,1,1,1.0
20,Male,West,65387.03,105,102.18,7,1,0.147,71.7,Social Media,0,67,1,1,0.99
22,Male,North,29122.71,36,90.45,6,1,0.211,61.7,SMS,0,143,1,1,0.995
67,Female,South,22163.43,89,140.85,6,2,0.371,68.9,Email,0,133,1,1,0.995
20,Female,North,22084.94,43,104.84,12,1,0.361,55.0,Email,0,52,1,1,0.965
19,Male,East,15000.0,35,62.51,5,1,0.37,63.0,Social Media,0,73,1,1,0.97
48,Male,West,60845.38,10,54.47,9,0,0.199,17.8,SMS,0,12,1,1,0.86
29,Male,East,56141.35,70,17.28,8,2,0.062,69.1,Social Media,0,70,0,0,0.135
27,Female,North,36691.82,23,100.78,5,1,0.624,85.1,Email,1,28,1,1,0.93
65,Male,East,61181.21,116,53.84,10,1,0.087,40.6,SMS,1,107,1,1,0.925
50,Male,West,66643.83,105,149.18,8,4,0.141,72.4,Social Media,1,166,1,1,0.975
73,Female,South,33270.23,78,76.18,10,0,0.129,18.7,Social Media,0,129,1,1,0.995
60,Female,West,37444.59,34,67.82,8,0,0.094,72.7,SMS,0,69,1,1,0.99
48,Other,South,47473.26,53,117.84,14,0,0.28,88.0,Ads,0,63,1,1,0.955
50,Female,West,39817.84,10,41.68,3,2,0.484,84.0,Social Media,0,111,1,1,0.81
43,Female,East,54503.6,82,87.17,8,0,0.231,100.0,Social Media,0,60,1,1,0.97
34,Male,West,25649.6,10,67.97,8,1,0.092,74.6,Ads,0,37,1,1,0.96
42,Male,South,43907.66,25,103.85,3,1,0.202,90.8,Social Media,0,93,1,1,0.98
60,Male,South,65012.78,50,94.01,7,2,0.427,54.1,Social Media,1,111,1,1,1.0
69,Male,North,22571.79,109,96.28,13,3,0.482,65.4,Social Media,0,88,1,1,0.965
26,Male,North,78503.46,95,92.91,8,4,0.08,52.5,Email,0,1,1,1,0.91
55,Male,North,80004.12,118,65.25,14,2,0.253,11.3,Social Media,0,80,1,1,0.935
67,Male,North,52562.72,7,121.37,10,1,0.606,52.9,Social Media,0,116,1,1,0.99
39,Male,East,78887.16,42,119.35,7,0,0.225,87.9,SMS,0,61,1,1,0.97
67,Female,East,46833.07,24,130.42,4,2,0.145,75.3,Email,0,108,1,1,1.0
39,Male,East,67990.09,101,70.1,6,2,0.33,60.4,SMS,0,53,0,1,0.955
70,Female,East,74553.85,79,124.41,9,0,0.02,39.2,SMS,0,115,1,1,0.99
39,Female,East,79717.28,21,127.13,9,0,0.342,65.8,SMS,0,55,1,1,0.985
65,Female,East,66583.08,18,60.21,8,1,0.219,51.8,Ads,1,110,1,1,0.995
61,Male,North,71661.98,37,70.26,7,2,0.257,53.3,Social Media,1,178,1,1,0.985
74,Male,North,53267.34,88,122.48,4,0,0.301,51.7,Ads,0,85,1,1,0.98
71,Female,North,87459.04,59,71.72,6,1,0.098,35.5,Social Media,0,141,1,1,0.995
63,Male,East,36743.19,8,71.87,12,2,0.056,36.9,SMS,0,37,1,1,0.97
45,Male,South,62313.14,85,45.22,10,2,0.685,46.3,SMS,1,76,0,1,0.605
44,Female,South,62960.25,10,79.79,8,0,0.521,75.4,Email,0,28,1,1,0.97
34,Female,South,68988.77,48,74.78,9,1,0.499,55.7,Social Media,0,17,1,1,0.975
40,Female,West,39624.08,95,56.04,6,1,0.232,96.0,Ads,1,54,1,1,0.75
56,Female,North,42959.91,119,60.18,5,3,0.292,53.7,Social Media,0,81,1,1,0.92
51,Female,West,39305.13,119,75.17,4,3,0.066,64.3,SMS,0,169,1,1,0.98
44,Male,South,39484.49,15,74.21,7,2,0.116,69.9,Social Media,0,54,1,1,0.98
46,Female,South,106365.69,95,51.21,8,3,0.347,92.4,Email,0,152,1,1,0.82
66,Female,West,47990.5,107,91.09,6,0,0.299,74.2,Ads,0,73,1,1,0.995
63,Male,East,55075.68,118,76.51,9,1,0.429,74.0,Social Media,0,106,1,1,0.96
34,Female,West,86208.82,73,28.22,10,0,0.037,58.0,Social Media,0,175,1,1,0.755
51,Male,West,65232.62,97,114.47,3,3,0.316,38.5,Social Media,0,47,1,1,0.97
27,Male,North,47788.35,12,109.81,7,2,0.476,22.5,SMS,1,81,1,1,0.995
44,Other,East,62411.65,41,69.47,4,0,0.09,56.1,SMS,1,124,1,1,0.985
73,Female,South,74101.83,105,55.3,6,0,0.621,84.2,Email,0,87,0,1,0.85
67,Female,North,41711.82,81,51.15,9,0,0.229,43.7,Ads,1,30,1,1,0.605
23,Female,West,68982.91,115,47.71,7,1,0.204,63.2,SMS,0,92,1,1,0.69
55,Male,West,82439.91,111,39.97,10,1,0.332,49.7,Email,1,52,0,0,0.35
42,Female,East,60449.53,106,157.82,8,1,0.174,45.1,SMS,0,156,1,1,1.0
47,Male,North,64125.43,60,117.91,6,3,0.105,71.8,Social Media,0,72,1,1,0.99
52,Female,East,90357.9,110,73.23,9,0,0.347,100.0,Social Media,0,119,1,1,0.945
40,Male,South,44348.71,92,99.53,5,1,0.219,53.0,Email,0,73,1,1,0.995
48,Female,North,29246.13,42,30.47,9,1,0.12,22.1,Ads,1,141,1,1,0.75
64,Male,West,75181.71,52,118.73,7,1,0.588,62.3,Email,1,178,1,1,0.99
28,Male,West,67746.3,42,5.0,11,2,0.251,50.9,Social Media,1,94,0,0,0.13
72,Male,West,47628.1,69,50.64,7,1,0.238,68.8,Ads,0,116,1,1,0.935
53,Male,East,110670.19,47,98.11,1,1,0.11,60.9,Ads,0,112,1,1,0.98
55,Female,North,82020.17,34,145.99,11,0,0.302,82.3,Email,0,118,1,1,0.995
71,Female,West,67701.65,107,69.9,4,1,0.102,40.8,Email,0,83,1,1,0.99
59,Male,East,63417.38,2,75.79,3,2,0.054,67.2,Social Media,1,31,1,1,0.97
71,Male,North,29871.81,55,120.1,6,2,0.089,100.0,Ads,0,2,1,1,0.93
74,Male,East,76116.04,76,54.22,10,0,0.306,38.0,Social Media,1,106,1,1,0.935
32,Male,East,38796.33,45,26.36,14,0,0.287,74.0,Ads,0,134,0,0,0.47
71,Female,South,66780.83,100,6.65,9,2,0.233,51.8,Email,0,117,0,0,0.185
72,Other,North,63391.89,67,5.0,7,3,0.068,79.3,Social Media,0,166,1,0,0.44
73,Male,North,48347.24,59,99.56,7,2,0.59,67.3,SMS,0,99,1,1,0.99
35,Female,North,75887.23,84,60.93,6,0,0.509,41.8,Email,0,149,1,1,0.96
19,Male,North,89689.58,63,59.77,10,2,0.069,81.0,SMS,0,134,1,1,0.98
23,Male,West,29181.21,88,5.0,8,0,0.073,16.0,Ads,0,163,0,0,0.395
28,Male,North,54589.04,15,47.85,7,1,0.113,53.6,Email,0,139,1,1,0.955
31,Female,East,55583.54,52,80.46,6,2,0.455,35.7,Social Media,0,40,1,1,0.995
59,Female,South,67628.67,103,112.01,8,2,0.57,14.9,Ads,1,17,1,1,0.95
39,Female,West,57833.7,41,70.47,11,2,0.098,76.4,Email,0,82,1,1,0.99
58,Female,East,112753.45,87,87.46,8,0,0.103,58.1,Ads,0,45,1,1,0.97
51,Male,West,44163.07,6,110.81,10,3,0.284,60.4,Ads,0,27,1,1,0.97
53,Male,North,45437.84,37,160.1,9,1,0.086,45.3,Ads,1,128,1,1,1.0
62,Male,East,55435.33,93,39.83,7,4,0.263,45.7,SMS,0,14,0,0,0.18
49,Female,North,18335.38,48,49.77,8,0,0.357,92.5,SMS,0,108,1,1,0.84
71,Female,North,32920.18,65,122.81,3,1,0.185,57.1,Email,0,73,1,1,0.985
71,Male,North,90487.29,17,65.91,9,2,0.228,66.1,Social Media,0,174,1,1,0.995
43,Female,North,92410.28,59,75.84,6,1,0.152,85.6,SMS,0,26,1,1,0.96
52,Female,West,72752.01,88,43.9,10,1,0.207,29.9,SMS,0,145,1,1,0.875
54,Male,West,56566.35,34,112.96,7,4,0.227,75.0,Ads,0,110,1,1,0.995
24,Male,East,67752.96,41,112.98,7,5,0.177,54.2,SMS,0,43,1,1,0.995
73,Female,East,57745.85,9,107.06,6,2,0.427,67.1,Ads,0,19,1,1,0.99
66,Male,East,62217.1,85,142.58,7,2,0.427,45.4,Social Media,0,102,1,1,0.995
45,Female,South,80835.39,60,13.91,3,1,0.273,77.2,Social Media,0,82,1,0,0.17
73,Male,South,43582.64,47,112.38,6,1,0.527,80.5,Email,1,125,1,1,1.0
25,Other,South,39067.24,108,52.91,9,2,0.316,100.0,Email,1,12,0,0,0.43
49,Male,East,83485.27,104,73.51,12,3,0.082,70.6,Social Media,1,177,1,1,0.97
46,Female,North,43222.93,37,106.94,13,0,0.444,69.5,SMS,1,50,1,1,0.955
57,Male,East,93221.27,42,112.17,5,1,0.198,82.1,Social Media,0,49,1,1,0.975
31,Female,South,62997.21,62,43.64,10,0,0.169,74.3,SMS,0,30,1,0,0.375
50,Female,East,57136.72,3,82.85,9,1,0.385,44.4,Social Media,0,61,1,1,0.985
56,Male,North,64092.34,76,61.95,10,4,0.592,88.9,Email,1,65,1,1,0.855
50,Male,South,76534.46,66,52.71,5,3,0.692,73.2,Social Media,1,109,1,1,0.9
74,Female,North,27265.81,25,17.83,8,1,0.322,62.5,Social Media,0,140,1,1,0.53
68,Male,East,39003.66,27,48.96,16,0,0.088,100.0,Ads,1,160,1,1,0.845
20,Female,North,40315.89,22,28.69,7,2,0.404,32.0,Social Media,1,56,0,0,0.42
51,Female,East,58704.71,22,108.88,7,1,0.263,95.4,Email,0,89,1,1,0.99
34,Male,West,81797.55,12,90.91,12,1,0.32,75.4,Social Media,0,9,1,1,0.975
27,Male,East,64973.91,56,79.42,12,1,0.613,41.3,Email,0,160,1,1,0.98
23,Male,East,66769.52,81,113.17,6,0,0.222,81.5,Ads,1,63,1,1,0.99
44,Female,North,61255.79,105,93.94,11,1,0.215,31.6,Social Media,0,97,1,1,0.99
50,Female,East,80874.35,19,93.31,7,0,0.075,36.6,Ads,0,16,1,1,0.995
63,Male,South,78969.54,71,72.93,4,2,0.206,43.4,Ads,0,145,1,1,0.99
37,Female,South,47424.69,11,53.9,6,1,0.153,56.3,Ads,0,36,0,1,0.91
66,Male,North,76016.91,17,72.66,5,2,0.116,72.6,Social Media,0,172,1,1,1.0
63,Female,North,58688.11,86,113.12,13,0,0.427,63.3,Ads,0,95,1,1,0.99
52,Female,South,63335.79,42,114.53,5,1,0.069,50.6,SMS,0,26,1,1,0.99
18,Other,East,57851.12,6,49.67,8,1,0.205,74.4,Ads,0,84,1,1,0.845
30,Male,East,39153.71,34,176.14,6,0,0.363,49.5,Social Media,0,97,1,1,0.995
22,Female,North,90558.07,41,5.0,8,4,0.25,74.8,Ads,0,103,1,0,0.215
64,Female,West,59871.08,9,119.66,7,1,0.243,73.7,Ads,0,101,1,1,1.0
35,Female,East,16720.39,88,60.24,4,1,0.387,57.3,Ads,1,61,1,1,0.9
54,Male,South,82104.97,2,65.4,9,1,0.216,47.6,Email,0,102,1,1,0.99
27,Female,North,63423.35,77,153.71,7,4,0.034,50.2,SMS,1,165,1,1,1.0
57,Male,East,103634.51,72,68.77,6,3,0.378,76.5,SMS,1,104,1,1,0.96
55,Male,North,75181.5,54,137.68,9,2,0.334,66.6,Social Media,0,65,1,1,0.99
43,Male,South,44930.55,77,96.81,5,3,0.312,49.6,Email,0,133,1,1,1.0
41,Female,South,36483.98,51,91.17,8,4,0.072,65.6,SMS,0,114,1,1,0.995
24,Female,West,62857.22,73,80.47,7,1,0.5,46.0,Social Media,0,45,1,1,0.985
57,Female,West,56851.44,14,77.93,6,2,0.063,92.4,Ads,1,8,1,1,0.965
57,Female,South,91236.59,117,92.46,9,1,0.144,56.1,Email,0,28,1,1,0.935
23,Male,North,110635.78,100,81.31,7,1,0.042,79.4,Email,1,58,1,1,0.955
52,Female,North,35410.05,18,77.13,8,2,0.467,83.1,SMS,1,174,1,1,1.0
29,Male,West,71393.87,59,82.11,11,0,0.293,71.8,Email,0,177,1,1,1.0
54,Male,East,80472.27,8,93.41,10,1,0.251,65.4,SMS,1,18,1,1,0.985
66,Male,North,84562.72,13,38.71,5,3,0.286,63.2,Email,0,22,0,0,0.39
26,Female,West,68889.18,24,74.59,10,2,0.603,53.4,SMS,0,127,1,1,0.995
38,Male,East,51574.66,13,98.52,6,2,0.062,28.4,SMS,0,128,1,1,1.0
37,Male,North,84146.31,6,51.96,11,1,0.331,38.5,Social Media,0,66,1,1,0.88
47,Male,West,68557.28,108,91.72,9,2,0.232,68.9,SMS,0,85,1,1,0.985
23,Other,West,70640.16,1,98.18,6,0,0.34,24.4,Ads,0,153,1,1,0.99
28,Female,South,53135.92,74,70.66,6,1,0.198,88.0,Ads,1,147,1,1,1.0
20,Male,East,53539.42,110,103.71,5,0,0.257,43.4,Social Media,0,4,1,1,0.97
73,Male,South,59665.51,119,65.63,8,2,0.203,63.0,Ads,0,118,1,1,0.95
63,Male,West,90600.97,63,51.61,4,1,0.094,67.6,Ads,1,168,1,1,0.965
23,Female,North,65706.63,28,72.33,8,2,0.294,42.8,Ads,0,99,1,1,0.99
58,Male,South,84678.96,29,107.74,7,2,0.185,86.0,Ads,0,111,1,1,0.995
50,Male,West,44081.93,15,76.06,8,3,0.57,71.4,Email,1,24,1,1,0.96
65,Male,West,32810.22,115,147.28,8,0,0.26,24.1,SMS,0,41,1,1,0.96
60,Other,North,64339.65,64,34.13,3,1,0.267,51.4,Social Media,0,104,1,1,0.725
53,Female,North,79691.2,64,120.81,5,1,0.288,59.7,SMS,0,106,1,1,0.995
64,Female,South,71843.0,46,121.16,5,3,0.305,48.7,SMS,1,102,1,1,1.0
64,Male,North,51882.82,49,73.49,8,4,0.216,49.2,SMS,1,32,1,1,0.98
60,Female,North,50742.28,81,133.95,5,3,0.315,68.0,Ads,0,78,1,1,0.99
39,Male,North,25135.69,43,47.2,11,2,0.214,84.2,Ads,1,81,1,1,0.815
60,Male,West,86511.01,52,64.88,10,2,0.087,51.2,SMS,0,83,1,1,0.995
36,Male,East,35166.91,73,84.36,5,3,0.096,70.0,Ads,1,55,1,1,0.99
69,Female,North,51010.54,116,56.4,5,1,0.438,28.1,Social Media,0,48,1,1,0.7
24,Female,East,50199.2,71,5.0,10,1,0.214,56.2,Ads,0,20,0,0,0.045
60,Female,East,68975.09,99,39.94,15,1,0.239,68.4,Social Media,0,84,0,0,0.44
65,Male,East,65411.47,78,104.46,5,1,0.034,37.0,Ads,0,99,1,1,1.0
37,Female,West,85580.37,59,94.41,8,2,0.312,100.0,SMS,0,105,1,1,0.99
31,Male,North,40202.61,85,38.09,6,1,0.341,74.8,Ads,0,90,0,1,0.545
28,Male,East,59519.21,82,51.22,10,2,0.111,33.1,SMS,0,54,1,1,0.71
39,Female,North,47998.44,97,114.52,7,3,0.059,61.5,SMS,0,3,1,1,0.98
39,Female,South,26073.85,44,121.49,12,2,0.307,70.9,Email,0,29,1,1,0.97
69,Female,South,43237.89,9,99.44,4,3,0.112,52.5,Email,1,108,1,1,0.995
59,Male,West,81216.55,81,77.92,9,1,0.226,72.0,Social Media,0,27,1,1,0.965
61,Other,West,81596.04,64,86.01,4,1,0.333,16.2,Email,1,51,1,1,0.97
72,Male,West,83648.56,87,88.09,5,2,0.278,62.6,SMS,1,169,1,1,0.995
22,Male,North,70636.18,71,186.73,7,0,0.435,100.0,SMS,0,72,1,1,0.97
38,Male,South,103069.26,72,58.4,17,0,0.267,50.7,SMS,0,35,0,1,0.605
46,Male,West,70577.22,81,27.26,12,1,0.297,68.9,Ads,0,12,0,0,0.09
27,Female,South,97487.97,115,73.3,5,1,0.183,59.4,Social Media,0,138,1,1,0.99
21,Male,North,34296.36,90,106.83,8,0,0.494,74.5,Ads,1,87,1,1,0.985
69,Female,South,48690.44,8,127.72,6,2,0.293,90.6,Social Media,0,104,1,1,1.0
63,Other,South,42742.07,65,61.35,10,1,0.056,15.2,SMS,0,9,1,1,0.9
72,Female,East,57564.16,58,40.02,11,1,0.294,74.4,Social Media,1,7,0,0,0.275
22,Female,North,60450.96,100,44.67,14,3,0.293,62.2,Email,0,98,1,1,0.63
56,Male,South,63259.93,11,48.12,9,0,0.083,26.3,Social Media,0,5,0,1,0.665
19,Male,South,58849.3,10,79.53,6,1,0.258,54.0,SMS,1,173,1,1,1.0
44,Female,North,53963.92,111,132.45,6,3,0.189,61.8,Ads,1,50,1,1,0.99
73,Male,West,56965.88,13,129.54,13,1,0.452,77.3,Social Media,0,34,1,1,0.945
41,Female,East,33456.76,52,125.7,6,1,0.235,68.4,Ads,1,7,1,1,0.98
60,Female,North,74279.53,118,60.67,11,3,0.39,60.1,Social Media,1,41,1,1,0.705
71,Male,North,41488.65,19,42.99,11,3,0.443,31.8,Email,1,161,1,1,0.9
70,Male,West,43578.28,34,29.14,4,0,0.234,56.2,SMS,0,155,1,1,0.835
41,Male,South,64963.17,111,81.52,7,2,0.578,41.5,Social Media,1,101,1,1,0.975
60,Male,North,33767.03,78,124.14,2,0,0.111,75.1,Ads,0,116,1,1,0.99
67,Male,North,61528.54,69,64.55,8,1,0.258,42.5,SMS,0,147,1,1,0.99
36,Male,South,38197.79,100,55.04,8,2,0.676,100.0,Email,0,108,1,1,0.81
44,Male,North,39398.82,115,73.49,5,2,0.17,63.8,Social Media,1,170,1,1,0.985
61,Female,North,50843.01,43,37.39,12,3,0.26,40.3,Social Media,0,139,1,1,0.83
47,Other,East,66395.71,14,28.79,12,1,0.22,44.7,Email,0,47,0,0,0.275
25,Male,West,52697.85,66,87.74,6,0,0.21,62.7,Ads,1,24,1,1,0.975
55,Male,South,77568.84,52,50.1,5,1,0.253,30.2,Social Media,0,42,1,1,0.905
65,Female,South,47645.81,100,71.48,11,1,0.494,65.8,SMS,0,67,1,1,0.91
56,Female,North,58242.21,31,82.02,14,0,0.497,94.1,SMS,1,116,1,1,0.975
66,Male,West,15000.0,87,90.44,6,1,0.268,42.9,Email,0,131,1,1,0.995
70,Male,East,46570.92,77,92.9,7,1,0.257,54.2,Social Media,1,148,1,1,1.0
41,Female,North,83537.31,107,27.36,11,1,0.226,74.0,SMS,1,45,0,0,0.145
49,Female,South,15000.0,115,45.11,9,5,0.12,32.1,SMS,0,57,1,1,0.545
59,Female,East,61278.06,17,55.31,4,3,0.359,84.8,Ads,0,32,1,1,0.785
24,Male,East,31887.13,2,116.31,10,1,0.525,62.4,Ads,0,56,1,1,0.965
37,Female,West,57865.88,72,48.17,6,0,0.073,26.3,Email,1,106,1,1,0.92
67,Female,West,82706.3,1,71.5,10,2,0.406,57.1,Email,0,93,1,1,0.98
27,Female,North,30361.26,14,119.26,10,3,0.097,78.1,Ads,0,83,1,1,0.985
70,Female,South,62192.3,28,81.26,6,2,0.493,76.3,Email,0,134,1,1,0.99
66,Female,South,71202.64,59,85.19,7,0,0.394,83.4,Social Media,0,100,1,1,0.99
52,Female,South,55625.84,35,119.12,8,5,0.159,50.8,Ads,1,151,1,1,1.0
62,Female,North,60395.65,96,66.83,9,0,0.166,61.4,SMS,1,154,1,1,1.0
72,Female,North,49073.8,98,121.98,7,2,0.16,77.0,Email,0,170,1,1,0.995
54,Female,South,59340.64,40,49.81,5,2,0.324,34.0,Email,1,6,1,1,0.67
38,Female,South,59553.75,20,89.97,13,2,0.322,53.4,Social Media,0,42,1,1,0.99
50,Female,North,63579.13,32,126.31,12,1,0.384,90.2,Ads,1,128,1,1,0.995
49,Female,North,69476.9,98,94.77,8,2,0.405,86.8,Email,0,169,1,1,0.99
55,Male,South,85312.99,84,84.21,11,1,0.357,26.5,Social Media,0,73,1,1,0.98
48,Female,West,55767.36,25,100.8,9,5,0.162,71.2,Social Media,0,178,1,1,0.98
63,Male,South,90318.67,83,97.4,3,1,0.607,56.5,Email,1,48,1,1,0.965
72,Male,East,54526.58,118,98.94,7,0,0.629,88.9,Social Media,0,127,1,1,0.945
56,Male,South,66813.3,33,43.66,10,2,0.081,71.4,Email,0,114,1,1,0.915
30,Female,North,47980.95,83,77.23,4,1,0.588,39.5,Email,1,68,1,1,0.96
43,Female,South,82843.07,80,84.48,7,2,0.176,50.3,Ads,1,51,1,1,0.98
46,Male,East,19863.97,91,110.37,12,0,0.2,88.1,Ads,0,83,1,1,0.97
32,Male,North,61689.55,38,90.98,7,1,0.282,33.3,SMS,1,101,1,1,0.995
24,Male,East,53679.5,108,105.06,8,0,0.403,18.3,SMS,0,93,1,1,0.975
61,Male,East,55051.72,99,75.48,10,2,0.768,34.2,SMS,1,79,1,1,0.97
31,Female,South,64905.87,49,110.07,11,3,0.237,59.9,SMS,0,27,1,1,0.995
38,Female,West,92042.72,24,64.73,9,3,0.51,49.1,Ads,0,166,1,1,0.99
73,Female,North,39266.47,88,146.24,7,0,0.535,71.0,Social Media,0,125,1,1,0.99
72,Male,West,38615.01,4,135.51,10,3,0.283,90.2,Social Media,0,95,1,1,0.995
44,Female,North,78734.27,41,104.84,14,0,0.541,70.6,Email,0,140,1,1,0.99
51,Male,North,84314.18,67,100.41,8,3,0.193,64.4,SMS,0,31,1,1,0.975
57,Female,West,53516.08,25,88.29,2,1,0.15,37.3,Email,0,1,1,1,0.955
33,Female,North,75218.78,11,11.69,7,1,0.137,59.7,Email,0,115,0,0,0.375
64,Male,North,78965.19,111,78.44,12,1,0.288,92.0,Ads,1,42,1,1,0.975
55,Female,West,47239.21,34,73.5,6,2,0.183,74.1,Social Media,0,147,1,1,1.0
26,Male,West,29520.55,31,118.64,11,2,0.558,33.3,Social Media,1,9,1,1,0.955
20,Male,West,56893.03,103,121.65,11,1,0.407,48.2,Ads,0,62,1,1,0.985
31,Male,East,87090.49,71,89.61,5,0,0.528,74.0,SMS,0,157,1,1,0.98
24,Female,North,37572.27,64,103.08,11,1,0.2,64.1,Email,0,78,1,1,0.985
49,Male,East,63387.28,75,82.1,6,0,0.34,55.7,Email,0,80,1,1,0.99
34,Female,West,60526.74,19,113.49,9,1,0.298,87.7,SMS,0,47,1,1,0.99
40,Female,North,62319.78,32,93.46,10,2,0.116,29.1,Ads,0,122,1,1,0.995
69,Male,East,67466.23,65,112.88,13,1,0.213,63.0,SMS,1,17,1,1,0.975
19,Female,South,68957.67,45,124.66,6,3,0.225,37.0,Social Media,0,83,1,1,0.985
64,Other,South,54211.91,114,96.94,4,1,0.21,62.2,Ads,0,52,1,1,0.98
55,Male,East,33885.97,69,26.74,11,0,0.563,51.8,Ads,0,67,0,0,0.18
23,Female,South,75503.53,2,74.3,2,2,0.266,36.3,Social Media,0,53,1,1,0.95
32,Female,North,51160.68,67,127.65,6,3,0.537,59.7,SMS,0,18,1,1,0.965
33,Female,West,85502.41,80,140.36,6,4,0.073,32.0,Email,1,25,1,1,0.98
73,Male,West,77859.53,26,96.07,9,1,0.238,82.5,Email,0,56,1,1,0.98
44,Female,East,74336.04,16,5.0,8,3,0.567,99.6,Email,0,146,0,0,0.325
55,Male,South,50573.8,73,42.57,11,1,0.021,55.4,Social Media,0,112,1,1,0.78
59,Male,South,41969.85,110,136.88,6,2,0.272,76.6,Email,0,157,1,1,1.0
66,Male,South,37382.74,100,86.01,11,3,0.11,96.4,SMS,0,58,1,1,0.945
69,Female,North,47638.21,118,97.04,10,1,0.087,67.9,SMS,1,147,1,1,0.98
58,Female,East,50533.71,80,73.54,4,4,0.119,46.6,Ads,0,76,1,1,0.995
35,Female,North,74620.97,21,77.7,12,3,0.102,92.9,Email,0,167,1,1,0.995
48,Male,East,45000.52,70,44.79,9,1,0.036,42.6,Email,0,10,0,0,0.4
35,Male,West,44430.56,58,69.89,10,1,0.529,27.9,Ads,0,123,1,1,0.995
32,Male,West,39328.3,97,72.55,6,2,0.298,83.6,Ads,1,30,0,1,0.9
63,Male,South,74415.64,54,80.27,6,1,0.501,36.7,SMS,0,46,1,1,0.955
54,Male,West,41799.11,60,51.11,5,4,0.407,100.0,SMS,1,141,1,1,0.875
73,Male,South,53763.14,34,86.21,8,2,0.554,46.5,Social Media,0,1,1,1,0.93
34,Female,West,62166.42,99,70.97,7,2,0.54,73.3,Email,0,168,1,1,0.995
36,Female,West,44591.79,36,50.47,7,0,0.304,46.7,SMS,0,138,1,1,0.975
52,Female,South,62941.17,21,113.34,12,0,0.064,42.4,Ads,0,97,1,1,0.995
56,Female,West,79577.7,91,61.02,5,1,0.242,34.4,SMS,0,46,1,1,0.87
29,Male,South,30450.11,106,74.2,6,1,0.213,48.0,Social Media,0,96,1,1,0.99
38,Male,West,37048.51,1,70.74,9,2,0.14,71.0,Social Media,0,160,1,1,1.0
42,Female,West,53058.26,82,104.36,7,1,0.18,76.6,Email,1,46,1,1,0.98
40,Female,West,75293.77,45,87.02,8,0,0.265,24.6,SMS,0,170,1,1,1.0
25,Other,East,58866.14,30,85.96,12,2,0.133,90.3,Ads,1,34,1,1,0.96
31,Male,North,55357.22,68,83.32,7,1,0.485,67.4,SMS,0,148,1,1,0.995
43,Female,South,38554.09,81,104.77,9,0,0.286,63.8,Ads,1,64,1,1,0.96
18,Male,North,71661.21,28,99.86,4,1,0.218,26.5,SMS,1,164,1,1,0.99
26,Male,West,60199.34,96,58.64,13,2,0.689,70.3,Ads,1,135,1,1,0.88
49,Male,West,78288.44,22,77.15,7,0,0.144,80.6,Social Media,1,95,1,1,0.995
24,Male,East,113413.9,46,24.05,9,1,0.628,61.2,SMS,1,76,0,0,0.35
62,Male,North,74895.12,2,95.16,10,4,0.09,72.0,Ads,0,87,1,1,0.985
73,Male,North,31083.05,34,83.16,7,1,0.271,79.0,SMS,0,38,1,1,0.975
46,Male,South,36725.5,119,113.8,7,2,0.439,58.0,SMS,0,178,1,1,0.975
65,Male,West,82721.43,80,84.88,8,2,0.323,70.1,Social Media,1,78,1,1,0.995
68,Female,South,53605.32,25,19.58,8,0,0.275,53.5,Email,0,132,1,1,0.555
44,Male,South,53428.23,5,150.97,12,0,0.153,65.3,SMS,0,145,1,1,1.0
35,Male,West,66967.82,16,92.77,10,2,0.133,52.1,Email,0,36,1,1,0.985
39,Male,West,65001.04,85,132.42,6,0,0.198,62.0,Ads,0,43,1,1,0.995
73,Female,South,31409.79,86,76.14,9,0,0.166,32.0,SMS,0,131,1,1,0.99
50,Female,West,47277.22,25,134.52,11,2,0.213,64.8,SMS,0,67,1,1,0.97
43,Female,East,48807.83,6,87.18,9,1,0.27,66.5,SMS,0,88,1,1,1.0
29,Female,East,74004.08,80,104.51,8,0,0.116,51.0,Ads,1,40,1,1,0.985
61,Female,North,56530.78,17,145.25,10,0,0.084,56.4,SMS,0,179,1,1,0.985
55,Female,North,72916.53,38,96.87,7,2,0.172,67.1,SMS,0,38,1,1,1.0
66,Male,West,59601.1,119,140.86,9,1,0.208,70.5,Email,0,11,1,1,0.945
72,Female,North,52745.78,72,130.37,10,1,0.162,20.6,Ads,0,171,1,1,0.995
44,Male,East,64183.13,25,75.13,11,1,0.172,65.9,Social Media,0,93,1,1,1.0
57,Female,West,26437.94,98,97.89,7,1,0.281,40.8,Email,1,105,1,1,0.99
67,Male,North,66099.36,59,8.75,9,3,0.183,63.8,Ads,1,52,0,0,0.105
26,Male,South,45057.76,86,14.98,8,2,0.171,78.5,SMS,0,20,0,0,0.06
21,Female,East,70275.15,27,51.08,10,1,0.333,43.1,Social Media,0,52,1,1,0.855
59,Female,East,64508.36,63,65.61,5,1,0.146,58.8,Email,0,57,1,1,0.975
25,Female,West,50005.84,27,88.0,14,4,0.142,56.6,SMS,0,166,1,1,0.995
25,Female,West,37376.82,6,57.57,9,0,0.647,60.6,Ads,0,163,1,1,0.965
56,Female,West,32573.43,50,65.03,7,3,0.662,36.5,Ads,0,95,1,1,0.975
66,Female,North,65927.91,7,142.57,7,0,0.391,48.0,Email,0,58,1,1,0.99
70,Female,South,73078.14,61,62.23,7,1,0.246,32.2,Ads,1,132,1,1,0.975
28,Female,South,52677.07,5,68.46,12,2,0.126,54.1,Email,0,119,1,1,0.99
23,Male,North,32465.22,74,94.63,12,2,0.233,74.4,Social Media,1,159,1,1,0.985
70,Male,North,50350.31,22,81.07,10,0,0.307,89.9,SMS,0,94,1,1,0.97
70,Male,East,69301.89,73,38.42,9,0,0.257,21.7,Ads,0,134,1,1,0.835
36,Female,East,55292.67,83,102.35,11,0,0.137,46.1,Email,1,100,1,1,0.995
21,Female,North,43389.4,19,133.8,5,2,0.537,92.6,Email,1,30,1,1,0.95
71,Male,East,76973.25,64,62.44,14,2,0.664,66.7,Email,0,53,1,1,0.785
21,Female,South,80958.92,78,64.16,11,1,0.249,62.6,Social Media,0,58,1,1,0.905
36,Male,South,71275.13,76,86.12,4,6,0.062,53.6,Social Media,1,149,1,1,0.99
66,Male,East,73259.15,64,63.34,10,1,0.6,44.2,SMS,1,52,1,1,0.82
38,Male,South,66036.64,55,64.0,14,1,0.759,24.5,SMS,1,54,1,1,0.865
72,Female,South,67863.82,116,62.71,8,0,0.18,68.4,Social Media,0,50,1,1,0.8
30,Female,West,86227.81,111,138.68,8,1,0.133,81.0,Ads,0,95,1,1,0.98
57,Male,West,44013.54,26,59.71,6,1,0.655,49.9,Social Media,0,27,1,1,0.79
42,Male,West,86780.46,44,75.25,6,1,0.709,55.7,Social Media,0,134,1,1,1.0
47,Female,East,67386.87,6,106.91,11,1,0.355,52.3,Ads,1,178,1,1,1.0
67,Male,East,40671.23,75,71.57,9,2,0.565,81.3,Ads,1,41,1,1,0.925
48,Other,South,37754.05,106,32.83,8,1,0.432,60.7,SMS,1,128,0,0,0.435
47,Female,East,58931.65,47,13.91,6,2,0.73,64.6,Social Media,1,102,0,0,0.165
40,Other,West,54656.48,39,60.46,6,1,0.173,56.0,Social Media,0,128,1,1,0.995
20,Female,East,56765.64,2,109.85,8,0,0.223,78.1,Social Media,1,33,1,1,0.98
34,Female,East,41568.11,88,74.09,8,0,0.232,60.3,Email,0,157,1,1,0.995
61,Female,South,42296.33,18,72.07,6,2,0.314,36.8,SMS,0,10,1,1,0.97
47,Male,West,44695.66,62,81.66,9,0,0.162,13.5,SMS,0,89,1,1,1.0
43,Female,West,52451.07,92,79.5,7,2,0.54,52.1,Email,1,177,1,1,0.99
59,Male,East,51704.73,25,67.05,6,1,0.354,45.1,Social Media,0,106,1,1,0.99
18,Male,West,69152.57,112,89.83,8,2,0.101,27.3,Ads,0,85,1,1,0.98
74,Male,East,39175.85,76,60.98,7,1,0.425,43.4,Social Media,0,95,0,1,0.985
18,Male,North,72508.1,17,102.68,7,0,0.32,58.9,Social Media,0,93,1,1,0.97
74,Female,North,60454.24,118,78.23,10,2,0.34,43.9,SMS,0,141,1,1,0.98
36,Female,South,62111.89,56,65.83,7,3,0.11,78.9,Email,1,133,1,1,0.975
39,Male,South,70847.17,50,5.0,8,3,0.262,67.1,Social Media,0,129,0,0,0.145
65,Female,North,69419.82,54,72.0,14,1,0.223,46.9,SMS,1,146,1,1,0.99
34,Male,South,38121.16,84,87.13,17,1,0.506,55.8,Ads,1,35,1,1,0.94
71,Female,West,84764.13,79,88.47,10,0,0.199,46.5,Social Media,0,36,1,1,0.96
72,Female,North,58023.77,44,56.37,11,0,0.505,59.2,Email,0,1,0,1,0.535
26,Male,West,61405.55,74,89.79,6,1,0.388,50.6,Social Media,0,124,1,1,0.98
23,Female,North,82669.36,27,54.32,7,2,0.479,58.7,Ads,0,31,0,1,0.69
69,Male,East,36521.58,65,5.0,11,4,0.723,63.4,Email,0,38,0,0,0.09
40,Female,North,23882.14,68,103.43,9,1,0.108,81.7,Social Media,0,133,1,1,0.995
30,Male,North,66374.91,54,17.23,10,3,0.267,49.0,SMS,0,108,0,0,0.265
62,Female,West,54183.13,41,52.27,2,0,0.332,78.6,Social Media,1,9,0,1,0.65
42,Female,South,77337.64,50,108.59,7,4,0.11,83.2,SMS,1,153,1,1,0.995
59,Male,North,47194.01,103,81.72,11,1,0.241,70.8,SMS,0,6,1,1,0.935
74,Female,North,73451.18,66,105.61,11,1,0.198,47.7,Ads,0,86,1,1,0.98
74,Male,West,40545.99,67,193.07,8,1,0.225,44.7,SMS,0,50,1,1,0.97
45,Female,North,56167.58,53,167.45,7,2,0.345,66.3,Ads,1,44,1,1,0.99
58,Other,South,27320.23,57,21.92,12,2,0.068,62.3,Email,0,108,1,0,0.345
32,Male,West,51300.33,11,88.97,10,3,0.49,35.1,SMS,0,99,1,1,0.995
67,Female,West,43829.9,67,106.47,9,2,0.105,55.1,Ads,0,123,1,1,0.995
66,Female,South,68021.14,83,95.01,7,3,0.471,65.9,SMS,0,56,1,1,1.0
35,Female,South,54984.13,96,136.49,5,3,0.232,44.1,SMS,0,124,1,1,0.995
63,Male,South,73241.71,44,34.66,10,2,0.196,74.7,Ads,0,63,0,0,0.455
24,Other,West,43508.42,2,122.87,4,1,0.161,48.5,Social Media,1,68,1,1,0.99
32,Female,North,48813.09,59,114.13,3,2,0.268,67.0,Social Media,1,93,1,1,0.985
71,Female,West,77713.33,86,98.06,5,1,0.639,95.0,SMS,0,122,1,1,0.965
44,Female,West,55488.43,110,89.86,10,1,0.229,54.8,SMS,0,100,1,1,0.995
36,Male,West,48237.44,97,21.68,5,1,0.379,63.6,SMS,0,79,0,0,0.1
71,Female,West,73054.89,40,72.57,3,0,0.452,54.9,Ads,0,22,1,1,0.905
70,Female,West,37132.23,55,87.3,7,4,0.276,75.3,Email,0,126,1,1,0.995
59,Female,North,50071.93,93,85.53,7,0,0.261,30.8,Ads,0,84,1,1,0.995
71,Female,South,64134.8,38,97.85,8,1,0.202,38.6,SMS,0,20,1,1,0.985
48,Female,East,63862.06,56,54.7,9,1,0.423,59.1,Ads,1,105,1,1,0.945
35,Female,West,51733.71,94,94.24,10,0,0.139,79.3,Email,1,24,1,1,0.985
74,Female,East,42110.78,7,59.87,5,2,0.229,66.1,Ads,0,55,1,1,0.885
52,Male,South,75547.72,56,108.55,8,0,0.36,39.9,Email,1,148,1,1,0.995
71,Male,North,75888.1,58,97.35,10,0,0.128,55.7,SMS,1,53,1,1,0.965
34,Other,West,68559.97,25,76.54,6,4,0.09,79.8,SMS,0,164,1,1,0.995
58,Other,North,79729.19,73,101.81,16,1,0.426,54.2,Email,0,69,1,1,0.935
62,Male,East,60385.39,86,172.0,7,0,0.11,60.1,Social Media,1,101,1,1,0.99
67,Female,North,39789.03,81,48.81,6,2,0.177,46.3,SMS,0,6,0,0,0.42
55,Female,East,45233.49,103,69.48,8,2,0.278,66.7,Email,0,30,1,1,0.86
53,Female,North,72357.7,83,70.92,9,2,0.35,91.9,Social Media,1,40,1,1,0.875
65,Male,West,54696.91,31,70.98,7,0,0.483,26.1,Social Media,0,58,1,1,0.955
31,Male,South,61948.01,76,109.55,7,0,0.443,73.7,Ads,0,36,1,1,0.97
56,Male,South,54260.77,72,55.73,4,0,0.112,55.6,Social Media,0,31,1,1,0.875
35,Other,North,27669.51,89,142.83,14,2,0.071,57.0,Social Media,1,51,1,1,0.95
32,Female,North,32550.77,111,59.75,9,1,0.222,72.7,Social Media,0,45,1,1,0.77
68,Female,North,59237.65,44,80.22,9,0,0.274,73.5,Ads,0,166,1,1,0.995
73,Female,North,54046.71,91,85.73,9,2,0.142,38.2,SMS,0,94,1,1,0.995
47,Male,North,53881.19,11,133.13,4,1,0.279,46.0,Social Media,0,8,1,1,0.98
73,Male,West,36640.86,91,58.81,6,0,0.331,81.4,SMS,0,71,1,1,0.86
74,Female,West,84231.27,118,83.89,7,1,0.222,89.4,Ads,0,158,1,1,0.98
41,Male,North,40235.8,43,92.05,10,1,0.038,47.4,Ads,0,171,1,1,0.995
42,Male,East,44316.67,36,101.4,10,1,0.292,48.2,Email,1,20,1,1,0.99
51,Female,South,64152.47,58,58.5,4,4,0.337,43.9,Social Media,0,67,1,1,0.98
23,Male,West,76458.01,114,97.12,2,2,0.442,57.7,Social Media,0,11,1,1,0.925
53,Female,South,24633.18,44,96.36,10,2,0.192,63.3,Social Media,1,15,1,1,0.98
29,Female,West,45619.73,60,52.64,9,2,0.047,66.4,Social Media,1,81,1,1,0.935
53,Male,West,58388.59,119,115.1,12,0,0.239,66.1,SMS,0,47,1,1,0.97
33,Female,East,76861.19,2,75.42,7,1,0.217,58.0,Ads,0,81,1,1,0.99
71,Female,South,58913.76,6,76.03,4,0,0.243,91.6,Social Media,0,87,1,1,0.995
49,Male,East,77029.19,80,148.51,12,2,0.157,91.3,Ads,0,140,1,1,0.985
39,Male,South,52703.5,30,42.95,7,4,0.441,30.7,Ads,0,174,1,1,0.93
30,Male,South,34598.93,107,101.22,11,1,0.533,60.1,Ads,1,33,1,1,0.955
29,Male,West,89784.68,112,39.47,9,2,0.358,49.7,Email,1,34,0,0,0.21
30,Other,North,75030.35,80,81.15,4,0,0.335,40.4,SMS,1,6,1,1,0.875
42,Male,South,56995.31,42,68.61,11,2,0.61,79.4,SMS,0,19,1,1,0.88
64,Male,West,81443.39,53,67.22,10,0,0.453,53.2,SMS,0,81,1,1,0.97
53,Female,West,50341.28,81,56.93,7,5,0.326,77.1,SMS,1,169,1,1,0.96
45,Female,West,89640.8,87,122.81,7,2,0.17,37.7,Email,0,119,1,1,1.0
21,Male,West,72793.61,33,50.29,9,1,0.154,69.5,Email,0,55,0,1,0.815
20,Male,North,56124.74,5,84.82,6,1,0.372,31.1,Email,1,120,1,1,0.99
63,Female,North,87873.04,119,69.86,5,1,0.541,34.3,Email,1,143,1,1,0.97
34,Male,South,67533.74,16,44.88,11,0,0.28,32.9,Ads,0,158,1,1,0.96
52,Female,South,56515.2,67,90.52,10,2,0.242,55.1,Email,0,167,1,1,0.995
42,Male,East,55779.22,68,95.09,9,2,0.428,16.6,SMS,0,177,1,1,0.99
60,Male,West,78565.93,68,167.37,10,2,0.257,48.6,SMS,0,12,1,1,0.96
51,Male,North,58204.54,12,128.78,9,1,0.225,65.1,Social Media,0,160,1,1,1.0
31,Female,West,43537.22,72,47.55,5,2,0.218,88.1,Social Media,1,162,1,1,0.91
23,Male,South,50115.02,5,90.48,6,0,0.331,50.1,SMS,0,31,1,1,0.985
26,Male,North,55382.01,7,111.38,5,1,0.486,42.9,SMS,0,127,1,1,0.985
58,Female,South,66460.13,74,92.81,10,1,0.189,41.0,Social Media,0,45,1,1,0.98
63,Other,East,66221.75,7,83.34,7,2,0.143,37.9,Ads,0,149,1,1,0.995
37,Male,North,72547.01,28,106.62,15,1,0.315,73.6,SMS,0,110,1,1,0.995
72,Female,East,28370.68,56,131.9,7,2,0.323,38.5,SMS,0,40,1,1,0.97
62,Male,West,52568.46,31,79.18,6,2,0.056,64.5,SMS,0,55,1,1,0.985
62,Male,East,105622.18,96,64.76,6,2,0.249,69.4,SMS,1,21,1,1,0.71
54,Female,South,38416.82,13,97.51,8,2,0.264,100.0,SMS,0,124,1,1,0.985
66,Other,North,53851.65,84,36.92,5,3,0.628,71.3,SMS,0,22,0,0,0.245
72,Male,West,72902.43,66,39.18,8,3,0.175,73.9,Social Media,1,48,1,0,0.35
60,Male,North,52411.5,53,80.55,8,1,0.189,67.1,Email,1,105,1,1,0.995
60,Male,West,60186.18,25,102.83,6,1,0.237,21.4,Social Media,0,44,1,1,0.99
33,Male,South,70821.06,68,87.52,6,3,0.536,71.2,Email,0,140,1,1,0.995
46,Male,West,51214.3,83,159.8,6,1,0.298,12.3,SMS,0,77,1,1,1.0
62,Other,East,66284.73,9,80.48,6,1,0.248,41.1,Social Media,0,160,1,1,0.99
64,Male,North,61761.89,4,27.14,10,1,0.614,21.3,Social Media,0,96,1,1,0.585
51,Female,West,91605.36,110,62.7,7,2,0.23,62.1,Ads,0,178,1,1,0.98
71,Female,East,56911.28,1,45.61,3,0,0.159,72.5,SMS,1,44,1,1,0.685
74,Male,West,46879.01,32,44.41,8,7,0.308,64.6,Email,0,81,1,1,0.825
33,Male,East,80733.94,36,108.25,11,1,0.215,52.8,SMS,0,65,1,1,0.995
53,Female,South,75074.47,63,86.45,13,2,0.281,77.9,Ads,0,68,1,1,1.0
45,Male,North,67197.65,22,99.85,6,2,0.669,43.6,Ads,0,66,1,1,0.97
24,Male,East,79061.09,65,167.86,8,3,0.113,38.5,Social Media,0,123,1,1,0.99
44,Male,North,54142.59,47,46.31,5,0,0.212,63.3,SMS,1,130,1,1,0.965
58,Male,North,53468.88,42,29.32,9,5,0.334,37.1,Email,0,27,0,0,0.22
47,Male,West,56827.57,66,5.0,11,2,0.468,42.9,Ads,0,148,1,0,0.24
18,Male,West,53682.45,57,104.83,7,2,0.457,58.8,Social Media,0,68,1,1,0.97
72,Male,South,60391.43,17,35.4,6,2,0.508,62.8,Social Media,0,24,0,0,0.295
31,Female,South,57047.05,101,118.3,10,4,0.166,44.0,Email,0,127,1,1,1.0
32,Male,West,82410.6,23,128.21,8,3,0.492,56.7,Ads,1,113,1,1,1.0
33,Male,East,47843.91,84,33.02,11,0,0.277,46.1,Ads,0,124,1,1,0.505
30,Female,West,41552.47,90,92.73,11,1,0.477,84.6,SMS,0,51,1,1,0.95
51,Male,South,23652.73,33,68.86,13,0,0.722,47.8,Email,1,145,1,1,0.935
51,Male,East,78965.56,59,105.92,10,2,0.069,71.3,Ads,0,91,1,1,0.99
62,Male,North,54980.23,45,157.26,6,0,0.349,59.8,Email,0,153,1,1,1.0
70,Male,North,49819.48,18,47.43,10,2,0.353,80.9,SMS,0,50,1,1,0.6
65,Male,North,53833.82,109,73.76,3,1,0.187,42.3,Social Media,0,79,1,1,0.99
28,Male,East,77280.14,64,72.81,5,1,0.421,57.7,Email,0,99,1,1,0.99
60,Male,North,76906.21,46,123.53,6,3,0.059,59.6,Social Media,0,107,1,1,1.0
55,Male,North,79170.84,116,15.59,6,4,0.538,72.8,Email,1,28,0,0,0.105
29,Female,North,87375.53,99,107.28,11,1,0.266,71.5,SMS,0,49,1,1,0.99
70,Female,South,35389.86,14,92.42,11,0,0.621,28.0,Social Media,1,6,1,1,0.855
54,Male,South,88085.34,1,63.79,9,4,0.693,71.3,Email,0,67,1,1,0.95
34,Male,North,39125.59,45,62.27,6,2,0.163,59.3,SMS,0,25,1,1,0.955
53,Male,North,101999.83,49,89.49,10,1,0.338,60.5,Email,0,131,1,1,0.995
56,Female,West,55382.12,16,83.45,8,1,0.392,78.0,Email,0,71,1,1,1.0
40,Male,South,32454.04,62,85.19,10,0,0.537,44.5,Social Media,0,60,1,1,0.99
48,Male,East,72221.07,92,38.24,9,0,0.1,60.0,Social Media,0,89,0,0,0.48
42,Female,West,41413.68,13,71.96,8,1,0.08,57.5,SMS,0,106,1,1,0.995
74,Other,West,72237.06,43,66.75,11,1,0.279,52.6,Ads,1,83,1,1,0.975
67,Male,South,43799.07,19,78.36,10,0,0.49,74.5,Social Media,1,10,1,1,0.95
49,Female,East,26783.22,18,113.04,14,4,0.242,48.3,Social Media,0,49,1,1,0.99
20,Male,West,48683.97,12,96.11,9,1,0.347,70.8,SMS,0,130,1,1,0.99
36,Male,North,83209.0,2,15.94,7,1,0.28,56.9,Email,0,123,0,0,0.49
29,Male,South,40263.21,41,92.03,11,3,0.261,56.9,Ads,1,26,1,1,0.965
36,Female,East,81852.7,24,87.46,7,0,0.284,54.8,Ads,0,100,1,1,1.0
43,Male,East,63081.31,115,54.1,5,1,0.287,58.3,Email,0,79,1,1,0.795
51,Male,North,41998.68,65,5.0,8,1,0.165,84.6,Social Media,0,130,1,0,0.105
36,Male,North,64416.98,43,52.57,11,1,0.435,68.6,Ads,0,98,0,1,0.935
36,Female,West,61425.64,4,110.91,8,0,0.276,52.6,Email,0,82,1,1,0.975
57,Female,West,54913.33,65,149.34,7,0,0.388,17.1,Social Media,0,36,1,1,0.98
30,Male,East,58868.54,84,75.66,10,1,0.103,52.8,SMS,0,172,1,1,0.985
60,Female,East,49345.36,92,7.2,5,2,0.38,38.5,Email,0,4,0,0,0.1
33,Male,East,82868.66,16,83.32,8,2,0.226,38.0,Email,0,147,1,1,0.995
63,Female,West,30170.55,89,114.66,13,2,0.222,61.5,Social Media,0,126,1,1,0.995
40,Male,West,75560.94,74,30.13,5,3,0.253,57.4,Email,0,28,1,0,0.155
23,Male,West,68042.99,52,22.99,7,0,0.422,94.4,Social Media,0,156,0,0,0.465
63,Male,North,97482.73,12,64.92,8,0,0.364,69.5,Email,0,121,1,1,0.98
55,Male,South,29808.54,79,55.32,8,3,0.191,69.0,Social Media,1,21,1,1,0.66
48,Male,South,71361.63,87,137.37,5,3,0.14,80.4,SMS,0,15,1,1,0.98
56,Female,South,59177.88,40,66.5,6,2,0.137,44.2,Email,1,120,1,1,1.0
51,Other,East,65816.22,28,107.83,9,0,0.169,88.8,Email,0,54,1,1,0.995
71,Female,East,88795.95,49,111.64,10,2,0.364,58.2,SMS,0,81,1,1,0.98
41,Male,West,70684.19,104,87.91,8,1,0.282,47.0,Email,0,138,1,1,0.995
34,Male,North,81020.24,45,43.93,12,2,0.631,23.7,Email,1,18,0,1,0.515
66,Male,West,15000.0,6,107.4,11,3,0.091,84.9,SMS,0,19,1,1,0.945
37,Male,West,66081.37,2,72.25,5,1,0.614,56.0,Email,0,26,1,1,0.955
21,Male,West,60358.23,12,113.35,13,0,0.158,75.6,Ads,0,37,1,1,0.98
29,Female,East,46876.79,98,84.66,5,2,0.098,79.8,Social Media,0,110,1,1,1.0
63,Male,West,65983.94,33,65.36,8,3,0.28,51.8,Ads,0,4,1,1,0.82
66,Male,East,71691.14,94,76.81,6,0,0.316,56.3,Email,0,96,1,1,1.0
27,Female,North,73679.15,2,80.68,13,0,0.336,68.6,Email,1,124,1,1,0.99
50,Male,North,51923.66,115,108.3,9,3,0.294,65.1,Ads,0,65,1,1,0.945
63,Male,North,72557.77,97,95.92,8,4,0.246,100.0,SMS,0,135,1,1,0.97
40,Female,South,69486.28,3,75.2,9,1,0.382,69.4,Email,0,5,1,1,0.97
22,Male,East,34270.74,69,135.76,7,0,0.482,25.1,Ads,0,79,1,1,0.98
40,Male,West,68391.91,84,62.38,12,1,0.151,54.1,Social Media,1,109,1,1,0.97
49,Male,East,62319.74,74,78.35,9,1,0.352,62.6,Ads,0,139,1,1,0.995
43,Male,West,46033.63,76,89.71,13,1,0.446,36.7,Social Media,0,39,1,1,0.98
45,Male,North,54250.74,113,73.84,14,0,0.477,52.8,SMS,1,17,1,1,0.775
18,Other,East,84384.63,97,98.21,3,2,0.243,88.8,Social Media,0,131,1,1,0.985
71,Female,South,73903.57,79,78.11,6,3,0.201,60.7,SMS,1,17,1,1,0.94
41,Male,West,81298.51,100,50.54,13,0,0.553,54.8,Ads,0,131,1,1,0.805
74,Male,North,73895.59,20,34.98,7,0,0.111,98.3,Social Media,0,36,0,0,0.415
51,Male,North,54263.71,33,151.96,9,0,0.436,31.3,Ads,0,62,1,1,0.99
54,Male,South,24432.9,106,82.6,8,1,0.393,63.2,Email,0,85,1,1,0.97
68,Female,East,58206.63,4,83.52,13,2,0.044,18.7,Social Media,1,165,1,1,1.0
36,Male,West,98048.21,87,127.59,8,3,0.321,73.3,SMS,0,44,1,1,0.93
66,Female,West,62118.26,37,57.07,4,2,0.254,31.1,Email,1,12,1,1,0.8
47,Male,West,72234.84,48,98.21,8,2,0.425,27.4,Email,1,8,1,1,0.985
47,Female,West,114893.3,31,156.47,8,2,0.362,73.4,Email,0,178,1,1,0.995
60,Male,South,39504.92,21,92.99,10,1,0.347,86.1,Email,0,165,1,1,1.0
29,Male,North,105883.32,118,5.0,11,2,0.018,85.7,Email,1,44,0,0,0.225
73,Female,South,71547.0,95,103.86,8,3,0.302,45.2,Social Media,0,55,1,1,0.995
19,Female,South,74764.85,30,63.45,13,1,0.309,43.5,Social Media,0,44,1,1,0.9
70,Female,East,79490.38,72,123.35,6,7,0.138,57.9,Social Media,0,172,1,1,0.99
68,Female,North,56144.36,87,63.96,7,2,0.158,64.4,Email,0,78,1,1,0.97
21,Female,West,78677.92,73,12.56,7,1,0.396,57.1,Social Media,0,174,0,0,0.385
68,Male,East,69474.91,46,40.47,9,0,0.204,64.9,Email,0,97,1,1,0.865
36,Female,South,29527.22,49,44.18,12,0,0.685,37.0,Social Media,0,151,1,1,0.825
53,Male,South,48627.32,31,98.67,13,1,0.307,72.3,Email,1,160,1,1,1.0
51,Female,South,71011.48,9,86.4,10,5,0.162,65.5,Email,0,133,1,1,0.99
40,Male,South,49779.31,90,77.55,7,5,0.165,78.5,Email,0,159,1,1,0.995
67,Male,North,34000.65,118,132.77,7,3,0.391,60.9,Social Media,0,165,1,1,0.97
51,Male,South,88903.21,94,36.8,5,3,0.085,45.8,SMS,0,81,0,1,0.56
69,Female,South,95032.13,82,44.35,9,2,0.176,42.4,SMS,0,12,0,0,0.375
30,Male,East,36218.62,97,93.38,14,1,0.294,50.3,SMS,1,97,1,1,0.99
25,Female,North,52032.17,21,138.9,12,1,0.198,27.8,Ads,0,70,1,1,1.0
29,Male,West,50933.76,89,42.41,7,2,0.173,74.9,Ads,1,169,1,1,0.915
43,Male,North,78965.19,83,96.35,10,4,0.464,95.3,Ads,0,134,1,1,0.98
57,Female,East,49753.55,79,69.68,5,4,0.64,31.5,Email,0,53,1,1,0.885
28,Male,East,61227.08,31,113.66,9,0,0.468,26.3,Social Media,1,61,1,1,0.98
33,Female,North,25243.99,11,28.34,6,0,0.365,46.8,Email,0,6,0,0,0.27
24,Female,North,31276.76,42,54.24,8,0,0.111,61.7,Ads,0,157,1,1,0.99
28,Male,South,73036.09,45,37.95,7,3,0.164,61.3,Social Media,0,161,1,1,0.915
48,Female,West,57400.32,105,72.36,9,1,0.528,44.4,Ads,1,131,1,1,0.99
47,Male,North,45127.75,29,91.7,7,4,0.356,100.0,Social Media,0,163,1,1,0.975
59,Male,North,62944.7,19,42.21,5,1,0.262,56.5,Social Media,0,124,1,1,0.885
36,Male,North,36831.88,48,117.73,12,1,0.41,45.1,Social Media,1,35,1,1,0.99
46,Female,West,54690.5,52,107.71,11,1,0.206,59.4,Social Media,1,80,1,1,0.995
55,Male,North,72033.42,30,22.21,9,2,0.334,70.3,Ads,0,69,0,0,0.255
49,Male,East,62163.37,89,48.68,5,0,0.31,58.4,SMS,0,115,1,1,0.85
29,Female,East,70911.03,113,84.4,7,1,0.161,43.0,SMS,0,29,1,1,0.99
64,Female,East,65948.11,3,38.95,5,0,0.253,56.9,Email,1,6,0,0,0.435
37,Female,West,42438.44,69,115.28,11,1,0.534,47.8,Ads,1,42,1,1,0.965
71,Male,South,41376.94,44,94.26,9,2,0.196,32.9,SMS,1,93,1,1,0.985
32,Female,North,80276.93,101,105.81,11,0,0.129,29.1,SMS,1,94,1,1,0.99
45,Female,North,79504.33,27,115.87,8,4,0.236,81.4,SMS,0,85,1,1,0.99
63,Male,North,54977.2,61,78.25,6,3,0.111,64.7,Ads,1,106,1,1,0.995
35,Female,West,48995.12,99,80.83,7,2,0.069,79.9,Social Media,1,114,1,1,0.99
48,Other,South,65526.51,55,120.44,9,0,0.111,89.1,Social Media,0,2,1,1,0.965
42,Other,West,66757.55,58,29.86,7,1,0.277,42.4,Email,0,145,1,1,0.775
55,Male,South,53064.41,20,99.74,6,1,0.075,81.7,Social Media,1,131,1,1,1.0
35,Female,South,44392.53,90,52.97,5,3,0.323,52.9,Social Media,0,155,1,1,0.965
74,Male,North,43071.51,113,82.36,5,0,0.135,37.0,SMS,0,115,1,1,0.99
71,Female,East,67710.96,95,126.26,5,1,0.077,34.6,SMS,1,150,1,1,1.0
72,Male,South,68292.52,102,48.7,12,2,0.291,36.2,Social Media,0,1,0,0,0.315
59,Other,North,73630.9,84,114.06,4,2,0.068,52.6,Ads,0,175,1,1,0.99
51,Male,South,61451.38,7,45.77,10,1,0.118,61.5,Email,0,130,1,1,0.965
56,Male,East,53170.48,62,143.58,9,2,0.341,72.1,Social Media,0,119,1,1,0.995
33,Female,North,90412.65,50,79.11,9,0,0.125,59.6,SMS,0,91,1,1,0.985
55,Male,East,19990.5,109,134.63,7,2,0.191,71.9,SMS,1,82,1,1,0.97
36,Female,South,78630.7,36,127.55,8,0,0.303,88.3,Ads,0,116,1,1,0.995
27,Male,East,79756.08,55,101.06,10,3,0.346,72.2,Ads,1,163,1,1,0.99
58,Female,North,89825.88,18,5.0,8,1,0.186,58.0,Ads,0,117,0,0,0.34
56,Male,North,45417.86,14,132.87,8,1,0.248,40.6,Email,1,127,1,1,0.995
32,Female,West,25908.01,56,63.99,7,2,0.16,76.7,Social Media,0,37,1,1,0.895
48,Male,West,76698.92,46,78.07,7,1,0.609,89.9,Ads,0,130,1,1,0.98
60,Male,West,108313.71,15,77.89,3,2,0.467,100.0,Email,1,160,1,1,0.945
54,Female,East,60366.36,100,73.59,4,1,0.184,75.6,Social Media,1,129,1,1,0.995
60,Female,South,58578.77,26,80.47,6,1,0.432,72.2,SMS,1,165,1,1,1.0
34,Female,North,35558.76,18,89.42,9,0,0.011,38.0,SMS,1,83,1,1,0.985
73,Male,East,40151.21,106,141.34,10,0,0.116,75.9,Ads,0,37,1,1,0.985
31,Female,East,43987.03,61,68.93,12,1,0.138,38.7,Ads,0,135,1,1,0.99
67,Male,West,59044.88,117,13.64,6,2,0.082,62.1,Ads,0,124,0,0,0.24
55,Male,North,63490.66,76,26.41,11,2,0.193,59.9,Social Media,0,132,1,0,0.38
48,Male,North,72076.0,55,44.7,10,1,0.323,73.9,Ads,1,52,0,1,0.535
66,Female,South,40916.21,36,123.68,4,3,0.24,81.4,Ads,1,75,1,1,0.97
69,Female,West,55052.3,37,80.8,8,1,0.261,83.2,SMS,0,16,1,1,0.96
25,Male,South,49234.85,27,74.95,8,2,0.328,55.1,Social Media,0,32,1,1,0.985
72,Female,West,100328.54,24,85.04,5,1,0.606,79.6,Ads,1,63,1,1,0.97
55,Male,East,75340.45,37,118.96,9,2,0.091,84.0,Ads,0,152,1,1,1.0
51,Female,East,31845.98,71,47.66,13,1,0.097,53.4,Email,0,122,1,1,0.835
74,Male,North,15000.0,24,85.27,15,0,0.452,60.3,Ads,1,71,1,1,0.9
25,Female,South,44328.99,33,98.64,9,3,0.21,44.3,SMS,0,39,1,1,0.995
60,Female,East,107955.99,11,127.02,9,3,0.135,34.7,SMS,1,2,1,1,0.935
39,Female,East,44962.81,110,63.55,11,1,0.367,28.7,SMS,0,82,0,1,0.94
26,Female,West,56330.52,90,62.87,5,1,0.149,19.0,Ads,1,87,1,1,0.95
60,Female,North,42303.68,53,87.68,8,2,0.037,48.4,SMS,1,113,1,1,0.995
19,Male,South,49362.33,67,144.85,8,1,0.278,42.8,Ads,0,5,1,1,0.98
74,Male,North,74959.88,79,80.59,9,0,0.27,62.1,Social Media,0,174,1,1,0.995
55,Male,East,44150.51,75,24.52,16,2,0.231,44.9,Email,0,44,0,0,0.125
30,Female,South,72129.63,103,106.38,7,0,0.195,88.2,Email,0,95,1,1,0.98
62,Female,East,45146.38,48,38.72,13,1,0.583,35.2,Social Media,1,117,1,1,0.66
69,Male,North,55607.88,66,124.12,8,3,0.23,65.2,Social Media,0,179,1,1,0.995
21,Female,West,67066.7,42,68.3,11,1,0.317,89.1,Social Media,0,8,1,1,0.89
27,Male,South,15000.0,84,160.77,10,2,0.431,100.0,Email,0,29,1,1,0.915
62,Female,North,55234.33,12,128.77,10,1,0.118,72.0,SMS,0,119,1,1,1.0
24,Female,East,58101.25,94,40.84,8,1,0.379,83.7,SMS,0,121,1,1,0.635
42,Female,North,34008.79,31,72.34,3,2,0.121,67.7,Email,0,169,1,1,0.995
72,Male,North,50978.52,114,75.52,7,3,0.14,66.5,Ads,1,67,1,1,0.98
19,Female,East,57713.78,52,101.71,10,1,0.321,71.0,SMS,0,47,1,1,0.94
57,Male,East,63380.89,101,88.08,8,1,0.236,82.4,Social Media,1,93,1,1,0.995
28,Female,West,44141.24,75,70.06,11,3,0.121,53.6,Ads,0,120,1,1,0.965
50,Male,North,65065.14,70,34.75,6,0,0.219,97.1,Email,0,122,1,1,0.57
62,Male,South,43224.85,106,68.13,5,2,0.033,51.7,Social Media,1,37,1,1,0.95
22,Female,East,75071.08,80,50.23,4,1,0.272,82.8,SMS,0,9,0,0,0.375
25,Female,North,63092.03,105,70.69,13,1,0.138,69.7,SMS,0,38,1,1,0.875
32,Female,West,77578.74,113,105.62,11,2,0.12,39.3,Social Media,0,97,1,1,0.995
62,Male,North,67941.78,46,87.65,5,2,0.314,57.9,Ads,0,169,1,1,0.995
49,Male,South,56040.65,65,67.08,14,3,0.372,91.9,Email,0,20,0,1,0.655
60,Other,West,90819.58,8,67.46,7,2,0.472,83.3,Social Media,0,160,1,1,0.98
42,Female,South,44518.99,102,38.23,9,3,0.255,62.6,Ads,0,105,0,1,0.53
56,Male,West,54583.43,109,89.27,8,0,0.339,16.1,Ads,0,91,1,1,0.965
66,Female,South,69286.04,54,114.46,11,3,0.128,63.0,Ads,1,133,1,1,0.995
63,Female,South,98652.82,7,44.1,11,2,0.595,61.4,Ads,0,86,1,1,0.79
46,Female,East,36059.91,23,61.25,5,4,0.143,52.6,Email,0,81,1,1,0.95
46,Male,South,81419.18,24,87.4,8,1,0.546,66.6,Social Media,0,156,1,1,0.995
18,Male,East,68488.22,73,150.26,9,4,0.329,44.6,Social Media,1,121,1,1,0.995
46,Female,West,38095.4,41,81.35,10,3,0.134,70.5,Email,0,145,1,1,1.0
26,Male,South,91383.03,34,106.69,5,1,0.098,38.9,Ads,1,109,1,1,1.0
25,Male,East,66762.82,109,138.45,8,2,0.296,47.0,Email,1,59,1,1,0.975
47,Female,North,49209.83,99,48.56,9,2,0.445,64.2,Ads,1,23,0,0,0.21
73,Female,North,44505.58,22,67.46,6,0,0.198,85.2,SMS,0,107,1,1,0.96
68,Male,West,43877.85,69,87.46,9,1,0.373,47.3,Ads,0,100,1,1,1.0
30,Female,East,70099.7,44,106.65,4,1,0.274,80.1,SMS,0,111,1,1,1.0
40,Female,North,57784.95,79,65.11,8,1,0.163,69.9,Email,0,83,1,1,0.99
21,Male,East,39771.86,3,155.68,12,1,0.593,46.2,Social Media,0,167,1,1,0.99
72,Male,West,49931.39,83,154.85,6,2,0.534,63.2,SMS,0,1,1,1,0.925
67,Female,South,93101.54,17,25.64,6,2,0.396,20.6,Email,0,68,1,0,0.385
58,Male,South,48959.98,63,31.73,9,1,0.422,60.2,Ads,0,31,0,0,0.13
50,Male,South,44255.66,114,111.71,9,2,0.564,67.2,Email,0,135,1,1,0.99
24,Male,West,48256.04,66,96.27,5,1,0.18,32.9,Email,0,54,1,1,1.0
71,Male,South,51906.61,98,32.17,13,0,0.497,73.6,Email,1,36,0,0,0.14
41,Female,West,81888.1,18,100.28,12,3,0.43,6.8,Social Media,0,114,1,1,0.985
42,Male,East,75190.87,49,149.06,8,1,0.113,49.9,SMS,0,143,1,1,1.0
58,Female,West,56109.4,33,65.22,2,1,0.655,49.0,Social Media,0,152,1,1,0.985
47,Female,North,68558.88,51,91.49,5,1,0.105,51.5,Social Media,0,12,1,1,0.99
62,Male,North,56334.1,57,103.7,7,1,0.426,78.5,Email,1,19,1,1,0.97
71,Female,West,64834.71,28,106.59,7,3,0.467,78.1,SMS,0,18,1,1,0.97
48,Female,North,35357.02,101,17.63,9,2,0.345,60.1,Social Media,1,49,0,0,0.085
58,Male,West,84518.88,99,42.22,9,3,0.246,62.3,Email,1,106,0,1,0.685
33,Male,West,58243.47,77,66.8,5,0,0.541,63.5,Social Media,0,147,1,1,0.99
18,Female,South,79659.14,48,38.96,16,0,0.119,65.9,Social Media,0,94,0,1,0.675
60,Male,South,66078.56,74,55.79,10,3,0.254,71.6,Email,1,16,1,1,0.58
30,Female,East,59723.32,27,35.97,7,2,0.687,60.1,SMS,0,178,1,1,0.695
33,Female,East,37364.22,17,107.0,9,3,0.118,41.4,Social Media,0,177,1,1,0.99
27,Male,West,45375.29,8,123.65,11,2,0.254,62.6,SMS,0,49,1,1,0.985
38,Other,East,78112.74,8,44.26,7,1,0.072,85.4,Ads,0,149,1,1,0.925
36,Female,South,71949.44,30,78.8,9,2,0.47,27.9,Social Media,0,119,1,1,0.985
61,Female,North,78899.34,28,71.06,13,3,0.032,90.8,Email,1,49,1,1,0.925
48,Male,East,61031.26,35,88.92,7,0,0.262,35.5,Ads,0,67,1,1,0.99
54,Male,South,67061.19,82,59.79,11,2,0.418,31.8,Social Media,0,8,1,1,0.75
52,Female,West,44936.47,46,82.49,13,0,0.253,34.2,SMS,0,33,1,1,0.965
37,Female,West,63794.68,49,80.78,4,1,0.224,0.6,SMS,0,82,1,1,0.995
33,Male,East,61020.5,2,72.94,6,1,0.039,88.2,Email,0,50,1,1,0.975
63,Male,South,46347.82,76,40.93,3,0,0.265,33.0,Email,0,45,1,0,0.37
68,Female,North,58680.96,23,67.52,10,0,0.647,45.2,Email,0,89,1,1,0.985
25,Female,North,60063.88,78,80.58,9,1,0.306,53.7,Social Media,0,159,1,1,0.995
39,Male,North,74201.43,105,108.45,10,1,0.149,69.4,Ads,1,160,1,1,1.0
39,Female,West,18243.07,116,74.64,9,2,0.347,51.2,Ads,0,113,1,1,0.99
58,Male,South,66196.29,28,84.88,6,0,0.193,51.4,SMS,1,40,1,1,0.99
58,Female,North,82253.88,29,43.31,12,2,0.285,42.9,Social Media,0,13,1,0,0.495
35,Female,East,57531.1,28,52.88,6,2,0.337,73.9,SMS,1,151,1,1,0.975
63,Female,East,67273.58,69,87.05,6,3,0.108,62.6,SMS,0,57,1,1,0.99
74,Female,West,61628.49,64,100.3,7,2,0.174,42.1,Ads,0,132,1,1,0.99
49,Male,East,70456.64,12,23.56,7,0,0.167,60.8,Email,0,89,0,0,0.435
42,Female,East,54958.21,15,103.05,9,2,0.585,28.5,SMS,1,44,1,1,0.985
41,Male,East,73903.73,69,62.77,9,3,0.648,56.7,Social Media,0,92,1,1,0.945
29,Female,West,73921.57,93,97.32,8,5,0.049,75.6,SMS,0,123,1,1,0.995
37,Male,South,76758.14,80,27.65,8,0,0.133,36.0,Social Media,0,53,0,0,0.23
20,Female,East,24747.66,44,60.12,4,0,0.524,69.4,SMS,0,121,1,1,0.965
42,Female,East,49178.71,56,111.84,10,1,0.666,30.9,Social Media,0,68,1,1,0.965
61,Female,South,32632.58,46,5.0,6,2,0.369,38.0,Ads,0,154,0,0,0.385
18,Female,East,59127.64,49,179.82,4,0,0.197,59.7,Social Media,1,39,1,1,0.97
20,Female,West,86135.87,64,84.33,8,0,0.133,81.1,SMS,0,121,1,1,0.99
51,Male,West,48390.22,116,42.02,9,2,0.52,63.2,Social Media,0,159,1,1,0.705
27,Female,West,59269.75,51,97.55,3,4,0.138,79.3,Email,0,140,1,1,1.0
27,Male,South,62749.14,118,44.9,7,0,0.443,100.0,Ads,0,56,0,0,0.435
66,Male,North,59727.11,51,71.55,5,2,0.183,54.0,Email,0,66,1,1,0.985
41,Female,East,39593.08,74,26.58,12,0,0.236,60.9,Social Media,0,99,0,0,0.32
23,Male,West,69874.75,47,101.4,4,1,0.235,84.4,Social Media,0,37,1,1,0.985
40,Male,South,70417.51,13,47.29,13,1,0.147,30.2,Email,0,90,1,1,0.905
18,Male,East,69376.84,86,83.03,9,3,0.297,42.4,SMS,1,129,1,1,0.995
46,Female,East,90056.88,37,95.18,10,0,0.45,58.7,SMS,0,100,1,1,0.97
29,Female,South,72096.49,53,122.19,9,0,0.186,66.6,Email,0,155,1,1,0.99
38,Male,East,93378.17,88,115.68,4,2,0.356,23.8,Social Media,0,57,1,1,0.965
40,Female,North,62066.97,26,53.52,9,4,0.148,68.8,SMS,1,2,1,1,0.775
68,Female,West,67754.48,6,74.42,2,3,0.079,43.9,SMS,0,44,1,1,0.945
27,Male,West,80631.6,22,89.52,7,2,0.168,48.5,Social Media,1,141,1,1,0.995
45,Male,West,69964.11,35,43.59,6,2,0.391,83.3,Social Media,0,123,1,1,0.885
55,Female,West,90414.97,59,107.16,3,2,0.215,36.4,SMS,0,121,1,1,0.995
47,Female,East,65871.65,91,95.39,8,0,0.255,74.1,SMS,0,65,1,1,0.995
49,Male,South,76399.46,27,60.03,9,4,0.475,57.9,Social Media,0,30,1,1,0.88
40,Female,South,67961.1,48,62.87,11,2,0.555,62.7,Email,0,129,1,1,0.995
54,Male,South,96526.46,60,102.82,7,1,0.142,30.0,Social Media,1,157,1,1,1.0
50,Male,East,32334.9,26,5.0,8,3,0.213,76.5,Email,0,52,0,0,0.135
56,Male,North,85415.17,65,70.74,9,0,0.289,55.8,Email,0,123,1,1,0.985
71,Male,North,70666.45,18,99.63,7,2,0.596,42.2,SMS,0,159,1,1,0.985
19,Male,East,74673.14,2,18.58,8,2,0.363,53.9,Ads,0,144,0,1,0.595
56,Male,South,98046.47,68,59.42,7,2,0.218,39.1,Email,0,103,1,1,0.98
33,Male,South,78488.27,23,43.11,9,5,0.339,59.5,SMS,1,101,1,1,0.805
53,Male,West,42580.8,7,107.09,6,2,0.405,71.6,Email,0,76,1,1,0.985
54,Female,East,51441.74,41,92.15,10,0,0.286,39.0,Email,1,60,1,1,0.99
39,Female,West,61179.15,22,58.56,9,0,0.308,56.1,SMS,1,68,1,1,0.96
31,Female,South,51492.27,82,52.78,9,4,0.279,31.6,Ads,0,69,1,1,0.86
52,Male,North,55298.17,25,59.6,8,4,0.259,51.6,Social Media,1,130,1,1,0.995
18,Male,North,55860.24,64,49.36,7,0,0.506,97.8,Email,1,86,1,1,0.735
22,Male,North,67785.83,109,57.91,10,0,0.341,34.5,Email,0,85,1,1,0.89
25,Male,South,66695.88,32,90.5,7,3,0.157,54.0,Email,1,4,1,1,0.97
72,Female,North,58259.4,50,35.65,6,3,0.306,72.5,SMS,1,152,1,1,0.89
51,Male,West,55061.32,117,89.32,10,2,0.133,82.9,Social Media,0,166,1,1,0.995
24,Female,West,68741.83,82,126.4,9,1,0.258,91.8,SMS,0,26,1,1,0.965
30,Male,South,65531.18,104,78.37,12,1,0.179,93.5,Email,0,104,0,1,0.985
50,Female,East,57007.73,51,47.93,9,3,0.184,54.4,Ads,1,79,1,1,0.845
67,Male,East,88513.75,114,105.82,13,2,0.022,50.2,SMS,1,5,1,1,0.93
66,Female,North,75115.98,117,111.26,7,3,0.325,76.8,SMS,1,137,1,1,0.985
27,Female,West,70267.5,35,76.49,8,1,0.314,44.2,Social Media,1,52,1,1,0.99
53,Male,West,66153.17,39,24.97,8,4,0.341,55.6,Email,0,126,1,1,0.565
32,Male,South,37269.55,104,85.12,9,2,0.373,54.8,Ads,0,117,1,1,0.995
19,Male,South,49637.97,93,108.96,12,0,0.206,37.7,SMS,0,66,1,1,0.96
45,Male,North,58426.9,33,44.16,10,1,0.114,55.9,Email,0,114,1,1,0.92
39,Male,South,58731.43,11,130.96,5,1,0.252,33.5,Ads,0,75,1,1,0.995
22,Male,East,75435.89,105,106.36,6,0,0.397,41.8,Email,1,95,1,1,0.995
41,Female,South,75704.76,111,79.79,8,0,0.43,42.1,Social Media,0,67,1,1,0.965
20,Male,North,44933.59,2,36.54,11,1,0.255,69.0,SMS,1,71,0,1,0.555
72,Male,South,30386.44,30,5.0,4,1,0.206,47.6,Email,0,176,1,1,0.515
29,Male,South,63518.97,3,17.23,13,2,0.224,78.6,Ads,0,154,1,1,0.6
45,Male,North,66598.08,82,75.46,4,0,0.383,7.6,SMS,0,80,1,1,0.97
32,Female,South,47971.18,41,21.84,9,2,0.245,56.5,Ads,0,122,1,0,0.45
49,Male,West,84102.85,65,48.46,6,0,0.152,41.6,Ads,1,37,1,1,0.685
54,Male,West,33741.22,76,55.84,10,4,0.324,45.6,Ads,0,56,1,1,0.785
31,Male,South,64104.05,87,61.52,6,2,0.088,32.0,SMS,1,173,1,1,0.99
29,Female,North,28150.41,61,68.12,5,2,0.451,56.6,Ads,1,60,1,1,0.975
34,Male,North,98766.99,46,112.32,9,1,0.379,67.2,SMS,0,29,1,1,0.975
46,Female,South,58078.56,46,49.58,7,1,0.336,69.1,Email,0,158,1,1,0.955
48,Male,East,82490.78,113,84.75,8,3,0.268,47.5,Ads,0,10,1,1,0.915
37,Female,West,64981.22,105,16.25,13,4,0.269,39.8,Ads,1,8,0,0,0.11
35,Male,South,76983.53,119,16.78,10,2,0.09,92.4,Email,0,63,0,0,0.125
63,Female,East,30732.69,46,74.51,8,2,0.383,55.4,Ads,0,160,1,1,0.99
38,Male,South,82409.59,10,97.77,6,1,0.482,46.1,Email,0,157,1,1,0.995
74,Male,East,55259.52,111,58.37,4,1,0.085,47.4,SMS,0,54,1,1,0.8
72,Female,East,55791.86,58,101.43,12,3,0.229,72.7,SMS,0,170,1,1,1.0
33,Male,South,35188.94,26,13.59,10,1,0.026,65.9,SMS,0,17,0,0,0.17
43,Male,East,49124.34,83,53.56,7,1,0.279,63.0,Social Media,1,159,1,1,0.98
31,Male,South,29079.12,77,97.24,6,2,0.039,38.7,SMS,0,145,1,1,0.985
45,Female,West,40000.85,35,132.17,7,2,0.459,55.1,Ads,1,66,1,1,0.995
73,Female,East,38975.23,22,64.25,10,0,0.29,88.6,Email,0,54,1,1,0.915
59,Female,South,60549.55,94,109.77,8,2,0.25,33.0,SMS,0,49,1,1,0.995
20,Female,South,68897.86,118,121.84,7,1,0.169,67.0,SMS,0,11,1,1,0.935
62,Female,West,59676.9,6,87.25,7,1,0.436,12.3,Social Media,1,114,1,1,0.995
40,Male,South,71640.84,95,115.69,6,1,0.094,54.0,Email,0,56,1,1,0.985
47,Male,North,31185.0,50,132.59,10,0,0.152,39.9,Email,0,168,1,1,1.0
24,Female,East,105041.06,32,84.58,12,1,0.398,62.0,SMS,1,140,1,1,1.0
47,Female,South,60452.84,19,5.0,7,2,0.355,66.1,Social Media,0,24,0,0,0.05
61,Female,West,77437.73,39,75.71,10,2,0.291,51.5,SMS,0,102,1,1,0.995
57,Male,South,65406.07,11,42.61,10,0,0.314,80.2,Ads,0,101,1,1,0.79
48,Male,South,36353.78,13,100.11,5,2,0.291,67.2,SMS,0,108,1,1,1.0
61,Male,North,93339.71,27,103.63,6,1,0.317,30.7,Ads,1,76,1,1,1.0
48,Male,North,57008.81,13,156.9,9,1,0.236,42.0,SMS,0,166,1,1,0.99
59,Female,North,56438.96,25,70.11,9,3,0.273,68.5,Ads,0,37,1,1,0.975
25,Female,South,42064.5,59,75.91,10,2,0.234,38.1,Social Media,1,7,1,1,0.97
54,Female,North,54015.37,76,84.91,7,2,0.075,46.4,Email,0,177,1,1,0.985
49,Male,North,58037.94,63,105.18,7,0,0.311,47.8,Social Media,0,174,1,1,0.995
60,Male,West,69281.12,39,133.73,9,3,0.175,41.8,Email,0,124,1,1,0.995
38,Male,South,79657.03,11,101.03,7,0,0.117,61.8,SMS,0,34,1,1,0.995
43,Female,East,52699.05,69,77.87,10,0,0.428,53.8,Email,1,119,1,1,1.0
26,Male,South,40775.25,20,106.23,11,2,0.304,37.0,Social Media,1,74,1,1,1.0
57,Female,East,15000.0,85,106.42,5,1,0.166,66.9,SMS,0,2,1,1,0.9
42,Male,East,81464.71,67,64.23,7,3,0.113,33.3,SMS,1,161,1,1,0.985
57,Female,West,70744.66,9,5.0,6,1,0.191,70.6,Social Media,0,129,0,0,0.215
29,Female,North,52207.27,41,60.78,7,3,0.314,55.9,Ads,1,143,1,1,1.0
53,Female,West,77153.07,27,46.32,9,3,0.222,24.6,Ads,0,70,0,1,0.925
55,Female,West,67577.05,42,91.76,7,0,0.226,34.9,SMS,0,97,1,1,0.995
56,Female,East,66752.48,77,66.4,6,2,0.191,53.9,Email,1,80,1,1,0.995
35,Other,South,47915.45,79,43.0,5,3,0.21,74.4,Email,1,171,1,1,0.87
54,Female,North,62159.9,109,98.75,3,2,0.437,74.4,Ads,0,134,1,1,0.995
61,Male,West,67660.03,69,101.46,7,3,0.271,38.1,Ads,0,125,1,1,1.0
21,Female,West,60016.8,17,118.56,6,1,0.135,91.8,SMS,1,37,1,1,0.975
38,Male,East,44581.11,117,68.15,4,2,0.685,62.5,Social Media,0,100,1,1,0.93
52,Female,South,46187.34,19,123.93,12,1,0.493,75.3,Email,0,145,1,1,1.0
38,Male,West,63496.18,83,114.26,12,1,0.108,34.4,SMS,0,153,1,1,0.99
24,Female,West,38732.34,36,101.37,7,1,0.687,54.1,Ads,1,92,1,1,0.985
53,Female,South,33444.43,109,49.78,6,1,0.292,46.0,Social Media,1,126,1,1,0.925
41,Female,South,80601.98,117,85.57,11,2,0.243,62.4,SMS,0,69,1,1,0.96
34,Female,West,45858.19,66,103.48,10,7,0.137,47.4,Ads,1,80,1,1,0.995
48,Male,South,97676.47,76,53.06,6,2,0.209,50.6,Social Media,0,76,1,1,0.895
26,Female,East,71647.82,6,132.44,8,1,0.313,44.1,SMS,0,103,1,1,0.995
36,Female,West,82011.87,47,82.08,9,3,0.182,56.8,Email,1,72,1,1,1.0
18,Female,North,63492.9,41,99.38,9,2,0.222,76.8,Ads,0,164,1,1,0.995
61,Female,West,47669.1,84,45.61,8,1,0.255,60.1,SMS,1,120,1,1,0.86
25,Other,East,59472.23,86,115.1,5,1,0.187,78.6,Email,0,58,1,1,0.99
33,Male,West,38890.53,49,102.31,10,2,0.2,79.4,Ads,1,59,1,1,0.98
71,Female,East,46585.34,97,62.19,4,1,0.623,49.6,Email,0,133,1,1,0.945
18,Male,East,89791.53,91,50.75,12,3,0.407,39.1,Social Media,0,168,1,1,0.86
67,Female,West,60261.67,109,67.17,3,1,0.136,57.4,Social Media,1,48,1,1,0.925
28,Male,North,56380.83,71,46.28,6,2,0.41,75.7,Social Media,0,59,1,1,0.605
47,Female,East,64065.79,9,11.07,9,0,0.334,53.0,Email,1,9,0,0,0.1
27,Male,North,46842.34,114,42.67,13,2,0.574,88.4,Email,0,157,1,1,0.565
30,Male,West,78983.24,90,72.06,12,2,0.471,68.7,Ads,0,101,1,1,0.95
50,Female,North,33821.39,58,107.84,11,5,0.305,52.3,Social Media,0,59,1,1,0.96
65,Female,South,49384.83,5,91.5,8,0,0.387,84.6,Social Media,0,36,1,1,0.985
33,Female,North,69898.09,102,95.61,5,1,0.122,25.9,SMS,0,57,1,1,0.995
56,Other,North,28381.66,93,53.0,4,0,0.207,50.6,Email,1,17,0,1,0.695
33,Female,West,67826.72,63,47.63,9,2,0.525,18.9,SMS,0,60,1,1,0.64
33,Male,North,51140.24,39,115.69,10,1,0.341,51.8,SMS,1,72,1,1,0.995
64,Male,East,42492.43,108,105.94,7,2,0.128,49.9,SMS,1,49,1,1,0.975
39,Male,East,44670.93,115,52.1,5,4,0.216,58.4,Social Media,1,76,0,1,0.77
48,Male,East,86698.85,74,107.29,8,1,0.099,49.7,Social Media,0,86,1,1,0.99
63,Female,South,89813.56,86,75.1,10,1,0.201,37.6,SMS,0,145,1,1,0.985
31,Female,South,62564.36,89,54.95,12,1,0.119,60.9,Ads,0,152,1,1,0.97
70,Male,North,68408.68,18,77.81,5,2,0.219,69.0,Email,0,93,1,1,0.995
60,Female,West,46586.49,94,57.15,8,1,0.257,89.9,Social Media,0,10,1,0,0.465
72,Male,North,50973.41,28,101.65,9,1,0.204,75.0,Email,0,45,1,1,0.99
74,Female,East,74304.47,33,103.24,7,2,0.167,52.9,SMS,0,43,1,1,0.975
68,Female,West,103493.14,16,45.42,8,0,0.215,38.3,Ads,1,129,1,1,0.955
26,Female,East,44571.2,21,107.8,7,0,0.179,46.1,SMS,0,45,1,1,1.0
55,Female,North,42287.73,60,100.17,5,1,0.2,96.4,SMS,0,143,1,1,0.995
41,Female,West,66839.43,54,36.85,12,2,0.296,96.3,Email,1,123,1,1,0.65
51,Female,West,62450.57,35,56.13,6,1,0.503,72.6,Email,0,20,0,1,0.725
69,Female,East,50634.34,118,60.33,13,1,0.322,39.5,Email,0,90,1,1,0.9
49,Female,East,51280.0,57,105.31,8,1,0.2,54.1,Ads,0,50,1,1,0.985
47,Female,West,74084.04,81,67.27,5,1,0.153,35.3,Ads,0,147,1,1,0.99
20,Male,South,84094.37,98,58.62,8,2,0.019,56.7,SMS,0,76,1,1,0.92
18,Female,West,55555.86,6,84.37,8,1,0.093,43.3,Social Media,0,30,1,1,0.96
64,Male,South,56605.66,61,66.72,9,1,0.583,45.1,SMS,0,170,1,1,0.98
33,Female,North,54908.5,20,60.43,6,1,0.301,54.9,SMS,0,52,1,1,0.955
42,Female,North,72663.76,5,50.45,9,5,0.459,30.5,Ads,0,49,1,1,0.76
47,Male,East,70143.1,105,76.34,9,1,0.634,58.5,Email,0,54,1,1,0.905
41,Female,East,80419.99,97,102.65,5,1,0.675,72.6,Email,0,1,1,1,0.89
60,Male,East,78164.2,54,65.28,3,1,0.371,76.6,Ads,1,31,1,1,0.905
50,Female,East,28269.49,63,87.47,6,2,0.584,86.9,SMS,0,55,1,1,0.955
20,Male,West,66786.16,53,60.88,9,1,0.178,52.8,Social Media,0,133,1,1,0.995
26,Male,East,68940.61,61,81.21,7,2,0.19,86.8,Email,1,145,1,1,0.99
30,Female,West,64599.37,91,123.2,8,2,0.208,50.4,SMS,0,40,1,1,0.99
74,Female,East,15000.0,105,71.59,7,1,0.358,73.8,Social Media,0,59,1,1,0.915
41,Male,South,20587.84,47,53.75,6,3,0.141,48.2,Email,0,29,1,1,0.86
20,Female,South,76081.47,110,85.93,5,1,0.352,90.5,Email,0,136,1,1,0.975
52,Male,West,71090.68,31,73.56,8,2,0.377,87.2,SMS,0,102,1,1,0.98
40,Male,South,85583.58,12,73.8,8,0,0.588,62.3,Ads,1,146,1,1,0.995
36,Male,North,45014.81,111,55.04,5,2,0.278,36.2,Email,1,147,1,1,0.985
24,Female,West,56020.19,57,136.88,6,1,0.404,84.6,Email,0,78,1,1,0.985
46,Female,East,87657.72,50,95.14,5,2,0.337,31.6,Email,0,62,1,1,0.98
57,Female,South,31795.81,118,62.53,14,3,0.62,99.2,SMS,0,100,1,1,0.73
66,Female,South,65382.78,14,26.23,3,1,0.114,50.3,Email,0,114,0,1,0.765
23,Male,North,54840.02,91,90.44,7,2,0.267,61.8,Ads,0,122,1,1,0.995
28,Male,West,61868.22,16,69.22,9,0,0.077,98.6,SMS,0,3,1,1,0.905
34,Male,South,67983.48,100,122.4,10,0,0.251,54.4,Social Media,0,66,1,1,0.99
65,Male,North,77447.88,110,62.43,12,1,0.153,57.8,Email,0,116,1,1,0.97
31,Male,North,29900.71,58,57.54,11,1,0.561,19.7,SMS,0,75,1,1,0.885
37,Female,South,59927.19,24,39.6,12,1,0.199,79.1,Ads,0,87,1,1,0.73
26,Male,North,42959.9,54,133.64,9,2,0.273,45.8,Ads,0,76,1,1,0.985
21,Female,West,49914.85,70,37.98,9,1,0.118,43.3,Social Media,0,91,1,1,0.675
28,Female,South,65530.42,100,82.76,5,0,0.257,99.8,SMS,0,95,1,1,0.98
32,Male,South,69355.86,48,83.15,8,0,0.267,71.8,SMS,0,23,1,1,0.97
70,Female,West,47647.41,92,52.36,9,3,0.123,79.9,Social Media,0,80,1,1,0.88
19,Male,North,73433.47,72,47.93,6,0,0.225,31.7,SMS,0,111,1,1,0.92
70,Female,South,59880.15,75,78.03,7,2,0.167,61.5,Ads,0,19,1,1,0.99
71,Female,East,65229.72,67,58.2,4,2,0.095,17.3,Ads,1,12,1,1,0.815
46,Male,East,77845.62,31,82.68,11,0,0.256,34.2,Social Media,1,26,1,1,0.97
30,Female,South,85467.67,87,69.43,7,0,0.272,92.0,Ads,1,165,1,1,0.97
28,Female,West,37297.96,112,48.48,8,2,0.257,49.4,Social Media,0,140,1,1,0.895
28,Female,West,29304.91,107,115.99,10,2,0.248,36.2,Ads,1,99,1,1,0.99
66,Female,South,69201.5,113,68.87,6,2,0.191,44.8,SMS,0,20,1,1,0.86
47,Male,South,61884.75,106,80.14,6,0,0.172,79.7,Social Media,0,115,1,1,0.975
42,Male,North,73398.65,33,91.38,8,2,0.698,53.1,Ads,0,41,1,1,0.97
73,Male,East,65303.47,91,105.46,14,4,0.216,63.5,Social Media,0,91,1,1,0.985
69,Male,West,49478.49,107,105.08,7,3,0.157,35.6,SMS,0,169,1,1,0.995
51,Female,South,88668.27,31,100.71,9,1,0.44,70.8,SMS,1,108,1,1,0.985
39,Female,West,40856.0,29,78.47,9,3,0.244,36.3,Ads,1,106,1,1,1.0
61,Female,South,82055.82,5,93.05,10,1,0.485,36.4,Email,0,24,1,1,0.975
25,Male,West,61432.8,76,109.99,10,1,0.151,65.0,Ads,0,41,1,1,0.975
29,Male,South,46405.34,19,90.99,12,0,0.79,73.1,SMS,0,154,1,1,0.97
74,Female,South,84720.28,74,102.59,17,3,0.377,65.1,Ads,1,126,1,1,0.94
50,Male,East,51254.67,61,56.25,13,3,0.197,82.0,Email,0,147,1,1,0.975
43,Male,East,68582.67,15,105.65,6,0,0.108,90.3,Email,0,96,1,1,0.995
21,Male,North,61812.7,56,152.73,9,0,0.511,54.2,Ads,1,30,1,1,0.975
40,Female,West,54279.99,46,105.84,3,3,0.4,84.9,SMS,0,43,1,1,0.96
52,Male,West,88269.75,43,66.87,5,1,0.148,72.0,Ads,0,64,1,1,0.995
71,Male,West,91710.51,63,114.37,10,1,0.264,24.4,Email,1,16,1,1,0.965
43,Female,East,15000.0,18,90.94,5,4,0.506,29.6,Social Media,1,21,1,1,0.96
61,Male,South,77149.08,74,65.51,5,0,0.162,83.3,Email,0,73,1,1,0.945
35,Male,South,43671.02,30,72.31,11,1,0.255,46.4,Ads,1,136,1,1,0.995
72,Male,North,58423.76,29,51.77,7,0,0.231,52.6,Email,0,94,1,1,0.975
29,Male,North,82153.2,62,129.15,5,2,0.482,57.9,Ads,1,152,1,1,0.99
38,Male,South,52300.71,78,132.24,6,1,0.263,68.8,Social Media,0,168,1,1,0.995
46,Male,North,21249.22,104,56.9,6,1,0.495,51.9,Email,0,153,1,1,0.95
24,Male,North,55435.48,45,56.81,9,1,0.31,78.2,SMS,1,164,1,1,0.98
58,Male,West,72482.96,71,89.62,10,1,0.219,61.2,Social Media,0,33,1,1,0.975
65,Male,North,91497.49,31,16.76,7,3,0.163,52.3,Email,0,11,0,0,0.205
55,Male,East,74055.91,96,18.83,7,1,0.268,58.9,Ads,0,25,0,0,0.08
66,Female,East,48888.01,96,61.59,8,2,0.294,44.4,SMS,0,101,1,1,0.97
41,Male,North,90593.27,54,129.74,9,2,0.022,27.2,SMS,0,177,1,1,0.99
52,Male,South,57320.12,34,66.11,9,4,0.147,46.1,SMS,0,65,1,1,0.99
52,Male,South,82112.94,94,52.89,12,3,0.144,38.0,Email,0,177,1,1,0.945
54,Female,West,67162.39,49,38.99,8,1,0.083,81.2,SMS,0,33,1,0,0.395
35,Female,East,70313.37,31,99.51,8,1,0.257,51.6,Social Media,0,134,1,1,1.0
37,Male,East,90114.17,61,87.46,9,4,0.203,44.0,Ads,1,29,1,1,0.985
47,Male,West,46025.9,15,56.87,6,2,0.259,53.0,Social Media,0,126,1,1,0.995
43,Male,North,73839.43,30,19.21,15,0,0.313,67.9,SMS,1,16,0,0,0.11
18,Male,West,64819.94,62,73.59,8,1,0.49,48.4,SMS,0,88,1,1,0.975
34,Female,North,64073.24,68,62.01,9,1,0.324,66.5,Social Media,0,73,1,1,0.97
64,Male,South,86396.0,22,51.67,9,0,0.129,92.0,Ads,0,132,1,1,0.93
35,Male,North,28106.04,113,95.43,11,1,0.606,53.5,Social Media,0,106,1,1,0.955
73,Female,West,45524.35,25,5.0,5,1,0.581,41.1,Ads,1,94,0,0,0.25
19,Male,West,32548.54,51,68.11,11,2,0.273,77.0,Ads,0,47,1,1,0.91
61,Male,West,90641.12,85,111.74,7,2,0.409,66.3,Ads,0,60,1,1,0.96
54,Female,North,57325.52,111,62.49,8,1,0.347,83.4,Ads,1,128,1,1,0.98
51,Male,West,101739.69,62,118.52,11,2,0.067,98.9,Social Media,1,156,1,1,0.98
36,Male,North,65018.14,15,30.34,8,5,0.102,54.2,Ads,0,17,0,0,0.205
19,Male,North,70969.51,26,16.54,6,0,0.216,31.8,Social Media,0,117,0,0,0.44
67,Male,East,68811.89,42,26.99,6,0,0.147,52.5,Ads,0,95,0,1,0.615
54,Female,South,63009.33,61,100.61,7,2,0.184,76.8,Email,0,167,1,1,0.985
28,Male,East,61240.62,105,90.08,4,2,0.147,67.3,Ads,1,146,1,1,0.995
42,Female,East,47241.56,118,168.46,6,1,0.327,75.4,SMS,1,73,1,1,0.98
57,Female,East,50078.24,36,101.34,12,4,0.044,70.8,Ads,0,36,1,1,0.98
28,Female,North,44975.88,74,66.86,6,1,0.295,64.7,Social Media,0,93,1,1,1.0
70,Male,North,34864.69,42,66.72,7,0,0.135,70.9,SMS,0,4,1,1,0.905
36,Male,West,70343.31,76,79.78,7,1,0.23,59.3,SMS,0,136,1,1,0.99
18,Male,West,43240.13,13,65.55,7,2,0.513,41.3,Ads,0,43,1,1,0.925
24,Male,West,48921.85,75,66.78,11,2,0.525,64.9,Ads,0,73,1,1,0.925
54,Female,West,40842.64,6,57.49,10,0,0.185,70.1,SMS,0,27,1,1,0.87
23,Female,West,55679.92,59,82.02,11,2,0.513,100.0,SMS,0,141,1,1,0.965
47,Male,North,51514.23,22,129.27,6,1,0.302,100.0,Email,0,101,1,1,0.995
25,Female,West,80220.83,21,69.5,6,1,0.34,64.2,Social Media,0,106,1,1,0.995
48,Male,East,22002.3,51,65.58,6,3,0.161,73.1,SMS,1,88,1,1,0.965
19,Male,East,78460.35,10,70.68,6,1,0.769,45.0,SMS,0,56,1,1,0.85
18,Male,West,49962.18,43,78.25,15,2,0.139,69.6,Social Media,1,170,1,1,0.985
55,Male,North,72609.48,30,88.84,6,1,0.328,70.5,Email,1,95,1,1,0.985
72,Female,East,46188.39,19,65.45,7,1,0.125,50.7,Email,1,25,1,1,0.96
44,Female,East,65585.77,31,54.1,5,0,0.06,53.1,Ads,0,170,1,1,0.99
34,Male,North,45016.52,104,39.48,10,0,0.483,68.6,Ads,0,108,0,0,0.355
58,Female,South,86290.58,57,83.28,8,0,0.051,60.0,SMS,1,37,1,1,0.97
29,Male,West,27346.43,46,69.81,6,4,0.152,45.1,SMS,0,105,1,1,0.99
69,Male,West,96826.14,46,81.06,4,1,0.275,82.1,SMS,0,16,1,1,0.95
63,Female,South,79841.07,80,143.91,7,4,0.296,61.5,Email,0,170,1,1,1.0
51,Other,West,71722.17,59,99.11,14,2,0.422,67.9,Social Media,0,159,1,1,0.985
31,Female,East,65900.36,66,129.52,11,3,0.459,72.5,Social Media,0,104,1,1,0.995
69,Female,West,68175.15,24,98.52,9,0,0.083,82.4,Social Media,0,90,1,1,0.995
37,Female,West,58217.32,38,94.62,9,4,0.278,99.9,Email,0,59,1,1,0.995
66,Female,West,48696.33,16,79.47,13,2,0.367,57.8,SMS,0,15,1,1,0.96
23,Female,East,46168.93,43,40.74,7,2,0.147,73.4,Social Media,0,170,1,1,0.95
43,Female,East,65124.11,68,45.77,5,3,0.12,76.7,SMS,0,65,1,1,0.795
41,Female,East,59070.8,99,85.25,14,0,0.057,63.1,Social Media,0,14,1,1,0.98
29,Male,South,46532.62,53,92.06,9,2,0.029,62.6,SMS,0,30,1,1,0.985
29,Female,West,81011.8,76,55.39,7,3,0.055,82.2,SMS,0,55,1,1,0.855
67,Male,North,55592.53,44,130.6,12,2,0.562,74.1,Social Media,1,115,1,1,0.995
27,Female,South,43086.4,92,77.14,11,1,0.084,63.4,Social Media,1,57,1,1,0.99
63,Male,North,69498.51,117,53.92,10,2,0.591,72.5,Ads,0,42,1,0,0.485
70,Male,West,68038.45,58,123.37,4,1,0.133,81.9,Ads,1,60,1,1,0.975
60,Female,South,64689.14,68,83.89,9,3,0.108,57.6,SMS,0,160,1,1,0.99
19,Female,East,39268.77,61,9.86,1,1,0.131,85.5,SMS,0,55,0,0,0.25
38,Other,West,67704.01,12,82.01,7,0,0.326,91.3,SMS,0,142,1,1,0.985
65,Female,North,55547.64,7,54.98,1,3,0.444,76.7,Social Media,0,104,1,1,0.905
20,Female,South,63649.26,90,109.69,5,1,0.488,44.9,Social Media,0,29,1,1,0.98
19,Male,South,57848.24,35,34.3,11,1,0.154,63.9,SMS,0,90,0,1,0.58
63,Female,East,32396.26,43,35.47,11,2,0.467,73.7,SMS,1,104,0,1,0.605
49,Male,West,36559.39,24,101.9,9,0,0.481,49.6,Ads,0,122,1,1,0.995
30,Male,West,48557.82,78,50.1,3,0,0.143,56.0,SMS,1,121,1,1,0.975
66,Female,East,76961.26,31,83.33,9,3,0.084,23.3,Email,0,58,1,1,0.98
57,Female,North,77698.35,50,97.9,3,2,0.19,37.2,Email,0,178,1,1,0.995
28,Male,North,51538.88,112,52.34,11,1,0.467,35.4,SMS,0,157,1,1,0.895
32,Male,South,39489.65,92,92.96,7,1,0.214,93.6,Social Media,1,53,1,1,0.965
31,Male,West,51801.95,32,106.93,13,1,0.249,78.5,SMS,0,121,1,1,0.99
33,Female,West,59027.06,3,51.38,12,1,0.068,30.5,Social Media,0,150,1,1,0.98
25,Male,West,69333.64,93,50.27,6,2,0.489,55.8,SMS,0,158,1,1,0.93
56,Male,South,69008.0,118,66.84,10,2,0.302,97.5,Social Media,1,88,1,1,0.95
25,Female,North,48283.75,66,60.76,4,1,0.156,43.5,Email,1,42,1,1,0.91
22,Female,South,65935.58,30,51.78,6,2,0.045,30.0,Social Media,1,10,1,1,0.82
66,Male,West,42218.62,79,168.07,6,2,0.133,49.9,Ads,0,60,1,1,0.985
43,Male,South,80966.02,115,74.7,4,3,0.252,38.3,Ads,0,115,1,1,0.995
44,Male,North,43792.33,36,120.68,10,0,0.199,52.0,Ads,0,160,1,1,0.99
63,Male,East,44965.83,28,100.42,11,0,0.236,46.1,Social Media,0,129,1,1,1.0
27,Female,North,85270.68,3,105.34,7,2,0.039,82.1,Email,1,2,1,1,0.95
24,Female,West,52913.87,76,111.31,3,0,0.189,65.0,SMS,0,30,1,1,0.97
47,Female,West,52933.4,118,64.66,9,1,0.453,62.1,Social Media,1,145,1,1,0.96
64,Female,North,91612.15,41,38.17,4,0,0.307,22.9,Ads,0,51,0,1,0.52
18,Female,North,68077.58,19,58.41,7,3,0.235,72.2,Ads,1,129,1,1,0.985
64,Female,South,67440.84,100,84.45,8,2,0.379,39.1,SMS,0,14,1,1,0.95
44,Female,West,84673.31,58,75.84,10,1,0.128,54.6,Ads,0,85,1,1,0.99
52,Male,North,39236.48,62,28.49,6,2,0.307,52.6,SMS,1,107,1,1,0.6
66,Male,West,52676.12,9,74.21,5,0,0.205,37.8,Ads,1,94,1,1,1.0
42,Female,East,100801.71,8,12.01,10,3,0.107,49.0,SMS,0,68,0,0,0.29
25,Male,South,35977.93,22,100.47,9,1,0.073,61.1,Email,1,97,1,1,0.99
21,Female,West,24057.29,61,43.49,10,1,0.181,71.2,SMS,0,129,1,1,0.775
21,Female,East,81236.92,23,104.42,8,0,0.257,59.3,Ads,0,84,1,1,0.995
22,Female,South,30946.51,92,81.66,11,1,0.253,87.4,Email,0,13,1,1,0.9
63,Male,South,31163.78,3,139.55,8,3,0.016,75.7,Email,1,160,1,1,0.975
35,Female,East,59122.32,111,60.93,7,2,0.453,52.3,SMS,1,175,1,1,0.965
51,Male,East,71460.33,5,146.22,8,0,0.093,68.8,Email,1,18,1,1,0.995
58,Male,West,53875.02,44,68.72,9,1,0.285,34.7,Social Media,1,98,1,1,0.995
63,Female,West,50031.96,8,146.09,7,0,0.066,71.5,Ads,0,14,1,1,0.96
56,Female,South,90142.2,90,140.18,7,0,0.119,27.1,SMS,1,90,1,1,0.99
70,Male,South,71677.06,6,112.94,5,3,0.24,62.9,Social Media,0,86,1,1,0.995
72,Male,South,61177.52,57,62.55,6,3,0.241,42.6,Ads,1,42,0,1,0.905
47,Female,West,77782.04,22,139.39,11,2,0.231,50.6,SMS,0,179,1,1,0.995
69,Male,North,54201.33,11,60.36,8,1,0.037,80.5,SMS,0,154,1,1,0.995
41,Female,East,72213.1,52,92.76,5,0,0.374,66.9,SMS,0,13,1,1,0.975
50,Female,West,86150.21,67,75.88,10,3,0.151,71.9,Social Media,1,118,1,1,0.995
44,Male,North,70702.11,109,72.27,8,0,0.156,87.2,SMS,0,85,1,1,0.975
74,Female,West,65112.54,86,31.57,10,1,0.406,41.3,SMS,1,139,0,1,0.66
72,Female,East,53514.52,62,25.8,9,1,0.235,85.0,Ads,1,125,0,0,0.415
24,Female,North,58360.45,107,99.66,8,5,0.287,73.1,Email,0,110,1,1,0.99
71,Female,West,69259.84,33,88.05,7,0,0.267,43.2,SMS,1,152,1,1,1.0
57,Male,East,86788.28,29,75.1,9,3,0.115,79.9,Ads,0,108,1,1,0.99
50,Female,West,102452.32,4,63.83,10,1,0.27,80.7,Social Media,0,71,1,1,0.975
58,Male,East,60364.94,87,77.69,11,1,0.434,39.3,Ads,1,17,1,1,0.955
41,Female,North,63062.78,47,106.27,4,2,0.079,80.9,Ads,0,163,1,1,1.0
34,Female,North,88542.69,98,90.95,4,1,0.307,91.8,Social Media,1,157,1,1,0.995
31,Female,East,62720.4,13,134.0,8,2,0.214,55.1,Social Media,0,174,1,1,1.0
44,Male,South,38064.54,113,39.33,6,3,0.419,40.2,SMS,0,155,1,1,0.815
47,Other,South,57144.96,86,52.68,7,1,0.03,63.0,Social Media,1,121,1,1,0.925
45,Female,West,41875.67,34,44.09,13,1,0.232,57.0,Ads,0,140,1,1,0.915
46,Female,North,98520.83,81,69.29,4,0,0.253,68.9,SMS,1,68,1,1,0.97
71,Male,West,60778.71,56,62.34,10,2,0.286,48.5,Email,0,104,1,1,0.99
23,Female,South,68647.44,56,91.58,6,1,0.13,41.3,Email,0,142,1,1,0.995
57,Female,East,85026.71,86,26.68,11,0,0.372,90.3,Ads,0,82,0,0,0.165
57,Male,West,61710.04,61,5.0,1,3,0.108,25.4,Ads,0,10,0,0,0.21
20,Female,West,90812.63,100,28.45,11,2,0.441,69.1,SMS,0,132,0,0,0.34
26,Female,West,67397.88,65,94.6,10,1,0.082,63.4,Email,0,73,1,1,0.99
25,Female,South,70380.89,11,75.33,6,1,0.214,26.9,Social Media,0,121,1,1,0.995
42,Male,South,56348.5,77,138.77,3,2,0.117,33.8,Email,1,95,1,1,1.0
38,Male,North,75018.57,36,40.77,9,0,0.192,67.1,SMS,0,129,1,1,0.855
72,Female,South,63511.98,100,67.76,6,0,0.27,51.3,SMS,0,100,1,1,0.99
21,Female,West,69711.62,55,65.83,14,4,0.268,72.4,Social Media,0,107,1,1,0.955
45,Male,East,46073.87,72,13.92,13,1,0.302,19.6,Ads,0,158,0,0,0.345
29,Male,North,32458.46,7,21.11,12,1,0.188,92.7,Social Media,1,110,0,1,0.52
49,Female,North,47677.01,81,109.28,8,3,0.141,70.2,SMS,1,27,1,1,0.985
34,Male,West,66986.06,93,71.4,8,1,0.24,55.0,Ads,0,17,1,1,0.835
37,Female,East,65396.8,6,139.8,6,0,0.158,47.1,Ads,0,73,1,1,1.0
45,Male,South,64074.92,5,56.94,8,2,0.308,94.3,Social Media,0,158,1,1,0.99
52,Male,South,68966.33,69,87.72,7,0,0.439,28.3,Email,0,86,1,1,0.99
25,Male,West,95706.64,56,112.74,12,2,0.539,73.8,SMS,0,136,1,1,0.99
55,Male,West,74018.96,24,71.41,10,3,0.659,53.2,Ads,0,179,1,1,0.99
61,Male,South,80039.02,63,107.55,5,0,0.668,66.2,Social Media,1,99,1,1,0.99
19,Other,East,59417.95,73,86.2,5,1,0.603,65.4,Social Media,0,55,1,1,0.945
39,Female,South,78494.24,15,68.36,8,1,0.265,74.8,Email,1,58,1,1,0.95
43,Female,West,38053.33,32,59.62,8,2,0.448,37.7,Email,0,71,1,1,0.99
40,Male,North,66285.43,46,109.94,10,2,0.08,34.6,SMS,0,93,1,1,1.0
67,Female,South,65031.09,74,15.91,11,2,0.182,84.2,Email,0,101,0,0,0.145
61,Female,North,60393.49,78,128.73,8,2,0.153,32.4,Email,0,67,1,1,1.0
64,Other,North,80305.33,54,55.17,5,1,0.331,70.2,Social Media,0,140,1,1,0.97
73,Male,South,41928.51,112,63.98,6,2,0.295,44.5,Social Media,0,46,1,1,0.8
63,Female,West,47888.24,106,14.73,7,2,0.178,66.9,Email,1,23,0,0,0.055
28,Male,East,46626.12,58,56.97,13,4,0.393,71.8,Email,1,57,1,1,0.795
36,Male,West,79186.0,56,107.17,4,1,0.05,38.4,Social Media,1,21,1,1,0.995
41,Female,West,66849.88,29,34.43,6,1,0.265,70.7,Email,0,168,1,1,0.905
58,Female,East,61142.79,90,17.4,9,3,0.238,64.6,Ads,1,51,0,0,0.085
18,Female,West,45610.11,31,58.58,8,1,0.352,34.4,SMS,0,11,0,1,0.78
43,Female,North,98432.69,41,118.09,8,0,0.269,60.8,SMS,1,17,1,1,0.945
34,Female,West,84280.42,20,69.61,10,2,0.069,53.5,Social Media,0,26,1,1,0.95
19,Female,West,23449.16,98,76.58,6,0,0.336,57.9,Email,0,44,1,1,0.94
33,Female,North,52270.03,21,119.52,5,2,0.231,20.3,Ads,1,83,1,1,1.0
33,Male,East,65409.84,89,131.4,6,2,0.379,51.7,SMS,0,154,1,1,1.0
34,Female,North,70989.19,90,91.01,7,3,0.166,47.5,Ads,0,172,1,1,0.99
62,Male,East,56525.57,12,46.3,8,3,0.537,65.5,Social Media,0,31,1,1,0.62
50,Male,East,41751.79,91,75.71,12,1,0.048,63.8,SMS,0,80,1,1,0.985
55,Female,North,75485.5,10,73.74,4,0,0.389,59.2,Email,0,39,1,1,0.97
53,Female,North,67371.48,4,5.0,11,2,0.156,55.6,Ads,0,143,0,0,0.48
62,Male,West,26122.02,108,55.04,6,2,0.313,47.6,Email,0,94,1,1,0.955
30,Female,West,90180.48,8,130.1,12,4,0.171,53.1,Social Media,1,14,1,1,0.94
55,Female,South,53083.94,72,51.58,10,3,0.299,37.0,SMS,1,32,1,1,0.63
42,Female,West,52891.47,55,104.36,12,5,0.439,94.2,Ads,0,103,1,1,0.97
70,Male,North,41774.93,89,129.07,7,1,0.129,79.1,Email,0,174,1,1,0.995
52,Female,South,100650.81,116,48.09,10,3,0.375,67.3,Ads,0,3,0,0,0.35
54,Female,West,58709.38,100,131.52,8,3,0.067,67.4,SMS,1,89,1,1,0.995
40,Female,West,76221.97,85,137.11,7,1,0.066,100.0,Social Media,0,168,1,1,0.99
42,Female,South,69701.73,20,113.69,9,1,0.437,54.4,Social Media,0,95,1,1,1.0
34,Male,East,24113.52,33,86.78,7,1,0.312,19.6,Ads,0,17,1,1,0.995
74,Female,West,66298.14,60,123.86,7,3,0.436,51.7,Email,0,110,1,1,0.99
29,Male,West,68433.75,43,83.33,4,2,0.131,90.7,SMS,1,91,1,1,0.99
20,Male,North,63153.92,49,75.25,11,2,0.482,72.1,Email,1,7,1,1,0.93
64,Male,West,67818.27,24,52.14,11,2,0.329,57.7,Social Media,1,138,1,1,0.995
47,Female,East,78330.05,10,85.04,9,1,0.215,82.5,Ads,0,92,1,1,0.98
72,Male,East,63464.4,19,95.17,9,2,0.405,100.0,SMS,0,5,1,1,0.93
73,Female,North,23774.94,22,104.14,11,0,0.192,92.8,Ads,0,101,1,1,0.98
50,Male,North,53272.43,4,27.99,8,3,0.296,54.3,SMS,0,86,1,1,0.55
59,Female,North,55300.0,67,91.73,4,1,0.228,72.0,Ads,0,157,1,1,0.995
58,Male,West,89280.59,13,161.02,8,1,0.277,87.2,Email,1,101,1,1,0.98
54,Female,West,57312.21,102,76.75,8,0,0.113,87.9,Ads,0,178,1,1,1.0
66,Female,East,94679.86,83,22.22,7,5,0.182,29.9,Email,1,118,0,0,0.475
60,Female,East,49558.73,30,91.33,7,4,0.261,42.0,Social Media,0,138,1,1,1.0
39,Male,North,48045.75,97,102.28,8,2,0.336,81.4,Email,1,146,1,1,0.98
20,Female,West,50186.24,37,78.17,8,2,0.433,62.4,Email,1,156,1,1,0.995
65,Male,South,24025.71,56,59.37,11,4,0.552,54.1,Email,1,162,1,1,0.935
30,Female,West,51419.57,73,108.79,11,1,0.591,100.0,Social Media,0,135,1,1,0.965
46,Male,North,47197.09,41,63.72,6,1,0.173,69.4,SMS,0,154,1,1,1.0
40,Female,West,86210.93,82,29.73,12,2,0.484,68.3,Social Media,0,53,0,0,0.115
48,Male,South,74653.03,115,48.01,9,3,0.132,62.2,Ads,0,44,1,0,0.435
45,Male,North,57401.33,26,141.78,6,4,0.265,86.4,SMS,0,125,1,1,0.99
35,Male,West,66241.63,26,49.37,8,2,0.308,66.9,Ads,0,59,0,1,0.795
70,Female,North,75039.34,73,127.26,9,2,0.287,58.0,Social Media,0,122,1,1,0.995
46,Female,East,65235.47,22,51.97,11,0,0.57,86.2,Social Media,0,100,1,1,0.89
30,Other,South,92309.49,74,101.21,8,0,0.239,39.8,SMS,1,125,1,1,0.985
74,Female,South,61725.1,109,40.43,11,2,0.294,35.2,Email,0,141,1,1,0.8
26,Male,West,67268.31,44,31.11,8,0,0.534,75.5,Ads,0,57,1,0,0.15
30,Female,South,52718.47,66,76.24,8,2,0.128,78.8,SMS,0,88,1,1,0.985
50,Female,North,64353.03,36,50.43,9,1,0.07,64.2,SMS,0,170,1,1,0.96
59,Male,South,96963.71,90,82.62,4,3,0.205,32.9,Email,1,154,1,1,0.98
30,Male,East,44278.04,26,180.35,5,2,0.135,87.9,Social Media,1,173,1,1,0.985
43,Male,South,69362.66,72,50.76,7,0,0.385,77.6,Ads,0,73,1,1,0.845
38,Male,South,58665.61,60,57.86,11,1,0.524,78.9,SMS,0,98,1,1,0.905
70,Female,South,53042.93,44,66.06,5,1,0.339,63.8,SMS,0,14,1,1,0.905
45,Female,West,51211.82,20,125.95,8,0,0.508,63.0,Social Media,0,26,1,1,0.995
61,Female,South,65468.85,105,65.95,7,2,0.467,20.6,Ads,1,23,0,1,0.855
21,Male,South,65650.61,74,51.4,10,3,0.353,23.8,SMS,0,58,1,1,0.66
18,Female,North,62142.2,73,42.43,8,1,0.102,40.2,Ads,1,108,1,1,0.79
36,Female,South,55501.88,20,68.43,6,2,0.345,42.5,SMS,0,45,1,1,0.975
51,Male,South,52790.31,77,101.37,6,2,0.216,51.7,Email,0,56,1,1,0.995
57,Male,North,92341.87,56,70.04,8,2,0.013,37.9,Social Media,1,123,1,1,0.975
53,Male,South,59367.92,108,94.29,8,1,0.298,15.2,SMS,0,46,1,1,0.98
69,Male,East,55982.71,35,51.79,9,0,0.489,84.9,SMS,1,17,0,1,0.615
68,Male,North,78424.76,97,70.47,13,1,0.439,64.8,Email,0,41,1,1,0.87
18,Female,South,48697.75,24,30.88,6,5,0.427,58.9,Ads,0,103,1,1,0.545
69,Female,South,70232.88,91,69.9,6,4,0.33,76.2,Ads,0,167,1,1,0.985
63,Female,East,42323.5,51,134.72,5,2,0.3,63.0,Email,0,173,1,1,1.0
29,Other,West,47148.81,2,107.7,10,5,0.459,52.1,Ads,1,142,1,1,0.97
66,Female,South,81000.76,44,90.64,11,3,0.245,61.1,Email,1,78,1,1,0.995
71,Female,South,40109.22,110,24.74,5,1,0.361,65.8,Ads,1,147,0,1,0.505
49,Other,South,58805.6,80,28.54,4,1,0.216,100.0,SMS,0,111,0,0,0.46
54,Male,West,28460.4,30,63.98,10,1,0.4,81.7,Ads,0,157,1,1,0.965
34,Male,East,55583.7,59,37.18,5,2,0.039,51.7,Ads,0,171,1,1,0.855
21,Female,East,16886.89,94,15.31,8,1,0.094,60.4,Social Media,0,107,0,0,0.34
58,Male,South,70714.56,62,123.26,6,1,0.427,65.8,Social Media,0,139,1,1,1.0
50,Female,West,46133.85,41,134.28,11,1,0.314,45.6,Social Media,0,109,1,1,1.0
23,Female,East,24489.38,75,29.89,8,2,0.353,48.6,SMS,0,2,0,0,0.2
22,Male,South,52148.93,21,89.36,3,1,0.443,94.4,SMS,0,36,1,1,0.965
46,Male,West,51873.9,55,137.97,5,2,0.337,79.2,Email,0,21,1,1,0.945
24,Female,North,29880.24,48,124.44,5,0,0.288,41.8,Social Media,0,104,1,1,1.0
63,Male,East,71914.28,103,45.58,4,1,0.164,61.5,Email,1,119,1,1,0.81
43,Female,West,72966.78,98,20.26,10,0,0.284,82.0,Social Media,0,96,0,0,0.165
22,Female,South,81872.95,32,68.69,5,0,0.358,53.2,Social Media,1,126,1,1,0.985
30,Female,North,55487.64,95,90.25,6,1,0.175,63.3,SMS,0,35,1,1,0.99
69,Female,West,68685.13,10,75.19,10,2,0.222,77.0,SMS,1,98,1,1,0.99
50,Male,South,55149.25,38,112.52,8,3,0.15,51.4,SMS,0,125,1,1,1.0
45,Male,North,53567.01,71,5.0,11,1,0.35,74.5,Email,0,170,0,0,0.215
53,Female,North,59651.54,46,91.58,13,0,0.168,49.7,Ads,1,88,1,1,0.98
31,Male,West,64725.68,32,74.92,12,0,0.271,70.2,SMS,0,30,1,1,0.98
57,Male,West,76324.31,66,125.7,8,2,0.211,92.9,Ads,1,146,1,1,0.995
68,Male,West,83370.8,71,102.81,6,0,0.352,31.4,Email,0,117,1,1,0.995
64,Female,South,30797.7,1,93.82,6,2,0.103,53.6,SMS,0,106,1,1,0.995
55,Female,South,15000.0,1,80.59,9,1,0.37,69.0,Social Media,0,28,1,1,0.96
73,Female,West,50767.98,56,39.18,4,1,0.574,67.2,Social Media,0,20,0,0,0.29
27,Female,North,51579.45,89,89.53,6,3,0.163,27.5,Ads,0,74,1,1,0.995
71,Male,East,79787.8,16,12.34,6,0,0.14,32.6,Email,0,151,1,1,0.565
36,Male,West,96848.65,110,66.42,8,3,0.444,0.1,Social Media,0,118,1,1,0.935
32,Male,North,51309.31,49,120.95,7,2,0.524,74.7,SMS,0,16,1,1,0.96
18,Male,South,63785.82,59,106.46,7,3,0.42,56.8,Email,1,172,1,1,0.98
43,Male,South,62598.1,60,66.53,8,0,0.126,51.5,Email,1,10,1,1,0.935
58,Male,North,65368.96,46,61.21,7,2,0.572,36.0,Social Media,1,83,1,1,0.99
71,Male,West,71858.89,88,63.4,11,1,0.497,55.6,SMS,0,116,1,1,0.965
44,Male,East,35797.11,107,60.75,5,2,0.043,67.5,Social Media,0,136,1,1,0.975
62,Female,North,56110.55,50,74.97,11,1,0.337,40.3,SMS,0,84,1,1,0.99
54,Male,West,97476.61,46,48.47,5,2,0.187,79.5,Email,1,15,1,1,0.625
57,Other,East,64411.21,40,141.44,8,2,0.131,68.5,SMS,1,96,1,1,0.99
23,Female,North,31557.81,37,93.2,10,0,0.103,52.6,Social Media,0,157,1,1,0.995
63,Female,East,56818.56,68,73.76,7,1,0.07,50.4,Ads,1,130,1,1,0.995
34,Male,West,60277.02,83,92.1,6,2,0.084,72.6,Ads,0,151,1,1,1.0
25,Female,West,35800.75,49,109.76,13,1,0.297,67.4,Ads,0,170,1,1,0.995
52,Female,East,51326.47,99,35.31,10,1,0.206,100.0,Email,0,83,0,0,0.32
28,Female,East,77079.1,23,125.57,5,1,0.072,20.3,SMS,1,12,1,1,0.98
52,Male,East,53970.75,87,134.29,8,1,0.229,56.0,Social Media,0,120,1,1,1.0
41,Female,North,61057.69,20,37.68,10,3,0.448,31.7,Social Media,0,48,0,0,0.4
36,Male,West,69002.52,52,100.17,8,0,0.305,51.1,SMS,1,82,1,1,1.0
70,Female,South,69259.31,103,75.62,4,1,0.219,46.8,Social Media,0,49,1,1,0.98
49,Male,South,83446.8,119,126.24,7,0,0.132,48.1,SMS,0,128,1,1,0.99
22,Female,East,55262.95,37,105.58,12,1,0.293,84.2,Email,1,134,1,1,1.0
48,Male,East,90390.17,7,81.67,15,1,0.274,65.4,Email,1,148,1,1,0.98
23,Female,West,40027.09,70,80.38,8,1,0.255,98.3,Ads,0,146,1,1,0.995
74,Male,East,52908.81,47,165.04,10,2,0.489,73.4,Social Media,0,156,1,1,0.965
18,Female,West,68980.91,92,42.03,10,1,0.182,59.8,Social Media,0,144,1,1,0.785
24,Male,West,73140.59,108,73.03,4,0,0.07,26.2,Social Media,0,158,1,1,0.995
50,Female,East,99478.53,96,169.08,9,7,0.473,59.6,Email,0,11,1,1,0.905
55,Female,East,32519.1,78,51.53,8,1,0.589,92.6,SMS,1,135,1,1,0.86
19,Female,East,42949.82,63,99.78,7,1,0.302,11.9,Social Media,0,150,1,1,0.98
45,Male,West,49948.19,26,91.18,8,1,0.161,21.0,Email,0,93,1,1,1.0
28,Male,East,70147.34,48,56.57,7,2,0.068,43.7,Email,0,135,1,1,1.0
32,Female,East,29846.54,62,83.12,9,1,0.285,65.7,Ads,0,77,1,1,0.98
62,Male,South,52423.45,35,75.9,5,1,0.397,49.8,Email,1,56,1,1,0.965
34,Male,East,104122.93,1,57.58,3,0,0.094,66.2,Email,0,132,1,1,0.97
40,Female,East,76988.06,24,103.53,9,2,0.291,19.9,Email,0,88,1,1,1.0
63,Male,East,48729.19,93,128.09,6,0,0.428,79.1,Ads,0,70,1,1,0.99
51,Female,West,40998.59,77,96.22,8,3,0.113,81.3,Social Media,1,57,1,1,0.98
18,Female,East,46787.92,76,88.81,9,0,0.125,88.4,Social Media,0,167,1,1,0.99
22,Female,East,67788.92,37,71.58,9,2,0.371,51.5,SMS,0,51,1,1,0.96
66,Male,North,48307.46,29,104.28,8,3,0.262,54.2,Social Media,0,50,1,1,0.995
18,Female,North,68653.48,82,91.23,11,2,0.213,44.1,Social Media,1,131,1,1,0.985
73,Female,North,60491.98,68,10.99,9,2,0.537,42.2,SMS,0,143,0,0,0.32
71,Male,West,21998.03,98,127.39,6,3,0.45,69.3,Ads,0,4,1,1,0.905
33,Female,West,46550.22,23,16.69,5,4,0.644,100.0,Ads,0,69,0,0,0.275
59,Male,North,61799.46,100,54.55,9,0,0.373,84.8,Ads,0,137,1,1,0.93
56,Male,North,56689.93,28,105.27,10,0,0.643,81.8,Ads,0,98,1,1,0.995
30,Male,West,61856.64,15,82.63,8,2,0.381,47.0,SMS,0,87,1,1,1.0
58,Female,West,47254.49,12,5.0,7,4,0.189,54.2,Ads,1,102,0,0,0.315
49,Male,East,32529.17,75,58.85,13,1,0.185,82.0,Social Media,0,120,1,1,0.94
47,Female,West,61610.81,63,120.08,5,0,0.131,84.3,Ads,1,53,1,1,0.985
42,Female,South,63936.18,114,108.41,7,2,0.415,71.0,Ads,0,28,1,1,0.99
42,Male,East,40943.46,38,74.79,9,1,0.635,69.9,Social Media,0,123,1,1,1.0
26,Female,East,76867.28,34,61.82,7,3,0.822,49.5,Ads,0,38,1,1,0.785
57,Female,South,65015.35,27,100.84,8,0,0.289,76.0,SMS,0,161,1,1,0.995
22,Female,East,54719.88,7,59.73,8,1,0.458,72.5,Email,1,95,1,1,0.965
58,Female,North,49153.12,35,51.93,7,0,0.223,50.5,Ads,0,174,1,1,0.98
56,Male,South,56010.74,101,23.43,7,2,0.354,63.1,Social Media,0,105,0,0,0.22
21,Female,West,40798.22,112,84.07,11,3,0.436,82.2,Ads,0,95,1,1,0.975
62,Female,North,62886.46,66,137.62,5,1,0.422,51.1,Email,0,160,1,1,0.995
29,Male,West,34429.11,71,22.63,8,2,0.4,48.2,Ads,0,72,0,0,0.18
73,Male,South,55098.01,34,77.75,7,2,0.182,38.9,Social Media,1,127,1,1,1.0
50,Male,North,73925.26,7,69.22,6,0,0.512,62.8,Social Media,1,98,1,1,0.99
47,Male,South,36739.73,65,20.01,7,0,0.24,49.6,Ads,0,83,0,0,0.29
61,Male,North,32150.31,52,28.16,9,2,0.615,53.0,SMS,0,116,0,1,0.53
36,Male,North,58136.51,50,43.05,6,2,0.322,39.9,SMS,1,107,1,1,0.895
27,Male,West,42861.41,51,110.37,8,1,0.058,48.9,Email,1,145,1,1,0.985
62,Female,West,80551.24,102,25.04,7,2,0.124,77.3,Email,0,59,0,0,0.15
19,Female,South,42050.9,108,66.64,7,2,0.584,36.9,Ads,0,50,1,1,0.9
51,Male,South,67807.18,95,121.55,5,1,0.05,100.0,Social Media,0,68,1,1,0.97
52,Male,East,30436.63,100,84.11,12,3,0.152,81.7,Email,1,117,1,1,0.98
29,Male,West,26471.69,85,13.4,10,0,0.53,22.4,Email,0,122,0,0,0.2
70,Male,North,46271.76,119,95.64,5,2,0.386,86.0,SMS,0,158,1,1,0.97
58,Female,North,44832.75,23,50.67,9,1,0.164,58.6,SMS,0,133,1,1,0.965
45,Male,West,67748.89,14,38.62,12,2,0.182,67.8,Email,1,154,1,1,0.875
58,Male,South,95100.55,47,93.8,4,0,0.645,55.1,Ads,0,22,1,1,0.96
68,Male,East,69311.34,78,69.53,6,2,0.21,60.2,Social Media,0,84,1,1,0.995
39,Male,West,64684.38,114,89.37,8,8,0.358,72.0,Social Media,1,19,1,1,0.87
67,Male,West,41387.13,26,66.84,11,0,0.402,100.0,Social Media,0,149,1,1,0.985
29,Male,West,50286.44,56,67.98,7,2,0.161,76.0,Social Media,0,25,1,1,0.93
53,Male,North,28289.18,84,89.19,11,0,0.584,92.5,Ads,1,22,1,1,0.895
35,Female,West,38462.14,31,36.12,9,2,0.225,50.7,Email,1,169,1,1,0.925
62,Male,East,27470.64,72,79.94,3,3,0.49,43.7,Email,0,165,1,1,1.0
57,Female,South,28695.57,8,86.6,8,2,0.244,78.5,SMS,0,129,1,1,0.99
57,Male,North,55050.48,104,100.88,10,3,0.265,45.3,Ads,0,70,1,1,0.98
39,Male,West,53263.5,34,65.92,8,2,0.538,46.5,Email,0,143,1,1,0.99
58,Male,East,59211.57,42,45.28,6,1,0.447,43.7,Email,0,12,1,0,0.43
51,Male,North,90148.62,118,80.72,8,1,0.058,54.3,Social Media,0,106,1,1,0.975
34,Female,South,60591.54,14,28.7,9,4,0.137,51.2,Social Media,0,64,1,1,0.545
21,Female,East,56888.01,65,103.1,6,2,0.41,50.3,Social Media,1,110,1,1,0.995
32,Other,North,76375.59,119,67.4,6,0,0.254,47.0,SMS,0,18,1,1,0.735
33,Female,West,52244.22,89,69.75,9,3,0.529,73.1,Social Media,0,91,1,1,0.97
24,Female,North,26315.46,40,79.77,11,0,0.278,67.0,Ads,0,6,1,1,0.915
27,Female,West,59319.98,59,97.73,4,5,0.087,90.5,Ads,1,81,1,1,0.985
62,Male,South,75863.71,4,82.81,11,0,0.259,51.1,Ads,0,44,1,1,0.965
62,Female,East,78058.76,114,103.71,11,1,0.343,79.6,Email,0,85,1,1,0.995
74,Female,South,41552.57,2,74.38,11,2,0.43,69.0,Ads,1,125,1,1,0.98
23,Male,West,51144.07,53,78.23,8,3,0.516,63.1,Ads,0,3,1,1,0.945
69,Female,West,64567.79,80,45.15,7,3,0.212,66.8,Social Media,0,29,1,0,0.29
60,Female,North,70834.0,4,74.38,5,0,0.12,42.8,Email,0,171,1,1,0.99
72,Male,South,67092.47,19,101.59,5,2,0.151,48.2,Social Media,0,156,1,1,0.995
25,Male,West,65185.84,48,113.15,4,3,0.051,78.2,Ads,0,68,1,1,0.985
64,Female,East,51343.36,31,72.78,2,1,0.19,48.2,Social Media,0,10,1,1,0.98
70,Male,South,93739.15,85,81.95,7,2,0.215,89.9,SMS,1,95,1,1,0.985
67,Male,South,56827.89,15,74.2,8,1,0.184,71.8,Email,1,149,1,1,0.99
68,Female,East,83338.89,91,90.03,14,3,0.185,80.6,SMS,1,26,1,1,0.96
70,Male,East,85872.33,108,39.93,2,2,0.035,49.6,Ads,1,47,0,0,0.425
66,Other,West,61959.28,19,35.55,9,2,0.435,83.2,Ads,1,117,1,1,0.705
39,Female,South,51637.53,96,41.91,10,2,0.278,25.7,Social Media,1,60,0,0,0.445
53,Male,East,83492.11,112,76.84,9,1,0.482,58.6,Ads,0,150,1,1,0.99
31,Female,North,63820.78,10,104.45,7,1,0.306,64.0,SMS,1,117,1,1,0.99
47,Male,West,54106.19,91,6.33,7,1,0.165,64.4,Email,0,28,0,0,0.045
70,Female,North,43760.6,98,73.36,5,4,0.19,73.9,Social Media,1,159,1,1,0.995
70,Female,East,74610.77,61,92.99,4,3,0.098,54.3,Email,1,159,1,1,1.0
60,Male,North,38220.85,28,98.58,4,1,0.251,53.6,Email,0,10,1,1,0.97
65,Female,South,43389.58,47,104.87,13,1,0.288,70.7,Email,0,31,1,1,0.94
54,Male,North,60240.43,98,98.38,12,0,0.301,48.5,Email,1,64,1,1,0.965
74,Other,South,71842.82,82,84.59,7,0,0.091,20.4,Email,0,131,1,1,0.975
51,Female,North,49684.41,33,21.97,8,2,0.283,69.6,SMS,0,17,0,0,0.07
55,Female,South,48464.76,25,43.7,9,5,0.272,100.0,Ads,0,25,1,0,0.46
40,Male,East,75864.79,27,52.11,7,1,0.326,46.7,SMS,0,4,0,1,0.71
66,Female,East,56933.9,119,78.08,10,0,0.145,56.1,Email,0,157,1,1,0.995
46,Female,East,60758.96,81,121.61,8,2,0.29,57.5,SMS,0,114,1,1,0.995
39,Male,West,101385.13,38,81.3,6,2,0.175,53.4,Email,0,66,1,1,0.995
21,Male,West,83522.07,42,71.85,6,0,0.541,66.2,Social Media,0,144,1,1,1.0
29,Male,West,29617.59,6,112.25,4,3,0.556,36.9,Ads,1,26,1,1,0.975
53,Male,South,51731.66,52,72.69,11,1,0.204,100.0,Ads,1,82,1,1,0.97
41,Male,West,76598.85,50,48.07,8,2,0.328,86.1,SMS,0,41,0,1,0.65
65,Male,East,82517.47,119,94.41,2,1,0.216,60.1,Social Media,0,14,1,1,0.935
21,Male,North,47878.1,65,100.46,9,2,0.492,33.3,Ads,0,86,1,1,0.975
23,Female,West,63125.9,46,60.04,11,0,0.7,9.1,SMS,1,138,1,1,0.965
53,Male,East,46190.91,29,91.73,7,0,0.179,57.9,Ads,0,174,1,1,0.99
61,Other,East,43194.26,50,52.32,5,4,0.026,54.0,Email,1,31,1,1,0.835
56,Other,South,45662.98,36,42.59,7,1,0.395,71.4,SMS,0,59,1,1,0.625
61,Male,North,70798.65,57,128.04,10,1,0.616,64.9,Ads,0,159,1,1,0.98
32,Male,North,66830.83,15,39.01,12,0,0.337,65.9,Ads,1,3,0,0,0.195
28,Male,West,61341.49,7,93.5,6,0,0.437,52.5,Ads,0,14,1,1,0.99
22,Female,North,51268.47,42,81.14,10,2,0.113,100.0,Ads,0,112,1,1,0.985
21,Male,East,76137.8,71,116.83,7,3,0.343,58.8,Ads,0,161,1,1,0.995
53,Male,East,59084.05,93,72.02,12,1,0.324,77.8,SMS,0,27,1,1,0.87
23,Male,North,57882.9,72,84.85,8,0,0.097,91.0,Social Media,0,76,1,1,0.99
36,Female,East,88501.4,101,52.43,14,1,0.38,54.9,Ads,0,26,1,0,0.45
37,Male,South,58034.84,111,59.58,7,2,0.365,74.8,SMS,0,76,1,1,0.865
20,Female,East,64390.11,78,82.53,8,2,0.277,46.7,Social Media,0,102,1,1,1.0
61,Female,West,34868.51,27,44.97,8,0,0.42,15.7,Social Media,0,82,1,1,0.87
23,Male,South,76657.41,67,73.59,11,2,0.228,87.2,Email,0,70,1,1,0.975
54,Female,West,59779.93,59,106.47,5,1,0.302,42.7,Email,1,136,1,1,0.985
30,Female,North,66939.17,92,89.83,5,3,0.583,49.2,Social Media,0,44,1,1,0.97
70,Male,East,89320.96,20,41.07,5,2,0.07,86.9,Social Media,0,21,0,0,0.445
70,Female,West,43366.58,100,91.1,4,2,0.284,44.8,SMS,1,82,1,1,0.97
35,Female,East,50226.24,99,70.59,7,4,0.144,49.4,SMS,0,54,1,1,0.985
51,Female,West,67375.27,79,23.93,9,1,0.186,66.3,Ads,0,67,0,0,0.1
45,Male,East,62386.73,80,105.67,6,0,0.501,94.3,Ads,1,128,1,1,0.99
50,Male,West,43325.45,44,122.4,8,1,0.359,52.2,Email,0,88,1,1,1.0
71,Male,West,61631.1,76,82.0,4,2,0.115,90.9,Email,0,145,1,1,0.99
69,Female,West,39953.06,51,75.11,8,3,0.171,88.1,Social Media,0,172,1,1,1.0
23,Female,East,66892.34,90,115.89,6,0,0.1,48.9,Email,0,5,1,1,0.925
32,Female,West,37443.34,39,155.86,9,1,0.158,59.9,Social Media,1,171,1,1,1.0
33,Male,North,58240.31,59,115.33,5,0,0.435,16.8,SMS,0,23,1,1,0.975
46,Male,North,73176.74,66,131.99,10,3,0.413,27.2,SMS,1,143,1,1,0.985
24,Female,East,83767.59,110,60.27,8,3,0.449,51.6,SMS,0,51,1,1,0.7
44,Female,West,25206.12,54,50.56,12,0,0.417,50.6,SMS,0,88,1,1,0.88
50,Male,South,42149.53,2,107.23,15,4,0.229,24.4,Ads,0,149,1,1,0.985
57,Female,South,62549.66,105,48.26,6,2,0.436,50.3,SMS,0,155,1,1,0.88
19,Female,South,63088.17,116,17.15,9,0,0.262,42.6,Email,0,66,0,0,0.235
41,Other,West,73630.09,38,59.84,2,2,0.075,61.0,Email,0,49,1,1,0.915
68,Female,West,67582.71,94,63.76,9,1,0.44,48.5,Social Media,0,167,1,1,0.985
51,Male,West,37687.75,30,63.77,5,3,0.128,63.0,SMS,0,38,1,1,0.965
43,Male,West,91144.9,82,87.48,8,2,0.339,61.3,Ads,0,62,1,1,0.995
32,Female,South,57509.28,5,71.04,6,0,0.13,26.4,Social Media,0,27,1,1,0.975
71,Female,East,65035.72,52,25.15,9,2,0.358,92.3,SMS,0,84,0,0,0.305
29,Female,West,73239.86,116,50.5,3,1,0.527,71.1,Social Media,1,151,1,1,0.86
31,Female,South,40792.47,93,53.98,10,2,0.199,74.6,Ads,0,143,1,1,0.99
23,Male,North,67664.23,37,165.63,5,0,0.243,45.4,Social Media,0,126,1,1,0.985
48,Female,North,51704.08,15,125.83,6,1,0.515,20.3,Email,1,39,1,1,0.96
71,Female,North,48456.56,81,116.34,10,2,0.332,65.8,Ads,0,145,1,1,0.99
35,Male,East,53267.84,36,54.15,8,1,0.189,42.5,Social Media,0,17,0,1,0.895
61,Other,North,65209.22,62,5.0,8,1,0.381,20.7,Ads,0,173,1,0,0.495
43,Male,North,65925.14,45,5.0,10,2,0.152,69.3,Email,1,3,0,0,0.11
34,Other,South,66398.01,5,140.58,7,4,0.467,61.9,Email,0,160,1,1,0.985
48,Female,East,85846.71,42,33.15,10,0,0.304,47.4,Ads,1,52,0,0,0.31
32,Male,West,52591.02,50,112.85,10,2,0.368,55.7,Social Media,0,58,1,1,0.98
27,Female,North,53702.58,2,85.05,2,3,0.08,42.3,Ads,0,139,1,1,0.985
68,Male,North,57519.38,19,48.72,15,2,0.475,74.8,Social Media,0,16,0,0,0.48
64,Male,West,67686.88,59,74.29,9,3,0.274,72.5,Social Media,0,169,1,1,0.985
47,Female,East,62721.97,61,65.84,8,1,0.122,70.1,Email,0,122,1,1,0.99
56,Female,East,71942.94,94,41.99,9,1,0.132,77.6,Social Media,1,30,0,0,0.235
54,Female,East,76564.36,56,103.1,9,0,0.254,46.1,Social Media,0,156,1,1,1.0
64,Female,West,75842.59,67,103.41,16,1,0.165,51.2,SMS,1,77,1,1,0.935
48,Female,West,57073.98,71,77.5,11,0,0.175,51.5,SMS,1,45,1,1,0.995
74,Female,East,62754.48,7,116.99,10,3,0.646,100.0,Ads,0,24,1,1,0.955
53,Female,South,65108.4,65,38.7,8,4,0.357,95.3,SMS,1,43,0,0,0.3
47,Female,North,56550.01,112,82.97,13,1,0.317,47.9,Social Media,0,1,1,1,0.895
33,Male,North,86048.65,27,57.76,7,1,0.405,87.4,Social Media,0,43,1,1,0.87
23,Other,North,52447.2,56,120.86,10,2,0.48,61.5,Email,0,130,1,1,1.0
26,Male,West,52113.96,14,148.32,14,4,0.089,52.0,Social Media,0,128,1,1,0.995
31,Female,South,58993.48,80,126.69,7,0,0.194,35.8,Social Media,0,144,1,1,0.995
39,Male,East,76068.81,110,20.88,8,0,0.301,54.6,Ads,1,168,1,0,0.475
40,Male,West,101704.35,32,105.18,9,3,0.071,73.5,Ads,0,166,1,1,0.995
57,Male,West,72406.65,48,76.22,7,1,0.156,59.7,SMS,0,152,1,1,1.0
21,Female,East,57137.55,109,87.77,5,4,0.082,59.8,Email,0,23,1,1,0.895
74,Male,East,73636.38,88,68.61,7,3,0.292,92.3,Ads,0,167,1,1,0.98
43,Other,South,46576.36,73,29.73,9,1,0.198,85.4,Ads,1,145,1,1,0.65
60,Female,North,38468.35,1,86.83,8,1,0.609,53.8,Email,0,128,1,1,0.975
44,Female,North,46957.11,29,95.64,6,3,0.254,58.2,SMS,0,54,1,1,0.995
61,Female,East,40359.56,42,78.47,9,3,0.236,64.3,Email,0,171,1,1,0.985
18,Female,East,63041.85,95,86.25,9,2,0.303,69.3,Email,1,179,1,1,0.99
28,Male,West,51290.01,112,76.69,9,1,0.07,37.1,SMS,0,155,1,1,1.0
31,Male,South,28165.06,118,61.08,12,0,0.092,67.1,Social Media,1,99,0,1,0.895
30,Male,North,71502.72,87,18.21,13,0,0.124,38.0,SMS,1,129,0,0,0.265
28,Female,South,41723.11,34,100.04,9,1,0.181,54.1,Social Media,0,176,1,1,1.0
30,Female,North,41272.37,74,62.22,7,3,0.063,36.4,Email,1,167,1,1,0.99
22,Male,North,29887.9,68,5.0,2,2,0.273,92.1,Social Media,1,104,0,0,0.265
53,Male,West,37994.46,65,104.62,2,0,0.229,64.6,Ads,0,11,1,1,0.96
32,Male,West,45958.91,68,5.0,9,2,0.076,65.0,SMS,1,9,0,0,0.08
53,Female,East,75960.43,94,90.25,13,2,0.285,36.3,Ads,0,64,1,1,0.975
20,Female,East,67374.45,61,81.15,13,2,0.315,50.4,Social Media,0,63,1,1,0.975
59,Female,West,52224.21,112,72.8,7,3,0.089,79.0,SMS,1,63,1,1,0.96
23,Male,West,36972.38,70,18.93,8,1,0.431,100.0,Ads,0,62,0,0,0.15
43,Female,North,65630.34,119,82.36,4,2,0.108,54.9,Social Media,0,118,1,1,0.96
52,Male,North,22807.8,10,137.5,7,1,0.239,64.4,SMS,0,11,1,1,0.975
38,Male,East,77044.09,64,33.88,11,0,0.305,42.9,Ads,0,170,1,1,0.83
56,Male,East,101097.85,103,137.01,11,3,0.38,47.9,SMS,0,48,1,1,0.975
23,Male,East,40566.86,56,139.4,3,3,0.281,98.1,Social Media,0,56,1,1,0.95
26,Female,North,69851.61,94,52.47,11,3,0.402,65.1,Social Media,0,31,0,0,0.415
49,Male,East,70502.61,51,60.42,4,3,0.537,38.2,Ads,0,141,1,1,0.985
73,Male,West,75273.54,24,56.44,8,2,0.294,87.8,SMS,0,140,1,1,0.99
20,Female,West,104137.37,61,49.29,8,2,0.147,17.7,Social Media,0,117,1,1,0.95
73,Female,North,76591.09,19,77.29,8,0,0.062,21.9,Ads,0,155,1,1,0.99
52,Male,North,71293.34,42,47.88,12,2,0.519,79.3,Social Media,1,117,1,1,0.825
24,Male,East,60098.41,85,85.11,5,2,0.032,62.8,Email,0,31,1,1,0.925
65,Female,East,58103.54,59,91.84,7,4,0.289,52.1,SMS,1,142,1,1,0.985
61,Male,North,55047.45,11,5.0,7,1,0.213,36.2,Email,1,149,0,1,0.545
74,Male,South,58000.68,55,122.08,8,0,0.133,29.4,Email,0,85,1,1,0.995
27,Female,North,79912.8,55,70.61,6,2,0.261,44.0,Social Media,0,166,1,1,0.99
32,Male,South,86398.03,73,115.37,9,0,0.191,93.6,Email,0,83,1,1,0.985
73,Female,East,58111.7,60,61.4,7,1,0.266,66.7,SMS,0,12,0,1,0.79
63,Female,South,59615.19,109,40.27,6,1,0.19,52.1,Social Media,1,65,0,0,0.425
20,Male,West,56293.33,96,121.14,6,3,0.59,50.5,Social Media,1,143,1,1,0.99
57,Female,South,67277.91,96,125.1,13,1,0.544,42.4,SMS,0,8,1,1,0.97
31,Female,South,42075.44,58,74.21,5,1,0.377,61.0,Social Media,0,177,1,1,0.99
31,Female,West,47563.54,31,67.82,14,2,0.115,77.4,SMS,1,132,1,1,0.975
39,Male,East,60492.32,12,5.0,11,2,0.19,99.1,Social Media,1,141,0,0,0.335
28,Male,West,47309.65,63,62.42,8,2,0.599,48.7,SMS,0,92,1,1,0.96
49,Female,West,67240.95,57,49.68,7,2,0.308,75.6,SMS,0,81,1,1,0.895
27,Female,West,52610.47,8,146.72,3,1,0.36,57.5,Social Media,0,107,1,1,1.0
58,Male,East,83853.87,93,115.94,13,1,0.344,80.8,SMS,1,106,1,1,0.955
58,Male,East,53656.9,85,44.96,13,0,0.566,76.2,SMS,0,46,1,0,0.415
21,Male,South,59110.09,14,106.92,8,2,0.179,82.5,Ads,0,66,1,1,0.97
59,Male,North,74133.52,87,54.55,12,3,0.15,37.1,Email,1,113,1,1,0.925
65,Female,South,44837.56,43,111.19,6,0,0.491,52.8,SMS,0,19,1,1,0.985
43,Male,East,54254.49,27,62.44,9,0,0.267,54.6,Email,0,80,1,1,0.99
67,Female,South,84446.21,23,65.78,9,0,0.273,39.6,Ads,1,82,1,1,0.965
43,Other,East,87101.18,79,118.73,7,2,0.081,66.1,SMS,0,142,1,1,0.985
43,Other,South,86046.54,40,128.82,5,1,0.223,33.6,Email,0,151,1,1,0.995
37,Male,South,64260.11,22,118.5,9,2,0.222,49.2,Email,0,158,1,1,0.995
74,Female,North,88759.01,54,80.77,7,1,0.44,32.7,Social Media,0,106,1,1,0.99
40,Female,West,59576.15,78,83.01,8,1,0.045,51.2,Email,0,150,1,1,0.995
33,Other,North,49802.59,102,78.69,6,1,0.027,82.8,Email,1,70,1,1,0.985
52,Female,South,43758.6,38,108.16,8,1,0.308,69.9,Email,0,3,1,1,0.975
61,Male,North,64932.54,60,135.35,4,0,0.214,81.4,SMS,0,100,1,1,1.0
32,Female,East,53238.13,85,70.05,10,0,0.412,60.6,Ads,0,123,1,1,0.985
23,Male,West,56000.8,52,83.35,9,0,0.088,73.5,SMS,0,48,1,1,0.99
48,Male,West,38657.66,1,83.03,9,2,0.67,69.1,Email,1,133,1,1,0.995
68,Female,South,60036.56,39,91.35,8,2,0.337,23.3,Ads,0,99,1,1,0.995
73,Female,North,62654.52,95,56.16,7,1,0.438,49.2,Email,0,146,1,1,0.98
54,Male,South,37859.65,52,127.19,7,2,0.482,48.4,Social Media,1,33,1,1,0.99
54,Male,East,73151.14,117,57.83,4,3,0.532,36.4,Email,0,178,1,1,0.935
72,Female,South,40988.49,87,117.68,10,1,0.44,30.5,Email,0,2,1,1,0.935
24,Other,South,43263.77,6,19.5,7,3,0.252,63.2,SMS,1,60,0,0,0.255
49,Female,South,39575.07,3,151.99,7,2,0.471,59.7,SMS,1,137,1,1,0.995
71,Male,North,33508.93,71,73.94,4,0,0.383,39.2,Social Media,1,123,1,1,0.99
24,Male,East,29778.04,18,97.99,7,1,0.14,44.0,SMS,0,143,1,1,0.995
49,Other,East,62983.76,86,64.63,8,1,0.26,53.9,SMS,0,65,1,1,0.875
37,Male,East,59201.14,43,87.71,12,1,0.211,47.1,Ads,0,80,1,1,0.995
20,Female,North,68960.4,75,65.59,6,1,0.575,51.7,Ads,0,116,1,1,0.99
65,Female,South,71031.74,98,106.69,7,0,0.307,50.3,SMS,0,76,1,1,0.99
53,Female,West,64193.95,18,155.63,10,2,0.308,65.6,Email,0,105,1,1,1.0
41,Male,West,26034.71,68,56.73,9,1,0.216,39.6,SMS,1,137,1,1,0.975
18,Female,East,74504.45,14,34.2,5,2,0.29,62.6,Social Media,0,16,0,0,0.345
26,Female,East,27770.09,118,54.94,7,1,0.058,78.8,SMS,1,157,1,1,0.915
46,Male,South,43622.96,13,77.42,15,3,0.126,36.9,Ads,0,159,1,1,0.995
66,Female,West,50405.55,109,59.14,10,1,0.227,76.3,SMS,0,157,1,1,0.96
55,Male,East,28059.39,43,86.5,11,3,0.291,81.8,Ads,0,128,1,1,0.985
55,Female,South,68750.13,101,68.33,6,1,0.159,77.7,SMS,1,97,1,1,0.995
36,Female,South,59810.26,39,52.01,5,1,0.409,67.3,Social Media,0,37,0,1,0.75
41,Male,West,61798.17,79,100.98,11,0,0.212,85.5,Ads,0,136,1,1,0.995
41,Male,South,56672.98,71,67.5,12,2,0.145,68.0,Email,0,102,1,1,0.985
45,Male,South,68147.58,65,66.79,6,2,0.193,61.8,SMS,0,103,1,1,0.995
24,Female,North,74367.15,13,74.92,11,3,0.129,47.4,SMS,0,85,1,1,0.975
24,Female,West,69106.36,42,81.32,5,2,0.767,44.1,Ads,0,106,1,1,0.985
18,Male,South,56076.79,85,40.83,10,1,0.209,69.9,Email,1,34,0,0,0.235
71,Male,East,64998.2,39,128.2,11,1,0.131,61.6,Ads,1,175,1,1,0.995
29,Female,West,74010.45,40,140.49,2,0,0.202,82.6,Ads,1,8,1,1,0.965
23,Female,North,41787.73,28,118.03,10,0,0.466,65.4,Ads,0,81,1,1,0.995
29,Female,South,47524.96,15,86.96,6,1,0.5,80.1,Email,1,43,1,1,0.98
73,Male,West,59719.64,61,115.41,7,2,0.281,52.3,Email,1,54,1,1,0.965
54,Female,North,91897.01,119,91.7,10,4,0.016,30.9,Social Media,0,32,1,1,0.925
41,Other,East,52896.24,72,121.89,5,1,0.188,98.0,SMS,0,81,1,1,0.98
74,Male,North,44857.99,50,89.66,8,2,0.502,64.8,Email,0,59,1,1,0.97
21,Female,South,34439.04,89,52.24,11,1,0.035,65.6,SMS,0,170,1,1,0.88
19,Female,South,94281.03,42,121.93,6,3,0.264,37.7,Ads,1,8,1,1,0.945
67,Female,North,57794.29,43,44.88,7,3,0.117,42.7,Social Media,0,85,1,1,0.87
66,Male,West,65127.98,96,116.02,9,4,0.119,97.5,Social Media,1,166,1,1,0.985
60,Female,North,63747.76,65,78.83,10,0,0.107,48.2,Ads,0,83,1,1,1.0
50,Female,West,52442.19,56,60.07,5,1,0.279,90.5,Social Media,1,93,1,1,0.975
65,Male,East,71386.96,25,5.0,9,3,0.244,36.7,Email,0,102,0,0,0.27
56,Male,South,72498.98,75,76.15,5,4,0.517,41.5,Email,0,52,1,1,0.925
49,Female,West,82429.84,7,57.49,6,0,0.128,91.2,Social Media,0,53,1,1,0.91
24,Male,South,106373.74,22,93.77,9,2,0.136,62.1,SMS,0,50,1,1,0.985
70,Male,North,58623.45,79,95.95,11,4,0.078,87.7,Ads,0,161,1,1,1.0
58,Male,North,51690.19,92,63.06,6,4,0.342,60.2,Email,0,81,1,1,0.965
66,Male,East,60979.38,116,96.98,9,1,0.275,84.6,Social Media,1,43,1,1,0.985
30,Male,North,63026.99,46,92.53,7,1,0.297,45.4,Social Media,1,94,1,1,0.995
30,Female,South,50551.14,34,84.47,5,2,0.295,69.8,Ads,0,174,1,1,1.0
67,Male,East,72005.18,8,117.25,9,0,0.342,24.8,Ads,0,80,1,1,0.99
73,Female,South,63714.69,93,22.91,6,1,0.155,52.7,Social Media,0,27,0,0,0.1
66,Female,West,15000.0,37,95.72,8,3,0.136,68.6,Email,1,81,1,1,0.975
39,Male,East,51175.16,86,13.96,7,2,0.304,69.4,SMS,1,86,0,0,0.12
24,Other,North,85283.81,47,126.05,6,1,0.348,67.9,Social Media,0,100,1,1,0.985
25,Female,North,67270.31,81,119.55,9,4,0.33,67.1,SMS,0,103,1,1,0.985
71,Male,East,83461.26,14,66.26,6,3,0.342,62.6,Ads,0,141,1,1,1.0
46,Male,South,73898.85,102,132.71,7,1,0.261,44.0,Social Media,0,28,1,1,0.985
38,Male,North,65012.31,76,110.5,8,1,0.067,38.7,Email,1,110,1,1,0.995
39,Female,East,55061.32,88,48.09,5,0,0.681,49.4,Ads,1,111,1,1,0.82
41,Other,West,75088.23,110,75.11,6,2,0.206,48.7,Email,0,155,1,1,0.985
54,Female,North,19563.54,20,78.33,8,2,0.172,72.7,Ads,0,73,1,1,0.985
61,Male,North,44678.04,74,121.84,2,1,0.406,43.2,Ads,0,96,1,1,0.985
25,Male,East,56914.3,118,58.17,9,3,0.187,37.2,Email,0,179,1,1,0.925
61,Male,North,50653.43,82,5.0,11,4,0.222,50.9,SMS,0,83,0,0,0.145
59,Male,South,56871.92,44,38.68,5,1,0.257,72.6,Email,0,144,1,1,0.91
49,Female,West,50372.91,40,93.34,7,2,0.199,68.5,SMS,1,169,1,1,0.995
33,Female,West,49153.55,100,128.45,12,4,0.611,87.8,SMS,0,151,1,1,0.985
45,Male,East,37801.74,112,94.1,13,2,0.252,48.6,Email,1,61,1,1,0.95
29,Male,North,61833.17,8,131.3,6,3,0.216,58.6,SMS,0,103,1,1,0.995
61,Male,North,57698.45,90,134.63,10,0,0.366,65.8,Social Media,0,16,1,1,0.93
22,Female,East,77485.27,46,141.95,8,1,0.198,56.0,SMS,1,115,1,1,0.99
46,Female,West,57362.54,38,76.55,6,1,0.098,27.0,Ads,0,110,1,1,1.0
71,Male,West,35496.97,105,13.76,3,2,0.152,100.0,Email,0,100,0,0,0.245
40,Male,South,57140.5,90,194.72,11,0,0.269,82.5,SMS,0,77,1,1,0.98
40,Male,North,40721.26,67,63.01,6,1,0.238,37.4,Ads,0,33,1,1,0.89
44,Female,North,62273.09,114,71.88,9,3,0.608,80.9,Email,1,97,1,1,0.955
21,Male,North,61924.35,20,56.73,10,2,0.3,29.9,SMS,0,22,1,1,0.775
72,Female,North,46957.66,81,84.42,9,1,0.245,42.2,Email,1,150,1,1,1.0
59,Female,West,53776.0,30,129.78,6,1,0.699,68.4,Ads,0,28,1,1,0.97
53,Male,North,69455.84,91,84.21,5,0,0.386,41.8,Ads,0,157,1,1,0.995
64,Female,West,62217.89,73,155.75,12,1,0.297,57.0,Email,0,85,1,1,0.985
43,Male,South,89517.49,88,100.83,15,0,0.137,65.2,Email,0,91,1,1,0.99
38,Male,North,91997.48,59,145.72,8,2,0.578,55.0,Social Media,0,28,1,1,0.97
30,Male,North,40766.16,60,69.09,10,2,0.167,73.7,Ads,1,116,1,1,0.985
33,Female,East,45869.41,53,68.47,13,1,0.083,55.0,SMS,0,78,1,1,0.975
66,Male,North,40650.3,30,42.37,10,3,0.394,33.2,Ads,0,174,1,1,0.865
27,Male,North,27844.82,114,36.13,5,3,0.446,53.0,Email,1,128,0,1,0.545
71,Male,North,56046.58,68,101.22,5,1,0.499,22.1,Ads,0,129,1,1,1.0
37,Male,South,46784.04,88,47.76,12,2,0.452,79.9,Ads,0,85,0,1,0.595
34,Female,East,45610.17,71,114.83,13,1,0.255,72.2,Email,0,19,1,1,0.96
65,Female,East,88280.55,81,163.37,8,1,0.126,68.9,Social Media,0,144,1,1,0.99
63,Other,North,59533.01,54,36.4,6,1,0.017,100.0,Social Media,0,52,0,0,0.41
54,Female,South,70301.87,59,51.11,9,0,0.117,51.9,Ads,0,160,1,1,0.945
27,Female,West,65968.15,63,70.94,5,2,0.261,69.1,SMS,1,136,1,1,1.0
60,Female,West,70319.14,56,60.92,6,1,0.215,66.1,Email,0,142,1,1,0.995
62,Male,East,64291.18,114,106.48,7,1,0.466,78.0,Email,1,156,1,1,0.99
44,Female,West,56217.72,102,128.79,11,2,0.584,75.4,Ads,1,58,1,1,0.965
50,Female,South,68672.52,85,102.96,5,3,0.574,66.2,Email,0,25,1,1,0.975
59,Female,North,23861.03,91,52.33,6,2,0.616,4.8,Email,1,142,1,1,0.88
31,Female,East,50098.98,96,109.42,10,2,0.267,45.1,Social Media,1,72,1,1,0.995
61,Female,North,35193.05,106,85.69,10,1,0.454,41.7,SMS,0,60,1,1,0.975
35,Female,South,46451.17,52,106.86,8,0,0.085,93.1,Ads,0,68,1,1,0.995
73,Male,West,56579.25,109,36.52,9,1,0.041,70.7,SMS,1,22,0,0,0.155
31,Female,South,48814.87,68,65.93,7,2,0.035,57.2,Social Media,1,87,1,1,0.98
74,Female,East,73282.75,90,91.81,5,0,0.155,79.5,Social Media,0,151,1,1,0.99
57,Female,West,31424.72,84,61.56,5,0,0.234,29.3,Social Media,0,8,1,1,0.805
51,Other,South,69922.97,42,138.83,12,0,0.323,81.9,SMS,0,120,1,1,0.985
52,Male,West,68348.45,42,89.03,12,4,0.068,92.0,Ads,0,16,1,1,0.97
51,Male,South,78107.23,62,90.46,12,4,0.278,56.5,Email,0,87,1,1,0.985
54,Female,West,73292.34,77,96.67,8,1,0.113,65.1,Social Media,0,85,1,1,0.985
62,Female,South,82905.76,78,94.09,8,1,0.442,62.6,Email,0,58,1,1,0.99
32,Male,East,44877.09,89,43.52,9,2,0.266,70.4,Ads,1,7,0,0,0.175
74,Male,West,69830.49,34,109.87,6,0,0.413,72.2,Email,1,115,1,1,0.99
41,Male,North,57107.32,14,96.05,3,3,0.245,93.1,Social Media,1,178,1,1,0.995
29,Female,South,62551.87,22,53.25,8,2,0.186,51.6,Social Media,0,63,1,1,0.94
62,Female,West,36388.85,19,105.79,8,1,0.366,44.5,SMS,1,128,1,1,0.985
58,Male,South,26024.37,53,82.07,4,2,0.136,56.0,Social Media,0,72,1,1,0.985
42,Female,East,49594.08,113,82.9,9,2,0.12,75.3,Ads,1,20,1,1,0.945
73,Male,South,51872.32,107,75.96,10,1,0.314,73.5,SMS,0,43,1,1,0.94
18,Female,West,58046.37,44,57.01,9,0,0.079,69.1,Email,1,137,1,1,0.93
62,Male,West,75946.55,100,116.05,10,2,0.375,83.7,Social Media,0,48,1,1,0.98
44,Female,North,83735.43,13,53.58,6,2,0.583,52.5,Social Media,1,32,1,1,0.7
27,Female,West,67049.31,2,41.49,8,1,0.099,65.4,Email,0,115,1,1,0.915
67,Male,South,75017.4,64,131.36,9,3,0.018,38.7,Social Media,0,11,1,1,0.965
27,Other,West,73729.19,62,109.36,7,1,0.354,63.5,Social Media,0,160,1,1,1.0
57,Male,East,36633.9,68,19.76,13,5,0.499,52.4,Social Media,0,25,0,0,0.115
33,Female,North,67874.76,97,83.26,10,2,0.142,78.2,SMS,0,149,1,1,0.99
30,Male,East,60434.51,57,68.54,11,0,0.332,74.6,Email,0,105,1,1,0.965
20,Other,West,80594.17,17,100.05,10,1,0.228,70.4,Social Media,0,77,1,1,0.98
53,Male,East,59497.96,72,89.57,7,1,0.092,26.5,SMS,1,146,1,1,0.995
66,Female,East,77481.11,27,34.71,14,3,0.63,88.7,Social Media,1,146,0,1,0.63
59,Female,West,57523.57,78,60.79,5,0,0.309,48.0,Email,0,153,1,1,0.995
69,Female,East,62001.76,46,71.94,4,1,0.2,39.2,SMS,0,107,1,1,0.995
53,Male,East,61102.92,86,97.59,7,5,0.41,55.7,SMS,1,126,1,1,0.99
56,Male,East,93843.14,95,70.41,6,2,0.725,75.2,Email,0,29,0,1,0.77
74,Female,East,48202.22,75,91.42,10,0,0.178,73.2,Email,1,154,1,1,0.99
43,Female,West,96594.02,49,83.26,8,2,0.172,75.8,Email,1,6,1,1,0.97
46,Female,East,27914.77,26,91.89,12,0,0.415,16.7,Ads,1,145,1,1,0.99
51,Female,West,73024.91,116,94.95,7,2,0.078,58.6,SMS,0,3,1,1,0.95
38,Male,East,77991.6,46,146.26,9,2,0.182,62.7,SMS,0,115,1,1,0.995
65,Male,West,60252.42,9,46.52,10,0,0.138,64.6,Email,1,142,1,1,0.98
51,Female,North,47885.09,72,64.77,8,3,0.394,54.2,Ads,0,14,1,1,0.825
69,Male,South,25490.67,73,85.93,9,2,0.425,39.1,Social Media,1,158,1,1,0.995
49,Female,North,57082.03,85,79.46,11,1,0.43,51.6,Email,0,74,1,1,0.98
60,Female,South,41316.45,65,8.43,8,3,0.197,92.8,Ads,0,96,0,0,0.18
34,Female,South,47180.71,18,50.4,5,0,0.07,43.1,SMS,0,128,1,1,0.96
21,Female,North,36992.84,69,87.81,11,3,0.424,58.6,SMS,0,152,1,1,1.0
28,Other,South,53988.55,2,89.4,9,2,0.227,7.3,Social Media,0,45,1,1,0.98
47,Female,North,70140.96,85,95.26,6,2,0.464,50.0,Email,0,102,1,1,0.995
74,Female,North,59877.29,85,100.04,12,0,0.087,67.3,Ads,0,134,1,1,1.0
67,Male,South,22944.69,19,124.29,7,2,0.251,61.0,Email,1,178,1,1,1.0
65,Female,South,55052.86,19,54.46,6,2,0.383,89.6,Email,0,107,1,1,0.98
65,Male,South,49084.1,74,51.78,10,0,0.178,60.8,SMS,0,12,0,0,0.39
64,Male,East,65476.7,34,67.06,10,0,0.607,33.4,Social Media,0,51,1,1,0.95
55,Female,East,68516.21,104,89.34,6,1,0.216,58.2,SMS,0,114,1,1,1.0
61,Male,South,73834.74,101,138.67,10,2,0.258,59.7,Social Media,0,124,1,1,0.985
40,Male,West,39483.16,5,94.55,12,2,0.44,80.2,SMS,0,5,1,1,0.945
56,Male,East,80431.76,101,86.63,4,1,0.207,31.3,Email,0,98,1,1,0.995
63,Male,South,76620.19,91,110.94,10,0,0.397,61.7,Social Media,0,40,1,1,0.975
64,Female,North,60051.92,15,122.54,8,1,0.59,73.3,Social Media,1,87,1,1,0.995
34,Female,West,61271.37,39,88.11,10,3,0.21,57.2,Email,0,71,1,1,0.995
39,Male,South,18532.38,84,85.33,5,3,0.738,49.8,SMS,1,88,1,1,0.97
42,Male,South,59640.46,60,18.04,6,2,0.605,79.3,Email,1,151,0,0,0.32
58,Male,North,104168.71,96,58.36,13,0,0.255,50.0,Email,1,147,1,1,0.885
45,Male,South,55935.35,42,20.72,5,1,0.134,67.4,SMS,0,52,0,0,0.15
48,Female,South,56437.74,103,148.32,7,1,0.359,58.1,Email,0,138,1,1,1.0
22,Female,East,86437.75,17,41.11,6,0,0.361,31.5,SMS,0,142,1,1,0.895
26,Male,North,42026.45,80,35.11,8,2,0.245,68.1,Ads,0,174,1,1,0.69
52,Female,North,91883.76,77,87.24,3,1,0.526,59.1,Email,0,162,1,1,0.99
19,Male,West,64585.34,64,91.05,1,1,0.197,34.6,Email,0,120,1,1,0.975
21,Female,South,19965.95,108,152.03,11,0,0.274,38.7,Social Media,1,71,1,1,0.975
33,Male,South,80062.46,20,40.86,11,1,0.312,71.9,Ads,0,116,1,1,0.8
32,Male,East,55512.54,41,78.6,7,0,0.335,42.9,Email,1,30,1,1,1.0
34,Female,North,47144.28,27,92.72,8,1,0.294,52.0,Social Media,0,155,1,1,1.0
69,Male,West,40431.4,17,106.46,10,2,0.211,58.7,Social Media,0,123,1,1,0.99
54,Male,North,68154.22,83,104.24,14,0,0.314,56.5,SMS,0,71,1,1,0.96
40,Other,South,49871.07,38,142.44,6,1,0.055,100.0,Email,1,164,1,1,0.99
60,Female,North,50551.04,23,101.03,7,1,0.755,43.0,SMS,0,55,1,1,0.955
33,Female,East,36851.24,70,58.04,7,1,0.126,78.7,Email,0,1,1,1,0.805
56,Female,West,53894.68,59,59.72,7,1,0.133,69.4,Ads,0,70,1,1,0.98
24,Female,West,96782.19,48,78.48,8,0,0.184,52.0,Ads,1,92,1,1,0.97
47,Male,South,47014.56,29,67.69,6,1,0.089,63.2,Ads,1,57,1,1,0.92
63,Male,West,97781.87,111,104.27,7,2,0.483,79.1,Social Media,0,116,1,1,0.995
64,Male,South,92446.37,58,143.81,6,3,0.17,53.1,Ads,0,50,1,1,0.99
68,Female,West,44713.72,46,46.31,6,0,0.037,25.6,Ads,1,179,1,1,0.955
57,Female,East,45741.82,39,52.58,7,3,0.082,56.8,SMS,1,78,1,1,0.975
30,Male,East,106285.67,98,69.0,8,2,0.142,82.0,SMS,1,75,1,1,0.965
30,Female,South,56384.42,68,125.09,7,4,0.198,25.4,Email,1,110,1,1,1.0
44,Other,East,97998.94,89,68.08,5,1,0.558,39.1,Email,0,29,1,1,0.85
74,Male,West,63366.83,25,78.73,9,1,0.086,56.7,Ads,0,61,1,1,0.97
50,Male,South,83142.14,83,79.09,11,2,0.191,64.6,Email,0,144,1,1,0.995
40,Male,East,48053.1,13,74.18,9,1,0.208,55.7,Social Media,0,21,1,1,0.965
29,Male,South,73822.61,81,74.68,6,1,0.335,64.8,Email,0,148,1,1,1.0
57,Male,North,27819.58,21,41.91,3,2,0.611,59.6,SMS,1,10,0,1,0.585
54,Female,East,102088.77,43,41.82,3,0,0.33,64.9,Ads,0,150,1,1,0.86
32,Female,South,52591.48,33,162.73,6,0,0.444,52.4,Email,0,112,1,1,0.985
53,Female,East,85666.62,32,44.57,6,2,0.264,51.3,Ads,0,106,1,1,0.91
41,Male,East,43674.2,99,99.4,10,0,0.365,64.6,Social Media,0,54,1,1,0.975
60,Female,West,42907.12,7,133.53,2,0,0.267,25.9,Email,1,18,1,1,0.96
36,Female,West,71719.25,100,65.23,6,0,0.172,35.0,Ads,1,170,1,1,0.99
36,Female,South,65686.8,43,74.85,9,1,0.041,80.1,Social Media,0,98,1,1,0.995
35,Male,West,63787.97,20,47.68,5,1,0.311,53.2,Social Media,0,140,1,1,0.99
73,Female,East,27032.5,38,82.48,6,1,0.453,24.4,Social Media,0,117,1,1,0.99
27,Female,West,70201.3,11,52.17,10,2,0.148,58.6,Email,1,177,1,1,0.985
24,Male,South,62818.58,96,52.95,9,1,0.259,94.7,Ads,0,95,0,1,0.835
40,Male,South,69319.42,47,48.9,13,1,0.122,90.8,Email,0,131,1,1,0.885
41,Male,South,64555.21,52,72.34,10,1,0.412,53.8,Email,1,40,1,1,0.97
65,Female,South,68828.74,34,31.01,9,1,0.183,50.4,Email,0,28,1,0,0.195
33,Male,South,70170.51,90,117.13,3,1,0.219,46.9,Social Media,1,170,1,1,1.0
33,Female,East,62692.36,28,133.04,13,0,0.485,52.9,Social Media,0,44,1,1,0.985
47,Female,West,63823.73,43,31.66,10,2,0.167,36.6,Social Media,0,135,1,1,0.795
67,Female,West,57273.46,14,88.27,6,1,0.482,68.1,SMS,0,68,1,1,0.975
49,Female,South,51466.78,97,20.45,13,3,0.54,36.6,Ads,1,1,0,0,0.13
25,Female,West,106460.3,43,69.84,5,0,0.278,0.0,Email,1,90,1,1,0.915
44,Female,North,70001.29,18,117.91,7,0,0.15,71.8,Email,1,143,1,1,0.985
74,Male,South,51685.03,52,59.11,12,2,0.256,92.8,Ads,1,44,1,1,0.795
72,Male,North,44057.71,100,96.65,8,1,0.145,59.0,Social Media,1,93,1,1,1.0
23,Male,West,63745.45,27,43.77,7,2,0.021,32.8,Social Media,1,7,1,1,0.545
27,Female,East,76680.69,25,27.71,5,1,0.252,51.1,Ads,1,169,1,1,0.875
50,Male,West,44300.35,117,117.29,10,0,0.188,43.0,Email,1,77,1,1,0.995
43,Male,North,48481.73,102,68.18,11,5,0.202,42.9,Ads,0,138,1,1,0.985
23,Male,South,56920.61,97,168.96,10,3,0.087,61.0,SMS,1,21,1,1,0.95
26,Female,North,62654.55,101,97.08,10,1,0.139,85.1,Social Media,1,74,1,1,0.99
57,Female,West,79830.7,58,115.8,7,1,0.137,48.2,Social Media,0,145,1,1,1.0
27,Male,East,49793.74,12,90.46,4,2,0.217,57.4,Social Media,0,92,1,1,1.0
34,Female,South,47690.5,103,118.07,4,1,0.106,90.2,Social Media,0,83,1,1,0.975
56,Male,South,31335.1,89,136.79,6,2,0.052,77.0,Ads,0,68,1,1,0.98
28,Female,West,58217.51,56,43.81,9,4,0.314,26.2,SMS,1,100,0,1,0.905
49,Female,East,52874.66,89,119.49,6,1,0.352,70.5,Ads,0,107,1,1,0.995
48,Male,East,66163.04,96,80.22,4,1,0.629,37.8,Ads,0,137,1,1,0.98
42,Female,North,52760.51,45,64.05,4,0,0.452,64.1,Social Media,1,112,1,1,0.985
37,Male,East,63656.42,31,51.73,7,0,0.149,78.1,Ads,1,132,1,1,0.99
51,Male,South,86010.58,65,35.78,5,3,0.087,86.5,SMS,1,164,1,1,0.82
52,Male,South,72582.01,19,122.51,8,0,0.339,35.5,Ads,0,90,1,1,1.0
69,Female,East,82712.21,11,99.3,8,0,0.252,51.3,Email,0,127,1,1,1.0
32,Female,East,74502.51,7,12.36,8,2,0.479,45.1,Social Media,0,144,0,0,0.475
35,Male,East,38598.98,97,76.08,7,1,0.637,97.4,SMS,1,99,1,1,0.96
35,Male,South,76294.56,44,15.92,8,3,0.409,88.8,Email,0,76,0,0,0.115
73,Male,East,52615.08,28,51.62,6,3,0.221,54.8,Social Media,1,30,1,1,0.74
53,Male,South,45087.58,86,45.58,8,1,0.341,35.8,Email,0,116,1,1,0.88
31,Male,North,75852.01,74,77.33,7,0,0.337,100.0,SMS,0,37,1,1,0.94
74,Male,East,42355.53,72,87.52,14,2,0.125,70.1,Social Media,1,41,1,1,0.975
28,Male,East,53042.99,105,98.39,8,1,0.058,50.9,Social Media,0,125,1,1,0.995
55,Female,East,53149.6,88,111.77,9,4,0.042,43.7,Ads,1,22,1,1,0.985
34,Male,East,72890.22,115,49.02,5,2,0.29,58.0,Ads,0,114,1,1,0.89
39,Other,North,65972.83,13,32.67,7,0,0.04,45.4,SMS,0,117,1,1,0.785
54,Female,South,47262.12,10,13.46,6,0,0.29,45.1,SMS,0,122,0,1,0.505
73,Male,East,88554.27,88,62.2,7,0,0.076,55.9,Email,0,27,1,1,0.82
44,Female,North,42416.86,61,109.12,7,1,0.106,33.9,Email,1,10,1,1,0.98
71,Male,North,64411.57,37,82.99,11,2,0.306,69.1,SMS,1,80,1,1,0.99
70,Male,South,67784.89,110,67.76,5,0,0.472,72.7,Social Media,0,62,1,1,0.925
63,Female,West,60877.8,56,33.9,8,0,0.389,39.9,Ads,0,169,1,1,0.815
71,Male,West,33465.74,94,99.17,7,1,0.557,88.6,Ads,0,52,1,1,0.95
54,Male,West,82240.65,88,71.27,6,3,0.308,82.2,Ads,0,40,1,1,0.865
56,Male,West,79685.98,7,137.76,7,2,0.242,51.5,SMS,0,35,1,1,0.985
31,Female,West,73760.99,99,127.38,8,4,0.024,63.0,Ads,0,140,1,1,0.98
48,Male,South,62276.88,39,54.79,9,1,0.465,46.4,Ads,0,50,1,1,0.885
55,Female,North,79923.35,42,113.65,7,2,0.08,61.9,SMS,0,147,1,1,1.0
23,Male,South,76325.82,106,21.39,4,1,0.157,31.4,Email,1,63,0,0,0.315
47,Male,North,57790.86,42,20.98,8,3,0.26,76.0,SMS,0,121,0,0,0.355
40,Female,West,82272.04,28,59.37,4,2,0.174,63.5,Ads,0,58,1,1,0.92
47,Other,South,45369.38,65,87.35,11,2,0.36,79.9,SMS,0,158,1,1,0.995
43,Male,West,60546.56,34,116.87,11,1,0.086,41.8,Social Media,1,147,1,1,1.0
62,Female,West,68346.92,106,100.32,7,3,0.375,54.2,Ads,0,131,1,1,0.985
60,Male,West,64736.73,21,42.14,12,1,0.458,54.5,Email,1,136,1,1,0.88
72,Other,West,74181.84,58,60.67,6,0,0.439,66.0,Email,0,61,1,1,0.875
34,Male,East,60090.21,95,29.13,10,1,0.414,65.7,Ads,0,172,1,1,0.525
34,Male,North,58276.64,90,62.54,12,0,0.083,61.5,Social Media,0,107,1,1,0.97
31,Female,South,48382.21,82,82.94,12,0,0.58,68.8,Social Media,0,93,1,1,0.985
20,Male,North,80859.08,87,77.82,9,0,0.076,82.3,Social Media,0,138,1,1,0.985
56,Male,East,70483.82,71,143.3,7,0,0.511,83.0,Ads,1,178,1,1,0.995
31,Other,East,50378.78,68,76.08,12,2,0.583,54.5,Social Media,1,134,1,1,0.975
71,Male,South,46955.94,113,102.16,3,3,0.346,80.7,Email,0,6,1,1,0.865
54,Male,West,68466.84,62,101.91,5,3,0.319,32.1,Ads,0,123,1,1,0.99
26,Male,South,60286.8,8,73.43,10,0,0.252,58.2,Social Media,0,105,1,1,0.99
39,Female,East,86426.84,40,64.42,9,1,0.296,65.0,Email,0,10,1,1,0.835
56,Female,West,58847.86,17,40.84,3,3,0.354,48.9,Ads,0,66,1,1,0.835
37,Male,East,86198.82,54,100.39,11,3,0.058,65.9,SMS,0,29,1,1,0.965
24,Female,North,33112.38,51,80.62,5,1,0.436,44.1,SMS,0,5,1,1,0.965
33,Female,South,37357.44,99,78.61,5,4,0.371,63.2,SMS,0,113,1,1,0.995
19,Female,North,66142.03,45,86.16,6,1,0.294,61.5,Ads,0,6,1,1,0.97
65,Female,North,27133.8,56,85.98,9,2,0.224,74.3,Email,0,96,1,1,0.99
24,Other,West,55613.13,39,116.22,13,2,0.107,91.0,Social Media,1,114,1,1,0.97
18,Male,West,38893.11,44,128.54,10,1,0.077,81.1,SMS,0,62,1,1,0.965
74,Female,West,67211.76,15,71.66,8,0,0.06,22.1,Social Media,1,73,1,1,0.97
52,Female,East,65504.14,2,130.3,11,0,0.107,73.7,Ads,0,123,1,1,0.995
38,Female,East,48227.3,108,19.28,7,2,0.107,49.2,Social Media,0,94,0,0,0.17
44,Male,East,25032.7,107,118.81,9,1,0.229,100.0,Email,0,74,1,1,0.99
35,Male,East,80071.54,54,77.4,7,6,0.529,75.3,SMS,0,4,1,1,0.92
20,Female,North,68959.84,13,37.56,9,1,0.077,58.5,Email,0,42,1,0,0.45
73,Female,North,73231.99,20,43.57,5,2,0.244,72.6,Social Media,1,59,0,1,0.755
37,Male,East,53920.45,17,94.92,6,2,0.387,48.1,Email,0,62,1,1,0.96
66,Male,West,50212.24,34,104.8,5,3,0.186,34.1,Social Media,0,132,1,1,1.0
28,Female,East,36398.7,115,55.03,6,2,0.491,69.0,SMS,0,169,1,1,0.9
22,Female,South,74586.58,5,5.79,10,1,0.44,81.2,SMS,0,45,0,0,0.14
64,Other,West,70795.1,17,124.14,6,3,0.639,46.5,Social Media,1,8,1,1,0.945
51,Other,South,100354.48,109,71.99,7,2,0.093,78.8,Ads,0,56,1,1,0.94
55,Female,North,71463.36,101,127.75,9,3,0.144,87.5,Social Media,0,154,1,1,1.0
58,Male,East,56964.54,79,78.27,6,1,0.373,31.5,Email,1,35,1,1,0.97
52,Female,East,43392.89,27,113.54,12,2,0.083,68.3,Email,0,84,1,1,0.99
39,Female,North,57790.38,57,71.21,7,3,0.266,65.1,Email,0,56,1,1,0.955
60,Female,North,61785.76,81,80.15,6,1,0.216,34.8,SMS,0,132,1,1,0.99
25,Male,North,71084.28,1,59.68,4,1,0.264,92.2,Social Media,1,101,1,1,0.93
70,Female,North,62740.46,107,92.67,5,0,0.4,73.2,Social Media,0,153,1,1,0.99
29,Female,South,82366.37,45,81.99,12,1,0.332,78.2,Email,0,3,1,1,0.935
22,Male,North,92692.13,40,46.35,9,1,0.187,81.3,SMS,0,91,1,1,0.82
22,Male,North,89629.39,46,44.11,10,1,0.163,22.6,SMS,0,75,0,1,0.795
35,Male,East,84932.54,22,66.6,6,3,0.118,100.0,Ads,0,87,1,1,0.98
73,Female,North,80493.33,42,67.06,9,1,0.107,77.1,Email,0,161,1,1,1.0
36,Female,South,43121.83,50,47.23,10,1,0.556,43.3,Ads,0,32,0,1,0.615
19,Female,South,71356.27,7,170.71,3,2,0.326,52.3,Ads,0,86,1,1,0.99
54,Female,East,70007.03,55,73.94,7,3,0.442,41.1,Ads,1,151,1,1,0.995
50,Male,East,34722.33,97,121.27,11,1,0.516,48.5,Social Media,0,14,1,1,0.97
55,Female,West,64298.66,108,68.57,5,0,0.261,57.2,Email,0,28,1,1,0.8
45,Male,East,47974.95,36,57.28,7,1,0.211,31.5,Ads,0,66,1,1,0.975
68,Female,North,42438.95,8,13.19,6,0,0.215,36.3,Email,0,118,1,0,0.475
46,Male,East,45805.64,55,79.97,5,1,0.371,47.5,SMS,1,44,1,1,0.99
69,Male,South,41121.21,78,47.58,8,0,0.21,76.8,Email,0,88,1,1,0.83
56,Other,North,35394.38,27,33.61,11,0,0.073,88.4,Social Media,0,50,0,0,0.345
44,Female,West,56865.93,115,64.86,11,3,0.321,55.2,Email,0,46,1,1,0.855
58,Female,West,87676.76,27,88.85,7,3,0.059,60.7,SMS,0,105,1,1,1.0
22,Male,East,43283.42,42,22.45,4,2,0.354,57.5,SMS,0,157,1,1,0.685
37,Female,West,74289.09,45,39.38,9,3,0.084,67.1,SMS,0,53,0,1,0.57
52,Female,West,64295.93,84,48.29,8,1,0.241,48.5,Ads,1,131,1,1,0.92
65,Female,North,31919.41,50,106.72,5,3,0.183,30.0,Email,1,47,1,1,0.975
38,Female,North,44190.93,73,143.35,10,1,0.131,51.9,Social Media,1,90,1,1,1.0
26,Male,South,59239.39,114,37.55,2,0,0.215,46.2,Email,0,166,1,1,0.8
63,Female,South,87835.42,91,82.8,13,0,0.141,87.9,Ads,1,20,1,1,0.935
69,Female,West,75783.33,110,140.3,6,5,0.765,69.3,Ads,1,81,1,1,0.945
57,Male,South,70014.89,87,82.05,12,1,0.362,16.8,Email,0,151,1,1,0.995
74,Male,West,39648.27,88,95.37,8,2,0.341,79.2,SMS,0,110,1,1,0.98
62,Male,East,44117.05,23,15.82,4,2,0.174,61.2,Ads,0,160,1,1,0.735
27,Male,West,84803.04,60,24.22,6,4,0.234,72.2,Email,0,27,0,0,0.15
73,Female,South,69078.3,95,138.94,5,2,0.169,29.0,Email,1,1,1,1,0.95
66,Female,East,60909.16,119,71.57,9,3,0.415,63.4,Email,0,33,1,1,0.86
30,Male,East,60420.35,79,86.06,10,5,0.379,50.8,Social Media,1,117,1,1,0.99
41,Female,North,38493.16,108,99.74,7,2,0.298,82.8,Email,0,133,1,1,0.98
51,Male,West,51191.63,91,94.55,10,1,0.08,21.6,Social Media,0,18,1,1,0.98
35,Female,North,61854.87,52,116.41,7,4,0.123,49.8,Ads,0,150,1,1,0.995
59,Male,South,49680.42,95,32.58,17,2,0.337,28.3,Social Media,1,98,0,0,0.42
35,Other,South,82543.23,77,94.74,6,0,0.145,74.3,Social Media,0,135,1,1,0.995
59,Male,North,64391.49,115,138.1,9,3,0.438,70.0,Email,1,21,1,1,0.97
37,Female,South,51782.43,89,83.04,11,0,0.217,40.3,Ads,0,9,1,1,0.975
37,Female,West,29843.26,93,104.3,8,0,0.126,23.3,Email,1,139,1,1,0.995
58,Male,North,60260.34,44,5.0,7,0,0.338,62.2,Email,0,65,0,0,0.085
33,Male,South,44779.45,16,59.97,4,2,0.154,80.4,SMS,0,71,1,1,0.97
39,Female,East,76555.53,14,70.67,7,1,0.522,57.8,Email,0,73,1,1,0.98
53,Male,North,74002.14,36,89.66,4,3,0.217,41.1,Ads,0,171,1,1,1.0
20,Female,West,57012.04,84,67.71,4,2,0.108,54.7,SMS,1,139,1,1,0.98
63,Female,South,64935.88,31,98.65,8,4,0.545,100.0,Social Media,0,116,1,1,0.995
47,Female,West,70566.85,114,70.39,6,2,0.073,65.2,Social Media,1,11,1,1,0.81
47,Female,North,42756.81,37,171.5,6,2,0.388,38.9,SMS,1,88,1,1,0.995
49,Male,East,50218.41,52,66.19,5,1,0.369,56.5,Email,1,2,0,1,0.89
63,Other,North,69951.08,51,44.67,10,2,0.328,42.4,SMS,0,54,0,1,0.665
29,Female,North,83612.66,3,93.39,13,1,0.089,100.0,Ads,1,54,1,1,0.965
57,Male,East,40942.72,72,70.49,11,1,0.506,60.3,Social Media,1,136,1,1,0.99
35,Female,West,59002.79,88,120.08,6,1,0.193,58.7,SMS,0,61,1,1,0.985
43,Female,East,75559.42,16,114.42,7,1,0.394,70.1,Social Media,0,14,1,1,0.98
66,Male,South,60826.61,106,82.22,6,1,0.207,61.9,Email,0,12,1,1,0.95
57,Other,North,36533.96,95,107.65,5,0,0.471,71.5,Email,0,55,1,1,0.945
62,Female,East,30118.18,44,80.03,8,0,0.366,55.1,Email,0,90,1,1,1.0
23,Male,West,46024.06,47,58.97,6,3,0.43,58.9,SMS,0,150,1,1,0.97
53,Male,North,89777.37,112,93.11,10,2,0.4,63.6,SMS,0,139,1,1,0.995
41,Female,South,44551.95,27,84.17,12,3,0.043,50.6,SMS,0,103,1,1,0.995
26,Male,East,68005.73,87,114.43,5,1,0.127,69.4,SMS,0,84,1,1,0.985
24,Female,South,100763.66,95,97.19,6,2,0.357,37.7,SMS,0,74,1,1,0.975
24,Female,West,66196.92,10,55.75,11,3,0.397,46.4,Ads,0,66,1,1,0.95
25,Other,West,63872.78,88,5.0,7,2,0.175,66.6,Social Media,0,179,1,0,0.34
49,Female,South,53994.94,37,92.68,13,1,0.195,100.0,Social Media,1,33,1,1,0.95
47,Female,North,55198.43,22,104.46,8,0,0.471,88.2,SMS,1,169,1,1,0.99
18,Male,West,57879.05,115,66.96,5,3,0.091,59.8,Social Media,0,6,1,1,0.645
42,Male,South,82382.28,71,74.21,9,0,0.126,56.4,SMS,0,41,1,1,0.98
50,Female,West,56051.06,14,65.1,12,1,0.361,77.3,Email,0,93,1,1,0.99
73,Male,East,58454.02,21,92.93,6,3,0.343,70.6,Social Media,1,54,1,1,0.975
64,Male,North,69375.78,51,116.21,10,0,0.343,79.2,Social Media,0,53,1,1,0.99
56,Female,South,50775.64,51,7.27,3,1,0.162,75.8,Email,1,67,0,0,0.16
70,Female,West,63819.08,69,5.0,13,2,0.318,55.7,SMS,0,81,0,0,0.155
54,Male,South,56886.65,77,83.23,7,2,0.497,72.0,SMS,0,149,1,1,1.0
65,Male,South,49324.46,50,84.17,5,1,0.429,46.9,SMS,0,121,1,1,0.995
71,Male,West,65084.47,45,130.01,16,3,0.187,61.9,Social Media,0,169,1,1,0.985
28,Male,East,29395.7,71,44.38,6,3,0.364,63.8,Social Media,1,126,1,1,0.835
40,Male,West,55602.52,45,26.67,9,1,0.441,52.3,SMS,0,102,1,0,0.365
24,Male,East,41309.23,117,90.44,11,0,0.176,94.1,Ads,0,40,1,1,0.93
32,Male,East,48675.04,105,143.58,7,2,0.244,73.8,Social Media,0,60,1,1,0.985
29,Female,East,72802.4,110,58.92,4,1,0.034,68.8,Ads,1,160,1,1,0.975
38,Female,East,57633.83,102,55.24,9,3,0.264,74.1,SMS,0,162,1,1,0.975
74,Male,East,88169.31,87,127.8,7,2,0.16,47.7,Social Media,1,165,1,1,0.995
63,Male,East,45960.91,50,52.52,10,1,0.027,68.3,Social Media,1,130,1,1,0.97
39,Male,West,70474.57,43,64.89,13,2,0.396,33.3,Ads,1,134,1,1,0.99
19,Female,North,32904.47,36,52.63,10,3,0.149,84.2,Email,0,71,1,1,0.895
41,Female,West,49975.08,63,43.23,11,2,0.17,78.7,Ads,1,106,1,1,0.79
19,Female,West,56541.38,8,121.67,11,1,0.249,49.1,Ads,0,101,1,1,0.995
74,Male,North,51657.5,97,76.15,6,1,0.194,68.7,Ads,0,125,1,1,0.995
53,Other,East,96975.43,103,39.88,7,4,0.435,100.0,Ads,0,56,0,0,0.32
73,Male,West,61659.3,24,147.24,9,1,0.297,53.4,Ads,1,88,1,1,0.99
74,Female,North,55888.22,70,68.99,10,1,0.153,43.1,SMS,1,172,1,1,0.99
25,Female,East,57069.89,108,84.1,3,2,0.141,73.5,Ads,0,41,1,1,0.975
18,Female,South,49527.26,87,127.19,6,2,0.773,80.3,Ads,0,53,1,1,0.875
62,Male,East,67882.76,44,136.94,5,0,0.463,59.8,Ads,0,10,1,1,0.985
63,Female,West,40919.18,20,74.25,11,1,0.483,22.8,SMS,0,125,1,1,0.99
62,Female,North,60954.99,67,5.0,10,1,0.18,73.6,Email,0,44,0,0,0.055
36,Female,East,83343.75,59,93.46,11,3,0.597,61.2,Ads,0,50,1,1,0.945
69,Male,East,53526.24,47,94.27,6,0,0.413,96.2,SMS,0,126,1,1,0.985
65,Female,West,49154.79,50,71.33,7,2,0.343,54.7,SMS,0,113,1,1,0.995
48,Male,North,56196.33,69,74.88,7,0,0.17,66.1,Ads,0,126,1,1,0.995
67,Female,West,70228.38,65,108.67,6,0,0.374,68.8,Ads,0,120,1,1,0.995
31,Male,East,60788.23,77,113.09,6,1,0.216,72.0,Social Media,1,19,1,1,0.98
69,Female,West,82881.54,6,115.98,12,2,0.274,54.6,Email,0,65,1,1,0.99
28,Female,West,70738.72,96,90.48,5,3,0.175,51.1,Ads,0,150,1,1,1.0
72,Male,South,67576.88,55,88.0,5,0,0.241,79.1,Social Media,0,51,1,1,0.965
51,Female,East,35073.99,42,64.15,7,0,0.36,29.7,SMS,0,51,1,1,0.955
44,Female,North,60781.83,53,109.08,8,1,0.545,49.0,Email,0,155,1,1,0.995
63,Female,North,87286.02,61,70.13,7,2,0.12,76.2,Ads,1,87,1,1,0.97
59,Female,South,54204.0,113,72.54,9,2,0.428,84.5,Ads,0,102,1,1,0.985
18,Male,North,48931.91,51,65.5,11,1,0.344,80.2,Ads,0,176,1,1,0.99
23,Male,East,62597.98,53,91.37,5,2,0.265,43.2,Ads,0,133,1,1,0.985
23,Male,West,80307.19,81,86.92,2,0,0.31,52.0,Email,0,48,1,1,0.975
20,Male,West,49427.4,11,21.39,8,1,0.507,67.4,SMS,1,16,0,0,0.18
48,Female,East,47534.96,99,127.15,8,1,0.537,92.0,Email,1,48,1,1,0.94
28,Female,South,45695.02,50,88.81,2,1,0.111,72.9,Social Media,0,74,1,1,0.96
59,Female,East,42077.5,109,36.54,12,2,0.509,40.1,Ads,0,166,1,1,0.66
37,Female,North,55782.34,68,85.78,7,2,0.129,61.8,SMS,0,55,1,1,0.995
57,Female,West,79664.13,41,81.53,7,1,0.058,55.0,SMS,1,18,1,1,0.995
21,Female,West,77386.05,23,33.38,2,0,0.268,61.5,Email,0,165,1,1,0.845
22,Male,East,35686.77,58,56.68,5,3,0.453,34.6,Email,1,155,1,1,0.975
71,Female,South,72950.83,48,99.0,5,0,0.392,47.4,SMS,0,27,1,1,0.985
71,Female,South,90989.44,46,121.45,8,3,0.201,40.6,Social Media,1,113,1,1,0.99
21,Male,West,40426.73,40,36.25,6,0,0.482,72.5,SMS,0,41,0,0,0.34
21,Female,West,50368.34,97,101.88,4,1,0.355,36.8,Social Media,0,10,1,1,0.96
22,Male,South,66470.68,86,80.95,16,0,0.16,36.9,SMS,0,25,1,1,0.945
60,Male,East,76935.52,65,92.7,4,0,0.533,42.9,Social Media,0,177,1,1,0.98
21,Male,South,21849.18,6,82.68,10,2,0.207,35.6,Email,1,138,1,1,1.0
69,Male,East,81319.64,80,93.92,9,4,0.543,18.5,Social Media,1,43,1,1,0.94
48,Male,West,44613.56,88,36.46,9,2,0.273,62.0,Email,0,67,0,0,0.315
60,Female,North,63158.72,106,101.8,6,1,0.608,48.7,Ads,0,88,1,1,0.975
66,Male,East,28775.27,42,39.52,8,0,0.126,55.1,Email,0,116,0,1,0.925
43,Female,East,58437.48,55,179.73,6,2,0.361,51.0,SMS,0,12,1,1,0.98
37,Male,West,70146.11,59,93.25,6,2,0.198,51.5,SMS,1,177,1,1,0.995
32,Male,North,72638.73,61,42.93,5,2,0.203,34.4,Ads,1,84,1,1,0.825
29,Male,South,74222.37,78,108.01,9,1,0.524,50.1,Social Media,1,6,1,1,0.96
59,Male,South,52403.6,23,128.79,13,1,0.126,88.2,SMS,0,127,1,1,1.0
68,Other,West,49990.23,44,49.04,6,2,0.366,66.2,Social Media,0,24,0,1,0.67
50,Male,West,36960.49,101,143.1,6,2,0.242,34.3,Social Media,1,67,1,1,0.985
19,Female,East,47939.88,4,134.74,9,0,0.442,45.4,Ads,0,73,1,1,0.98
33,Female,West,34552.47,20,83.93,5,2,0.091,41.3,Ads,1,109,1,1,1.0
68,Male,West,47878.33,37,51.06,11,1,0.267,68.1,Email,0,31,1,1,0.675
49,Male,West,38800.31,32,92.95,7,1,0.051,71.0,SMS,0,142,1,1,1.0
18,Male,West,82985.98,28,52.09,11,1,0.373,99.5,SMS,0,147,1,1,0.915
62,Male,East,104818.48,50,51.08,13,1,0.311,46.9,Email,0,76,1,1,0.86
35,Male,North,66352.37,86,104.91,7,2,0.331,67.0,SMS,0,174,1,1,1.0
71,Female,South,60103.29,11,83.93,9,0,0.398,53.1,Ads,0,152,1,1,1.0
42,Male,South,75241.5,12,67.26,9,2,0.191,53.7,Social Media,0,58,1,1,0.96
18,Male,East,46867.76,56,83.66,10,1,0.3,45.1,Social Media,1,73,1,1,0.99
19,Female,North,69716.65,2,120.46,4,2,0.53,94.8,Ads,1,172,1,1,0.99
65,Female,West,63067.3,79,77.08,12,1,0.636,49.6,Ads,1,89,1,1,0.945
37,Male,South,75839.77,93,111.44,6,2,0.464,31.1,Email,0,166,1,1,1.0
21,Female,South,18690.89,110,55.42,1,3,0.182,90.5,Email,0,60,1,1,0.66
62,Female,South,69413.29,88,113.86,5,1,0.507,33.7,SMS,1,100,1,1,1.0
52,Other,East,82536.53,89,102.95,6,0,0.407,46.6,Ads,0,163,1,1,0.995
74,Female,North,67909.19,22,117.46,8,3,0.281,85.6,SMS,0,28,1,1,0.96
22,Male,East,74807.71,108,110.34,6,2,0.486,42.8,Social Media,1,93,1,1,0.97
43,Other,North,70484.66,24,120.59,7,3,0.131,37.3,SMS,0,99,1,1,0.97
28,Female,East,75504.1,2,120.36,8,2,0.419,46.2,Social Media,1,102,1,1,0.99
44,Female,West,58019.72,118,104.63,10,0,0.448,59.9,Social Media,0,104,1,1,0.985
73,Male,North,90759.1,65,98.9,7,1,0.624,49.5,SMS,0,22,1,1,0.94
44,Male,North,41278.93,7,91.1,9,2,0.583,46.5,Email,0,9,1,1,0.95
55,Other,South,41493.53,96,48.47,12,2,0.214,89.3,Email,1,111,1,1,0.715
33,Male,West,49568.75,82,65.08,11,1,0.444,66.4,Social Media,1,56,1,1,0.845
43,Female,South,91554.65,11,61.32,10,3,0.436,59.7,Ads,0,72,1,1,0.945
74,Male,North,73840.39,97,44.22,8,2,0.11,41.7,Ads,1,178,1,1,0.87
34,Female,East,86083.17,101,57.96,7,1,0.26,16.3,Email,0,59,1,1,0.845
65,Female,South,61695.02,48,49.9,9,1,0.305,85.8,Ads,0,155,1,1,0.94
32,Male,North,74290.79,88,76.16,7,1,0.245,88.7,Social Media,0,170,1,1,0.99
46,Female,East,59019.32,115,83.82,12,4,0.379,55.2,Ads,0,9,1,1,0.87
48,Male,North,22768.82,75,29.1,7,1,0.327,50.4,Ads,0,98,1,0,0.49
39,Female,West,64245.91,91,135.06,8,2,0.411,62.3,Social Media,1,134,1,1,0.985
31,Male,East,78142.46,51,5.0,10,1,0.276,55.1,SMS,0,92,0,0,0.14
71,Female,East,65357.81,116,71.11,10,0,0.381,44.7,Social Media,0,148,1,1,0.985
74,Male,West,26805.0,49,79.54,8,3,0.146,47.1,Ads,0,88,1,1,1.0
65,Male,East,108799.48,49,91.02,6,4,0.217,15.4,Ads,0,168,1,1,0.98
20,Male,North,75168.65,1,125.88,6,1,0.626,34.9,Social Media,0,18,1,1,0.935
48,Male,North,79318.28,91,37.06,7,2,0.307,69.1,SMS,0,165,1,1,0.8
27,Male,North,51905.27,107,95.54,5,0,0.163,7.9,SMS,1,134,1,1,0.98
47,Female,South,69024.14,27,41.33,7,0,0.222,14.8,Email,0,22,0,1,0.605
36,Male,North,53535.1,22,5.0,12,1,0.197,69.6,Social Media,0,18,0,0,0.06
64,Male,East,24842.21,38,75.31,7,2,0.186,36.0,Ads,0,112,1,1,1.0
27,Male,North,55082.12,119,43.79,8,0,0.033,49.2,Social Media,0,7,0,0,0.28
67,Female,South,46537.61,70,32.11,7,4,0.687,78.5,SMS,1,104,0,0,0.345
70,Male,South,57927.5,115,68.79,8,2,0.098,77.2,SMS,0,158,1,1,0.97
47,Female,North,39564.59,38,124.34,6,2,0.2,37.0,Social Media,0,62,1,1,0.995
19,Female,West,52280.93,84,30.72,7,1,0.237,76.8,Social Media,0,168,1,1,0.79
33,Male,South,57288.16,27,81.33,7,1,0.194,19.3,Email,0,45,1,1,0.99
29,Male,North,46004.38,115,73.37,12,0,0.242,66.3,Social Media,0,83,1,1,0.93
20,Female,West,49347.36,70,92.12,7,2,0.459,66.0,Social Media,0,145,1,1,0.995
45,Female,East,77884.21,3,68.78,4,2,0.181,40.3,Social Media,0,12,1,1,0.96
55,Female,South,26636.5,74,92.23,9,3,0.268,55.0,Social Media,0,89,1,1,0.99
55,Female,East,94094.95,50,49.15,6,1,0.024,77.2,Email,0,27,1,1,0.73
46,Female,West,34543.63,22,130.93,10,1,0.348,53.1,Email,0,107,1,1,0.995
72,Female,East,57253.2,64,5.0,8,0,0.337,54.6,Email,0,107,0,0,0.225
46,Female,South,46042.54,88,38.25,4,2,0.017,51.2,Email,0,107,0,1,0.695
34,Male,South,87914.68,31,112.83,10,2,0.353,52.0,SMS,0,1,1,1,0.945
51,Female,East,31370.69,54,96.72,3,0,0.099,49.9,Email,0,84,1,1,1.0
44,Female,East,72442.64,84,67.67,10,1,0.174,80.4,Social Media,0,9,1,1,0.825
47,Female,North,55383.1,22,19.65,10,0,0.144,74.8,Email,1,126,1,1,0.52
67,Female,West,67135.82,37,82.47,8,2,0.097,73.4,Social Media,0,88,1,1,0.99
70,Female,North,33763.33,65,129.57,8,2,0.185,52.3,Email,0,62,1,1,0.995
34,Female,East,56330.01,20,65.93,6,1,0.142,50.9,SMS,0,60,1,1,0.975
68,Female,West,36381.79,73,101.19,5,2,0.025,62.6,Ads,0,55,1,1,0.985
71,Male,South,53725.06,22,81.36,8,1,0.129,58.3,Social Media,1,13,1,1,0.985
64,Female,West,82625.78,117,74.18,6,0,0.332,100.0,Social Media,1,157,1,1,0.96
71,Female,North,65778.53,88,69.23,4,0,0.448,65.2,Social Media,0,146,1,1,0.975
36,Male,North,72520.06,59,39.32,5,0,0.199,79.5,Email,1,18,0,0,0.335
32,Female,West,74481.38,29,76.33,10,1,0.362,54.4,SMS,0,168,1,1,0.995
44,Male,East,55080.31,111,96.86,10,2,0.326,57.8,Ads,0,133,1,1,0.995
60,Female,South,15475.67,85,52.25,13,2,0.66,53.5,Email,1,126,1,1,0.78
29,Male,North,39321.09,87,121.29,7,1,0.202,81.6,Email,0,100,1,1,0.995
58,Male,West,33856.53,103,97.42,8,0,0.229,53.1,Social Media,0,1,1,1,0.955
50,Male,East,79866.36,37,47.55,6,2,0.509,40.9,Email,0,31,1,1,0.535
46,Female,North,81221.83,1,83.47,9,1,0.584,83.7,SMS,0,140,1,1,0.955
35,Male,South,68052.54,45,63.85,9,2,0.62,31.6,Email,1,46,1,1,0.93
49,Other,East,35974.14,65,67.08,12,1,0.263,96.2,Ads,0,146,1,1,0.975
21,Male,South,88419.06,13,53.02,12,1,0.137,68.0,SMS,0,159,1,1,0.955
40,Female,South,82554.93,47,77.81,7,3,0.176,31.9,SMS,0,1,1,1,0.915
21,Female,West,64957.69,112,51.12,2,2,0.428,54.3,Social Media,0,111,1,1,0.77
49,Female,East,66644.22,106,45.93,6,0,0.185,57.1,Email,0,42,0,0,0.35
46,Male,West,63885.63,45,102.55,2,1,0.278,75.7,Social Media,0,75,1,1,0.985
40,Male,North,38940.4,103,120.05,8,3,0.151,66.8,SMS,1,28,1,1,0.98
53,Male,West,79049.17,65,130.28,7,0,0.178,25.3,Social Media,0,65,1,1,1.0
45,Female,West,55395.17,16,22.85,8,1,0.456,30.7,Social Media,1,44,0,0,0.155
59,Male,South,57725.91,109,113.18,12,1,0.399,60.1,Email,0,31,1,1,0.98
47,Other,West,86813.4,45,61.94,11,1,0.592,63.0,SMS,1,82,1,1,0.955
54,Female,South,67842.82,59,125.94,11,0,0.189,29.4,Email,0,10,1,1,0.965
18,Male,East,62346.79,104,51.5,12,0,0.31,80.2,Ads,0,7,1,0,0.24
36,Male,South,61699.76,94,142.29,6,2,0.302,67.3,Email,1,166,1,1,0.99
63,Male,South,74048.26,80,58.07,6,1,0.29,30.9,SMS,0,156,1,1,0.985
70,Female,East,49369.49,70,40.66,9,3,0.112,72.3,Ads,0,145,1,1,0.775
32,Male,North,38641.45,87,73.06,7,3,0.237,35.0,SMS,1,51,1,1,0.99
34,Male,East,49969.82,72,101.59,9,1,0.201,63.8,Social Media,1,150,1,1,1.0
61,Male,West,79011.87,52,52.98,8,1,0.337,73.9,Ads,1,2,0,1,0.67
22,Female,North,69426.73,104,102.86,11,3,0.499,68.5,Email,0,12,1,1,0.915
29,Female,East,59778.77,35,80.23,5,2,0.387,78.2,SMS,0,94,1,1,0.99
59,Male,South,46780.98,116,88.88,9,2,0.707,55.2,Ads,0,5,1,1,0.78
50,Male,South,88428.79,118,113.24,8,1,0.757,88.4,Social Media,1,143,1,1,0.925
25,Male,South,47918.78,118,86.24,10,0,0.152,58.0,Email,1,135,1,1,0.975
73,Male,East,53414.65,27,93.85,14,2,0.408,51.9,Ads,0,38,1,1,0.96
41,Other,West,40469.2,29,94.14,8,2,0.555,68.1,SMS,0,69,1,1,0.98
30,Female,North,66528.12,80,81.76,11,1,0.213,71.5,SMS,1,125,1,1,0.995
52,Female,North,70967.15,104,33.73,7,1,0.353,49.9,Ads,1,168,1,1,0.75
38,Male,East,24009.55,62,92.58,4,0,0.365,50.9,Ads,1,7,1,1,0.97
49,Female,North,57094.56,41,104.75,11,0,0.046,39.1,Social Media,0,152,1,1,1.0
64,Female,East,64427.9,80,98.51,10,1,0.082,55.8,Social Media,1,151,1,1,1.0
18,Male,West,59760.23,94,139.46,13,3,0.384,51.8,SMS,0,162,1,1,0.975
23,Male,North,83035.89,77,121.14,7,3,0.425,64.5,SMS,0,26,1,1,0.97
62,Female,West,16674.65,62,132.27,3,2,0.092,53.5,Social Media,1,142,1,1,0.98
30,Male,South,54618.13,102,98.8,6,0,0.27,60.7,Social Media,1,100,1,1,0.985
52,Male,West,84735.7,61,81.0,12,1,0.338,37.0,Email,0,25,1,1,0.96
72,Male,North,80158.74,107,47.95,6,1,0.159,85.8,Social Media,0,8,0,0,0.245
34,Female,North,105568.36,64,40.24,5,0,0.343,62.6,Social Media,0,129,0,1,0.825
67,Female,West,75817.49,66,108.14,9,1,0.46,96.2,Ads,0,151,1,1,0.995
61,Male,East,50064.46,8,178.49,8,3,0.184,39.9,Email,0,40,1,1,0.985
61,Female,East,50148.33,28,37.64,11,1,0.435,37.8,Ads,0,161,1,1,0.9
32,Female,East,71520.41,97,78.19,10,1,0.061,25.1,Ads,0,75,1,1,0.99
26,Male,South,51238.08,77,106.58,7,3,0.327,91.5,Social Media,0,115,1,1,0.99
56,Male,South,35105.73,44,37.36,11,2,0.435,40.7,SMS,0,107,0,1,0.545
67,Male,East,33858.01,39,119.56,8,0,0.19,51.5,Social Media,1,91,1,1,1.0
26,Male,North,76624.29,14,58.47,7,0,0.198,29.9,Email,0,46,1,1,0.955
33,Other,West,63895.14,55,74.97,8,1,0.297,28.5,Social Media,0,15,1,1,0.965
29,Female,West,92711.57,91,133.68,7,1,0.117,65.4,Email,0,45,1,1,0.975
68,Male,North,45794.66,12,48.34,12,1,0.333,52.8,SMS,0,167,1,1,0.9
50,Male,South,39118.38,34,111.69,11,2,0.249,88.5,Social Media,0,61,1,1,0.99
37,Male,West,67917.57,18,45.36,9,1,0.305,27.7,Ads,0,116,1,1,0.965
39,Female,South,54415.24,50,95.73,7,2,0.08,58.8,Social Media,0,22,1,1,0.985
64,Male,West,50861.68,28,49.34,14,1,0.142,62.9,Social Media,0,117,1,1,0.96
25,Female,East,56866.1,52,103.98,9,2,0.116,46.5,Email,0,175,1,1,1.0
48,Female,South,15000.0,4,119.9,16,1,0.01,64.7,SMS,0,129,1,1,0.965
20,Male,West,79739.33,117,32.52,7,1,0.399,61.5,SMS,1,31,0,0,0.125
61,Male,North,65241.59,50,65.8,11,1,0.325,72.0,Social Media,1,20,0,1,0.865
40,Female,West,68252.98,86,93.2,5,3,0.19,54.7,Social Media,0,18,1,1,0.99
48,Female,North,67483.33,68,65.21,12,2,0.257,53.7,Ads,0,98,1,1,0.98
53,Male,East,57593.69,33,70.34,5,1,0.364,68.2,SMS,0,19,1,1,0.97
22,Female,East,84915.48,1,69.26,4,1,0.535,55.6,SMS,0,2,1,1,0.85
54,Female,South,45278.08,109,91.65,7,0,0.051,57.5,SMS,0,43,1,1,0.975
44,Male,East,37216.85,52,101.45,9,1,0.526,57.9,Social Media,0,39,1,1,0.98
26,Female,West,19607.4,51,124.58,10,3,0.424,26.7,SMS,0,128,1,1,0.995
30,Female,South,29313.38,116,163.19,8,1,0.44,45.6,SMS,0,122,1,1,0.98
24,Female,West,74929.29,9,104.96,3,2,0.203,84.4,Ads,0,92,1,1,0.98
31,Male,West,59237.27,75,67.44,7,1,0.376,25.0,SMS,0,73,1,1,0.97
35,Female,North,65558.44,26,48.17,7,3,0.374,31.2,Email,0,167,1,1,0.98
38,Female,North,83313.68,34,107.47,4,1,0.319,87.1,Social Media,0,75,1,1,0.99
64,Female,East,67753.41,21,73.98,5,0,0.406,75.9,Social Media,0,158,1,1,0.98
53,Male,South,37722.62,23,114.68,5,1,0.306,59.3,Ads,1,144,1,1,0.995
44,Male,North,52766.26,26,115.57,11,0,0.179,66.7,Social Media,0,142,1,1,1.0
56,Female,East,72509.46,41,72.91,7,5,0.272,12.1,Email,0,171,1,1,1.0
62,Female,East,52638.21,6,90.3,10,1,0.451,50.7,Email,0,133,1,1,1.0
64,Female,South,23536.99,107,90.52,8,1,0.348,69.9,SMS,1,147,1,1,0.995
70,Female,North,40860.2,69,88.11,6,3,0.443,64.8,Email,0,40,1,1,0.97
44,Male,South,35176.77,101,54.56,3,0,0.692,58.3,Social Media,0,74,0,1,0.71
57,Female,East,55101.52,119,78.45,9,1,0.141,62.0,Ads,1,40,1,1,0.92
41,Female,North,26559.53,60,90.91,13,0,0.529,51.5,Ads,0,85,1,1,0.985
50,Female,West,94234.98,6,47.15,10,0,0.167,49.4,Social Media,0,119,1,1,0.91
46,Male,North,44153.91,28,42.58,18,3,0.238,65.3,Email,0,174,1,1,0.79
24,Other,East,56612.55,10,78.42,10,2,0.307,79.5,Email,0,70,1,1,0.985
47,Male,West,63218.6,96,106.79,8,4,0.754,59.2,Email,0,55,1,1,0.965
70,Male,South,80879.12,21,5.0,1,0,0.533,42.6,Ads,1,174,1,0,0.475
23,Male,West,61006.71,33,77.22,3,1,0.179,74.6,SMS,0,54,1,1,0.985
63,Male,South,74453.8,12,117.32,6,0,0.352,100.0,Ads,1,152,1,1,0.99
31,Male,North,24414.89,70,113.85,10,1,0.208,38.8,Social Media,1,67,1,1,0.995
64,Female,North,40118.41,90,91.4,6,0,0.157,91.1,Ads,0,58,1,1,0.98
66,Male,South,59110.8,47,74.88,10,1,0.245,94.2,SMS,0,132,1,1,0.995
24,Female,East,54258.93,100,81.04,11,0,0.208,37.5,SMS,0,43,1,1,0.98
50,Male,West,75057.73,84,63.63,6,1,0.358,67.9,SMS,0,95,1,1,0.97
74,Male,West,53965.95,54,94.74,12,1,0.419,64.5,Ads,0,109,1,1,0.995
40,Male,North,66472.0,72,24.69,11,2,0.055,49.9,SMS,0,95,1,0,0.32
42,Female,West,71386.5,8,82.52,8,0,0.297,51.3,Email,0,170,1,1,1.0
24,Male,North,61552.64,88,72.57,4,2,0.164,61.1,Email,0,129,1,1,0.965
51,Female,West,67608.54,45,66.57,4,0,0.256,81.8,SMS,0,25,0,1,0.93
45,Female,East,36126.02,25,100.49,9,1,0.121,65.4,Ads,1,64,1,1,1.0
60,Male,North,86581.93,37,61.07,10,0,0.469,49.9,Email,0,121,1,1,0.98
23,Female,East,57180.69,92,62.74,9,4,0.41,52.9,Ads,0,161,1,1,0.975
24,Male,West,60489.14,75,59.93,6,3,0.421,37.1,SMS,0,128,0,1,0.975
71,Male,East,72348.03,44,91.04,16,2,0.385,74.3,Ads,0,54,1,1,0.94
56,Female,North,82103.24,63,46.75,2,2,0.09,52.5,Ads,1,139,1,1,0.94
71,Female,South,55285.84,116,89.72,8,2,0.207,100.0,Social Media,0,175,1,1,0.99
41,Other,East,64286.45,83,121.0,6,1,0.054,40.2,SMS,0,66,1,1,0.99
66,Female,North,71395.87,59,44.62,9,1,0.751,55.2,Social Media,0,17,0,0,0.35
74,Other,South,51358.13,79,19.7,7,2,0.249,56.6,SMS,1,151,1,0,0.475
39,Female,South,35241.92,60,116.98,9,1,0.243,73.6,Ads,1,92,1,1,0.985
27,Female,North,62690.59,56,91.01,7,1,0.525,75.1,Ads,0,40,1,1,0.99
42,Male,West,54385.07,28,29.55,8,3,0.335,35.9,Email,0,71,0,0,0.435
52,Female,North,70466.31,67,115.16,4,1,0.126,44.2,Ads,1,115,1,1,0.995
51,Male,East,53253.19,37,47.32,12,1,0.312,56.0,Email,0,69,0,1,0.81
28,Female,South,61680.44,64,98.19,8,0,0.245,39.7,Social Media,0,9,1,1,0.97
51,Male,West,61360.9,59,77.08,11,7,0.099,68.3,SMS,1,122,1,1,0.985
21,Female,West,73580.18,92,72.77,6,2,0.131,96.9,Social Media,0,24,0,1,0.895
47,Female,South,51481.5,15,90.8,6,2,0.459,49.0,Ads,0,92,1,1,0.995
23,Male,South,55400.86,42,75.98,10,3,0.068,59.7,SMS,1,173,1,1,0.995
60,Male,West,31909.83,82,74.42,8,2,0.037,57.9,Email,0,18,1,1,0.93
68,Male,South,57061.65,65,45.84,7,3,0.222,94.6,Email,0,60,0,1,0.56
50,Male,South,67117.31,49,56.59,7,4,0.047,30.4,Social Media,0,77,1,1,0.96
48,Other,South,73040.6,49,10.49,6,1,0.306,27.1,Social Media,0,144,1,0,0.395
48,Male,East,64240.04,70,46.7,11,2,0.526,100.0,Email,1,53,0,0,0.395
69,Male,South,24378.11,63,124.41,13,3,0.208,97.4,SMS,1,82,1,1,0.955
67,Male,North,49833.45,74,54.11,5,2,0.129,87.1,SMS,0,54,1,1,0.845
57,Male,West,58768.78,17,67.82,8,2,0.152,65.5,Email,0,31,1,1,0.955
41,Male,North,62967.14,1,59.2,6,0,0.164,81.5,SMS,0,33,1,1,0.855
60,Male,South,49099.64,83,61.63,10,0,0.117,36.4,Email,1,67,1,1,0.94
21,Female,South,73753.11,1,79.1,10,0,0.088,78.9,Social Media,0,152,1,1,0.99
21,Male,North,78440.77,81,81.37,6,2,0.267,71.2,Email,0,54,1,1,0.95
53,Female,North,84585.96,110,140.12,10,0,0.575,62.5,SMS,0,3,1,1,0.87
29,Female,East,52471.02,6,46.88,3,1,0.153,68.1,Email,0,116,1,1,0.945
47,Male,West,64410.33,52,77.99,9,1,0.478,57.9,SMS,1,30,1,1,1.0
63,Male,South,35851.15,99,81.74,9,1,0.194,93.3,Email,0,172,1,1,0.985
59,Male,West,50950.4,118,36.24,7,2,0.192,66.2,Email,0,96,0,0,0.385
60,Male,North,82397.66,8,55.08,9,0,0.077,56.1,Social Media,1,146,1,1,0.975
61,Male,West,49431.03,117,104.22,15,1,0.536,54.2,Social Media,0,122,1,1,0.94
37,Female,West,61731.31,117,73.16,5,2,0.3,83.8,Ads,1,149,1,1,0.995
25,Male,West,74420.81,39,52.57,9,4,0.52,61.4,Email,0,107,1,1,0.92
41,Female,West,92972.61,54,132.83,6,2,0.089,65.9,SMS,0,63,1,1,0.985
58,Female,East,104103.56,78,106.11,14,4,0.207,45.6,Email,0,154,1,1,0.97
73,Male,West,27435.19,40,50.45,9,0,0.326,35.2,Email,0,84,1,1,0.94
61,Female,West,51676.9,85,100.93,5,1,0.437,78.6,Social Media,0,53,1,1,1.0
20,Male,North,70034.25,14,36.54,11,2,0.192,100.0,Ads,1,163,1,1,0.83
74,Female,West,62717.66,82,35.31,9,2,0.61,63.1,Email,0,126,1,1,0.52
60,Female,West,70695.92,66,67.26,2,4,0.214,100.0,Email,0,156,1,1,0.965
35,Male,West,50934.86,57,69.61,16,1,0.143,67.8,Social Media,0,53,1,1,0.94
71,Female,West,53255.59,33,36.5,9,1,0.338,100.0,Social Media,0,158,1,1,0.86
52,Male,South,37592.39,84,99.91,6,2,0.386,66.5,Email,1,70,1,1,0.965
72,Male,North,36183.45,46,91.67,10,0,0.448,52.2,SMS,0,131,1,1,0.985
73,Female,South,85161.98,2,46.78,14,2,0.193,75.5,Email,0,154,1,1,0.9
37,Female,South,55465.79,22,30.46,6,1,0.107,37.3,Email,0,149,1,1,0.895
44,Male,East,64918.98,48,87.71,5,2,0.013,46.0,Ads,1,106,1,1,0.995
26,Female,South,31943.03,7,50.76,11,3,0.134,43.6,Email,0,178,1,1,0.98
25,Female,North,85528.37,46,61.52,13,0,0.269,56.2,Social Media,0,57,1,1,0.9
52,Female,East,67988.44,6,52.42,12,1,0.206,61.4,SMS,0,120,1,1,0.985
31,Female,South,50995.77,81,68.17,17,0,0.26,60.7,Ads,0,2,0,1,0.67
73,Female,East,78013.9,59,129.52,9,1,0.138,100.0,SMS,0,64,1,1,0.965
67,Male,East,85773.2,48,79.7,5,1,0.255,53.8,Social Media,0,37,1,1,0.965
68,Female,West,73426.4,72,99.72,12,1,0.078,63.7,SMS,0,50,1,1,0.985
36,Female,South,52715.85,32,142.53,4,2,0.434,33.2,Ads,0,43,1,1,0.99
59,Male,South,84649.71,76,86.29,4,0,0.213,53.0,Ads,0,142,1,1,0.995
41,Male,North,60569.33,72,119.54,9,3,0.165,48.0,Email,1,153,1,1,1.0
32,Female,West,101391.73,3,114.49,8,2,0.2,66.2,Email,0,159,1,1,0.995
44,Other,South,35291.6,10,80.52,7,4,0.081,34.4,SMS,1,126,1,1,0.98
53,Female,East,50610.38,32,70.81,4,3,0.374,94.8,Social Media,0,157,1,1,0.99
47,Female,South,52911.57,9,99.64,10,1,0.359,78.9,Ads,0,179,1,1,0.98
60,Female,East,28972.76,67,88.18,9,2,0.128,61.8,Ads,0,131,1,1,0.995
59,Male,North,51493.94,14,91.36,5,1,0.255,86.1,Email,1,18,1,1,0.995
60,Female,West,59432.34,36,129.03,6,0,0.274,33.8,Social Media,0,59,1,1,0.97
32,Male,West,40209.27,3,39.81,8,0,0.123,38.7,Ads,0,96,0,1,0.865
23,Female,West,54945.89,91,67.27,10,3,0.301,74.5,SMS,0,91,1,1,0.955
39,Male,West,72210.54,45,95.47,10,3,0.232,60.7,Social Media,1,27,1,1,0.98
72,Female,North,34585.81,41,61.56,5,1,0.027,41.4,Ads,1,167,1,1,0.99
49,Female,North,63809.4,95,131.75,9,0,0.279,19.9,Email,0,87,1,1,0.985
22,Female,West,15000.0,40,60.95,13,3,0.397,16.4,Ads,1,146,1,1,0.96
44,Female,South,68650.19,26,98.04,4,3,0.263,26.9,Social Media,0,32,1,1,0.98
53,Female,West,33856.32,57,99.83,8,3,0.442,92.6,Ads,0,77,1,1,0.965
48,Female,North,44131.72,14,123.1,10,1,0.47,64.4,Social Media,1,31,1,1,1.0
28,Male,North,77486.79,76,30.85,10,2,0.068,50.9,Ads,1,128,1,1,0.655
39,Female,South,59722.68,71,51.68,10,1,0.296,83.9,Ads,1,23,1,0,0.47
33,Female,West,42742.53,33,63.23,6,2,0.555,56.9,Email,1,161,1,1,0.98
38,Female,East,56753.15,30,88.54,7,1,0.553,63.7,SMS,0,60,1,1,0.99
57,Female,West,78553.96,90,65.6,8,0,0.303,80.2,SMS,0,135,1,1,0.99
64,Other,South,36846.75,71,82.96,10,2,0.15,27.7,Ads,0,138,1,1,1.0
71,Female,East,52600.05,91,72.62,2,0,0.331,48.5,Ads,0,121,1,1,0.98
71,Male,North,47307.97,56,162.37,7,0,0.382,68.0,Ads,1,65,1,1,0.98
23,Female,West,36742.24,113,95.83,8,2,0.288,65.8,Ads,1,151,1,1,0.985
26,Male,North,79315.91,39,70.23,10,2,0.356,67.1,Email,0,80,1,1,0.99
31,Female,North,74634.59,87,113.16,4,1,0.121,75.1,Social Media,0,142,1,1,0.995
66,Male,South,90948.48,31,31.98,8,2,0.302,68.1,Email,0,20,0,0,0.135
25,Male,West,54988.87,58,10.31,10,0,0.26,63.7,SMS,1,12,0,0,0.095
33,Male,East,38562.57,95,29.2,5,1,0.035,73.2,Ads,0,162,1,1,0.73
54,Male,South,69691.86,81,93.01,7,4,0.394,32.0,Email,0,100,1,1,1.0
31,Female,West,59675.37,56,91.29,7,2,0.254,43.4,Email,0,140,1,1,0.99
65,Male,West,39769.39,33,73.71,6,0,0.774,16.5,Social Media,0,115,1,1,0.965
37,Female,West,48685.2,10,87.33,8,4,0.494,96.5,Social Media,1,136,1,1,0.99
38,Male,North,42781.99,65,125.02,8,3,0.042,61.4,SMS,0,53,1,1,0.99
25,Male,West,40229.16,82,44.08,12,1,0.114,60.3,SMS,1,92,1,1,0.67
40,Female,East,53898.29,79,56.34,5,0,0.257,37.7,Email,0,131,1,1,0.99
68,Female,South,68786.44,102,147.66,7,0,0.156,41.0,Email,0,78,1,1,0.985
28,Male,North,39722.2,6,122.12,16,0,0.459,62.4,Ads,0,122,1,1,0.98
26,Male,North,57063.06,44,64.17,8,1,0.029,52.9,Social Media,0,39,1,1,0.94
47,Male,South,62687.23,31,110.72,11,1,0.298,65.2,SMS,0,68,1,1,0.985
55,Male,South,52825.52,44,119.72,6,2,0.309,85.2,SMS,0,141,1,1,0.99
51,Female,South,63301.27,19,96.0,5,1,0.044,59.0,Social Media,0,134,1,1,1.0
60,Male,West,57486.54,5,66.04,7,0,0.212,48.5,SMS,0,45,1,1,0.965
28,Male,South,71053.92,58,5.0,9,1,0.105,54.0,Email,0,123,0,0,0.205
34,Female,North,54600.21,54,109.02,11,3,0.229,38.8,Ads,0,77,1,1,0.99
30,Female,East,36236.41,60,61.89,11,2,0.21,76.2,Email,0,97,1,1,0.97
24,Female,South,64144.2,42,82.53,6,2,0.57,91.0,SMS,0,112,1,1,1.0
37,Female,East,65414.3,90,90.34,8,2,0.294,65.9,Social Media,0,17,1,1,0.995
31,Female,East,74729.69,106,93.27,7,0,0.25,59.6,SMS,0,105,1,1,0.985
39,Male,North,27872.65,5,85.25,12,2,0.275,64.2,SMS,0,64,1,1,0.975
53,Male,South,45676.09,32,48.71,7,4,0.035,72.2,SMS,0,170,1,1,0.99
25,Female,West,70609.4,24,102.36,8,0,0.297,37.8,SMS,0,40,1,1,0.995
48,Female,East,74008.87,76,121.79,8,1,0.153,70.8,Email,0,165,1,1,1.0
37,Male,South,71113.14,43,63.56,12,0,0.496,50.1,SMS,0,48,1,1,0.94
72,Male,West,75323.77,113,56.7,5,1,0.178,36.0,Social Media,0,17,0,1,0.66
69,Female,South,50551.08,3,71.65,10,2,0.051,46.0,Social Media,0,150,1,1,0.995
22,Female,South,51131.98,50,122.46,9,2,0.17,42.1,SMS,1,113,1,1,1.0
27,Male,West,70382.61,75,65.5,6,0,0.269,100.0,Email,0,135,1,1,0.97
58,Female,North,64158.58,48,104.32,6,0,0.135,91.2,Ads,0,46,1,1,0.97
49,Female,South,28638.9,17,70.97,12,1,0.031,38.5,Email,0,92,1,1,0.98
61,Male,East,49008.5,22,109.02,4,1,0.281,94.7,Social Media,1,124,1,1,1.0
42,Male,North,36831.02,21,5.0,6,4,0.133,55.7,Social Media,0,54,0,0,0.145
63,Male,North,72820.23,47,87.78,10,1,0.39,56.1,Social Media,0,4,1,1,0.97
29,Female,North,55227.52,9,151.86,9,2,0.091,71.6,Ads,0,163,1,1,1.0
43,Male,South,69066.51,92,56.64,14,3,0.337,55.2,SMS,1,47,1,1,0.76
32,Female,North,64856.54,23,24.93,10,1,0.083,86.8,SMS,0,76,0,0,0.27
54,Male,North,60904.51,78,19.68,14,0,0.292,66.3,Social Media,0,43,0,0,0.07
71,Female,West,45169.19,49,106.88,13,1,0.292,49.6,SMS,0,177,1,1,1.0
33,Male,East,56434.79,105,64.56,4,0,0.454,45.2,Ads,1,173,1,1,0.99
53,Female,East,45995.92,60,79.26,13,1,0.507,68.7,Ads,1,11,1,1,0.925
33,Other,West,65785.19,36,135.91,15,1,0.285,98.5,Ads,0,121,1,1,0.975
45,Male,North,64587.84,24,56.31,8,2,0.115,44.4,Social Media,0,7,1,1,0.8
74,Male,South,53243.25,19,35.07,11,1,0.12,91.3,Social Media,0,176,1,1,0.86
61,Female,South,32989.56,89,16.45,9,2,0.133,46.1,SMS,0,176,0,1,0.565
54,Female,South,61295.09,64,90.41,10,2,0.155,36.0,Ads,1,64,1,1,1.0
26,Female,East,34076.7,74,91.13,9,2,0.485,84.8,Ads,0,125,1,1,0.98
53,Female,South,72777.47,31,82.04,7,1,0.163,100.0,Social Media,1,84,1,1,0.995
72,Male,East,26426.59,25,69.44,8,2,0.283,58.1,Ads,0,62,1,1,0.98
50,Female,East,69622.23,1,65.73,9,1,0.493,60.8,Ads,0,109,1,1,0.995
49,Female,East,46848.52,8,87.91,10,1,0.394,3.4,Social Media,0,114,1,1,0.995
26,Female,West,50815.87,85,86.89,4,1,0.419,60.4,SMS,0,81,1,1,0.995
34,Male,East,57225.23,109,19.05,6,0,0.408,33.2,Ads,0,23,0,0,0.045
23,Male,North,60468.66,41,65.5,8,5,0.142,60.5,SMS,0,21,1,1,0.965
21,Female,North,66327.3,81,90.11,10,1,0.255,60.1,Social Media,1,73,1,1,0.975
52,Female,West,66384.51,3,79.66,10,3,0.106,44.9,Ads,0,73,1,1,0.98
56,Male,West,36626.62,86,106.38,11,4,0.128,40.1,Ads,1,19,1,1,0.985
24,Male,South,41598.56,12,75.81,8,1,0.336,17.0,Social Media,0,169,1,1,0.985
56,Male,East,62733.54,56,46.36,7,1,0.307,90.0,Ads,0,47,1,0,0.475
52,Male,East,79789.58,44,121.45,11,5,0.647,23.3,Email,0,173,1,1,0.97
24,Male,South,53880.18,48,114.63,6,0,0.368,87.3,SMS,0,34,1,1,0.99
20,Male,North,54580.33,39,71.05,6,3,0.093,59.2,Email,1,115,1,1,0.99
46,Male,West,75573.21,42,8.87,5,2,0.295,54.6,Social Media,1,64,0,0,0.17
50,Male,East,57275.05,66,47.94,5,1,0.343,26.7,Social Media,0,86,1,1,0.87
29,Male,East,79872.81,91,158.0,15,1,0.294,14.9,Social Media,1,21,1,1,0.955
26,Female,North,76863.43,10,76.94,9,2,0.062,66.3,SMS,0,34,1,1,1.0
72,Female,North,60248.14,69,86.09,5,2,0.117,77.1,SMS,0,109,1,1,0.985
47,Male,West,53770.45,30,98.72,5,1,0.148,63.6,SMS,1,178,1,1,0.995
55,Female,West,42862.06,2,5.0,10,1,0.149,69.3,SMS,1,35,0,0,0.155
33,Male,North,49328.98,25,73.0,12,1,0.25,34.0,Ads,0,141,1,1,1.0
26,Female,East,78052.81,15,39.13,8,2,0.056,83.4,Email,1,91,0,1,0.865
37,Female,West,110180.41,24,74.55,9,1,0.21,48.6,Social Media,0,8,1,1,0.945
37,Male,South,76887.33,97,49.58,11,1,0.106,33.2,Ads,1,59,0,1,0.705
72,Female,West,82740.8,87,36.52,6,2,0.59,58.6,Ads,1,110,1,1,0.51
55,Female,West,48862.74,107,25.32,8,0,0.268,33.5,Ads,1,74,1,0,0.18
61,Female,West,48691.58,9,106.31,9,3,0.215,93.8,Ads,0,33,1,1,0.965
44,Female,North,47516.22,104,42.57,6,1,0.497,80.5,SMS,1,179,1,1,0.765
28,Other,East,38441.91,27,116.9,9,1,0.586,100.0,Email,1,39,1,1,0.95
39,Female,West,50522.18,45,54.85,8,2,0.146,25.0,SMS,0,66,1,1,0.965
46,Male,South,95136.95,4,103.41,10,2,0.476,97.4,Social Media,1,152,1,1,0.985
37,Male,South,49683.88,34,56.96,7,1,0.413,69.3,Social Media,0,144,1,1,0.995
74,Female,South,15000.0,20,80.36,4,2,0.589,100.0,Social Media,0,38,1,1,0.88
50,Male,South,47318.99,4,43.97,6,1,0.311,26.0,Social Media,0,9,1,1,0.51
22,Male,South,96360.61,75,92.06,9,1,0.52,65.9,SMS,0,6,1,1,0.945
62,Male,South,77110.06,19,20.45,9,0,0.179,62.8,SMS,1,164,0,1,0.73
44,Female,East,100454.13,111,151.53,10,2,0.455,88.4,SMS,0,165,1,1,0.99
40,Female,South,55872.37,15,159.2,2,1,0.168,72.9,SMS,0,116,1,1,0.99
31,Female,South,79920.68,83,91.91,8,1,0.393,95.5,Social Media,0,169,1,1,0.995
19,Male,South,57993.6,25,50.89,9,0,0.327,35.2,SMS,0,127,1,1,0.975
45,Male,East,39359.42,29,44.67,12,2,0.297,72.2,Email,1,127,0,1,0.86
41,Male,South,63752.33,98,113.75,5,1,0.427,89.2,Email,1,161,1,1,0.99
60,Female,East,63905.97,77,56.2,7,1,0.172,60.2,Ads,0,8,0,1,0.79
74,Female,East,79113.5,86,86.05,6,1,0.331,51.3,Ads,0,45,1,1,0.975
61,Other,West,63143.31,12,89.2,7,4,0.22,47.9,Ads,0,94,1,1,0.99
48,Male,East,80394.45,95,108.14,6,3,0.091,58.8,SMS,1,83,1,1,0.995
49,Male,South,71983.19,35,29.27,15,2,0.51,56.0,Ads,0,25,0,0,0.19
52,Female,South,83535.67,41,26.17,7,0,0.162,38.8,SMS,0,69,1,0,0.4
73,Female,South,88816.81,100,89.67,10,3,0.099,88.1,Social Media,0,60,1,1,0.965
49,Female,North,53135.75,108,184.62,10,4,0.222,23.8,Email,0,109,1,1,0.995
62,Male,East,77306.05,44,50.17,3,1,0.074,47.3,SMS,0,86,1,1,0.94
57,Male,South,73235.11,1,71.0,12,0,0.281,99.9,Social Media,0,174,1,1,0.97
23,Female,North,52505.79,110,68.83,9,3,0.663,56.6,Social Media,1,135,1,1,0.965
44,Female,West,29360.56,38,155.11,3,1,0.068,63.5,Social Media,0,127,1,1,1.0
32,Male,East,71221.35,13,44.65,9,3,0.437,47.7,Social Media,0,156,1,1,0.965
65,Male,East,88503.09,104,61.91,9,3,0.215,46.2,SMS,1,113,1,1,0.975
66,Female,West,67102.18,53,48.93,6,1,0.027,70.7,Email,0,63,1,1,0.83
55,Female,West,50915.08,86,106.66,11,2,0.028,65.1,Ads,0,65,1,1,0.985
46,Male,North,67908.09,106,124.4,9,2,0.085,36.9,Email,0,74,1,1,0.965
38,Male,North,66862.16,23,87.29,6,1,0.356,32.0,SMS,0,115,1,1,1.0
48,Female,West,56372.63,42,67.07,9,0,0.278,79.7,Ads,0,139,1,1,0.985
57,Female,East,65303.35,109,96.96,9,1,0.071,57.1,Ads,0,161,1,1,1.0
74,Male,East,68869.91,78,103.05,8,4,0.452,23.4,Ads,0,26,1,1,0.94
38,Female,South,68216.38,70,166.2,13,3,0.343,99.4,Email,0,158,1,1,0.975
25,Male,West,48294.15,66,32.92,8,1,0.429,69.7,Email,1,12,0,0,0.11
31,Female,North,76097.07,111,126.72,9,2,0.614,50.1,Ads,1,51,1,1,0.915
38,Female,West,55804.85,118,88.07,6,1,0.156,75.1,Email,0,136,1,1,0.995
19,Male,North,58018.57,26,70.68,17,0,0.259,69.9,Social Media,1,169,1,1,0.945
66,Female,West,78154.72,114,90.32,7,1,0.04,71.8,SMS,1,86,1,1,0.985
45,Male,North,96914.26,78,89.1,6,3,0.241,55.9,Social Media,0,98,1,1,0.985
60,Female,West,102671.6,78,122.22,11,0,0.636,64.9,Social Media,0,3,1,1,0.895
39,Female,West,60085.67,13,79.34,8,0,0.009,43.3,Ads,1,154,1,1,0.98
40,Male,North,71928.29,104,132.01,6,0,0.311,61.6,SMS,1,126,1,1,0.985
29,Male,West,73796.83,66,67.93,11,2,0.152,92.6,Email,0,55,1,1,0.89
64,Female,North,58673.73,38,126.46,9,2,0.186,86.1,SMS,0,42,1,1,0.99
29,Male,North,59591.48,100,37.37,8,2,0.202,68.3,Ads,0,46,0,0,0.19
33,Male,North,88538.16,87,67.91,7,0,0.475,44.8,Email,0,27,1,1,0.845
57,Female,South,56550.72,14,89.12,5,1,0.105,46.7,Ads,1,77,1,1,0.995
65,Male,West,63238.85,68,107.53,4,2,0.326,66.3,Social Media,1,175,1,1,1.0
62,Male,South,36018.95,115,5.0,7,1,0.143,75.7,Ads,1,67,0,0,0.1
57,Female,South,58434.16,87,97.87,11,2,0.501,6.1,Ads,0,101,1,1,0.99
48,Male,East,69520.3,4,118.78,9,1,0.729,55.3,SMS,0,91,1,1,0.99
40,Male,North,97055.34,29,66.51,10,0,0.387,75.8,Ads,0,158,1,1,0.97
40,Male,West,76553.81,25,29.52,5,2,0.327,55.1,Social Media,0,121,1,1,0.785
41,Male,West,96940.99,97,96.85,5,3,0.448,81.1,Social Media,1,153,1,1,0.985
29,Female,North,21270.88,14,45.82,6,2,0.415,35.6,Email,0,143,1,1,0.95
56,Female,West,34626.21,51,58.3,10,0,0.163,12.1,Email,1,162,1,1,0.99
58,Other,East,85785.08,47,46.35,5,1,0.402,63.8,Ads,0,92,1,1,0.805
27,Female,South,37183.03,55,53.24,6,2,0.429,56.1,Email,1,37,0,1,0.75
54,Female,West,68081.04,26,138.28,9,3,0.289,29.3,Social Media,1,171,1,1,1.0
72,Female,North,56660.15,89,125.81,4,2,0.348,47.5,Email,0,129,1,1,0.985
61,Male,South,39367.55,103,73.79,12,0,0.07,20.1,Ads,1,88,1,1,0.985
29,Female,West,53921.13,7,68.89,8,0,0.145,77.9,Social Media,0,53,1,1,0.995
50,Female,East,56125.45,111,102.71,4,1,0.223,93.2,Social Media,1,134,1,1,0.98
58,Female,East,58276.17,63,92.43,5,1,0.196,37.8,SMS,1,89,1,1,0.995
48,Female,West,46103.3,105,92.2,12,1,0.346,50.0,Ads,0,153,1,1,0.975
34,Male,West,61247.1,31,53.93,13,1,0.596,60.3,Social Media,1,20,0,1,0.77
47,Female,North,67211.32,111,38.27,13,3,0.596,72.0,Ads,0,83,1,0,0.26
32,Female,North,72138.5,44,78.76,8,1,0.316,74.0,SMS,0,91,1,1,1.0
50,Female,West,43017.53,2,42.78,7,1,0.418,49.0,Social Media,0,54,1,1,0.675
32,Female,North,78541.36,56,96.95,4,2,0.277,63.3,Email,1,147,1,1,0.99
69,Female,West,72817.1,28,69.65,12,0,0.196,84.5,Email,0,164,1,1,0.995
26,Female,East,60042.33,13,114.06,6,1,0.138,80.7,SMS,0,68,1,1,0.995
40,Male,South,63939.88,113,104.1,10,1,0.054,75.0,Social Media,0,176,1,1,0.99
66,Male,North,65833.05,90,38.23,4,0,0.075,76.2,Ads,1,155,1,1,0.85
64,Male,West,76199.27,92,34.75,5,4,0.137,62.1,SMS,0,81,1,0,0.49
58,Female,West,68710.11,28,67.32,16,4,0.328,43.9,Ads,0,158,1,1,0.99
41,Female,North,94300.05,109,91.94,10,1,0.176,79.5,Ads,1,128,1,1,0.97
52,Male,East,124609.71,44,65.62,8,0,0.201,48.1,Ads,0,70,1,1,0.93
49,Male,South,30575.97,15,66.87,5,3,0.086,56.2,Social Media,1,92,1,1,0.995
30,Female,West,55896.73,51,128.82,7,1,0.285,65.8,Email,1,132,1,1,1.0
60,Male,South,39721.75,74,93.19,6,1,0.147,56.7,Social Media,0,84,1,1,0.99
68,Male,South,73145.69,55,43.81,9,1,0.324,84.0,Email,1,92,0,1,0.765
67,Male,North,15239.28,90,22.48,7,4,0.308,56.3,SMS,1,6,0,0,0.16
35,Male,East,103617.5,105,63.86,7,1,0.403,76.2,Social Media,0,153,1,1,0.95
58,Male,East,69727.89,84,72.83,9,1,0.136,84.6,Social Media,0,159,1,1,0.98
65,Female,West,46560.04,10,69.76,9,3,0.469,78.0,SMS,0,156,1,1,0.995
25,Other,North,86405.4,53,56.56,5,2,0.242,70.5,Ads,1,30,1,1,0.825
20,Male,West,84493.53,8,74.65,9,1,0.321,92.6,Ads,0,175,1,1,0.995
18,Female,North,64595.85,41,63.92,8,2,0.099,73.5,Ads,0,170,1,1,0.995
19,Male,South,89663.39,36,59.87,5,3,0.514,36.4,SMS,0,132,1,1,0.985
58,Female,East,63781.5,117,103.27,9,1,0.416,56.4,Email,0,9,1,1,0.95
68,Female,East,50617.87,7,103.02,3,1,0.235,40.5,Email,1,179,1,1,0.99
47,Female,South,81982.07,84,61.38,7,0,0.33,83.2,Social Media,0,99,1,1,0.955
43,Male,North,48483.67,32,128.17,12,0,0.553,94.2,Social Media,0,65,1,1,0.955
25,Male,West,69224.66,81,67.84,6,1,0.509,39.0,Ads,0,115,1,1,0.985
35,Female,South,50404.38,55,122.07,10,0,0.261,49.5,Social Media,0,164,1,1,0.995
22,Female,West,42811.36,30,137.28,8,5,0.229,61.3,Email,0,5,1,1,0.99
42,Male,East,48807.37,83,77.14,6,2,0.545,68.6,SMS,0,138,1,1,1.0
25,Female,East,65373.91,2,141.25,6,1,0.214,49.4,Email,0,96,1,1,0.995
67,Male,East,66886.35,23,80.44,5,0,0.183,55.8,Social Media,0,68,1,1,0.995
60,Male,West,42456.71,91,90.8,15,2,0.286,26.9,Ads,1,177,1,1,0.99
29,Male,West,38512.04,112,31.61,11,1,0.297,74.3,Social Media,0,21,0,0,0.1
48,Male,South,25753.23,76,87.25,9,1,0.647,52.0,Email,0,151,1,1,0.97
45,Female,West,60465.16,44,70.19,5,2,0.341,64.6,Social Media,0,16,1,1,0.98
63,Female,North,57157.0,22,55.41,9,0,0.42,91.4,SMS,0,23,0,1,0.665
24,Other,North,87845.73,27,115.2,9,4,0.294,83.5,SMS,0,60,1,1,0.985
48,Male,North,53568.78,57,64.79,6,1,0.111,100.0,Ads,0,42,1,1,0.825
30,Male,North,60521.52,91,77.96,8,0,0.271,82.2,Social Media,0,148,1,1,1.0
47,Female,North,68137.64,91,23.57,10,2,0.106,39.6,Email,0,115,0,0,0.38
66,Male,East,40750.43,88,52.84,13,3,0.07,64.7,SMS,0,92,0,1,0.85
47,Female,East,41998.95,11,90.94,8,1,0.14,70.1,SMS,0,53,1,1,1.0
50,Female,West,44734.98,42,27.8,5,4,0.311,70.9,Social Media,0,158,1,1,0.845
74,Male,North,82022.96,37,64.15,10,1,0.034,49.5,Ads,0,121,1,1,0.97
34,Male,North,67849.76,55,84.93,6,1,0.364,59.1,Ads,0,147,1,1,1.0
32,Male,South,70148.04,60,63.1,6,2,0.255,92.1,Social Media,0,110,1,1,0.96
46,Female,West,102709.27,92,97.09,8,1,0.113,80.6,Social Media,0,79,1,1,0.975
51,Male,East,77708.38,44,64.04,8,2,0.03,41.8,SMS,1,17,1,1,0.945
58,Female,West,83979.04,36,62.46,12,1,0.447,52.7,SMS,0,169,1,1,0.99
20,Female,East,38689.8,59,101.99,13,1,0.618,80.3,Ads,0,50,1,1,0.95
70,Female,East,42381.29,100,94.25,8,4,0.293,36.3,Social Media,0,95,1,1,0.985
36,Male,South,46680.54,88,115.02,12,0,0.195,59.6,Email,0,154,1,1,0.99
61,Male,North,51573.61,79,56.91,9,2,0.397,80.6,Social Media,0,50,1,1,0.785
69,Male,South,35339.39,60,86.56,3,2,0.229,56.4,Social Media,1,169,1,1,1.0
27,Male,North,55150.25,19,60.25,10,3,0.013,73.6,Social Media,0,45,1,1,0.885
50,Female,West,66232.72,71,87.77,12,0,0.292,75.0,Email,0,87,1,1,0.995
72,Male,South,66636.67,26,120.03,7,2,0.272,47.8,SMS,0,114,1,1,0.995
57,Male,South,47767.25,74,80.84,6,0,0.104,62.1,Ads,1,163,1,1,1.0
46,Female,South,46814.17,95,95.2,10,2,0.182,53.4,Social Media,0,101,1,1,0.99
43,Female,West,53570.24,94,90.03,6,0,0.521,49.3,Email,0,43,1,1,0.975
23,Other,East,53711.2,114,63.52,6,1,0.63,50.7,Email,0,73,1,1,0.86
36,Female,East,64971.71,104,55.18,9,0,0.408,78.5,Email,0,82,1,1,0.89
65,Female,South,62491.19,49,114.56,12,1,0.347,83.2,Ads,0,70,1,1,0.99
36,Male,South,102232.21,106,91.89,5,2,0.349,54.7,SMS,1,138,1,1,0.995
53,Male,East,61828.08,109,99.92,8,0,0.011,63.5,Social Media,1,76,1,1,0.96
47,Female,West,60362.34,81,62.18,12,4,0.323,59.8,Ads,1,160,1,1,0.985
38,Female,South,76233.49,40,47.63,5,1,0.137,68.3,Email,0,28,0,1,0.64
63,Other,North,58502.83,91,69.46,9,0,0.239,51.6,SMS,1,107,1,1,0.98
61,Male,West,59122.88,59,67.06,11,3,0.228,62.8,SMS,0,131,1,1,0.975
55,Male,South,64060.03,89,50.37,6,5,0.259,58.5,SMS,1,98,1,1,0.83
41,Female,West,53983.86,35,84.87,11,1,0.338,64.6,Social Media,1,61,1,1,0.995
37,Male,East,77179.83,64,101.61,7,2,0.578,22.2,Ads,0,80,1,1,1.0
59,Male,South,68638.49,114,36.79,9,0,0.526,65.2,SMS,0,103,0,0,0.375
63,Female,East,62377.55,63,20.25,5,3,0.423,61.7,SMS,0,30,0,0,0.1
19,Male,South,99619.33,114,132.11,5,1,0.306,82.0,Email,1,15,1,1,0.92
20,Other,East,63859.83,38,115.69,13,2,0.525,81.9,Email,1,7,1,1,0.93
59,Male,North,46377.63,5,78.88,3,1,0.051,38.7,SMS,0,3,1,1,0.975
18,Male,South,52034.52,111,87.22,9,2,0.357,56.3,SMS,0,163,1,1,0.955
67,Female,South,55748.7,115,81.13,7,2,0.363,61.0,Social Media,1,63,1,1,0.965
54,Male,North,25392.09,91,87.21,8,2,0.129,33.4,Email,0,134,1,1,0.985
58,Female,East,73988.81,108,125.43,6,2,0.531,60.1,Email,0,60,1,1,0.99
52,Female,East,82119.9,116,79.85,10,1,0.255,56.5,Email,1,11,0,1,0.93
59,Female,South,35961.44,49,30.37,6,3,0.243,79.0,Ads,0,82,1,0,0.435
36,Male,East,60756.04,92,36.44,3,1,0.507,75.8,Social Media,1,145,1,1,0.71
35,Female,North,62941.6,27,130.41,7,1,0.293,40.4,Ads,0,25,1,1,0.995
37,Male,North,29689.58,113,38.7,6,0,0.104,79.4,Email,0,142,1,1,0.685
36,Female,West,76155.81,14,56.12,7,2,0.261,13.2,Ads,0,76,1,1,0.985
62,Female,West,56726.62,107,114.57,15,0,0.46,68.9,Social Media,0,53,1,1,0.95
52,Male,East,47726.03,109,40.86,5,3,0.071,35.7,Social Media,0,170,1,1,0.9
27,Male,East,47988.0,69,57.52,4,4,0.258,90.8,Social Media,0,83,1,1,0.925
72,Male,North,53546.04,7,95.66,14,0,0.361,50.6,Email,0,143,1,1,0.985
29,Female,West,64311.08,26,111.0,9,2,0.143,65.5,Social Media,1,118,1,1,1.0
65,Male,North,63413.89,60,68.78,11,1,0.112,63.3,Ads,0,122,1,1,0.995
22,Male,South,46286.49,91,52.03,7,1,0.537,62.4,Email,0,123,1,1,0.815
54,Female,North,65391.51,40,100.39,6,0,0.308,36.1,Ads,1,11,1,1,0.99
29,Female,West,42162.81,32,85.36,8,2,0.071,81.2,Ads,1,124,1,1,0.995
30,Female,North,60734.41,41,97.86,10,2,0.171,100.0,SMS,0,98,1,1,0.985
39,Male,West,78853.8,28,78.49,8,1,0.707,55.3,SMS,0,112,1,1,0.995
46,Male,East,82938.93,76,51.47,13,1,0.228,65.9,Email,1,146,1,1,0.915
69,Male,East,47631.26,39,92.86,9,2,0.376,55.0,Ads,0,2,1,1,0.955
72,Female,South,47237.39,76,42.56,8,2,0.317,88.9,Ads,1,130,1,1,0.715
70,Male,North,43389.4,57,64.68,9,2,0.207,68.9,Social Media,0,59,0,1,0.935
65,Male,North,40131.77,46,10.71,7,2,0.534,53.5,Social Media,0,96,0,0,0.185
61,Male,West,38220.11,80,97.69,14,5,0.599,65.5,SMS,0,169,1,1,0.98
47,Female,East,54351.5,116,87.25,5,1,0.079,84.7,Email,0,138,1,1,0.985
64,Male,West,52171.27,38,95.89,5,3,0.214,63.7,SMS,1,150,1,1,0.995
22,Female,East,85220.95,27,52.03,11,3,0.256,86.5,SMS,0,157,1,1,0.955
60,Female,West,56087.47,11,55.02,10,2,0.122,38.0,Social Media,0,143,1,1,0.985
40,Other,North,40213.96,97,89.1,7,4,0.487,49.6,Ads,1,46,1,1,0.965
59,Male,North,80602.15,45,59.45,9,1,0.221,86.8,Social Media,0,25,1,1,0.85
31,Male,South,59683.23,111,92.26,12,5,0.154,86.5,SMS,0,174,1,1,1.0
60,Female,North,57103.25,39,109.68,15,0,0.272,59.3,SMS,1,96,1,1,0.975
36,Female,East,53717.72,111,71.12,9,4,0.18,81.0,Ads,1,92,1,1,0.995
69,Female,East,55500.22,52,114.78,7,2,0.088,51.6,Email,0,127,1,1,0.99
52,Female,North,39658.27,34,47.92,4,2,0.248,68.2,SMS,0,117,1,1,0.935
27,Female,East,38900.05,39,118.41,10,0,0.638,65.9,Social Media,0,83,1,1,0.995
41,Female,East,61191.53,74,73.81,7,1,0.177,88.6,Ads,0,106,1,1,0.99
58,Male,East,85938.45,67,23.33,8,3,0.431,39.2,Ads,0,31,0,0,0.14
23,Male,West,58348.8,28,106.21,5,0,0.703,56.5,Social Media,1,79,1,1,0.98
18,Male,South,59771.72,85,138.47,7,2,0.197,55.9,Email,0,118,1,1,0.99
56,Male,South,116706.52,75,73.63,6,3,0.121,73.7,Ads,0,54,1,1,0.93
46,Female,South,50294.0,13,72.37,8,1,0.086,38.7,Social Media,1,66,1,1,0.99
36,Female,West,47932.09,66,114.23,4,4,0.35,47.5,Email,1,73,1,1,0.98
48,Male,East,68791.95,33,82.07,11,0,0.336,73.9,Social Media,1,131,1,1,0.99
23,Male,North,62510.16,65,102.93,11,1,0.357,68.1,SMS,0,105,1,1,0.98
55,Male,North,31331.03,9,114.69,4,0,0.403,68.4,SMS,0,169,1,1,0.995
20,Female,West,58256.05,111,118.79,5,2,0.143,32.9,Ads,1,81,1,1,0.975
61,Male,South,66939.52,86,12.04,5,4,0.593,46.2,Ads,0,119,0,0,0.22
67,Other,West,66369.97,54,8.25,7,3,0.313,41.6,Email,0,179,0,0,0.425
29,Female,South,38296.96,106,99.22,5,3,0.474,63.8,Ads,0,12,1,1,0.965
21,Female,West,55597.38,74,83.41,6,3,0.767,34.9,Social Media,0,177,1,1,0.975
68,Female,South,53192.03,91,114.42,8,1,0.277,42.3,Social Media,0,169,1,1,0.985
31,Male,South,47686.87,81,89.67,9,2,0.263,73.1,Social Media,0,132,1,1,0.995
72,Female,West,70043.99,34,50.79,14,3,0.295,65.8,Email,0,85,1,1,0.925
42,Female,North,26245.6,118,64.3,10,2,0.272,73.1,SMS,0,25,1,1,0.66
27,Female,West,76336.74,48,85.68,8,2,0.367,42.9,Email,0,84,1,1,0.99
72,Male,East,63008.99,15,109.83,9,1,0.302,57.5,Ads,0,62,1,1,0.99
44,Male,West,39365.05,105,91.38,8,4,0.363,37.5,SMS,0,146,1,1,0.985
73,Female,North,103539.12,116,106.62,11,1,0.29,78.8,Ads,0,150,1,1,0.97
47,Male,West,58235.96,118,17.82,11,0,0.411,54.1,Email,0,56,0,0,0.1
49,Male,West,55383.89,100,120.8,6,3,0.211,61.3,Email,0,165,1,1,1.0
34,Male,West,65382.69,111,61.09,12,1,0.106,56.8,SMS,0,166,1,1,0.99
63,Male,West,83145.42,66,114.56,10,1,0.344,30.8,Ads,0,25,1,1,0.985
35,Male,East,36134.61,70,82.42,8,2,0.357,46.5,Social Media,0,1,1,1,0.96
33,Male,East,34127.93,112,110.44,9,0,0.425,60.3,Email,0,123,1,1,0.995
36,Male,West,54409.6,77,72.24,11,0,0.297,50.5,Email,0,84,1,1,0.975
36,Male,North,58316.97,67,24.69,5,2,0.304,35.0,SMS,1,175,1,1,0.765
49,Female,West,82095.7,3,66.61,9,0,0.004,82.1,SMS,0,40,1,1,0.93
33,Male,North,55125.3,77,74.15,12,1,0.173,58.1,Ads,0,23,0,1,0.91
68,Male,North,55790.3,5,59.91,3,1,0.321,74.4,Email,0,136,1,1,0.955
28,Female,South,65496.33,24,87.21,7,2,0.257,49.7,Email,1,144,1,1,1.0
39,Female,North,54824.96,71,133.58,6,1,0.295,76.6,SMS,0,39,1,1,0.985
47,Male,West,84890.0,25,65.23,12,3,0.409,74.7,Social Media,0,31,1,1,0.805
73,Female,West,67846.04,116,35.24,9,0,0.076,58.6,Ads,1,134,1,1,0.71
29,Female,West,62671.51,63,145.13,8,0,0.099,36.7,Social Media,0,67,1,1,0.99
51,Male,North,30946.09,99,80.19,5,0,0.443,49.4,SMS,0,169,1,1,0.99
37,Male,North,38074.23,42,110.18,8,3,0.42,73.1,Ads,1,165,1,1,0.995
37,Female,South,52346.99,78,60.14,4,2,0.116,35.8,Email,0,125,1,1,0.99
22,Female,West,81102.76,89,87.25,7,4,0.2,35.9,SMS,0,17,1,1,0.97
49,Female,South,53128.15,15,7.83,7,2,0.309,69.7,Social Media,0,121,0,0,0.255
52,Female,North,83473.96,100,118.95,8,1,0.329,50.9,SMS,1,75,1,1,0.99
40,Female,South,70925.06,92,95.88,7,1,0.461,7.0,Social Media,0,97,1,1,0.995
38,Male,East,39755.6,113,82.44,6,1,0.318,38.8,SMS,0,129,1,1,0.99
49,Male,West,66925.98,89,71.52,4,0,0.054,73.7,SMS,0,119,1,1,0.99
62,Male,West,62569.22,48,140.75,3,0,0.189,100.0,Email,0,44,1,1,0.97
52,Female,East,68720.26,87,5.0,5,1,0.331,60.8,Ads,1,149,0,0,0.165
63,Female,East,39443.69,45,62.71,5,0,0.218,49.8,SMS,0,101,1,1,0.995
67,Male,East,41001.9,93,34.22,6,1,0.158,81.2,SMS,0,16,0,0,0.145
26,Male,West,84236.07,38,66.78,9,4,0.416,59.2,SMS,0,154,1,1,0.98
19,Female,East,75317.01,41,96.88,11,1,0.268,34.9,Email,0,151,1,1,1.0
50,Male,East,77005.43,66,78.27,9,2,0.281,39.8,Social Media,0,135,1,1,0.985
45,Male,North,30427.91,77,53.47,8,2,0.269,3.6,SMS,0,136,1,1,0.98
70,Male,West,65889.66,99,155.39,1,0,0.063,56.1,Social Media,1,58,1,1,0.975
38,Male,East,25121.11,8,47.36,8,1,0.181,100.0,SMS,0,34,1,1,0.61
52,Male,West,56158.6,114,48.29,11,1,0.217,27.9,SMS,1,133,1,1,0.9
59,Female,South,94892.06,15,65.66,7,3,0.065,16.6,Email,0,102,1,1,0.985
54,Female,South,61295.63,71,92.77,9,0,0.057,56.4,Email,0,158,1,1,1.0
20,Male,East,95156.84,66,115.1,7,0,0.417,59.7,Ads,0,156,1,1,0.985
67,Female,North,62335.26,115,84.87,4,2,0.258,62.5,Ads,0,168,1,1,0.99
73,Female,West,59858.32,51,34.08,6,0,0.419,36.8,Ads,0,7,0,0,0.365
32,Female,West,70899.37,87,101.47,3,1,0.416,51.7,Email,1,179,1,1,1.0
68,Female,South,58874.68,67,67.97,9,2,0.472,100.0,Social Media,0,74,1,1,0.965
69,Female,South,48861.67,30,82.51,10,1,0.484,53.4,Ads,1,31,1,1,0.98
41,Male,West,79569.17,53,124.0,6,0,0.472,22.6,SMS,0,48,1,1,0.99
61,Male,West,103287.46,31,94.68,7,1,0.149,60.5,Social Media,0,52,1,1,0.98
45,Female,South,61396.05,88,94.52,8,0,0.356,39.4,SMS,0,40,1,1,0.98
42,Male,East,53194.53,54,119.1,6,1,0.308,4.2,Email,0,53,1,1,0.97
49,Female,East,71456.3,70,68.21,2,2,0.289,67.4,Email,0,7,1,1,0.81
47,Female,North,64294.18,73,78.68,6,2,0.387,50.7,Email,0,170,1,1,0.995
49,Male,South,59784.28,109,78.02,8,0,0.522,43.5,Social Media,0,162,1,1,0.995
30,Female,West,54349.12,18,60.38,5,0,0.266,63.5,Social Media,0,82,1,1,0.985
39,Female,North,48802.28,17,29.4,8,1,0.595,70.9,Email,0,114,1,0,0.495
40,Male,South,56149.8,108,81.44,6,3,0.237,16.4,Email,0,152,1,1,1.0
61,Male,West,50411.05,104,82.03,9,0,0.377,68.3,SMS,0,99,1,1,0.985
28,Male,North,30703.18,1,55.69,9,2,0.233,67.0,Social Media,0,151,1,1,0.975
49,Female,South,60817.13,111,57.58,5,0,0.446,39.2,Email,0,165,1,1,0.99
57,Male,East,55053.4,81,81.66,6,4,0.416,65.8,Email,0,164,1,1,1.0
32,Male,West,60831.13,42,71.16,12,0,0.35,63.9,SMS,0,111,1,1,0.99
39,Female,North,46384.64,109,126.27,9,3,0.326,20.9,Ads,1,125,1,1,0.99
52,Male,North,47607.2,14,18.03,5,1,0.518,59.2,SMS,0,28,0,0,0.12
56,Female,West,57433.51,47,78.34,6,1,0.514,82.4,Social Media,1,116,1,1,0.995
72,Male,West,76240.55,49,75.52,10,0,0.171,72.8,Social Media,0,45,1,1,0.975
54,Female,West,80678.6,72,97.05,3,2,0.611,58.2,Email,0,127,1,1,0.99
64,Female,East,55809.82,63,5.0,11,1,0.039,56.6,Ads,0,118,1,0,0.255
37,Female,West,73865.33,108,92.82,14,1,0.089,80.1,SMS,1,112,1,1,0.995
74,Male,West,52988.85,119,130.89,8,4,0.138,75.4,Social Media,0,74,1,1,0.96
23,Female,South,35713.85,37,118.97,6,2,0.034,49.9,Social Media,1,170,1,1,0.99
74,Female,East,43745.78,73,73.13,8,0,0.477,93.9,Ads,0,110,1,1,0.955
63,Male,South,60521.54,94,65.18,10,2,0.254,74.5,Ads,0,90,1,1,0.975
74,Female,North,74783.1,73,143.07,5,1,0.058,71.3,SMS,1,22,1,1,0.955
36,Female,East,37778.88,14,29.89,5,1,0.455,73.4,Social Media,0,179,1,1,0.75
67,Male,South,85329.49,71,94.61,12,3,0.242,64.9,Email,0,176,1,1,0.99
53,Female,South,55120.91,74,46.03,12,3,0.465,32.3,SMS,0,177,1,1,0.905
49,Male,North,57176.85,36,108.78,2,0,0.142,64.5,Ads,0,168,1,1,1.0
62,Other,South,67075.94,109,83.18,9,1,0.143,88.5,SMS,0,37,1,1,0.915
41,Male,South,48974.99,41,89.22,8,3,0.646,77.9,Social Media,0,77,1,1,0.995
30,Other,South,60764.3,60,47.74,14,0,0.541,68.5,Social Media,0,90,1,1,0.685
72,Male,South,55851.36,22,88.4,3,1,0.432,46.4,Email,1,30,1,1,0.965
34,Male,West,87777.44,64,100.5,6,0,0.345,69.1,Email,1,4,1,1,0.975
46,Other,North,60714.06,63,111.72,11,2,0.125,64.1,Social Media,0,130,1,1,1.0
22,Male,North,49318.46,33,97.73,9,2,0.377,41.2,Ads,0,85,1,1,1.0
58,Male,North,59118.7,119,98.52,5,2,0.031,52.5,Ads,0,104,1,1,0.96
25,Female,West,72861.43,99,49.22,7,0,0.272,71.3,SMS,1,132,1,1,0.905
38,Male,East,51764.51,35,70.69,5,2,0.366,48.6,Email,0,33,1,1,0.985
26,Female,South,38374.8,102,101.84,5,3,0.38,75.2,Social Media,0,46,1,1,0.975
59,Female,South,81442.38,7,39.98,10,0,0.234,57.8,Social Media,0,72,0,1,0.665
70,Female,East,57763.21,2,116.33,9,0,0.303,56.3,SMS,0,133,1,1,0.985
29,Male,South,33812.87,36,64.59,10,1,0.167,49.4,SMS,1,130,1,1,0.99
72,Male,East,47340.2,25,117.25,9,0,0.313,75.1,SMS,0,20,1,1,0.96
56,Male,West,88264.16,78,48.56,6,0,0.361,34.6,Social Media,1,4,1,0,0.455
63,Female,East,76356.14,14,95.57,7,0,0.502,31.0,SMS,0,135,1,1,0.99
43,Male,East,54911.2,4,112.0,13,1,0.132,83.9,Email,0,152,1,1,0.995
61,Female,South,27842.99,29,87.04,10,1,0.151,50.7,Social Media,0,108,1,1,0.99
29,Female,South,25097.47,13,109.78,8,2,0.264,29.7,Social Media,1,130,1,1,0.995
24,Female,South,41944.71,95,135.23,4,0,0.424,38.5,Social Media,0,140,1,1,0.98
47,Female,North,62952.33,92,34.23,18,2,0.306,67.2,Email,1,18,0,0,0.12
69,Male,South,73877.83,64,29.13,7,1,0.26,45.9,Ads,1,107,1,1,0.605
55,Female,North,72809.0,94,128.74,9,5,0.215,65.0,Email,0,165,1,1,0.985
71,Male,North,64650.37,6,162.86,11,1,0.361,54.0,Email,0,57,1,1,0.985
51,Female,South,58533.33,83,5.0,7,2,0.253,43.6,Email,1,76,0,0,0.09
19,Female,East,30696.87,91,101.03,3,2,0.245,35.9,Ads,1,47,1,1,0.98
24,Male,North,56735.37,22,86.2,7,2,0.284,55.7,Social Media,1,115,1,1,1.0
39,Female,South,50593.93,95,16.32,7,1,0.503,79.0,Ads,0,16,0,0,0.065
25,Female,South,33213.19,112,91.79,7,3,0.373,73.9,Social Media,0,15,1,1,0.91
61,Female,South,65994.6,106,98.72,9,2,0.134,65.3,Email,1,149,1,1,0.995
21,Male,North,49693.1,59,94.2,11,3,0.046,78.2,Email,0,12,1,1,0.935
61,Male,West,59307.53,24,117.17,13,3,0.214,44.9,Email,0,24,1,1,0.965
26,Female,West,94470.05,84,52.89,10,1,0.107,73.8,Social Media,1,31,0,1,0.605
22,Male,North,71572.57,10,69.9,13,3,0.11,60.8,Social Media,0,176,1,1,1.0
18,Male,West,52041.52,8,59.2,7,2,0.325,59.7,Social Media,0,9,0,1,0.8
53,Male,South,45270.14,78,132.86,5,1,0.132,96.2,Email,0,102,1,1,0.985
30,Female,North,63878.98,83,95.57,7,0,0.067,37.0,Social Media,1,106,1,1,0.99
51,Male,West,65385.86,26,64.42,5,0,0.408,53.1,Ads,0,136,1,1,0.995
46,Male,East,38266.89,60,78.28,15,1,0.122,59.0,Social Media,0,105,1,1,0.99
55,Male,North,68603.22,9,37.38,10,1,0.065,61.4,Email,0,83,0,1,0.73
34,Male,East,59296.29,93,53.62,6,1,0.253,67.4,Email,0,120,1,1,0.98
57,Male,South,44448.42,20,50.02,7,3,0.257,62.0,Social Media,0,107,0,1,0.975
41,Male,East,64761.43,87,83.78,6,1,0.36,56.3,Email,1,25,1,1,0.97
63,Male,West,58001.78,88,16.26,7,1,0.209,64.6,SMS,1,98,0,0,0.235
36,Male,West,47952.07,40,74.65,8,0,0.183,73.2,Email,0,156,1,1,1.0
53,Male,South,63404.95,76,73.44,5,3,0.706,70.3,Social Media,0,174,1,1,0.985
71,Male,North,48866.95,25,88.01,12,1,0.514,72.6,Email,1,168,1,1,0.99
19,Female,North,58692.05,64,78.64,13,4,0.065,78.2,SMS,0,142,1,1,0.995
59,Male,South,34466.71,46,20.54,8,2,0.081,86.8,Email,0,102,0,0,0.345
33,Male,South,65039.55,45,5.0,6,0,0.172,75.7,Social Media,1,98,0,0,0.215
27,Male,West,74071.78,29,97.04,16,1,0.238,57.9,SMS,0,21,1,1,0.99
71,Female,East,51598.55,37,40.04,9,1,0.211,46.9,SMS,0,164,1,1,0.935
36,Female,North,98999.9,106,149.29,6,3,0.229,57.9,Email,0,107,1,1,0.985
25,Male,West,60787.76,71,78.0,8,1,0.484,90.7,Ads,0,80,1,1,0.98
45,Male,East,59762.62,8,57.24,2,4,0.7,43.5,Email,0,91,1,1,0.94
41,Male,East,16223.73,23,88.49,7,1,0.427,25.7,Ads,0,117,1,1,0.965
39,Female,South,50589.39,109,124.47,12,1,0.459,56.8,SMS,0,126,1,1,0.975
29,Male,East,66779.99,99,76.7,5,1,0.177,25.0,SMS,0,83,1,1,0.985
40,Male,South,83601.12,95,129.27,6,2,0.152,60.4,Social Media,0,54,1,1,0.975
61,Male,East,30202.48,79,46.08,4,1,0.429,38.2,Social Media,1,122,1,1,0.88
35,Male,East,57063.92,12,89.36,5,1,0.376,64.6,Social Media,0,21,1,1,0.98
33,Female,South,69294.96,51,65.22,8,1,0.172,80.1,SMS,1,17,1,1,0.88
51,Male,South,79156.36,49,23.65,6,0,0.454,50.2,SMS,0,5,0,0,0.155
41,Female,North,54141.32,70,124.84,6,1,0.084,14.4,Email,0,81,1,1,0.99
31,Female,West,62333.04,85,98.76,7,1,0.493,80.8,Ads,0,97,1,1,0.99
67,Female,West,81559.24,108,81.01,6,0,0.175,48.6,Social Media,0,86,1,1,0.995
50,Other,South,45939.43,77,120.47,16,6,0.477,56.8,Social Media,0,20,1,1,0.86
36,Other,East,58895.52,80,50.18,5,1,0.239,54.5,Email,1,94,1,1,0.905
51,Female,South,57075.87,69,89.73,8,0,0.357,35.8,SMS,0,109,1,1,0.995
58,Female,North,71818.71,23,81.62,4,1,0.17,48.2,Ads,0,160,1,1,1.0
36,Male,North,57411.32,40,102.73,8,2,0.122,100.0,Ads,1,179,1,1,0.99
20,Female,East,78432.81,24,112.39,6,2,0.27,87.3,SMS,0,153,1,1,0.99
45,Female,West,69292.35,97,73.48,4,2,0.337,39.1,Social Media,0,149,1,1,0.99
27,Other,North,34136.76,106,74.02,13,0,0.253,62.2,Email,0,50,1,1,0.905
65,Female,North,56510.77,22,101.02,9,2,0.255,64.3,Ads,0,138,1,1,1.0
72,Female,North,59889.81,80,37.57,8,1,0.474,49.4,Email,1,48,0,0,0.255
61,Male,North,40941.62,52,65.3,7,2,0.036,69.6,SMS,0,21,1,1,0.93
36,Male,North,50306.2,51,65.16,12,2,0.316,47.7,SMS,0,104,1,1,0.985
24,Male,South,88484.13,36,127.22,10,2,0.344,54.9,Ads,0,145,1,1,0.985
39,Female,South,96337.92,113,61.93,9,1,0.367,62.0,Email,1,172,1,1,0.92
21,Male,West,58530.49,34,66.67,6,0,0.149,48.9,Ads,0,14,1,1,0.95
20,Male,North,63249.99,48,75.4,14,1,0.182,64.6,Ads,0,20,1,1,0.96
70,Male,East,59813.84,41,120.43,6,1,0.133,63.5,Email,0,100,1,1,0.995
27,Male,East,105872.77,82,52.06,10,3,0.26,41.9,Email,0,94,1,1,0.825
72,Female,North,69119.83,33,89.19,5,0,0.799,75.6,Ads,1,122,1,1,0.96
44,Female,East,55838.08,94,104.14,7,2,0.48,61.2,Social Media,0,61,1,1,0.99
28,Female,East,69451.97,38,5.0,3,0,0.398,61.8,Email,1,84,0,0,0.2
30,Male,East,34779.67,48,60.0,9,4,0.121,86.5,SMS,1,130,1,1,0.99
21,Female,West,76359.66,59,94.44,7,1,0.367,82.3,Ads,1,109,1,1,1.0
55,Female,South,75125.49,48,112.0,7,2,0.186,69.0,Social Media,1,3,1,1,0.97
24,Male,South,77630.36,49,119.37,11,1,0.148,50.6,Ads,0,25,1,1,0.995
74,Female,South,53627.86,101,74.86,10,3,0.224,84.1,Email,0,174,1,1,0.99
45,Male,North,74692.93,11,62.98,7,1,0.098,58.2,Ads,0,39,1,1,0.97
19,Female,South,55638.64,110,110.47,10,0,0.654,45.8,Ads,1,21,1,1,0.91
23,Female,West,80849.39,14,52.22,7,0,0.195,71.2,Ads,1,172,1,1,0.99
56,Male,West,84995.85,22,115.17,6,2,0.071,56.1,SMS,0,128,1,1,0.995
51,Male,South,82459.83,8,90.35,5,1,0.274,79.1,SMS,1,146,1,1,0.99
46,Male,South,49339.79,56,74.97,7,1,0.119,62.8,Social Media,0,109,1,1,1.0
70,Male,South,73309.86,23,54.75,12,2,0.305,86.4,Ads,0,10,1,1,0.6
19,Female,North,69938.38,58,114.08,13,1,0.656,25.3,Social Media,1,29,1,1,0.885
44,Male,South,71277.61,90,75.73,8,1,0.312,65.0,Ads,1,64,1,1,0.965
73,Female,East,58891.44,57,70.15,6,0,0.453,68.6,Social Media,1,151,1,1,0.995
40,Female,West,51501.6,3,133.62,6,2,0.261,73.9,SMS,1,112,1,1,1.0
29,Male,South,39206.71,112,84.58,9,1,0.595,48.0,SMS,0,161,1,1,0.985
47,Male,East,95960.23,16,55.0,7,1,0.38,55.0,Social Media,0,39,1,1,0.815
44,Male,West,57812.1,91,69.88,6,1,0.354,62.4,Social Media,0,102,1,1,0.99
69,Female,West,56304.13,81,93.97,11,0,0.568,49.8,Social Media,0,122,1,1,0.99
24,Female,East,78834.39,47,109.88,9,0,0.328,84.9,Email,1,177,1,1,0.995
35,Male,East,75320.46,57,54.76,13,2,0.277,57.5,Email,0,57,1,1,0.765
47,Female,East,63653.22,97,104.69,5,3,0.373,67.1,Social Media,0,40,1,1,0.96
74,Male,East,89720.52,46,75.09,7,3,0.06,60.2,Social Media,0,126,1,1,1.0
24,Male,South,50189.19,77,90.77,14,0,0.552,81.2,Social Media,0,90,1,1,0.975
53,Male,North,79502.64,89,76.36,6,1,0.068,77.8,SMS,0,14,1,1,0.935
44,Male,North,82033.35,21,135.74,8,1,0.366,63.6,Ads,0,54,1,1,0.995
50,Other,North,47565.18,32,83.03,7,3,0.387,62.7,Ads,0,89,1,1,0.995
63,Male,South,53655.49,18,77.83,9,2,0.321,53.5,Ads,1,66,1,1,0.99
59,Male,South,55287.89,56,153.07,15,3,0.185,63.8,Ads,0,64,1,1,0.975
67,Female,North,41229.15,117,100.44,6,1,0.235,88.9,Email,0,173,1,1,0.995
33,Male,North,42509.52,114,87.88,5,0,0.361,75.9,SMS,0,149,1,1,0.98
32,Male,South,26936.38,53,158.46,10,3,0.242,50.0,Email,0,129,1,1,0.99
26,Male,North,53609.02,24,65.15,10,0,0.241,89.9,Email,1,133,1,1,0.97
71,Male,West,76106.72,13,45.72,6,5,0.609,91.3,Ads,0,90,1,1,0.855
52,Male,East,62860.95,74,49.39,10,2,0.049,27.2,Social Media,0,93,1,1,0.92
28,Male,North,43241.44,37,74.81,4,1,0.216,55.4,SMS,1,75,1,1,0.975
68,Male,South,57090.85,108,115.33,7,1,0.095,81.9,SMS,0,49,1,1,0.97
33,Male,North,59707.15,62,92.48,7,2,0.126,32.7,SMS,0,41,1,1,0.98
74,Female,North,71352.39,96,140.51,6,0,0.24,50.1,Email,1,55,1,1,0.965
53,Female,North,43278.98,14,111.06,5,2,0.248,31.3,Email,0,148,1,1,0.99
58,Male,South,50364.43,106,42.04,9,1,0.113,68.4,Email,1,42,1,0,0.185
47,Male,West,84210.31,2,166.84,8,2,0.237,79.4,Social Media,1,108,1,1,0.975
31,Female,East,91092.72,83,56.06,6,0,0.397,70.4,Social Media,0,126,1,1,0.965
72,Female,South,90432.62,68,85.15,7,1,0.492,62.3,Social Media,0,42,1,1,0.96
60,Other,East,79926.28,19,45.61,4,1,0.019,100.0,Social Media,1,118,1,1,0.87
45,Male,East,20747.23,119,102.21,9,1,0.257,94.8,Social Media,0,56,1,1,0.915
34,Male,East,57794.87,13,71.83,6,2,0.068,50.8,Email,0,108,1,1,1.0
56,Female,South,75546.85,118,53.58,10,4,0.382,58.4,Ads,1,120,1,1,0.87
60,Female,East,64482.18,95,115.61,10,1,0.285,29.7,SMS,1,162,1,1,1.0
43,Other,South,51344.65,39,59.12,9,0,0.246,71.2,Social Media,0,23,1,1,0.87
50,Male,East,60476.05,34,70.04,11,2,0.429,67.7,Ads,0,53,1,1,0.955
56,Female,West,49507.01,17,103.11,9,3,0.116,55.9,SMS,0,85,1,1,0.99
46,Male,North,44138.86,99,62.48,11,1,0.455,51.9,Email,1,165,1,1,0.96
21,Female,West,62035.33,89,52.21,6,1,0.214,32.9,Email,0,75,1,1,0.87
41,Male,East,69373.88,95,51.63,9,1,0.342,100.0,SMS,0,78,1,1,0.675
21,Male,North,73293.44,21,93.54,8,2,0.575,19.5,Ads,0,165,1,1,0.975
36,Female,South,50302.11,96,78.72,12,3,0.129,74.0,SMS,0,146,1,1,0.995
59,Male,West,51876.23,80,68.68,14,0,0.048,67.5,Social Media,0,70,1,1,0.96
49,Female,West,37398.91,107,64.54,13,2,0.35,58.0,Social Media,0,134,1,1,0.955
73,Female,South,39426.55,54,53.84,5,1,0.442,29.5,Ads,0,7,0,1,0.715
21,Male,East,61650.15,13,34.03,9,2,0.493,78.6,Email,0,170,1,1,0.695
28,Male,East,69604.66,25,55.33,6,0,0.522,50.3,Email,0,83,0,1,0.935
42,Female,South,59588.41,51,99.68,3,3,0.025,62.6,SMS,0,89,1,1,0.995
22,Male,South,53291.14,40,92.63,4,2,0.29,50.0,SMS,0,82,1,1,0.99
70,Female,North,43965.09,75,64.91,7,1,0.275,40.1,Social Media,0,97,1,1,0.995
65,Female,North,53586.76,62,80.19,8,1,0.126,67.9,Email,0,139,1,1,0.995
32,Male,North,57772.77,66,75.35,8,4,0.146,24.4,SMS,0,21,1,1,0.96
20,Female,South,53660.6,75,74.7,10,3,0.59,65.3,Social Media,0,12,1,1,0.89
69,Female,South,66540.09,70,121.77,6,0,0.417,57.4,Ads,0,105,1,1,0.99
69,Female,East,49822.09,9,5.0,17,0,0.622,37.2,SMS,1,78,0,0,0.245
41,Female,South,53411.7,82,91.28,4,3,0.186,69.8,Ads,0,16,1,1,0.97
47,Male,North,54810.04,3,49.7,9,0,0.222,98.1,Email,0,32,0,1,0.61
49,Male,West,62153.03,20,123.81,9,1,0.093,70.8,Social Media,1,93,1,1,1.0
28,Male,South,71582.5,39,79.91,11,1,0.784,100.0,Social Media,0,82,1,1,0.94
42,Male,West,94548.17,100,108.57,5,0,0.273,85.0,SMS,0,51,1,1,0.95
39,Male,East,58753.34,86,103.62,7,1,0.222,78.1,Email,0,97,1,1,0.995
18,Female,East,28781.64,118,99.18,6,2,0.411,8.7,Ads,0,21,1,1,0.835
34,Male,South,68158.88,82,57.3,8,0,0.113,80.3,Ads,1,78,1,1,0.93
56,Male,North,69288.65,114,112.18,4,0,0.069,69.5,Social Media,0,83,1,1,1.0
56,Female,South,81163.86,35,47.2,7,0,0.02,100.0,Email,0,123,1,1,0.87
56,Female,East,48209.09,109,66.35,7,2,0.226,49.3,Email,1,115,1,1,0.99
20,Female,South,40523.56,11,92.16,8,1,0.116,77.0,Social Media,0,54,1,1,0.99
35,Male,East,39705.08,16,35.66,6,1,0.439,64.0,Email,0,74,0,1,0.53
43,Female,East,58109.66,58,83.08,7,2,0.487,71.6,Ads,1,96,1,1,0.985
37,Female,South,87052.46,97,42.76,6,4,0.346,47.9,SMS,0,122,1,1,0.69
28,Female,South,90159.01,80,51.12,6,2,0.256,65.7,SMS,0,66,1,1,0.83
56,Female,West,69514.92,108,69.86,7,1,0.256,60.0,Ads,0,39,1,1,0.94
20,Female,North,51611.97,7,52.26,9,2,0.642,22.7,Email,1,8,0,1,0.61
46,Male,East,61158.12,101,31.88,9,0,0.419,53.4,Ads,0,77,0,0,0.26
18,Female,East,68051.44,85,82.81,9,2,0.182,29.5,SMS,0,98,1,1,0.995
50,Male,South,76168.88,13,14.24,11,1,0.11,55.2,Ads,0,1,0,0,0.09
30,Female,East,100303.02,47,95.87,5,1,0.474,88.9,SMS,1,156,1,1,0.98
40,Male,South,72320.29,78,112.83,5,1,0.105,82.2,SMS,0,122,1,1,1.0
28,Male,East,41670.52,26,31.42,7,0,0.115,56.4,Ads,1,94,1,1,0.695
69,Female,North,70799.34,46,69.34,12,0,0.518,39.4,Social Media,0,116,1,1,0.995
50,Female,North,29578.04,6,52.7,7,3,0.11,38.4,Ads,0,55,0,1,0.905
58,Female,North,49706.93,70,118.69,7,0,0.387,56.1,SMS,1,104,1,1,1.0
19,Male,South,72977.06,55,42.88,9,3,0.326,35.8,Social Media,0,40,1,1,0.525
49,Male,North,64677.43,97,64.51,11,3,0.204,26.3,Email,0,36,0,1,0.905
19,Male,South,67815.6,52,66.37,5,2,0.21,41.1,Ads,0,56,1,1,0.935
49,Male,South,59763.57,66,116.49,8,2,0.559,40.8,Ads,1,84,1,1,0.99
54,Male,East,63022.19,16,84.91,8,1,0.107,71.3,Social Media,0,133,1,1,1.0
34,Male,North,56169.12,115,103.01,12,2,0.104,48.3,Email,0,13,1,1,0.95
60,Male,West,66083.24,41,39.88,7,1,0.386,36.9,Social Media,0,113,1,1,0.93
30,Female,West,75296.16,39,118.41,11,2,0.51,65.2,Social Media,1,61,1,1,0.99
42,Male,East,47509.79,11,63.68,4,1,0.191,55.3,Social Media,1,93,1,1,0.995
47,Male,West,71056.7,25,36.54,6,3,0.177,64.1,Social Media,0,48,0,0,0.435
30,Male,North,72521.21,95,5.0,13,1,0.634,61.0,SMS,1,65,0,0,0.15
21,Male,East,34891.56,72,49.69,6,2,0.104,40.4,Ads,0,108,1,1,0.935
64,Other,West,67974.58,99,38.01,10,2,0.226,72.4,SMS,0,140,1,1,0.735
30,Male,West,47676.9,103,76.67,11,0,0.179,68.7,Ads,1,32,1,1,0.94
55,Female,North,75121.26,73,27.96,4,1,0.113,85.2,Email,1,171,0,1,0.875
72,Male,South,79748.81,24,5.0,5,3,0.447,30.5,Ads,1,77,0,0,0.2
40,Male,South,45000.78,119,20.83,9,2,0.233,41.6,SMS,1,140,0,0,0.48
21,Female,West,50076.33,31,63.02,5,4,0.075,67.3,SMS,0,102,1,1,0.985
25,Female,North,52891.92,65,85.98,5,1,0.32,68.7,Social Media,0,143,1,1,1.0
48,Female,East,38565.76,54,57.15,10,0,0.611,68.6,Email,0,53,0,1,0.82
72,Female,South,55301.27,3,79.51,8,0,0.555,75.7,Email,0,21,1,1,0.955
66,Female,East,68549.49,54,58.66,9,1,0.463,49.2,Social Media,0,129,1,1,0.985
61,Male,South,52041.2,10,96.0,13,1,0.405,85.2,SMS,0,86,1,1,0.985
60,Male,West,59005.9,112,97.74,8,1,0.145,36.5,Email,0,99,1,1,0.985
50,Female,North,80558.44,11,103.04,3,2,0.509,39.2,SMS,0,43,1,1,0.98
31,Male,North,39977.05,85,72.01,6,1,0.199,36.9,SMS,0,54,1,1,0.96
29,Female,East,68913.09,29,123.54,9,1,0.484,31.3,Social Media,1,170,1,1,1.0
36,Male,South,65039.18,58,107.93,8,1,0.154,33.3,SMS,1,68,1,1,0.995
42,Male,West,55192.52,104,94.44,9,1,0.089,48.4,Email,0,86,1,1,0.995
59,Female,South,80772.15,63,81.0,7,0,0.068,26.8,Social Media,0,150,1,1,1.0
63,Female,East,15000.0,27,97.59,4,0,0.185,39.3,SMS,0,33,1,1,0.95
34,Male,West,41950.62,18,66.05,11,2,0.056,0.0,Social Media,1,87,1,1,0.945
22,Male,North,90899.35,31,80.87,13,1,0.39,26.6,Ads,0,81,1,1,0.98
72,Female,South,43282.87,106,90.42,9,2,0.127,61.1,SMS,0,167,1,1,0.995
38,Male,North,57882.93,44,49.27,7,0,0.197,39.9,SMS,0,144,1,1,0.975
71,Female,West,90027.8,17,34.78,7,4,0.598,39.4,Email,0,80,1,1,0.675
51,Male,South,57996.72,34,36.99,9,2,0.403,33.7,Social Media,0,54,0,0,0.475
40,Female,North,96245.94,29,81.59,9,3,0.247,66.5,Social Media,1,167,1,1,0.995
24,Female,West,49783.35,90,136.7,7,2,0.567,73.0,Ads,0,144,1,1,0.995
51,Male,North,15000.0,117,128.85,5,2,0.31,73.3,Email,1,167,1,1,0.985
60,Female,South,68649.93,66,99.5,6,2,0.418,59.3,Social Media,0,80,1,1,0.99
68,Male,West,57540.57,36,67.28,10,2,0.322,77.2,Ads,0,169,1,1,0.98
35,Female,North,55987.53,64,76.22,6,1,0.442,62.6,Social Media,1,22,1,1,0.95
62,Female,North,67569.76,57,115.52,7,1,0.154,22.2,Email,1,49,1,1,0.99
67,Male,North,83768.59,54,105.18,7,1,0.136,63.7,Ads,0,134,1,1,0.995
70,Female,East,51981.23,29,80.44,6,0,0.224,76.1,SMS,0,102,1,1,0.985
55,Male,East,63546.08,81,110.79,9,2,0.311,81.0,SMS,1,128,1,1,1.0
56,Female,North,44427.51,17,19.37,6,1,0.467,63.8,Ads,1,78,0,0,0.27
41,Other,South,75184.06,91,97.84,6,1,0.337,35.7,SMS,0,80,1,1,0.975
43,Other,East,77319.42,119,115.6,7,1,0.196,44.2,Ads,0,18,1,1,0.895
19,Female,West,34230.58,43,65.16,8,4,0.335,48.2,Social Media,0,160,1,1,0.99
37,Female,North,81817.72,113,64.14,13,1,0.199,94.4,SMS,0,155,1,1,0.91
71,Male,West,72021.18,23,76.36,7,1,0.393,64.0,Email,0,124,1,1,0.99
57,Female,East,83876.69,29,65.55,4,1,0.254,77.2,SMS,0,132,1,1,0.99
48,Female,North,47307.98,89,55.69,7,1,0.057,91.8,Email,0,76,1,1,0.885
54,Female,South,50903.91,28,162.89,7,0,0.423,33.2,Social Media,0,101,1,1,0.995
73,Male,East,90351.49,69,77.09,12,0,0.061,97.5,Email,1,1,1,1,0.86
32,Female,North,43261.9,97,125.86,7,2,0.223,25.0,SMS,0,172,1,1,0.985
43,Male,East,69630.24,92,91.03,12,0,0.489,58.7,Email,0,49,1,1,0.975
32,Male,East,44051.23,114,100.31,4,1,0.145,71.4,Social Media,0,65,1,1,0.975
61,Female,East,34662.47,86,151.23,7,2,0.268,71.6,Social Media,1,60,1,1,0.98
39,Female,South,15000.0,98,42.86,11,1,0.198,52.5,Ads,1,85,1,1,0.555
65,Male,East,66665.47,64,85.02,9,1,0.282,52.6,Ads,0,33,1,1,0.97
55,Female,South,41617.23,2,96.42,7,1,0.595,68.9,Email,0,123,1,1,0.99
64,Male,East,54387.67,68,100.23,8,2,0.43,84.1,SMS,0,163,1,1,1.0
49,Male,North,65742.62,115,104.28,8,1,0.196,49.9,Email,0,67,1,1,0.98
34,Male,East,82203.67,59,19.59,11,0,0.185,61.8,Ads,1,83,0,0,0.25
56,Male,West,51831.15,91,66.97,11,0,0.173,82.4,SMS,0,69,1,1,0.96
59,Female,West,66819.91,115,99.75,6,4,0.518,41.1,Email,0,120,1,1,0.99
61,Female,East,63216.73,55,78.6,5,1,0.257,89.8,Email,0,84,1,1,1.0
63,Male,East,77922.18,71,58.88,10,0,0.437,99.2,Social Media,0,136,1,1,0.96
21,Female,North,85920.09,63,25.89,4,1,0.553,38.3,Ads,0,128,1,1,0.57
29,Male,East,64126.12,98,92.91,7,2,0.555,78.6,Social Media,0,148,1,1,0.99
20,Male,North,54690.45,73,27.73,6,1,0.279,80.4,SMS,0,66,0,0,0.325
51,Male,West,34268.32,71,80.52,7,1,0.245,92.5,Email,0,155,1,1,0.985
64,Female,East,67661.35,95,82.12,2,1,0.257,65.4,SMS,0,128,1,1,0.98
39,Male,South,74093.43,15,97.05,9,1,0.422,55.7,Email,1,129,1,1,0.995
34,Male,East,45988.57,39,105.93,7,1,0.321,80.4,Ads,0,5,1,1,0.985
30,Male,East,66507.07,60,112.16,10,0,0.191,29.0,SMS,1,71,1,1,0.99
25,Female,South,45384.0,88,74.47,10,2,0.382,55.3,Email,0,129,1,1,0.98
20,Male,West,31317.15,118,93.36,6,2,0.362,43.9,Email,0,55,1,1,0.97
25,Female,South,71225.48,77,61.79,8,1,0.142,83.3,Email,1,168,1,1,0.995
40,Female,West,63559.29,76,60.98,7,0,0.614,49.3,Ads,0,135,1,1,0.975
54,Female,North,27466.54,26,102.19,7,2,0.091,41.6,Email,0,108,1,1,0.99
25,Female,East,75032.02,2,185.06,8,2,0.356,49.6,Ads,0,133,1,1,1.0
46,Male,South,36243.11,80,26.58,5,1,0.231,72.4,SMS,1,152,1,1,0.78
42,Female,South,71359.59,71,65.92,9,1,0.182,62.6,SMS,0,154,1,1,1.0
70,Female,North,47987.92,15,76.26,7,1,0.204,95.3,Social Media,0,55,1,1,0.975
25,Female,North,45017.72,87,84.14,9,3,0.266,41.6,SMS,0,43,1,1,0.955
70,Female,South,53366.0,63,28.25,9,2,0.058,68.8,Ads,0,148,1,1,0.69
45,Female,East,57888.9,52,49.94,11,1,0.239,36.6,SMS,0,57,1,1,0.765
37,Female,North,48803.95,61,114.23,15,2,0.413,54.7,Social Media,0,112,1,1,0.99
24,Male,East,42941.27,104,57.82,9,2,0.414,72.0,SMS,0,55,1,1,0.745
73,Male,East,54888.42,15,111.82,6,4,0.422,72.9,Email,0,41,1,1,0.985
70,Female,West,19800.71,85,21.49,5,3,0.291,57.8,Ads,0,39,0,0,0.125
42,Male,North,70854.19,119,75.69,6,1,0.466,38.8,Ads,1,50,1,1,0.925
65,Female,East,93805.98,46,62.6,11,0,0.183,61.1,Ads,1,19,1,1,0.87
23,Female,West,48233.39,63,143.66,7,0,0.221,74.3,Email,0,101,1,1,0.99
32,Male,East,89168.3,107,47.09,8,1,0.173,66.3,Social Media,0,91,1,1,0.665
32,Female,West,43036.95,54,121.7,12,1,0.133,72.9,Social Media,1,43,1,1,0.995
35,Female,North,66394.02,73,152.64,13,3,0.749,40.3,Social Media,1,86,1,1,0.935
74,Female,East,57736.78,116,134.73,5,0,0.098,76.8,Social Media,0,139,1,1,0.995
47,Female,North,32850.24,102,118.28,6,2,0.796,43.7,SMS,0,66,1,1,0.885
56,Female,East,64489.44,56,94.77,11,2,0.054,74.0,Ads,0,39,1,1,0.975
66,Female,North,78560.68,94,38.58,9,3,0.322,100.0,SMS,0,22,0,0,0.175
59,Male,North,75335.2,117,62.48,10,1,0.098,59.2,SMS,0,50,1,1,0.76
72,Male,East,65873.25,87,23.1,8,1,0.621,28.7,SMS,0,47,0,0,0.145
46,Male,East,42545.72,30,108.94,9,2,0.408,69.9,SMS,0,64,1,1,0.99
30,Male,East,54622.55,41,88.55,15,2,0.29,59.2,Ads,0,25,1,1,0.975
57,Male,South,51472.51,54,40.79,8,3,0.218,41.3,Ads,0,53,1,1,0.57
55,Male,North,46469.85,12,48.34,13,1,0.614,34.0,Email,1,160,1,1,0.9
71,Female,North,64216.73,54,125.5,8,4,0.61,27.8,Email,0,135,1,1,0.985
64,Female,South,88516.77,114,67.91,6,1,0.555,21.2,Email,0,167,1,1,0.965
28,Male,West,75831.4,112,125.92,9,3,0.158,58.8,Social Media,0,18,1,1,0.97
64,Female,North,86319.11,53,94.73,5,0,0.385,46.5,Ads,0,166,1,1,1.0
48,Female,South,62088.51,78,90.35,5,1,0.2,61.0,Email,0,136,1,1,0.995
42,Female,South,25295.8,78,57.74,6,1,0.094,70.3,Ads,0,166,1,1,0.985
57,Female,West,21784.23,8,109.69,6,1,0.203,64.7,Email,0,63,1,1,1.0
54,Male,East,70536.6,92,91.86,9,3,0.075,54.8,SMS,0,166,1,1,0.99
40,Male,North,63072.6,82,39.76,8,0,0.021,24.1,SMS,0,57,0,0,0.36
20,Female,North,78933.99,29,99.25,10,1,0.361,72.3,Ads,0,10,1,1,0.985
42,Female,East,72493.63,83,68.11,6,1,0.167,54.5,SMS,1,14,1,1,0.91
35,Female,West,49313.35,32,115.18,7,2,0.523,73.7,Ads,0,149,1,1,1.0
19,Male,South,55524.41,77,73.33,8,1,0.281,70.8,Ads,0,129,1,1,0.97
33,Female,East,53460.54,105,88.35,9,2,0.708,86.0,Email,0,135,1,1,0.99
35,Male,South,15000.0,79,112.98,10,3,0.48,51.6,SMS,1,150,1,1,0.99
67,Male,North,93600.71,71,79.19,3,2,0.082,81.5,SMS,0,134,1,1,0.98
74,Male,North,75164.22,8,122.96,7,0,0.329,69.4,SMS,1,160,1,1,0.995
27,Male,East,21951.81,92,71.4,8,0,0.117,74.7,Ads,1,63,1,1,0.94
62,Female,South,51226.73,62,108.65,3,1,0.573,28.4,Social Media,1,149,1,1,0.995
69,Female,West,57641.43,65,49.06,18,0,0.338,51.2,Ads,0,53,1,1,0.585
58,Male,West,31944.54,35,88.81,6,1,0.07,46.5,Email,1,177,1,1,0.995
60,Male,East,45243.94,56,8.3,7,1,0.386,72.6,Ads,0,141,0,0,0.195
70,Male,West,54388.19,70,39.9,8,2,0.594,54.7,SMS,0,1,0,0,0.265
26,Male,North,72785.73,4,113.15,9,0,0.503,45.6,SMS,1,164,1,1,0.99
54,Male,South,40900.39,109,92.49,4,2,0.508,78.6,Email,0,32,1,1,0.945
44,Other,West,65500.62,61,63.8,7,1,0.739,81.2,SMS,0,146,1,1,0.945
30,Male,South,54491.25,9,90.43,7,1,0.152,46.3,Social Media,0,84,1,1,1.0
20,Male,South,59847.71,66,39.95,15,0,0.199,55.9,Email,1,8,1,0,0.35
28,Female,North,92297.44,48,50.22,7,1,0.447,72.4,SMS,1,26,1,1,0.63
21,Female,North,40376.75,54,50.48,7,0,0.388,81.6,Social Media,0,49,1,1,0.745
36,Male,East,23032.13,100,105.8,12,4,0.402,100.0,SMS,0,6,1,1,0.885
21,Female,East,118831.88,63,81.46,7,2,0.358,44.8,SMS,0,77,1,1,0.975
43,Female,East,65331.12,40,78.75,10,1,0.323,41.9,Ads,1,3,1,1,0.975
23,Male,South,55763.2,10,19.93,11,1,0.473,66.4,SMS,0,133,0,0,0.37
40,Male,South,41336.33,42,99.86,6,2,0.503,37.2,Email,0,9,1,1,0.965
47,Male,South,65328.77,46,38.23,7,1,0.134,78.9,Email,1,85,1,1,0.635
61,Female,North,74990.52,10,152.42,12,2,0.009,56.1,SMS,0,154,1,1,0.995
28,Male,West,74337.35,3,62.31,14,1,0.437,93.3,Ads,0,1,0,1,0.69
33,Male,West,113597.8,103,66.34,3,2,0.319,56.7,Social Media,1,67,1,1,0.925
65,Female,West,59736.0,38,56.91,6,2,0.266,61.4,Ads,0,136,1,1,1.0
68,Female,West,22789.71,37,107.59,11,2,0.637,42.4,Social Media,0,131,1,1,0.97
27,Male,South,57739.64,12,51.81,5,1,0.274,54.3,Social Media,0,58,1,1,0.9
63,Female,West,47615.36,35,95.7,6,1,0.209,53.7,Email,1,2,1,1,1.0
67,Male,South,40760.9,32,122.18,9,0,0.328,60.2,SMS,1,61,1,1,0.995
38,Female,South,61044.38,110,40.69,10,2,0.285,18.7,Ads,0,86,1,1,0.595
22,Male,West,53895.84,56,104.51,8,2,0.203,54.2,Social Media,1,157,1,1,1.0
34,Female,North,90741.0,97,49.61,5,1,0.403,82.3,SMS,0,128,1,1,0.84
38,Male,West,17523.84,88,61.47,7,2,0.193,70.9,Ads,0,156,1,1,0.97
32,Male,North,23833.04,6,83.36,6,2,0.208,78.7,Social Media,1,73,1,1,0.99
38,Female,South,77566.68,69,151.23,10,2,0.77,24.6,SMS,0,64,1,1,0.92
72,Female,West,49405.5,45,187.62,13,2,0.14,68.7,Email,1,171,1,1,1.0
50,Male,South,63189.74,100,79.37,5,1,0.419,100.0,Email,1,89,1,1,0.965
56,Female,North,81225.78,8,105.17,8,3,0.236,77.5,Email,1,176,1,1,0.99
54,Other,East,89396.16,6,74.73,7,0,0.432,42.9,SMS,0,151,1,1,0.99
34,Female,North,69626.97,77,79.18,8,1,0.359,45.2,Ads,0,103,1,1,0.985
38,Female,West,65287.11,114,94.37,4,0,0.313,60.6,Ads,0,94,1,1,0.975
71,Female,East,66717.13,68,102.16,10,1,0.274,74.8,Email,0,5,1,1,0.96
21,Female,South,41105.17,13,96.43,5,4,0.071,65.1,SMS,1,45,1,1,0.985
46,Female,East,57558.69,7,67.86,13,2,0.447,46.5,Email,0,18,1,1,0.905
55,Other,South,53021.99,52,142.73,12,1,0.193,36.8,Email,0,178,1,1,0.995
56,Other,South,82022.72,57,135.32,8,0,0.097,40.3,Email,0,30,1,1,0.945
29,Male,North,65141.67,22,85.73,8,1,0.367,58.8,Email,1,89,1,1,1.0
64,Female,West,74617.2,112,36.56,12,2,0.549,53.6,Email,1,142,0,1,0.58
41,Male,South,41917.92,14,105.65,17,5,0.343,67.5,Social Media,1,164,1,1,0.95
68,Female,West,52158.82,14,64.99,10,0,0.069,84.3,Email,0,11,1,1,0.915
57,Male,East,48389.1,33,108.63,7,1,0.267,53.3,Email,0,23,1,1,0.99
50,Male,South,68480.54,18,26.87,7,2,0.187,65.3,Ads,0,160,1,1,0.89
37,Male,West,93764.65,4,111.32,9,0,0.039,56.0,SMS,0,72,1,1,0.98
57,Male,North,58375.2,80,70.85,6,2,0.498,90.8,Social Media,0,13,1,1,0.805
70,Male,East,41446.81,17,109.36,13,3,0.259,90.5,Ads,0,53,1,1,0.97
33,Other,West,46785.83,57,91.53,11,1,0.29,42.3,Ads,1,95,1,1,0.995
50,Male,North,53086.63,93,35.4,5,0,0.261,72.9,Ads,0,114,0,1,0.54
21,Other,South,53259.02,14,89.6,8,1,0.091,89.7,SMS,0,156,1,1,0.995
49,Male,South,75373.51,105,127.08,5,2,0.235,71.2,SMS,0,18,1,1,0.97
66,Male,West,74855.13,47,34.1,11,0,0.484,84.1,Ads,0,36,1,0,0.275
35,Male,West,41122.95,116,72.41,15,3,0.245,68.4,Social Media,1,82,1,1,0.9
42,Female,East,38798.63,51,5.0,10,1,0.199,39.4,Social Media,0,111,0,0,0.24
23,Female,North,40487.07,117,93.79,6,1,0.14,57.6,SMS,0,13,1,1,0.925
70,Male,North,45663.89,107,83.74,7,0,0.132,48.3,Ads,0,176,1,1,0.985
43,Male,West,41174.84,47,66.68,8,2,0.568,54.0,Email,0,142,1,1,1.0
36,Male,South,52187.5,66,94.64,6,0,0.396,76.8,Social Media,0,96,1,1,0.99
43,Male,North,32777.87,41,149.04,4,0,0.368,59.2,Social Media,0,141,1,1,0.995
24,Female,East,50439.95,114,98.07,7,2,0.093,84.5,Ads,0,19,1,1,0.965
53,Male,West,73466.85,6,131.49,9,3,0.521,49.5,Ads,0,27,1,1,0.97
32,Male,North,105264.35,111,64.64,7,2,0.508,46.3,Ads,0,19,1,1,0.71
54,Other,East,36071.0,72,24.47,5,2,0.258,63.9,Social Media,0,157,1,1,0.645
70,Female,North,47079.45,25,82.23,8,0,0.391,44.4,SMS,1,32,1,1,0.97
40,Other,South,57662.92,43,84.33,5,1,0.396,64.8,Email,0,35,1,1,0.97
21,Male,West,82504.16,111,115.24,9,1,0.182,66.2,Ads,0,89,1,1,0.965
67,Female,East,64691.28,33,68.11,8,3,0.254,41.5,SMS,1,12,1,1,0.96
61,Male,East,35921.93,98,159.39,4,2,0.514,13.6,Social Media,0,36,1,1,0.97
35,Male,East,97125.65,35,59.26,8,2,0.282,42.0,SMS,0,104,1,1,0.975
45,Female,East,55434.79,57,37.98,13,2,0.042,67.7,SMS,0,110,0,1,0.65
49,Male,South,65324.64,70,62.67,12,3,0.058,55.9,Email,0,41,1,1,0.845
50,Male,East,36814.63,37,112.68,5,4,0.268,54.0,SMS,0,152,1,1,0.99
67,Female,South,64481.71,75,69.56,11,4,0.109,36.0,SMS,0,69,1,1,0.965
25,Female,South,79925.88,48,81.69,4,2,0.188,50.0,SMS,0,151,1,1,0.985
18,Female,West,84923.27,51,147.51,4,2,0.304,57.4,SMS,1,126,1,1,0.985
60,Female,West,73970.41,100,105.62,7,2,0.379,60.6,Ads,1,17,1,1,0.965
57,Male,East,49005.78,115,62.48,6,2,0.501,91.2,Social Media,0,44,0,1,0.615
27,Female,West,43851.15,5,35.81,12,0,0.337,52.0,Email,1,8,1,0,0.335
68,Male,South,76962.81,21,82.48,8,1,0.617,59.0,Email,1,16,1,1,0.97
29,Female,West,69522.4,61,79.25,4,1,0.364,57.1,Social Media,0,123,1,1,0.99
52,Male,South,76048.47,31,98.5,11,3,0.549,30.9,SMS,0,12,1,1,0.945
19,Male,West,68049.8,29,17.04,9,1,0.586,34.6,Social Media,0,94,0,0,0.285
73,Male,West,54188.61,97,45.26,11,1,0.21,75.8,SMS,0,119,1,1,0.785
36,Female,East,42640.33,36,103.63,9,2,0.288,46.1,Social Media,1,172,1,1,1.0
20,Male,North,56523.32,83,90.13,5,0,0.626,85.7,Ads,0,114,1,1,0.975
38,Female,North,75491.55,90,5.0,3,2,0.241,70.7,Social Media,0,20,0,0,0.05
73,Female,South,68636.15,112,158.78,6,2,0.269,14.7,SMS,0,84,1,1,0.99
30,Male,South,89907.73,117,143.5,3,2,0.418,45.9,SMS,1,66,1,1,0.96
67,Female,South,85758.12,43,73.57,11,3,0.186,38.2,Email,1,25,1,1,0.97
33,Male,North,52490.9,11,75.4,9,2,0.17,54.9,Ads,0,141,1,1,1.0
59,Male,East,58177.7,82,105.95,11,1,0.348,70.2,Ads,0,99,1,1,0.995
45,Female,South,74515.04,57,80.02,9,2,0.233,66.6,SMS,0,48,1,1,1.0
46,Female,North,15000.0,14,48.06,4,4,0.134,65.3,Ads,1,93,1,1,0.88
44,Other,East,95921.89,84,125.94,7,1,0.576,49.6,Ads,0,145,1,1,0.985
20,Female,West,15000.0,97,55.86,11,3,0.304,79.3,SMS,1,128,1,1,0.905
26,Female,East,49766.94,50,83.71,9,0,0.51,65.1,Email,0,171,1,1,0.995
65,Male,South,80111.53,68,85.92,6,1,0.198,25.9,SMS,0,165,1,1,0.995
18,Female,South,51637.3,72,89.92,10,2,0.28,58.3,Social Media,0,121,1,1,0.985
30,Female,West,55683.62,95,34.39,7,2,0.062,21.5,Social Media,0,144,1,1,0.895
50,Male,South,62440.44,65,83.31,6,5,0.194,65.1,Ads,0,151,1,1,1.0
27,Male,South,121747.1,40,45.12,8,2,0.133,38.4,Ads,0,64,1,1,0.825
45,Male,East,82584.35,99,90.13,10,2,0.175,68.3,SMS,0,150,1,1,1.0
69,Male,North,68733.8,103,85.84,8,0,0.436,78.1,Ads,0,172,1,1,0.995
25,Female,North,47844.76,56,112.46,9,1,0.542,78.7,Social Media,0,103,1,1,1.0
24,Male,North,78598.3,119,144.71,9,1,0.051,48.0,SMS,1,128,1,1,0.985
47,Female,East,57956.44,17,100.79,2,2,0.392,55.4,Email,1,124,1,1,0.98
36,Male,East,73856.88,44,123.73,13,1,0.348,59.3,SMS,1,13,1,1,0.98
63,Female,East,56159.04,96,75.98,8,1,0.041,92.0,Email,0,16,1,1,0.925
51,Female,North,79064.62,51,91.91,4,0,0.201,86.1,Social Media,0,9,1,1,0.96
48,Male,East,74074.23,79,62.4,9,0,0.398,49.3,Social Media,0,23,0,1,0.685
48,Female,East,76381.12,26,119.97,7,2,0.311,62.4,Email,0,95,1,1,1.0
50,Female,West,37293.56,119,65.68,9,4,0.292,41.6,Ads,0,135,1,1,0.96
58,Female,North,82043.85,25,12.94,10,0,0.234,52.2,Email,0,153,1,1,0.56
33,Male,South,33217.92,79,56.45,10,1,0.152,61.6,Social Media,0,156,1,1,0.97
69,Female,North,56859.55,69,120.46,4,0,0.104,42.8,Social Media,1,171,1,1,0.995
72,Female,South,42227.98,77,129.77,9,2,0.241,83.7,Social Media,0,93,1,1,0.98
28,Female,East,74297.52,84,30.43,5,2,0.152,72.9,Email,1,36,1,0,0.12
55,Male,West,42724.38,118,130.28,7,0,0.206,66.3,SMS,0,93,1,1,0.98
52,Female,East,81859.47,16,46.89,9,3,0.187,64.9,Social Media,1,170,1,1,0.99
44,Other,North,75259.89,73,74.29,3,0,0.137,99.5,Email,1,87,1,1,0.985
67,Male,North,62885.43,11,20.49,10,1,0.231,67.8,Ads,1,123,1,1,0.53
59,Male,South,88379.13,58,55.35,7,1,0.621,48.1,Email,0,103,1,1,0.97
73,Female,North,32079.59,46,109.45,10,1,0.32,57.7,Ads,0,96,1,1,0.99
35,Female,North,87794.11,6,89.21,8,0,0.394,71.1,SMS,0,23,1,1,0.97
43,Male,East,72037.8,21,86.17,9,3,0.238,38.1,Social Media,0,166,1,1,1.0
31,Female,South,92435.17,31,5.0,12,3,0.185,63.2,Ads,0,42,0,0,0.105
19,Female,West,54504.9,11,81.19,5,2,0.054,45.3,Email,0,132,1,1,0.985
65,Male,South,78943.79,2,146.69,8,3,0.175,70.1,SMS,1,72,1,1,1.0
23,Female,East,72357.65,81,44.93,8,1,0.143,31.0,Email,0,6,0,0,0.395
28,Female,South,68044.19,9,118.93,8,1,0.104,73.8,Ads,1,107,1,1,1.0
20,Male,East,67321.76,96,5.0,8,1,0.409,51.6,Ads,0,144,0,0,0.3
59,Female,South,49435.07,53,86.68,10,1,0.447,27.9,Ads,0,8,1,1,0.94
59,Male,West,63984.35,27,35.23,4,1,0.049,57.6,Social Media,0,102,1,1,0.905
48,Female,West,67769.16,81,104.25,7,1,0.44,100.0,Email,0,21,1,1,0.935
62,Male,West,75347.44,96,68.32,14,3,0.444,66.7,Ads,0,122,1,1,0.94
47,Female,South,54317.41,61,47.56,9,2,0.12,15.8,SMS,0,9,0,1,0.575
72,Male,East,74859.97,84,116.09,11,0,0.3,57.6,SMS,1,167,1,1,0.99
20,Male,South,78659.34,102,71.06,11,3,0.318,57.2,SMS,0,134,1,1,0.945
32,Female,South,73086.11,97,36.68,7,1,0.227,63.5,Email,1,34,0,0,0.17
68,Male,North,44469.87,7,102.06,7,3,0.063,90.6,SMS,0,177,1,1,0.99
70,Male,North,64479.27,117,100.43,7,2,0.287,73.4,SMS,0,152,1,1,0.995
50,Male,South,59462.97,60,105.6,6,2,0.2,42.0,Social Media,0,78,1,1,0.995
42,Female,North,74136.65,79,130.83,9,3,0.207,50.6,SMS,0,117,1,1,0.995
73,Male,South,52044.59,87,128.12,14,3,0.028,57.2,Email,1,4,1,1,0.87
60,Male,West,50961.91,116,53.32,4,3,0.128,55.9,Email,1,86,1,1,0.91
37,Male,West,55584.19,20,97.84,6,3,0.324,64.5,Email,1,35,1,1,0.975
25,Male,North,36965.71,31,49.49,5,1,0.241,86.4,Social Media,1,148,1,1,0.935
42,Male,West,45459.54,91,68.11,11,0,0.707,72.3,SMS,0,39,1,1,0.725
69,Female,East,55218.11,102,115.25,6,2,0.24,28.1,Ads,1,125,1,1,0.99
18,Male,North,34238.31,27,126.51,7,1,0.29,62.0,Social Media,0,94,1,1,0.975
51,Male,South,52943.28,50,65.98,4,1,0.362,72.9,Ads,0,21,1,1,0.885
58,Female,East,55564.64,7,84.65,9,1,0.151,80.1,Social Media,0,63,1,1,0.995
71,Female,East,78771.38,42,132.33,8,0,0.227,79.7,Social Media,0,40,1,1,0.97
22,Female,West,65279.8,6,76.93,8,2,0.165,83.7,SMS,0,24,1,1,0.965
42,Male,North,71879.91,119,71.56,9,3,0.273,70.6,Email,0,12,1,1,0.765
63,Male,South,103155.36,99,132.42,10,2,0.375,41.3,Social Media,0,122,1,1,0.985
39,Male,North,80831.58,85,94.26,9,1,0.188,87.1,Social Media,0,40,1,1,0.995
61,Female,East,59403.19,40,157.43,12,0,0.36,92.1,Email,0,142,1,1,0.985
24,Female,North,61124.31,113,96.47,9,0,0.095,55.2,Email,0,1,1,1,0.83
29,Female,West,66653.46,18,23.4,6,4,0.395,62.2,Ads,0,3,0,0,0.13
28,Male,West,47421.25,112,50.2,8,0,0.241,30.2,SMS,0,68,1,1,0.665
55,Female,South,50493.61,49,89.73,8,3,0.314,52.7,SMS,0,127,1,1,0.995
39,Male,West,83889.15,60,114.39,12,0,0.077,64.6,Email,0,29,1,1,0.98
21,Female,West,81631.62,52,38.57,14,1,0.078,35.0,Ads,1,13,0,0,0.38
70,Male,North,66067.84,33,71.29,5,0,0.167,41.2,Social Media,0,93,1,1,0.975
23,Female,East,37856.09,99,74.81,7,2,0.105,76.0,SMS,0,111,1,1,0.99
30,Female,North,75712.51,55,106.2,9,0,0.251,74.0,SMS,0,64,1,1,0.985
43,Female,South,15000.0,68,29.06,5,1,0.223,43.7,SMS,1,71,0,0,0.495
42,Male,West,75423.88,109,92.86,8,0,0.425,71.6,Email,0,168,1,1,1.0
55,Female,North,40015.69,101,16.98,8,0,0.166,62.2,SMS,0,144,1,0,0.345
56,Female,West,91551.79,60,58.82,11,3,0.22,68.5,Email,0,135,1,1,0.97
68,Male,North,33897.04,114,89.82,16,1,0.19,49.6,Social Media,0,18,1,1,0.93
34,Female,West,75468.66,16,102.81,4,2,0.113,88.0,Email,1,106,1,1,1.0
58,Female,South,61421.76,91,14.66,11,4,0.396,55.2,SMS,0,116,0,0,0.21
39,Male,South,56246.72,32,156.92,11,4,0.288,90.8,SMS,0,13,1,1,0.965
23,Female,South,44439.86,56,107.65,6,0,0.01,86.2,SMS,0,22,1,1,0.945
41,Female,North,61924.75,44,129.88,14,2,0.179,60.7,Ads,1,131,1,1,0.995
57,Female,East,52383.02,7,61.39,5,0,0.292,14.7,Ads,1,159,1,1,0.985
38,Male,North,58494.51,47,75.51,6,1,0.103,67.9,Social Media,0,19,1,1,0.995
26,Female,East,70475.34,115,132.46,6,2,0.524,78.0,Email,0,21,1,1,0.95
70,Female,North,15000.0,105,126.96,5,2,0.391,96.9,Social Media,0,50,1,1,0.93
47,Female,South,22646.99,13,60.82,10,0,0.565,32.1,Email,0,139,1,1,0.975
62,Female,North,59314.71,110,90.78,5,3,0.613,100.0,Social Media,0,60,1,1,0.94
72,Male,North,91588.02,95,94.64,5,2,0.148,65.1,Ads,1,171,1,1,0.99
46,Male,West,53193.99,119,70.69,6,1,0.078,47.3,Ads,0,92,1,1,0.97
20,Female,North,71615.19,83,80.43,5,1,0.292,78.9,Ads,1,174,1,1,0.995
46,Male,North,15000.0,8,88.14,8,2,0.415,50.7,Email,0,18,1,1,0.975
38,Male,East,47091.23,114,73.95,7,1,0.336,61.5,SMS,0,143,1,1,0.97
64,Female,East,75792.75,119,81.31,6,4,0.676,35.9,Social Media,1,163,1,1,0.965
28,Female,North,47936.05,82,81.57,6,1,0.131,22.7,Email,0,8,1,1,0.97
63,Female,North,20571.28,15,97.92,8,2,0.18,45.1,Social Media,1,158,1,1,0.995
63,Male,North,83991.87,81,76.69,9,2,0.264,64.2,Social Media,0,157,1,1,1.0
69,Male,East,100292.44,43,102.39,13,2,0.174,53.4,SMS,0,83,1,1,0.98
40,Other,East,18441.18,65,71.14,10,2,0.524,62.7,SMS,0,129,1,1,0.99
42,Male,North,83526.4,115,96.63,7,2,0.215,51.8,Social Media,0,76,1,1,0.975
33,Male,East,45522.98,111,137.56,11,1,0.289,66.2,Email,1,102,1,1,0.99
22,Female,South,77648.76,63,56.36,6,0,0.148,70.6,Ads,0,107,1,1,0.985
74,Female,East,62680.92,89,5.0,9,2,0.12,69.7,Social Media,0,35,0,0,0.08
66,Female,West,98405.16,70,94.82,12,4,0.217,64.1,SMS,1,45,1,1,0.945
18,Female,East,54962.21,49,75.76,12,0,0.16,39.4,Email,0,124,1,1,0.995
70,Male,West,74964.87,88,118.97,5,1,0.167,54.5,Email,0,67,1,1,0.99
74,Female,South,66909.24,63,110.96,6,2,0.187,44.1,SMS,0,161,1,1,0.99
63,Male,South,58073.14,71,63.99,6,1,0.223,43.9,SMS,0,135,1,1,1.0
29,Female,East,42434.91,110,98.06,12,0,0.267,72.4,Email,1,66,1,1,0.96
73,Male,East,44205.51,47,85.9,5,3,0.649,58.8,Social Media,0,56,1,1,0.99
47,Female,East,80719.0,85,53.6,4,1,0.646,65.6,Social Media,0,154,1,1,0.935
38,Male,East,38314.13,63,69.11,6,0,0.264,93.7,Social Media,0,177,1,1,0.99
25,Male,East,56904.44,109,96.66,8,1,0.33,65.0,Social Media,0,61,1,1,0.985
46,Male,North,65797.19,61,45.01,7,1,0.467,44.8,Social Media,1,172,1,1,0.965
73,Female,East,85309.8,93,48.34,9,1,0.025,64.0,Ads,0,176,1,1,0.88
39,Female,East,56241.53,59,39.81,8,0,0.114,46.7,SMS,0,101,1,1,0.72
62,Other,West,70526.42,30,49.36,4,3,0.246,62.6,Social Media,0,175,1,1,0.95
26,Female,East,54497.65,108,141.34,3,2,0.417,41.0,Social Media,0,128,1,1,0.995
62,Male,North,57975.29,1,29.74,5,1,0.281,69.0,Email,0,116,0,1,0.855
40,Male,East,98178.91,102,94.59,12,0,0.359,59.5,Ads,1,105,1,1,0.97
51,Male,North,56852.06,81,37.82,10,2,0.082,74.8,Social Media,1,33,1,0,0.16
39,Male,East,41962.93,98,73.4,9,1,0.199,48.4,Social Media,0,29,1,1,0.975
57,Other,North,32905.83,20,82.83,6,0,0.506,89.1,Ads,0,170,1,1,0.995
18,Male,North,54627.48,78,67.86,6,2,0.209,57.0,SMS,1,144,1,1,0.985
58,Female,East,63243.4,46,140.04,9,2,0.131,70.7,SMS,1,177,1,1,0.995
38,Male,East,87956.6,91,75.92,6,2,0.279,95.7,SMS,0,135,1,1,0.99
21,Female,North,71713.7,61,114.99,12,3,0.328,52.7,Email,1,175,1,1,0.995
56,Female,North,83714.44,45,99.93,7,1,0.355,69.1,Email,0,143,1,1,0.985
44,Male,North,85366.99,15,47.11,8,3,0.085,46.3,Social Media,1,96,1,1,0.945
53,Female,East,43356.18,104,65.09,6,0,0.055,80.1,SMS,1,173,1,1,0.98
73,Female,South,52011.06,107,59.98,10,3,0.289,70.3,Email,0,18,0,1,0.56
56,Male,North,50897.11,8,65.36,9,2,0.451,38.4,SMS,1,98,1,1,1.0
66,Female,West,46623.98,110,121.68,4,0,0.1,67.2,Social Media,0,139,1,1,1.0
50,Female,South,86753.76,98,85.14,6,3,0.272,31.4,Social Media,0,171,1,1,0.99
23,Male,East,54791.53,47,102.42,6,1,0.289,32.0,Ads,0,96,1,1,0.99
35,Male,North,56442.28,87,81.68,12,1,0.272,55.4,Ads,0,171,1,1,0.995
38,Female,North,66809.68,17,149.51,7,2,0.209,42.1,SMS,0,124,1,1,1.0
65,Female,North,77677.06,107,111.45,9,1,0.261,57.8,Email,0,84,1,1,0.99
19,Male,North,74949.09,113,16.83,7,1,0.145,64.5,Social Media,1,178,0,0,0.435
22,Other,West,16187.02,90,44.8,6,2,0.235,76.0,Ads,0,101,0,1,0.72
39,Male,East,58802.88,52,9.62,7,3,0.278,91.8,SMS,0,133,0,0,0.13
62,Female,East,78099.03,83,57.1,9,0,0.073,62.4,Email,0,49,1,1,0.85
45,Female,West,23005.67,23,36.91,9,0,0.505,77.4,SMS,1,171,1,1,0.825
70,Male,West,45966.33,56,39.04,3,2,0.32,35.5,Ads,0,25,1,0,0.395
35,Male,South,37857.69,71,58.44,10,3,0.068,86.8,Social Media,0,160,1,1,0.995
18,Female,North,90934.09,5,109.62,9,0,0.249,64.0,Email,0,177,1,1,0.985
52,Male,West,49731.61,16,80.58,8,2,0.065,34.4,Email,0,124,1,1,0.995
47,Male,East,57251.1,65,98.34,4,1,0.127,62.6,Social Media,0,79,1,1,1.0
41,Male,West,37153.72,51,46.63,3,0,0.222,65.6,SMS,1,24,1,1,0.76
36,Female,South,15861.51,90,38.94,7,1,0.293,80.7,Social Media,1,67,0,0,0.5
67,Female,South,53103.18,79,58.3,9,3,0.356,91.2,SMS,0,132,1,1,0.975
19,Male,West,37356.36,71,44.39,5,2,0.107,52.5,Social Media,0,70,1,1,0.82
42,Female,West,42177.36,105,48.86,4,2,0.139,36.7,Ads,0,168,1,1,0.93
22,Female,North,56317.15,72,122.2,7,0,0.327,34.6,SMS,0,4,1,1,0.935
27,Male,North,31231.8,106,107.98,9,2,0.079,67.0,Social Media,0,106,1,1,0.99
54,Male,South,15000.0,85,127.62,12,0,0.417,68.0,SMS,1,12,1,1,0.9
23,Female,North,68769.71,88,95.36,11,1,0.016,70.8,Ads,0,60,1,1,0.985
37,Male,West,54094.28,37,81.93,6,1,0.431,51.4,SMS,0,92,1,1,0.995
72,Female,South,66666.38,89,89.06,11,1,0.346,59.0,Ads,0,17,1,1,0.945
64,Male,South,113597.75,107,56.62,11,2,0.42,100.0,SMS,1,36,0,1,0.51
32,Female,East,53791.52,1,85.25,5,0,0.512,63.7,SMS,0,65,1,1,0.995
45,Male,East,71790.93,106,26.7,6,2,0.209,68.9,Ads,0,99,0,0,0.21
48,Male,West,72524.55,61,92.68,4,2,0.043,55.9,Email,0,157,1,1,1.0
74,Female,South,44329.92,87,72.77,6,3,0.41,46.6,Email,0,134,1,1,0.985
29,Male,West,65520.6,108,115.32,7,2,0.162,97.4,Social Media,0,179,1,1,0.985
67,Female,West,53946.33,21,35.22,8,1,0.119,89.4,Social Media,0,17,0,0,0.26
68,Female,West,87375.66,101,111.53,7,1,0.374,86.9,Social Media,0,29,1,1,0.96
38,Female,West,68524.36,90,89.86,5,1,0.17,98.1,SMS,0,12,1,1,0.955
67,Female,South,86673.31,115,49.24,4,0,0.419,90.9,Ads,1,54,0,0,0.48
46,Female,North,56625.86,3,50.14,5,0,0.468,27.6,Social Media,1,95,1,1,0.955
61,Female,North,76205.83,8,69.69,4,3,0.363,53.5,SMS,0,24,1,1,0.96
38,Male,South,54559.76,100,84.76,6,0,0.168,45.0,Social Media,1,111,1,1,0.995
43,Male,North,43989.92,117,105.14,11,0,0.393,44.0,Email,1,27,1,1,0.955
22,Male,East,63642.59,105,6.47,5,2,0.259,78.7,SMS,0,45,0,0,0.06
68,Male,North,61918.03,110,85.66,7,1,0.152,68.8,Social Media,0,102,1,1,0.98
43,Female,East,78534.97,44,135.56,10,1,0.217,47.8,SMS,0,50,1,1,0.98
45,Female,West,62133.63,24,59.62,8,2,0.339,54.3,Social Media,1,140,1,1,1.0
22,Female,East,74356.77,31,36.74,9,0,0.281,69.5,Social Media,0,63,0,1,0.555
71,Male,East,68480.85,32,58.89,9,2,0.157,38.3,Social Media,0,164,1,1,0.99
62,Male,North,39107.76,112,5.0,9,1,0.171,77.0,SMS,1,36,0,0,0.055
39,Other,West,48644.54,74,150.93,8,2,0.111,61.0,Social Media,0,169,1,1,1.0
47,Male,East,66149.03,92,85.23,5,1,0.207,71.0,SMS,1,129,1,1,0.995
50,Male,South,35504.41,17,26.68,12,3,0.274,91.7,Social Media,0,16,0,0,0.14
40,Male,West,72197.45,81,88.42,7,2,0.179,61.6,SMS,0,63,1,1,0.985
38,Female,South,85775.5,99,105.61,2,2,0.105,48.6,SMS,0,70,1,1,0.98
43,Female,South,61966.79,18,41.89,7,2,0.431,81.5,SMS,1,145,1,1,0.905
56,Female,North,76891.05,62,152.18,12,3,0.154,38.0,SMS,0,95,1,1,0.995
41,Male,North,72736.09,87,72.6,5,2,0.303,87.6,Ads,0,5,1,1,0.825
52,Female,North,41935.04,103,5.0,8,0,0.49,71.7,SMS,0,156,0,0,0.21
33,Male,North,62921.61,43,90.31,9,0,0.512,77.6,Social Media,0,113,1,1,0.995
58,Male,South,41692.64,77,148.61,6,2,0.226,48.6,Email,0,153,1,1,1.0
68,Other,South,73819.32,94,56.35,7,0,0.266,75.5,SMS,1,106,1,1,0.94
55,Male,East,61573.97,42,56.38,6,3,0.181,50.5,SMS,0,116,1,1,1.0
35,Male,West,58054.0,22,38.58,8,1,0.574,69.8,Social Media,0,22,0,0,0.225
43,Other,South,69849.95,53,158.59,14,1,0.021,37.5,Social Media,0,151,1,1,0.995
70,Female,West,43333.27,10,100.22,7,1,0.417,82.2,Social Media,0,97,1,1,0.99
64,Male,East,55828.88,99,58.94,7,1,0.555,63.6,Social Media,0,88,1,1,0.92
19,Male,East,71762.5,2,65.72,9,2,0.273,75.9,Social Media,0,156,1,1,0.99
33,Female,North,58473.85,39,64.76,10,1,0.372,42.8,Social Media,0,138,1,1,0.99
72,Female,North,48900.45,107,75.96,5,3,0.49,24.9,Ads,1,23,1,1,0.905
40,Male,North,33678.95,10,67.92,7,1,0.157,76.7,Social Media,1,178,1,1,0.995
72,Female,East,40446.05,60,29.58,10,3,0.199,84.7,Social Media,1,37,0,0,0.155
53,Other,West,48605.63,79,103.25,8,2,0.591,52.3,SMS,0,27,1,1,0.965
42,Male,West,63218.26,68,6.33,7,1,0.306,60.6,Ads,0,40,0,0,0.075
18,Other,West,38294.94,11,68.58,7,1,0.252,50.3,Email,0,155,1,1,0.985
64,Female,East,64116.14,83,116.8,17,1,0.079,78.5,Social Media,0,171,1,1,0.985
49,Male,West,47080.28,12,104.59,9,0,0.212,11.7,SMS,1,74,1,1,0.995
62,Male,West,16472.73,3,27.7,9,2,0.472,36.9,Email,1,19,0,0,0.295
38,Female,East,44519.82,54,81.67,5,2,0.205,40.2,Email,1,132,1,1,0.995
71,Female,West,63545.03,115,82.94,5,0,0.226,69.2,Email,0,34,1,1,0.92
19,Male,West,60088.11,4,62.74,8,1,0.617,97.1,Social Media,0,112,1,1,0.96
33,Female,West,28169.17,85,90.72,10,0,0.195,48.0,Email,0,31,1,1,0.98
35,Male,West,18754.93,82,107.23,10,0,0.289,39.0,SMS,0,156,1,1,0.985
56,Female,South,77023.3,91,71.44,6,3,0.168,49.7,Social Media,0,59,1,1,0.995
43,Female,West,63100.58,75,97.86,6,2,0.167,74.1,Email,0,42,1,1,0.985
74,Male,East,69736.16,56,152.95,13,1,0.294,33.8,SMS,0,34,1,1,0.965
50,Male,South,45097.46,41,111.57,14,1,0.104,76.4,Social Media,0,11,1,1,0.975
63,Male,South,57339.13,26,83.4,6,2,0.78,77.0,Email,0,175,1,1,0.975
26,Male,East,78317.01,96,76.1,4,2,0.288,47.4,Social Media,0,36,1,1,0.99
19,Male,East,73658.63,22,104.61,7,3,0.27,65.5,Social Media,0,146,1,1,0.985
61,Female,South,76753.72,87,85.42,10,2,0.22,41.7,Social Media,0,50,1,1,0.98
31,Female,South,57941.75,37,131.63,3,0,0.099,44.3,Email,0,88,1,1,0.99
57,Male,South,73488.72,84,66.42,6,2,0.306,53.0,Email,0,123,1,1,0.995
28,Female,South,63871.27,48,56.19,8,1,0.24,81.2,Social Media,0,52,1,1,0.865
66,Male,West,23539.66,12,31.6,9,0,0.635,71.8,SMS,0,91,0,0,0.46
63,Male,North,60755.36,38,96.91,4,0,0.328,80.8,Social Media,0,31,1,1,0.99
63,Female,North,89395.38,97,78.59,9,1,0.298,44.5,Ads,1,78,1,1,0.98
20,Female,East,81491.93,77,95.76,9,1,0.151,68.4,Email,0,156,1,1,1.0
64,Female,North,17456.26,87,72.5,7,1,0.415,85.4,Email,0,42,1,1,0.865
69,Female,East,27129.2,66,29.23,8,0,0.336,67.9,Email,0,44,0,0,0.12
21,Male,West,86558.37,103,122.08,13,1,0.374,59.4,Social Media,1,97,1,1,0.96
67,Female,East,38188.27,75,65.04,7,1,0.343,66.5,Social Media,0,38,1,1,0.89
52,Other,South,48011.07,38,116.23,9,2,0.301,42.8,Ads,0,107,1,1,1.0
72,Male,North,47967.47,65,64.86,5,0,0.326,33.7,Social Media,0,30,1,1,0.94
70,Female,North,41753.35,108,52.11,10,0,0.041,67.5,Ads,0,8,0,0,0.375
41,Female,North,81558.68,63,43.11,10,0,0.152,88.9,Social Media,0,22,1,0,0.375
73,Male,West,77582.21,100,137.58,12,2,0.214,32.0,SMS,0,67,1,1,0.98
23,Male,South,42479.93,76,5.0,8,1,0.208,26.8,SMS,0,124,0,0,0.29
49,Male,South,29042.6,71,134.93,10,0,0.508,66.6,SMS,0,172,1,1,0.995
41,Female,West,105004.04,96,8.8,9,2,0.306,71.6,Email,0,148,0,0,0.225
66,Male,North,55000.32,108,38.37,11,2,0.311,15.7,SMS,0,172,1,1,0.835
18,Female,West,21075.07,2,115.67,15,0,0.279,73.7,Ads,0,44,1,1,0.95
48,Female,South,67138.54,29,21.92,5,2,0.231,41.4,SMS,1,82,1,0,0.345
20,Male,East,37891.23,100,132.07,5,2,0.384,38.2,SMS,1,21,1,1,0.96
67,Female,North,61508.12,33,105.75,7,1,0.28,20.7,Email,0,101,1,1,1.0
37,Female,South,57260.93,13,27.31,9,0,0.18,88.6,SMS,1,59,1,0,0.24
35,Female,North,97713.72,8,87.1,10,2,0.571,72.9,SMS,1,41,1,1,0.94
32,Other,East,60388.24,41,5.0,10,1,0.272,51.3,Social Media,0,57,0,0,0.11
39,Male,North,53869.07,58,138.16,9,1,0.198,69.2,Social Media,0,82,1,1,0.995
43,Male,West,61088.0,47,52.72,8,0,0.29,69.0,Email,0,103,1,1,0.98
65,Male,West,62235.99,51,73.36,4,3,0.567,62.4,SMS,0,155,1,1,0.99
44,Male,North,84144.68,22,27.81,5,2,0.384,69.9,Social Media,0,152,1,1,0.825
50,Male,North,60590.71,84,36.03,8,1,0.507,55.8,SMS,1,15,0,0,0.185
43,Female,East,41016.63,30,100.86,7,1,0.514,46.7,Ads,1,67,1,1,0.99
38,Female,East,76884.13,85,61.3,3,4,0.223,59.6,Email,0,95,1,1,0.98
67,Female,North,81290.69,69,11.36,15,2,0.101,62.0,SMS,0,104,0,0,0.255
60,Female,South,70582.48,50,137.87,5,1,0.063,59.0,Ads,0,64,1,1,0.99
67,Male,North,32865.31,99,66.2,7,1,0.372,61.0,SMS,0,45,1,1,0.915
52,Female,North,63558.36,69,82.75,8,5,0.249,53.8,SMS,1,28,1,1,0.925
32,Male,West,24543.51,33,72.71,6,2,0.142,69.4,Social Media,1,176,1,1,0.995
68,Female,North,44111.62,110,36.04,5,3,0.353,60.0,SMS,0,54,0,0,0.21
66,Male,South,40505.88,13,56.13,11,1,0.322,50.0,Email,0,104,1,1,0.965
57,Female,West,58122.6,27,34.45,5,2,0.126,66.6,Social Media,0,117,1,1,0.91
62,Female,West,65130.59,3,20.48,8,0,0.439,61.7,Email,0,80,1,0,0.245
61,Male,West,47753.3,109,119.21,9,0,0.314,79.1,Email,0,55,1,1,0.99
39,Male,South,46687.14,102,125.21,8,2,0.233,46.7,SMS,0,108,1,1,0.985
27,Male,East,35882.72,114,83.28,12,2,0.418,56.3,Ads,1,137,1,1,0.975
62,Female,East,17541.35,40,56.97,8,2,0.252,85.4,SMS,0,52,1,1,0.75
37,Female,South,64720.8,37,74.84,8,0,0.224,56.7,Ads,1,135,1,1,1.0
53,Female,North,41222.8,91,40.12,10,2,0.241,32.8,Ads,0,96,1,1,0.645
56,Female,South,54678.84,100,110.28,4,1,0.632,45.9,SMS,0,11,1,1,0.92
66,Male,East,26648.75,33,73.6,8,1,0.456,89.8,Social Media,0,167,1,1,0.98
50,Female,North,56378.47,101,115.46,10,2,0.203,78.8,Ads,1,39,1,1,0.975
65,Male,West,93653.68,32,62.58,9,1,0.264,67.7,SMS,0,25,1,1,0.885
63,Male,West,50664.09,42,99.51,9,3,0.444,58.3,Email,0,58,1,1,0.975
40,Female,East,53368.15,6,79.76,7,0,0.455,82.5,SMS,1,43,1,1,0.99
69,Female,South,63971.4,104,141.13,14,2,0.682,24.4,Social Media,0,107,1,1,0.99
53,Male,South,100269.19,45,147.07,7,2,0.229,53.9,Email,0,32,1,1,0.975
42,Male,South,49695.34,47,109.16,7,4,0.515,67.1,Email,0,2,1,1,0.96
20,Male,East,44507.08,29,119.42,9,0,0.422,51.8,SMS,0,178,1,1,0.99
63,Male,East,63558.46,24,54.89,6,0,0.232,69.0,Ads,0,112,1,1,0.99
41,Male,West,52334.11,90,129.31,4,2,0.186,38.5,Email,1,155,1,1,1.0
69,Female,South,69691.92,60,75.45,10,1,0.127,84.1,Ads,0,170,1,1,0.99
35,Male,South,33096.49,5,105.88,7,2,0.226,82.5,Social Media,1,178,1,1,1.0
44,Male,West,64064.76,50,45.37,13,1,0.561,23.5,Social Media,0,58,0,1,0.71
32,Female,East,73298.06,7,85.17,7,2,0.29,91.5,SMS,0,48,1,1,0.98
72,Male,South,51779.27,116,121.81,8,1,0.114,63.1,Email,0,163,1,1,1.0
63,Male,East,35519.84,33,122.98,7,1,0.092,28.2,Ads,0,169,1,1,0.995
26,Male,West,44755.47,66,72.49,7,1,0.25,70.9,Email,0,132,1,1,0.995
22,Other,West,58670.17,7,122.38,10,2,0.342,60.4,Email,1,132,1,1,1.0
50,Male,East,59307.28,22,36.74,16,6,0.102,15.5,Ads,0,94,1,1,0.815
59,Male,South,39870.34,73,69.37,5,2,0.436,84.4,Ads,0,88,1,1,0.965
60,Female,East,65172.99,51,36.5,5,1,0.155,75.6,SMS,1,69,1,1,0.505
62,Other,South,71285.4,34,62.2,10,3,0.44,48.9,Ads,0,18,1,1,0.905
74,Male,North,65868.64,20,98.87,7,1,0.375,65.5,Email,0,122,1,1,0.98
48,Male,West,72528.91,101,13.47,12,1,0.081,50.6,Email,1,2,0,0,0.065
59,Male,North,54547.37,67,82.96,10,1,0.462,53.5,SMS,1,72,1,1,0.98
21,Male,East,71778.87,107,111.93,6,2,0.428,34.1,Social Media,0,128,1,1,0.99
67,Female,East,55240.71,30,54.06,6,3,0.594,72.3,SMS,0,2,0,1,0.675
30,Female,South,23582.61,44,104.37,7,1,0.231,62.4,Social Media,0,158,1,1,0.995
35,Male,North,94506.77,42,132.17,12,3,0.134,31.8,Email,1,174,1,1,0.995
69,Male,East,54007.52,15,47.97,7,1,0.151,71.1,Ads,0,150,1,1,0.965
65,Male,East,44315.67,119,55.44,6,2,0.368,57.9,SMS,1,81,1,1,0.74
73,Female,South,55002.36,23,101.95,10,2,0.374,62.5,SMS,1,33,1,1,0.98
41,Female,East,83533.49,42,143.63,10,0,0.148,37.6,SMS,0,21,1,1,0.99
63,Male,South,47970.99,34,60.68,10,0,0.164,45.1,Social Media,1,53,1,1,0.975
29,Male,North,31318.67,62,102.44,5,2,0.114,61.9,Social Media,0,39,1,1,0.995
41,Female,West,42779.64,75,106.52,7,1,0.235,33.0,Email,0,72,1,1,0.98
44,Female,South,82690.85,86,164.84,6,1,0.021,63.3,Social Media,0,6,1,1,0.99
31,Female,East,57816.5,14,51.4,8,2,0.113,60.3,Social Media,0,132,1,1,0.98
29,Female,South,65345.55,86,177.47,6,1,0.316,81.8,Ads,0,102,1,1,0.995
42,Male,West,32425.17,56,131.66,7,4,0.466,60.7,Ads,0,35,1,1,0.965
52,Male,West,38781.62,66,112.02,8,2,0.365,61.8,SMS,0,42,1,1,0.98
65,Male,North,94233.28,93,22.86,7,5,0.311,80.2,Ads,1,84,0,0,0.255
38,Female,South,49530.71,58,88.11,7,1,0.364,61.2,Ads,0,132,1,1,0.995
23,Male,North,45772.28,84,167.96,4,3,0.289,60.2,Social Media,0,56,1,1,0.97
39,Female,West,91646.41,51,82.34,12,2,0.245,80.3,SMS,0,162,1,1,0.995
54,Male,South,81327.44,73,5.0,8,4,0.339,42.7,Social Media,1,29,0,0,0.06
23,Male,South,50291.21,104,35.07,7,2,0.521,64.9,Ads,0,117,0,0,0.445
66,Female,South,47150.72,41,67.84,13,1,0.469,45.1,Ads,1,167,1,1,0.985
44,Female,South,59795.87,108,48.45,9,0,0.151,81.6,Email,0,145,1,1,0.865
26,Female,West,42294.03,103,103.22,9,2,0.288,35.5,SMS,1,4,1,1,0.995
46,Female,North,37673.17,111,131.99,10,3,0.534,72.0,Ads,0,126,1,1,0.995
41,Female,South,43819.65,33,53.51,7,1,0.089,55.5,Ads,0,172,1,1,0.99
33,Male,North,58855.27,113,91.31,9,3,0.182,64.7,Email,0,118,1,1,0.98
34,Male,North,98975.43,71,28.48,10,3,0.177,61.3,Social Media,0,2,0,0,0.135
57,Female,West,70016.74,37,168.01,13,2,0.286,42.6,Email,0,99,1,1,0.995
30,Male,South,41468.62,37,35.44,11,2,0.139,61.4,Email,0,21,0,0,0.215
34,Male,East,51429.62,103,20.12,6,2,0.294,98.4,Email,0,27,0,0,0.09
43,Male,North,17419.49,87,33.39,4,1,0.11,62.1,Email,0,95,1,1,0.605
68,Female,East,58821.07,54,110.99,7,1,0.367,66.4,Social Media,0,84,1,1,1.0
43,Male,West,71951.44,106,133.55,6,1,0.146,44.6,Email,0,39,1,1,0.98
25,Male,North,44494.03,93,66.84,7,1,0.066,64.4,Ads,0,7,1,1,0.765
32,Female,South,64597.04,103,158.19,9,0,0.161,68.6,SMS,0,143,1,1,0.995
45,Female,West,35521.98,49,5.0,8,3,0.433,30.9,Ads,1,69,0,0,0.17
44,Female,West,69875.76,67,133.46,10,0,0.366,57.2,SMS,0,66,1,1,0.975
72,Male,North,53664.06,51,75.14,6,2,0.329,36.5,Social Media,0,103,0,1,0.995
22,Male,North,76293.47,51,85.43,8,2,0.071,75.6,SMS,0,11,1,1,0.965
29,Female,West,76959.45,94,149.36,4,1,0.183,66.9,Email,0,14,1,1,0.96
34,Male,East,68642.84,93,63.14,4,0,0.15,87.7,Ads,0,108,1,1,0.975
60,Female,East,57292.99,13,63.81,11,1,0.28,81.1,Social Media,0,139,1,1,0.975
45,Female,South,38833.96,28,133.3,9,3,0.484,52.9,Ads,0,156,1,1,0.995
29,Male,South,55417.26,81,44.51,2,1,0.128,7.8,Ads,0,178,1,1,0.94
71,Male,South,89461.11,101,119.08,10,2,0.546,38.7,Email,0,148,1,1,0.98
34,Male,East,69187.96,73,54.59,6,1,0.357,55.2,Social Media,0,73,1,1,0.89
57,Male,South,54381.04,53,119.29,9,0,0.395,47.8,Ads,0,44,1,1,0.99
55,Female,East,52920.55,47,72.97,6,1,0.438,54.2,Social Media,0,25,1,1,0.995
56,Other,West,49222.8,14,5.0,9,1,0.065,80.8,SMS,0,53,0,0,0.29
46,Male,West,59889.71,85,57.73,7,2,0.247,79.2,SMS,1,30,0,1,0.755
33,Female,South,63539.55,98,79.09,6,2,0.342,60.8,SMS,1,112,1,1,0.995
66,Female,North,56826.14,24,97.09,8,1,0.167,58.7,Email,0,17,1,1,0.985
21,Female,East,57653.29,17,50.01,16,1,0.178,59.4,Ads,1,42,1,1,0.735
48,Female,East,82653.76,50,43.23,11,1,0.191,66.1,SMS,0,164,1,1,0.935
66,Other,West,37710.05,63,53.14,7,1,0.446,49.8,Email,1,75,1,1,0.93
38,Male,East,56429.96,57,108.86,9,2,0.083,63.7,Ads,0,19,1,1,0.99
19,Male,North,19427.9,83,12.88,6,3,0.326,61.3,SMS,0,38,0,0,0.155
28,Female,South,57706.79,115,127.4,8,2,0.319,29.2,SMS,1,93,1,1,0.975
69,Male,East,48770.93,81,86.18,7,0,0.255,52.1,Social Media,1,89,1,1,0.99
61,Male,South,48014.22,48,84.24,7,1,0.058,72.6,SMS,0,69,1,1,0.99
42,Female,North,39929.83,40,76.04,7,2,0.042,19.6,Ads,0,121,1,1,0.995
19,Female,South,47162.13,86,42.81,7,2,0.169,58.7,SMS,0,100,1,1,0.705
26,Female,South,61284.49,68,32.7,8,1,0.324,37.1,Ads,0,1,0,0,0.205
25,Male,West,17843.42,49,107.05,6,2,0.185,47.1,Email,0,144,1,1,0.985
38,Other,South,77027.15,1,112.09,8,2,0.477,88.6,Social Media,0,113,1,1,0.985
53,Female,North,52253.55,108,95.08,8,2,0.127,39.2,Social Media,0,60,1,1,0.99
55,Male,East,58616.35,20,64.88,6,0,0.502,42.8,Ads,0,80,1,1,0.995
53,Male,North,66977.83,27,106.57,13,5,0.358,27.3,Email,0,90,1,1,0.965
29,Other,West,66285.81,114,102.99,10,2,0.403,56.1,SMS,0,90,1,1,0.995
20,Male,West,76109.98,87,89.18,9,1,0.212,39.9,SMS,0,146,1,1,0.995
40,Female,North,62715.44,94,34.34,10,3,0.537,76.8,Ads,1,14,0,0,0.125
70,Male,East,84813.98,29,79.94,8,1,0.277,73.3,Email,0,10,1,1,0.97
26,Female,East,40926.71,99,93.19,12,2,0.305,79.9,SMS,1,42,1,1,0.94
44,Female,West,76550.31,62,43.69,6,2,0.434,90.0,Social Media,0,61,0,1,0.53
59,Female,West,66248.45,53,30.35,5,0,0.068,82.3,SMS,0,104,0,1,0.615
69,Female,South,85354.98,49,63.98,8,1,0.224,25.1,SMS,0,147,1,1,0.995
65,Male,North,65685.48,12,104.62,12,2,0.509,51.7,Ads,0,4,1,1,0.975
50,Female,West,65258.72,20,48.99,9,3,0.256,35.6,SMS,0,175,1,1,0.98
61,Female,North,64273.99,58,71.54,4,0,0.223,44.4,Email,0,96,1,1,1.0
42,Male,South,53204.77,12,113.01,14,1,0.099,59.5,Ads,0,98,1,1,1.0
41,Male,South,69156.6,9,111.34,4,1,0.586,61.9,Email,1,14,1,1,0.97
62,Male,East,61800.23,62,92.53,5,2,0.381,63.8,SMS,1,13,1,1,0.985
63,Male,East,66744.85,17,73.27,5,1,0.335,48.2,Ads,0,120,1,1,0.995
72,Female,South,67547.49,92,46.51,7,2,0.121,52.4,Email,1,15,1,0,0.335
41,Male,North,53150.09,9,81.6,6,2,0.207,92.8,Email,0,85,1,1,0.97
46,Male,West,45509.93,68,110.59,7,0,0.511,51.0,Ads,1,64,1,1,0.98
73,Female,West,59097.18,26,132.56,12,3,0.116,88.1,Ads,0,158,1,1,0.985
27,Female,West,47334.65,13,138.63,7,3,0.267,76.8,SMS,0,134,1,1,0.995
72,Female,North,91124.88,26,99.41,8,3,0.104,66.7,Social Media,0,13,1,1,0.985
47,Male,North,71113.37,118,26.25,10,1,0.278,37.7,Ads,0,143,0,1,0.52
71,Male,North,47945.97,7,61.6,11,2,0.072,40.5,SMS,0,72,1,1,0.955
26,Female,East,56673.43,49,80.55,10,9,0.069,86.0,SMS,0,38,1,1,0.935
52,Female,North,55268.58,36,129.3,10,2,0.136,77.5,Ads,0,141,1,1,1.0
55,Male,South,64255.08,17,133.24,12,2,0.189,69.9,Ads,1,150,1,1,0.995
37,Female,West,52656.06,59,71.67,8,3,0.312,41.7,Social Media,0,52,1,1,1.0
61,Female,East,42932.19,59,87.17,12,0,0.286,75.8,Ads,0,19,1,1,0.97
20,Male,East,42519.49,63,54.74,11,2,0.148,61.2,Ads,0,138,1,1,0.975
33,Female,North,69102.03,81,75.35,11,1,0.474,77.7,Email,0,49,1,1,0.915
55,Female,North,58303.92,8,78.7,5,1,0.192,65.0,Social Media,1,97,1,1,0.995
22,Female,West,47693.38,45,90.84,9,1,0.217,72.8,Email,0,171,1,1,0.995
40,Female,West,22962.11,51,83.94,12,3,0.111,63.2,Email,1,47,1,1,0.99
74,Female,North,67907.26,90,20.33,6,1,0.308,64.0,SMS,0,174,0,0,0.41
32,Male,South,64320.74,98,86.35,4,2,0.119,68.3,Social Media,1,167,1,1,1.0
20,Female,North,95096.09,19,50.67,13,1,0.333,80.6,SMS,0,32,1,1,0.58
26,Male,East,69094.15,29,34.3,5,3,0.201,74.7,SMS,0,113,1,1,0.775
59,Female,South,85176.34,35,126.36,8,1,0.063,62.8,Ads,0,32,1,1,0.99
67,Female,East,87209.15,78,107.5,9,3,0.318,46.1,Email,0,34,1,1,0.985
26,Female,South,37192.86,48,84.49,8,0,0.255,24.8,Email,1,60,1,1,0.955
25,Female,North,64882.09,12,110.84,9,6,0.305,39.5,Social Media,0,41,1,1,0.98
18,Female,West,41586.53,81,98.37,8,2,0.291,54.7,SMS,1,145,1,1,0.98
66,Male,North,59275.87,42,76.21,9,2,0.056,32.9,Social Media,1,135,1,1,1.0
50,Male,East,73087.36,6,30.5,9,0,0.103,75.9,Ads,0,3,0,0,0.185
63,Female,North,60250.85,89,88.1,7,3,0.438,17.6,Ads,1,69,1,1,0.985
18,Male,South,26769.02,15,73.97,11,1,0.368,77.4,Email,0,58,1,1,0.945
48,Male,North,102704.36,54,55.79,8,0,0.226,62.1,Email,0,30,1,1,0.76
31,Female,East,82527.7,16,76.29,6,0,0.007,86.5,Email,0,133,1,1,0.985
60,Female,West,65555.6,58,85.76,11,3,0.177,48.6,Email,1,106,1,1,0.99
68,Female,South,27101.63,15,40.7,6,3,0.201,45.2,Social Media,0,178,1,1,0.9
67,Female,West,116401.27,20,31.42,2,2,0.426,18.9,SMS,1,78,1,1,0.595
26,Female,North,37634.62,3,66.47,10,2,0.309,47.0,Ads,1,1,1,1,0.85
64,Male,East,28977.97,25,55.24,15,1,0.299,29.8,Ads,0,65,1,1,0.89
26,Female,West,57845.07,61,37.01,3,1,0.547,59.2,Social Media,0,40,0,0,0.34
44,Male,East,74753.43,62,133.34,12,3,0.346,89.9,Ads,0,138,1,1,0.995
20,Female,North,59193.82,95,71.81,6,3,0.044,79.1,SMS,0,66,1,1,0.97
28,Male,North,69794.32,60,95.19,10,2,0.349,100.0,SMS,0,67,1,1,0.98
42,Male,West,58367.49,62,66.86,6,2,0.206,51.9,Social Media,0,135,1,1,1.0
28,Female,West,39659.33,56,85.98,17,2,0.465,39.0,Social Media,0,174,1,1,0.945
72,Male,South,66801.57,57,90.99,6,1,0.27,44.5,SMS,1,106,1,1,0.99
35,Male,East,64629.48,93,91.44,12,2,0.119,72.5,Email,0,143,1,1,0.99
48,Male,North,60843.19,58,62.62,15,0,0.371,64.0,Ads,1,17,0,1,0.61
43,Male,South,44337.88,107,24.75,4,2,0.358,74.8,Email,1,125,0,0,0.385
24,Female,North,82562.42,89,117.86,7,0,0.479,47.1,SMS,1,19,1,1,0.975
70,Male,West,45360.86,12,78.61,4,2,0.066,41.9,Email,0,170,1,1,0.99
26,Male,West,56167.11,37,121.35,10,0,0.347,73.4,Ads,1,179,1,1,1.0
69,Female,North,67761.3,15,35.82,4,0,0.338,98.2,Social Media,1,37,0,0,0.33
50,Male,North,47490.46,112,31.84,8,1,0.621,63.3,Email,0,33,0,0,0.09
51,Male,West,63838.25,58,148.24,13,1,0.252,65.6,Ads,0,83,1,1,0.995
53,Male,West,55411.2,83,70.38,14,1,0.072,68.3,Ads,1,56,1,1,0.955
54,Female,West,55868.32,27,57.15,2,3,0.198,43.7,Social Media,0,55,1,1,0.92
30,Female,East,96214.32,47,100.41,9,3,0.623,42.3,Social Media,0,45,1,1,0.975
27,Female,East,62901.26,59,50.63,4,4,0.595,71.3,Social Media,1,41,0,1,0.645
38,Female,West,61484.4,6,33.34,11,1,0.266,74.9,Ads,0,134,0,1,0.86
41,Female,East,54330.1,70,50.01,5,1,0.577,59.3,Ads,1,164,1,1,0.94
42,Female,North,68505.48,63,111.92,5,2,0.391,49.9,Email,1,92,1,1,1.0
68,Female,West,61333.4,60,89.15,6,3,0.244,68.8,Social Media,0,178,1,1,1.0
71,Female,North,16810.77,10,55.18,7,1,0.316,49.1,Email,1,101,1,1,0.95
27,Male,West,84805.01,91,35.41,10,2,0.433,34.7,Social Media,0,133,1,1,0.68
66,Female,South,60572.04,21,122.06,4,2,0.261,90.9,Social Media,0,80,1,1,0.995
22,Other,West,62471.22,69,156.38,9,2,0.161,63.6,Social Media,0,57,1,1,0.995
58,Male,East,85340.12,97,83.89,11,0,0.362,76.3,SMS,1,65,1,1,0.975
65,Female,South,56593.87,94,106.36,9,2,0.098,68.5,SMS,0,177,1,1,0.98
67,Male,South,69118.44,93,83.37,10,3,0.309,74.1,SMS,0,105,1,1,0.985
45,Female,South,98571.19,93,96.78,7,4,0.064,56.0,SMS,1,143,1,1,0.98
52,Male,East,69724.91,54,20.96,7,1,0.179,22.4,SMS,1,28,1,0,0.25
72,Male,East,74175.27,49,97.89,6,2,0.163,67.1,Social Media,0,67,1,1,0.995
26,Female,South,65456.44,109,71.41,10,2,0.131,91.0,Ads,0,166,1,1,0.99
43,Male,West,107471.88,69,43.08,8,1,0.274,56.4,Email,0,130,1,1,0.83
21,Male,West,39571.46,116,75.39,7,0,0.244,97.5,SMS,1,111,1,1,0.955
70,Male,West,49485.44,11,80.58,10,0,0.182,46.0,Ads,0,14,1,1,0.975
42,Female,East,95905.84,72,83.59,11,1,0.373,46.7,Ads,0,25,1,1,0.94
21,Female,North,31745.12,66,78.95,12,2,0.336,39.8,Ads,0,30,1,1,0.945
25,Female,East,74522.08,62,76.05,8,1,0.231,52.5,Email,0,124,1,1,1.0
25,Female,South,40507.0,51,27.89,10,2,0.211,18.8,Ads,1,142,1,1,0.69
19,Male,South,46408.43,52,51.24,3,0,0.426,62.8,Ads,1,56,1,1,0.82
44,Female,East,63237.49,11,55.41,9,1,0.074,85.7,Email,0,126,1,1,0.96
52,Female,West,65661.15,109,77.77,8,1,0.321,82.7,SMS,1,66,1,1,0.99
73,Male,South,34757.26,3,73.29,10,1,0.038,55.5,Ads,0,158,1,1,0.98
59,Male,West,92603.38,70,113.74,13,0,0.48,62.1,Social Media,0,60,1,1,0.95
67,Male,North,30021.24,97,131.69,11,1,0.134,78.7,Social Media,0,163,1,1,0.995
37,Female,East,58987.48,106,164.5,5,2,0.439,58.6,Email,0,104,1,1,0.995
64,Male,East,70653.55,27,110.08,7,2,0.353,72.1,Ads,0,9,1,1,0.98
43,Female,West,57749.96,34,113.72,7,0,0.191,67.8,Social Media,1,69,1,1,1.0
50,Male,West,39209.87,35,48.74,8,2,0.556,32.8,Social Media,0,113,1,1,0.98
20,Male,South,43446.48,80,54.79,6,3,0.353,96.7,Email,0,177,1,1,0.915
43,Female,West,47699.99,85,85.61,6,1,0.227,66.6,Social Media,0,118,1,1,0.99
41,Female,South,42772.06,53,5.0,4,2,0.329,58.4,Email,1,91,0,0,0.225
41,Male,South,67387.92,104,61.86,6,1,0.446,35.3,Social Media,1,75,1,1,0.935
71,Male,East,44630.48,95,138.48,6,4,0.346,33.9,Ads,0,77,1,1,0.995
47,Male,West,58980.28,4,63.02,9,0,0.404,35.7,SMS,0,93,1,1,0.98
20,Male,West,75323.23,46,101.11,1,2,0.446,25.2,Email,0,83,1,1,0.955
66,Female,North,51252.3,58,138.0,5,4,0.258,79.9,Ads,0,140,1,1,1.0
56,Female,North,37513.32,56,64.79,5,2,0.038,96.6,Ads,1,57,0,1,0.88
59,Female,South,57034.69,66,155.08,6,0,0.175,98.0,SMS,1,164,1,1,0.995
39,Female,North,54800.65,8,78.24,9,2,0.523,83.2,SMS,0,32,1,1,0.95
26,Male,West,47911.38,21,123.64,13,0,0.182,50.7,Social Media,0,3,1,1,0.965
52,Male,West,68863.49,86,36.22,7,0,0.504,56.8,SMS,1,28,0,0,0.235
23,Female,East,20001.67,36,53.51,9,1,0.253,99.3,SMS,0,124,1,1,0.92
48,Male,West,44246.33,74,91.87,7,1,0.316,71.5,Social Media,0,161,1,1,1.0
71,Female,North,70753.7,4,35.27,11,1,0.234,34.1,Email,0,106,1,1,0.755
62,Female,North,44954.75,59,36.32,5,3,0.159,46.7,Social Media,0,78,1,1,0.605
39,Female,West,47671.65,84,66.51,8,1,0.353,43.0,Email,1,29,1,1,0.93
49,Female,South,52367.72,86,76.07,2,2,0.651,74.8,SMS,0,89,1,1,0.955
69,Male,South,76593.74,25,53.58,10,0,0.27,41.7,SMS,0,16,1,1,0.78
48,Male,North,44978.02,95,162.64,7,1,0.205,23.8,Social Media,0,171,1,1,1.0
49,Male,West,49906.24,100,96.26,7,3,0.189,85.9,Email,1,83,1,1,0.995
27,Female,South,37593.06,31,22.71,4,3,0.395,51.6,Ads,1,21,0,0,0.175
65,Female,North,70881.04,94,86.62,6,0,0.205,83.0,Social Media,0,139,1,1,1.0
51,Female,North,68601.63,114,65.23,11,2,0.751,100.0,Ads,0,35,1,1,0.61
43,Female,South,15000.0,103,119.68,6,3,0.133,65.9,Email,0,93,1,1,0.985
34,Male,North,32914.95,99,67.98,9,4,0.265,69.4,Ads,0,130,1,1,0.995
48,Female,North,92655.17,34,108.99,10,0,0.03,50.9,SMS,0,37,1,1,0.975
45,Female,South,40349.54,101,63.99,8,0,0.315,60.3,Social Media,1,31,1,1,0.805
71,Male,South,65388.02,8,102.69,8,1,0.279,55.2,Social Media,0,78,1,1,0.995
51,Female,South,74401.2,24,38.28,5,4,0.609,40.0,Social Media,1,104,1,1,0.775
29,Male,South,53103.54,26,75.36,9,1,0.385,85.9,Email,0,42,1,1,0.98
50,Male,West,65199.26,34,117.11,5,3,0.064,72.7,Email,0,38,1,1,0.995
45,Male,North,50644.67,91,72.07,13,2,0.293,74.6,Ads,1,120,1,1,0.99
42,Male,West,38577.96,95,88.63,10,0,0.169,36.0,Email,1,67,1,1,0.985
63,Male,East,26702.68,112,91.84,4,2,0.183,40.9,Ads,0,105,1,1,0.99
19,Female,North,48711.75,107,105.19,8,3,0.129,77.7,SMS,1,92,1,1,0.975
34,Female,East,43515.45,62,46.09,10,0,0.174,25.3,Email,1,132,1,1,0.94
53,Other,North,30518.81,81,97.39,13,1,0.059,89.0,Social Media,0,6,1,1,0.965
42,Male,South,64179.15,64,19.86,7,1,0.387,75.6,SMS,0,170,1,0,0.44
70,Male,West,57113.89,86,84.76,7,4,0.443,43.1,Social Media,0,96,1,1,0.965
24,Female,East,60049.96,64,46.42,5,2,0.531,87.3,Social Media,0,45,0,1,0.535
47,Female,East,60341.05,104,68.28,5,0,0.221,80.3,Social Media,1,31,1,1,0.86
48,Male,West,51213.7,95,77.6,6,1,0.439,61.4,Email,0,107,1,1,0.99
26,Male,West,58199.26,9,128.22,11,1,0.506,53.6,SMS,0,56,1,1,0.975
43,Female,North,61692.03,58,116.97,6,0,0.272,44.9,Social Media,1,85,1,1,0.995
25,Male,West,48561.67,51,17.09,7,2,0.067,46.4,Social Media,0,26,0,0,0.14
71,Male,West,61954.64,94,103.53,11,2,0.226,49.4,Ads,0,60,1,1,1.0
49,Female,East,76619.67,96,71.23,8,0,0.379,53.7,Email,1,76,1,1,0.975
49,Male,East,61268.58,117,33.08,8,1,0.32,59.8,Ads,0,171,1,1,0.585
32,Male,East,53723.2,88,57.21,6,1,0.428,53.7,Ads,0,148,1,1,0.95
57,Male,North,15000.0,107,119.53,9,1,0.299,29.1,SMS,0,158,1,1,1.0
53,Male,North,74228.27,54,54.58,10,1,0.2,65.9,Ads,0,70,1,1,0.935
49,Female,West,54704.98,86,25.29,7,2,0.088,70.7,SMS,1,29,0,0,0.08
45,Male,East,56591.3,94,86.33,7,0,0.486,37.1,Social Media,0,153,1,1,0.99
69,Female,West,52443.53,34,100.35,8,1,0.25,62.2,Email,1,48,1,1,0.99
26,Female,East,15000.0,59,18.27,5,1,0.595,67.0,Ads,0,90,1,0,0.31
59,Female,South,49142.66,77,145.92,7,3,0.124,58.7,Email,0,144,1,1,1.0
21,Male,South,60310.26,65,45.2,12,2,0.1,73.8,Email,1,5,0,0,0.345
42,Male,East,47800.61,90,154.32,7,0,0.327,63.7,Email,0,108,1,1,0.995
62,Male,West,70647.44,10,90.85,12,3,0.118,76.0,Ads,1,158,1,1,0.985
34,Male,West,45625.58,35,91.95,8,1,0.153,79.9,Email,0,11,1,1,0.98
34,Female,East,57573.5,109,66.05,9,2,0.179,52.4,Email,0,91,1,1,0.99
43,Female,South,53870.41,34,116.45,4,1,0.261,63.8,Ads,0,169,1,1,0.995
73,Female,North,91105.11,77,60.63,8,1,0.088,35.4,Ads,1,8,0,1,0.79
34,Female,South,44681.23,112,44.15,10,0,0.248,77.5,Social Media,0,86,1,0,0.46
44,Female,East,84294.86,21,82.52,5,1,0.567,30.3,Social Media,1,169,1,1,1.0
43,Male,East,59951.63,30,96.89,10,3,0.339,74.2,Ads,0,135,1,1,1.0
29,Male,West,40082.9,43,117.27,9,3,0.319,60.2,Email,0,162,1,1,0.985
56,Male,East,61456.94,70,116.27,5,2,0.645,80.5,Social Media,0,112,1,1,0.97
58,Female,South,37650.46,61,73.66,10,1,0.28,50.0,SMS,0,147,1,1,0.985
55,Male,South,66128.39,100,39.21,4,6,0.011,90.0,Email,0,167,1,1,0.815
33,Female,West,80384.52,10,64.36,7,1,0.083,69.9,Ads,1,91,1,1,0.995
70,Male,West,50333.18,4,125.54,7,3,0.231,42.6,SMS,1,4,1,1,0.98
66,Female,South,57103.7,17,39.06,5,3,0.308,50.5,Ads,1,33,1,1,0.535
44,Male,North,85161.62,69,69.14,7,2,0.082,63.7,Social Media,0,155,1,1,0.99
52,Female,North,53142.48,55,47.27,12,1,0.386,44.8,Ads,0,100,0,1,0.865
47,Female,South,45014.33,76,55.76,14,2,0.236,24.3,SMS,0,89,1,1,0.92
19,Female,South,44055.06,25,114.08,6,2,0.189,66.1,SMS,0,12,1,1,0.97
18,Male,North,78146.97,96,70.11,8,1,0.095,83.7,SMS,0,77,1,1,0.98
40,Male,East,49578.31,111,44.38,6,1,0.658,50.8,SMS,0,140,1,1,0.835
61,Female,West,77793.64,105,64.86,8,1,0.424,65.8,Social Media,0,7,1,1,0.61
64,Male,South,53528.82,26,169.72,13,0,0.237,51.7,Ads,0,53,1,1,0.98
69,Male,North,36247.05,69,80.03,9,4,0.224,83.2,SMS,0,31,1,1,0.915
52,Female,East,44725.19,55,73.87,5,1,0.156,80.9,Email,0,154,1,1,0.99
47,Female,East,51905.11,73,151.06,8,0,0.074,42.8,SMS,0,7,1,1,0.98
70,Male,East,47831.34,33,29.27,8,1,0.174,79.0,SMS,0,36,0,0,0.23
59,Male,West,70199.8,91,77.18,4,1,0.204,76.9,Ads,0,116,1,1,0.975
41,Female,South,55976.8,93,119.06,12,0,0.356,43.2,Email,0,86,1,1,0.99
59,Male,East,85719.44,72,70.04,10,4,0.372,100.0,SMS,0,22,0,1,0.69
52,Male,North,41877.93,96,22.79,6,2,0.315,35.1,Social Media,0,25,0,0,0.07
55,Male,North,85103.49,119,70.47,7,1,0.104,80.0,SMS,0,40,1,1,0.79
58,Female,South,54638.21,105,52.84,6,0,0.364,85.7,Ads,0,62,1,1,0.775
33,Female,West,69311.07,40,60.96,11,0,0.41,44.9,SMS,0,20,1,1,0.83
46,Female,South,87892.7,54,86.58,6,0,0.34,52.4,Email,0,155,1,1,1.0
25,Other,East,69307.76,25,114.97,6,1,0.279,74.8,Email,1,97,1,1,0.985
18,Female,North,63276.58,3,106.75,6,2,0.486,74.7,Social Media,1,71,1,1,0.98
38,Male,West,33907.7,110,25.75,8,3,0.235,69.8,Ads,0,106,0,0,0.285
70,Female,East,52474.02,35,117.29,9,3,0.057,68.8,SMS,1,160,1,1,0.995
54,Male,South,47569.41,55,70.51,5,3,0.266,35.7,SMS,0,76,1,1,0.98
53,Male,South,67192.82,79,70.97,9,1,0.229,93.9,Email,0,129,1,1,0.97
18,Male,East,83559.02,16,132.73,12,1,0.319,63.8,Email,0,133,1,1,0.97
43,Female,East,61512.98,20,96.43,12,0,0.339,58.2,Email,0,58,1,1,1.0
45,Female,North,59930.55,50,43.8,5,1,0.466,41.8,SMS,1,109,1,1,0.9
66,Male,East,56164.91,61,62.39,6,2,0.371,74.9,Social Media,0,149,1,1,0.985
74,Female,North,39172.84,57,60.6,5,0,0.146,70.8,Social Media,0,25,1,1,0.845
48,Male,West,51316.09,61,119.04,8,2,0.133,67.0,Email,0,115,1,1,1.0
40,Female,North,66694.37,106,98.79,5,0,0.029,66.5,SMS,0,29,1,1,0.965
22,Female,South,92535.5,32,101.72,9,0,0.09,63.3,SMS,0,121,1,1,0.995
62,Male,West,42923.68,81,96.73,7,0,0.067,43.5,SMS,0,160,1,1,0.995
33,Female,North,61034.32,107,72.1,9,2,0.515,63.0,Social Media,0,115,1,1,0.985
73,Male,West,55426.46,95,49.13,6,1,0.504,79.2,Email,0,121,1,1,0.785
70,Female,South,47899.53,93,114.47,10,0,0.351,69.7,Social Media,0,108,1,1,0.995
29,Female,North,37031.69,74,52.47,9,1,0.134,47.6,SMS,0,99,1,1,0.94
18,Male,East,37319.31,45,109.65,6,5,0.427,50.1,Email,1,138,1,1,0.98
39,Male,West,41044.99,116,81.47,11,2,0.572,37.7,Ads,0,160,1,1,0.995
69,Male,West,73886.35,31,60.68,6,0,0.037,100.0,SMS,0,43,1,1,0.88
34,Female,South,91395.24,100,35.98,6,2,0.317,88.0,Social Media,1,99,0,0,0.46
53,Other,North,81573.44,73,90.43,6,1,0.291,36.3,Email,0,1,1,1,0.91
30,Female,East,30344.04,94,159.05,10,4,0.465,47.9,SMS,1,47,1,1,0.985
24,Male,East,85586.74,77,42.81,8,4,0.213,72.7,Email,1,89,0,1,0.665
46,Male,West,60485.15,81,123.4,11,1,0.566,91.1,Email,0,82,1,1,0.98
70,Female,North,63910.12,48,109.08,6,0,0.497,30.7,SMS,1,126,1,1,1.0
29,Male,South,66525.24,54,75.81,9,2,0.305,70.4,SMS,1,7,1,1,0.87
64,Female,South,81197.02,51,85.68,6,1,0.36,92.8,Social Media,1,135,1,1,0.99
29,Male,West,60748.98,46,96.68,9,2,0.584,77.3,SMS,0,128,1,1,0.985
61,Female,East,50929.48,6,137.03,4,1,0.273,47.6,Ads,0,19,1,1,0.995
25,Female,East,36138.25,22,167.97,3,3,0.476,52.7,Email,0,52,1,1,0.97
20,Male,East,45754.21,10,126.17,7,4,0.16,81.1,Ads,1,164,1,1,0.995
40,Male,South,80764.53,42,60.3,13,1,0.004,61.0,Ads,1,115,1,1,0.97
53,Male,West,32851.16,105,131.2,8,3,0.157,49.8,Ads,0,30,1,1,0.97
30,Female,East,57808.55,21,45.17,11,2,0.759,43.5,Social Media,1,138,1,1,0.87
70,Female,West,55185.96,5,137.57,9,2,0.73,73.3,Social Media,0,140,1,1,0.99
61,Male,West,50944.38,104,64.88,8,1,0.567,63.4,Email,0,177,1,1,0.965
72,Female,North,45475.83,83,41.4,6,0,0.065,50.2,SMS,0,109,1,1,0.82
43,Male,West,59882.39,105,37.63,6,2,0.216,82.4,Email,0,54,0,0,0.28
24,Male,South,63175.92,45,46.07,6,1,0.338,65.1,Email,0,74,1,1,0.73
54,Female,North,36769.11,48,34.07,11,2,0.082,32.5,Social Media,0,54,0,0,0.365
61,Male,North,58046.88,24,53.73,11,1,0.363,77.7,SMS,0,123,1,1,0.965
47,Female,North,36855.51,26,82.14,10,2,0.241,82.4,SMS,0,160,1,1,0.99
43,Female,South,62037.73,101,53.97,8,2,0.169,36.4,Social Media,1,61,0,1,0.795
59,Female,East,72633.44,42,69.64,13,1,0.348,46.1,SMS,1,45,1,1,0.94
40,Male,North,58062.33,70,113.63,10,2,0.315,68.4,Ads,1,144,1,1,0.995
37,Female,North,66598.04,100,72.81,7,0,0.233,60.3,Ads,1,10,1,1,0.88
40,Male,West,71642.42,110,116.0,12,3,0.448,75.1,Email,0,133,1,1,0.985
30,Female,East,47228.0,19,27.94,7,2,0.201,58.7,Email,0,179,1,1,0.915
59,Male,East,44307.89,118,35.52,8,3,0.337,60.9,Ads,0,49,0,0,0.2
71,Female,South,44757.57,39,88.32,10,1,0.253,29.4,Social Media,1,100,1,1,0.99
27,Male,North,99200.04,19,99.83,8,1,0.438,65.0,Social Media,0,169,1,1,0.995
19,Female,West,96010.08,78,95.55,9,3,0.131,46.9,Email,0,87,1,1,0.97
31,Female,East,56342.98,85,89.3,6,0,0.032,48.4,Ads,0,141,1,1,0.985
47,Female,South,37847.56,26,94.66,12,0,0.129,58.7,Social Media,0,136,1,1,0.995
63,Male,North,77971.49,89,56.57,4,2,0.184,81.3,Ads,0,126,1,1,0.965
19,Female,South,38372.01,86,112.23,5,1,0.324,63.7,Ads,0,42,1,1,0.975
31,Male,East,56964.69,104,22.6,6,1,0.114,61.9,Social Media,0,86,0,0,0.185
45,Female,North,46667.38,68,122.64,7,2,0.396,48.6,Social Media,1,41,1,1,0.985
62,Female,East,43351.88,118,65.2,1,0,0.279,68.9,Social Media,0,32,1,1,0.76
25,Female,South,54510.89,92,91.72,9,1,0.262,20.2,Email,0,81,1,1,0.985
66,Female,East,56013.37,15,131.88,11,1,0.463,84.3,Email,1,154,1,1,0.995
47,Female,West,56068.4,99,109.94,2,1,0.616,55.3,Social Media,1,164,1,1,0.995
61,Male,West,70699.32,67,31.72,10,1,0.385,67.7,Email,1,7,0,0,0.09
53,Male,North,78742.76,56,123.31,8,1,0.226,41.7,Ads,0,170,1,1,0.99
30,Female,West,100962.39,41,129.35,7,2,0.328,54.4,Social Media,1,57,1,1,0.975
22,Male,West,54011.4,112,94.7,6,1,0.229,54.3,Social Media,0,176,1,1,0.995
51,Male,West,32808.83,25,53.36,7,3,0.552,69.2,Email,0,21,1,1,0.69
72,Female,North,68532.43,18,75.59,4,0,0.051,49.4,SMS,0,151,1,1,0.99
19,Male,South,56231.2,30,38.78,7,2,0.157,15.2,SMS,0,48,1,1,0.585
47,Male,East,40806.85,96,37.37,5,4,0.362,68.2,SMS,0,115,1,1,0.665
45,Male,South,59657.24,12,84.76,12,2,0.166,82.8,Social Media,0,20,1,1,0.98
70,Female,East,63101.78,10,139.88,10,2,0.52,54.1,Social Media,0,103,1,1,0.99
42,Male,North,52467.49,57,81.67,4,0,0.202,29.2,Social Media,1,9,1,1,0.975
63,Female,South,47911.48,41,62.43,10,1,0.071,42.9,Email,0,126,1,1,0.995
29,Female,East,103104.07,93,67.74,2,0,0.319,42.1,Ads,0,84,1,1,0.95
52,Male,North,72426.93,113,67.39,16,4,0.322,73.3,Social Media,1,54,1,1,0.855
67,Male,West,83383.05,22,100.68,6,0,0.187,100.0,Email,0,164,1,1,1.0
62,Male,West,55285.85,110,93.74,4,4,0.257,75.7,Email,1,161,1,1,0.99
51,Male,South,63972.82,52,79.59,8,3,0.193,67.8,Social Media,1,113,1,1,0.995
58,Female,South,53580.63,57,120.17,14,5,0.152,44.9,Social Media,0,113,1,1,0.985
66,Female,West,57255.27,69,57.39,10,2,0.614,50.4,SMS,1,86,1,1,0.92
66,Female,South,56140.2,82,72.11,12,2,0.099,56.4,Ads,1,56,1,1,0.98
69,Female,West,47913.33,78,89.21,6,2,0.26,73.5,Social Media,1,104,1,1,0.98
63,Male,North,50017.5,92,60.48,8,1,0.237,65.1,Email,0,102,0,1,0.985
72,Male,East,59549.89,48,125.75,9,1,0.171,57.2,SMS,0,8,1,1,0.985
18,Female,West,46317.28,97,5.0,5,3,0.049,49.8,Ads,1,36,0,0,0.22
70,Female,East,18750.52,75,163.93,4,1,0.175,53.8,Email,0,60,1,1,0.975
69,Female,East,67593.06,116,106.91,9,4,0.356,70.0,Ads,0,119,1,1,0.975
45,Female,North,73076.3,86,69.91,7,2,0.273,83.4,SMS,0,95,1,1,0.99
69,Male,South,49044.72,9,59.06,8,1,0.472,56.4,Email,0,88,1,1,0.97
72,Male,West,54252.7,12,85.42,8,1,0.447,75.2,Email,1,42,1,1,0.985
25,Male,West,57136.41,37,59.45,4,1,0.247,40.8,Ads,0,174,1,1,0.975
19,Male,West,73502.01,46,49.33,8,1,0.145,67.6,Email,0,79,1,1,0.88
66,Female,West,88901.09,84,17.33,11,1,0.192,82.6,Social Media,0,94,0,0,0.18
54,Female,South,91095.12,78,93.78,9,4,0.462,93.2,Social Media,1,144,1,1,0.965
36,Male,North,44774.01,87,65.19,11,3,0.071,62.6,SMS,0,98,1,1,0.985
67,Male,South,51465.53,111,48.98,3,3,0.104,43.7,Ads,1,19,1,1,0.52
65,Male,North,50604.12,21,133.69,8,3,0.351,70.9,SMS,0,47,1,1,0.985
47,Male,East,102818.53,79,70.5,11,1,0.187,86.5,Email,0,135,1,1,0.99
19,Male,East,83637.59,66,40.9,7,2,0.384,54.7,Social Media,0,143,1,1,0.75
24,Male,South,71347.51,114,104.77,5,0,0.125,32.0,Ads,1,155,1,1,0.995
67,Male,West,64886.5,93,115.88,3,1,0.207,54.3,SMS,0,40,1,1,0.985
19,Female,South,76653.66,5,32.72,4,0,0.345,41.8,Ads,1,127,1,1,0.76
55,Female,South,58301.83,9,35.26,5,3,0.332,41.6,Ads,1,95,0,1,0.81
24,Female,North,25539.74,1,70.69,11,4,0.305,92.9,Email,0,84,1,1,0.955
57,Male,West,83502.84,118,83.72,7,3,0.028,29.3,Email,1,30,1,1,0.965
56,Male,West,30160.95,9,5.0,12,1,0.307,62.9,Email,0,7,0,0,0.155
32,Female,North,97129.38,16,80.24,7,3,0.347,65.6,Email,0,28,1,1,0.955
47,Male,North,78650.37,66,98.36,14,1,0.083,66.2,Email,0,89,1,1,0.99
30,Female,West,54675.75,1,110.11,6,1,0.375,78.9,Email,0,89,1,1,0.99
26,Male,North,27079.71,81,56.77,9,0,0.16,99.3,Email,0,166,1,1,0.93
55,Male,West,37356.41,20,63.5,12,0,0.061,74.9,Ads,0,60,1,1,0.975
55,Male,East,61443.61,105,66.44,4,2,0.471,31.5,Email,0,41,1,1,0.88
71,Female,North,60424.25,72,143.35,4,0,0.064,42.1,Ads,1,41,1,1,0.98
60,Male,South,43747.65,102,105.25,10,0,0.096,92.3,SMS,1,159,1,1,1.0
37,Male,East,61777.45,13,97.54,4,0,0.38,59.2,SMS,0,39,1,1,0.985
55,Male,North,42869.75,46,67.99,5,2,0.088,67.0,SMS,1,102,1,1,1.0
67,Male,East,96345.63,113,15.54,11,1,0.269,53.5,SMS,0,128,0,0,0.225
44,Male,South,78142.25,17,80.77,12,2,0.278,55.6,Email,1,53,1,1,0.99
24,Female,North,84150.7,104,43.49,8,2,0.41,58.2,Ads,0,2,0,0,0.19
41,Male,North,49064.02,84,47.15,6,0,0.091,33.0,Email,0,49,1,1,0.54
66,Male,North,54192.19,54,76.72,13,1,0.016,58.8,Email,1,88,1,1,1.0
48,Female,West,60381.23,117,124.82,7,1,0.127,39.4,Ads,0,28,1,1,0.98
58,Female,North,46418.09,60,132.59,2,2,0.478,54.2,SMS,0,25,1,1,0.955
34,Female,North,76174.29,46,95.73,6,3,0.044,82.6,Ads,0,100,1,1,0.995
48,Female,West,62451.33,80,63.48,4,1,0.063,43.6,Social Media,0,70,1,1,0.975
25,Male,North,56305.21,62,100.55,9,2,0.734,56.9,SMS,0,16,1,1,0.9
58,Female,West,84947.97,91,130.17,8,3,0.071,60.3,Social Media,1,136,1,1,0.99
74,Female,East,68514.88,28,80.39,6,3,0.174,45.1,Social Media,0,86,1,1,0.995
72,Male,North,61773.62,14,75.12,6,1,0.224,43.1,Social Media,1,15,1,1,0.98
46,Female,East,57059.66,105,33.04,17,1,0.096,49.1,SMS,0,119,1,1,0.555
33,Male,East,36109.36,43,104.59,7,1,0.095,65.4,Ads,1,22,1,1,0.995
72,Male,South,30829.95,25,116.57,7,2,0.49,22.3,Email,0,122,1,1,1.0
41,Male,South,58716.66,85,113.55,9,0,0.224,38.4,SMS,0,103,1,1,0.995
57,Female,West,69815.48,104,138.53,5,4,0.037,66.3,Social Media,0,74,1,1,1.0
62,Female,East,31607.8,13,10.71,6,2,0.122,48.4,SMS,0,121,0,0,0.42
19,Male,North,56962.36,7,101.07,4,0,0.338,67.4,Ads,0,155,1,1,0.99
67,Female,South,51425.54,22,95.28,14,1,0.329,64.0,Ads,0,171,1,1,0.995
56,Male,West,60659.95,99,42.66,10,3,0.395,89.2,SMS,1,131,0,1,0.59
70,Female,East,71130.34,93,111.99,1,2,0.228,39.0,Ads,1,11,1,1,0.96
52,Male,South,55400.41,44,58.01,15,0,0.381,82.0,Ads,0,158,1,1,0.96
50,Female,East,47949.63,36,83.44,12,1,0.071,72.0,SMS,1,34,1,1,0.98
24,Male,South,63886.36,12,158.51,7,0,0.362,68.8,Ads,0,40,1,1,0.985
74,Female,East,52394.23,64,134.87,7,0,0.139,77.8,Email,1,30,1,1,0.99
74,Male,East,61938.29,113,52.05,7,0,0.277,89.9,Email,0,173,1,1,0.86
72,Female,North,62029.16,116,82.6,8,2,0.15,17.2,Social Media,0,16,1,1,0.97
64,Male,North,80501.99,61,31.95,17,1,0.009,67.8,Ads,0,65,0,0,0.375
30,Male,East,67662.48,92,54.99,4,0,0.473,84.6,SMS,0,87,1,1,0.9
25,Male,West,82573.95,31,159.53,11,2,0.579,43.9,Ads,0,93,1,1,0.995
39,Male,East,69663.95,110,120.24,11,2,0.222,84.1,SMS,0,99,1,1,0.995
30,Male,West,45330.68,27,72.83,13,2,0.367,64.0,Ads,0,36,1,1,0.965
36,Female,South,46579.25,32,92.08,9,2,0.104,83.6,SMS,0,30,1,1,0.985
20,Female,East,47502.22,108,85.73,9,0,0.275,100.0,Email,0,116,1,1,0.975
40,Female,East,66693.0,3,17.62,12,1,0.3,72.8,Ads,0,141,0,1,0.625
67,Male,North,105016.76,56,90.25,5,0,0.06,41.2,Ads,0,28,1,1,0.975
37,Male,South,73860.03,66,77.04,7,0,0.137,67.1,Email,1,141,1,1,1.0
65,Male,West,50967.41,32,74.83,5,2,0.454,25.4,Social Media,1,179,1,1,0.995
74,Other,South,85630.1,45,73.92,7,1,0.033,44.6,SMS,0,129,1,1,0.99
64,Female,East,73055.7,13,13.13,10,1,0.272,36.5,SMS,0,127,0,1,0.515
51,Male,South,54715.03,47,148.87,6,3,0.149,42.3,Email,1,88,1,1,0.995
60,Male,South,83460.66,51,57.9,8,2,0.45,30.6,Email,1,94,1,1,0.98
57,Female,East,62635.1,64,124.12,5,5,0.306,63.9,Ads,0,42,1,1,0.965
47,Female,South,83868.87,53,77.93,6,0,0.183,85.1,Ads,0,54,1,1,0.96
35,Male,South,55975.57,93,93.64,10,4,0.315,77.8,Social Media,0,52,1,1,0.97
22,Male,East,30251.84,78,60.35,5,1,0.331,87.6,Social Media,0,80,1,1,0.915
66,Female,West,63271.64,90,25.52,4,4,0.269,83.3,Ads,1,67,0,0,0.21
56,Male,West,56782.07,52,108.35,7,3,0.178,65.4,SMS,0,171,1,1,1.0
66,Female,East,68246.38,14,57.38,10,1,0.465,52.3,Ads,0,4,0,1,0.68
31,Female,West,44584.9,6,40.88,6,5,0.641,68.4,Social Media,0,84,1,1,0.66
35,Other,South,25606.02,57,126.0,8,2,0.482,49.2,Social Media,1,103,1,1,0.99
60,Male,West,99831.04,108,70.16,9,3,0.323,49.5,Social Media,1,74,1,1,0.945
64,Male,West,66425.25,22,78.94,5,2,0.383,80.4,Email,0,110,1,1,1.0
42,Male,South,72317.5,43,95.44,2,3,0.172,56.5,Social Media,1,80,1,1,0.98
41,Female,South,50527.3,47,154.87,6,2,0.516,27.4,Email,0,153,1,1,0.995
29,Male,East,65119.69,25,113.54,11,0,0.34,52.0,SMS,0,137,1,1,0.995
72,Other,West,47888.65,101,92.74,8,4,0.777,72.9,Ads,0,173,1,1,0.95
45,Male,East,71052.41,5,47.05,5,3,0.475,86.3,SMS,0,7,1,1,0.59
52,Male,East,43239.05,118,94.85,8,0,0.185,59.7,SMS,1,22,1,1,0.935
35,Female,West,53575.18,7,37.98,12,0,0.265,99.3,Social Media,0,133,1,1,0.86
36,Male,North,83707.0,117,79.75,10,0,0.281,91.1,SMS,1,95,1,1,0.97
26,Male,North,49824.48,105,81.37,8,0,0.482,64.9,Ads,0,35,1,1,0.89
48,Male,West,58804.62,37,53.23,8,4,0.645,57.5,SMS,1,95,1,1,0.955
69,Male,West,72370.6,82,192.94,13,1,0.38,68.9,Social Media,0,174,1,1,0.995
39,Female,East,49574.03,69,107.34,4,1,0.275,68.2,Social Media,1,135,1,1,0.985
42,Female,North,70746.32,84,150.22,12,1,0.802,41.3,Social Media,1,13,1,1,0.88
65,Female,West,46653.71,75,20.6,10,2,0.404,42.0,SMS,0,28,0,0,0.075
71,Female,East,39903.3,33,83.16,6,0,0.04,67.8,Ads,1,9,1,1,0.99
58,Male,North,64792.72,39,67.53,13,1,0.506,100.0,Email,0,100,1,1,0.915
66,Female,East,58579.59,119,33.38,8,2,0.154,73.6,Email,0,3,0,0,0.11
63,Female,South,64474.33,71,5.0,9,5,0.118,52.0,Social Media,1,157,1,0,0.465
33,Female,West,78657.98,8,62.37,7,2,0.351,67.4,Ads,0,159,1,1,1.0
25,Male,North,36302.4,9,92.82,7,3,0.151,35.0,Social Media,1,70,1,1,1.0
66,Female,East,35978.98,3,33.17,9,0,0.271,54.8,Social Media,0,69,1,1,0.55
56,Female,West,55847.93,15,15.84,2,0,0.451,50.7,Social Media,1,55,0,0,0.23
18,Female,North,78651.72,77,102.57,9,4,0.174,70.5,SMS,0,13,1,1,0.945
24,Other,West,59503.65,58,30.78,12,1,0.25,88.7,Ads,0,27,0,0,0.215
33,Male,East,70188.17,66,114.98,11,0,0.05,50.8,Email,0,95,1,1,0.99
31,Male,East,82568.06,65,122.65,7,1,0.234,59.2,Social Media,0,142,1,1,0.99
50,Female,East,48337.46,72,99.4,5,1,0.423,51.3,SMS,0,42,1,1,0.99
24,Female,West,51360.92,76,93.21,5,1,0.414,42.0,Ads,0,94,1,1,0.99
64,Female,West,47737.72,98,131.86,10,2,0.477,24.3,Email,0,131,1,1,0.995
41,Male,West,44561.6,7,63.8,5,3,0.331,45.1,Email,0,41,1,1,0.93
23,Female,West,72693.77,96,114.04,8,1,0.148,73.2,SMS,1,102,1,1,0.97
41,Male,South,89970.95,4,91.79,8,2,0.266,41.5,SMS,0,173,1,1,1.0
67,Male,East,61908.81,93,9.28,10,0,0.572,51.7,Ads,0,41,0,0,0.11
58,Male,West,65277.98,68,57.6,8,1,0.381,100.0,Ads,0,27,1,1,0.605
57,Female,West,51765.84,100,103.95,7,3,0.402,50.0,Social Media,0,88,1,1,0.995
51,Male,East,80143.0,42,5.0,10,2,0.461,56.1,SMS,1,124,0,0,0.215
43,Male,North,87030.36,50,84.39,7,0,0.234,74.8,Email,0,80,1,1,0.985
68,Male,West,55150.81,30,93.92,11,3,0.454,50.7,Social Media,0,25,1,1,0.995
63,Female,East,64455.79,96,96.38,6,4,0.383,11.2,Social Media,1,14,1,1,0.955
39,Male,West,58485.11,85,73.63,12,1,0.047,55.7,Email,0,39,1,1,0.895
52,Male,North,112276.03,63,75.06,8,1,0.235,65.8,SMS,1,139,1,1,0.98
21,Male,South,62666.82,51,96.72,8,1,0.322,41.4,Social Media,1,50,1,1,1.0
58,Female,North,45101.95,103,79.44,8,0,0.452,70.2,Email,1,20,1,1,0.875
46,Male,South,56771.14,46,166.81,5,1,0.519,19.3,SMS,0,127,1,1,0.995
66,Male,North,99099.12,91,37.52,5,1,0.237,66.1,Social Media,0,52,0,0,0.24
19,Female,West,83819.24,74,90.38,8,3,0.507,50.1,SMS,1,5,1,1,0.95
72,Female,North,32740.69,117,42.57,7,1,0.13,30.7,Ads,0,165,1,1,0.775
69,Female,South,46121.89,6,118.56,5,1,0.661,29.5,SMS,0,168,1,1,0.985
65,Female,North,15000.0,92,5.0,6,2,0.188,61.6,SMS,0,131,0,0,0.36
19,Male,South,31067.94,4,115.44,4,3,0.145,69.6,SMS,0,37,1,1,0.985
41,Male,West,42047.63,49,145.4,7,2,0.561,31.2,Social Media,1,70,1,1,0.99
33,Male,North,89799.47,103,86.97,10,0,0.23,79.0,Social Media,1,14,1,1,0.92
39,Female,East,44942.69,77,81.51,8,1,0.098,55.3,Social Media,0,102,1,1,1.0
60,Male,South,62174.59,109,126.93,6,4,0.295,33.6,SMS,0,20,1,1,0.96
37,Male,South,73913.2,77,76.06,7,2,0.157,61.2,SMS,1,27,1,1,0.975
53,Male,West,52158.4,87,137.6,13,2,0.185,45.3,SMS,0,131,1,1,1.0
45,Female,West,44684.04,57,61.64,3,0,0.425,77.6,Ads,0,21,1,1,0.705
37,Male,East,49616.4,94,75.76,9,2,0.204,46.7,SMS,0,70,1,1,0.97
64,Male,South,42401.29,86,58.6,9,1,0.341,30.4,Social Media,1,109,1,1,0.97
65,Male,East,45270.33,7,88.13,10,1,0.295,62.5,Email,0,6,1,1,0.99
47,Male,West,37877.09,6,66.14,5,2,0.207,57.0,SMS,1,78,1,1,0.985
46,Male,North,52698.26,111,96.98,5,4,0.323,65.6,SMS,0,71,1,1,0.935
22,Male,North,90648.77,90,126.47,4,1,0.342,79.3,Ads,1,170,1,1,0.985
20,Male,West,55860.32,73,105.51,5,0,0.249,55.9,Ads,0,46,1,1,0.995
70,Male,South,47183.87,61,92.7,8,1,0.121,76.1,Social Media,0,78,1,1,1.0
43,Male,East,74818.62,60,104.15,9,0,0.344,79.7,SMS,0,24,1,1,0.995
56,Female,West,28622.01,46,110.89,10,2,0.235,73.8,Ads,0,7,1,1,0.985
44,Female,West,22129.29,29,109.29,8,1,0.209,90.4,Ads,0,156,1,1,1.0
23,Other,South,56723.3,65,51.27,8,3,0.096,74.7,Social Media,1,61,1,1,0.84
26,Female,East,38022.3,102,114.96,9,1,0.527,71.0,SMS,0,121,1,1,0.99
63,Male,South,28638.55,59,25.46,8,1,0.27,100.0,Email,0,156,0,1,0.615
61,Female,East,77782.63,97,76.76,9,1,0.169,73.5,Ads,0,173,1,1,1.0
36,Male,West,54451.06,22,106.64,11,1,0.308,51.8,Email,0,129,1,1,1.0
71,Female,West,45600.15,97,46.99,7,2,0.203,46.0,Ads,0,85,1,1,0.785
33,Male,East,75917.88,26,126.06,11,0,0.105,74.7,Social Media,1,77,1,1,0.99
60,Female,North,37063.05,76,100.98,7,0,0.502,62.6,Ads,1,36,1,1,0.965
68,Female,North,69898.78,53,120.06,7,1,0.23,71.7,Social Media,0,32,1,1,1.0
66,Female,West,78836.52,111,111.48,4,1,0.201,84.1,Ads,1,158,1,1,1.0
51,Female,South,35639.72,22,69.52,7,2,0.129,40.9,Ads,0,35,1,1,0.975
64,Male,East,34209.94,57,22.55,10,3,0.363,65.6,Social Media,0,23,0,0,0.1
32,Female,West,58619.21,74,28.73,8,1,0.109,61.0,Social Media,1,157,1,1,0.805
34,Female,North,63536.93,35,61.26,11,1,0.429,59.3,SMS,0,45,1,1,0.885
42,Female,West,86734.25,56,115.0,10,0,0.303,82.1,Email,1,108,1,1,0.97
50,Male,North,72937.55,111,111.23,7,4,0.189,35.0,SMS,0,109,1,1,1.0
34,Male,West,78829.75,99,117.94,6,1,0.524,79.1,SMS,0,77,1,1,0.98
48,Female,South,87075.99,23,52.16,7,1,0.154,35.3,Email,0,178,1,1,0.97
53,Male,North,58481.87,38,46.2,10,1,0.311,6.6,Social Media,1,149,1,1,0.96
33,Female,West,39660.67,62,95.77,5,2,0.293,66.4,Email,1,30,1,1,0.965
59,Male,North,57938.72,61,62.39,7,2,0.321,90.6,Ads,0,67,0,1,0.94
31,Female,West,40048.24,13,42.26,9,1,0.251,73.6,Social Media,0,123,1,1,0.855
24,Male,South,41267.35,112,70.31,7,2,0.102,74.3,Ads,0,19,1,1,0.825
59,Female,East,33373.9,23,64.94,8,1,0.266,65.2,Social Media,0,112,1,1,0.995
64,Male,East,90434.7,74,111.82,11,6,0.068,33.9,Email,1,112,1,1,0.98
74,Male,North,63888.27,78,94.46,8,2,0.184,57.0,Email,0,103,1,1,0.985
18,Male,North,60788.71,83,154.76,9,2,0.624,85.8,Social Media,0,172,1,1,0.98
21,Male,North,38533.04,37,63.94,3,1,0.152,87.8,Social Media,1,78,1,1,0.98
60,Female,South,60899.62,5,70.77,6,1,0.602,22.0,Ads,0,128,1,1,0.995
51,Male,South,49042.04,88,72.79,3,2,0.461,39.8,Social Media,1,74,1,1,0.99
49,Female,East,52333.17,38,78.95,11,2,0.376,35.6,Ads,0,30,1,1,0.97
67,Female,North,77915.5,48,54.95,6,1,0.122,90.5,SMS,0,37,1,1,0.865
51,Male,West,49162.31,117,79.28,8,2,0.152,69.9,Ads,0,40,1,1,0.935
20,Male,North,38190.29,25,64.6,11,1,0.14,66.0,Social Media,0,50,0,1,0.93
44,Male,South,74723.65,28,113.89,8,1,0.323,63.1,Social Media,0,146,1,1,1.0
18,Male,South,23253.14,20,55.25,7,1,0.095,44.2,Email,0,154,1,1,0.97
48,Female,East,54422.51,95,130.16,10,3,0.465,44.5,SMS,1,28,1,1,0.98
47,Male,North,64085.95,104,101.57,11,2,0.35,86.3,Social Media,1,74,1,1,0.98
42,Female,South,81519.69,86,88.8,9,4,0.395,63.1,SMS,0,41,1,1,0.97
47,Female,South,52434.94,36,67.76,6,3,0.394,92.4,SMS,1,27,1,1,0.88
40,Female,West,54388.32,37,69.86,15,1,0.367,76.8,Email,1,69,1,1,0.945
29,Female,South,41243.16,74,83.99,10,1,0.058,41.6,Social Media,0,26,1,1,0.985
42,Female,West,16619.95,22,22.65,11,0,0.14,74.9,Email,0,71,0,0,0.345
21,Female,East,79029.68,111,106.03,7,3,0.237,22.5,SMS,1,144,1,1,0.995
41,Male,East,84441.19,37,49.49,4,2,0.424,74.9,Social Media,0,150,1,1,0.905
44,Female,North,73885.95,39,73.3,5,0,0.322,59.6,SMS,0,56,1,1,0.975
39,Female,South,51913.43,63,109.81,6,3,0.175,73.2,Ads,0,18,1,1,0.99
38,Male,East,52360.93,13,70.68,10,0,0.243,47.0,Email,0,35,1,1,0.975
74,Female,West,56878.95,40,107.72,8,1,0.114,62.3,Social Media,0,53,1,1,0.985
43,Male,East,62062.84,26,55.04,8,1,0.517,75.8,Ads,1,38,1,1,0.8
60,Female,West,96626.96,115,56.39,9,1,0.272,31.8,Social Media,1,75,1,1,0.795
66,Female,North,50298.85,35,102.66,1,1,0.164,45.6,SMS,0,137,1,1,0.995
38,Female,West,85092.73,94,20.46,9,0,0.292,60.0,Email,0,166,1,0,0.44
41,Female,West,63928.77,19,126.07,6,4,0.476,42.7,Email,0,54,1,1,0.99
52,Male,North,59682.62,89,127.99,8,1,0.356,85.4,Ads,1,176,1,1,0.99
61,Male,East,48749.49,63,109.01,4,3,0.023,73.0,Social Media,0,157,1,1,0.99
61,Female,South,51162.7,46,166.95,9,1,0.169,75.8,Ads,1,35,1,1,1.0
21,Male,North,41089.73,82,90.73,9,1,0.207,55.8,SMS,0,101,1,1,1.0
40,Female,West,87897.95,36,104.35,7,2,0.015,71.5,Ads,0,130,1,1,0.99
29,Female,East,49570.26,22,88.42,6,0,0.342,93.9,Social Media,0,33,1,1,0.96
34,Female,East,67578.33,15,67.54,8,1,0.363,69.4,Social Media,0,64,1,1,1.0
27,Male,North,69928.05,32,39.75,15,3,0.309,57.7,Social Media,0,156,1,1,0.8
60,Female,East,108067.51,30,39.14,10,0,0.74,27.9,Ads,1,77,1,1,0.635
21,Male,West,79557.46,104,84.85,5,3,0.396,30.4,Ads,0,61,1,1,0.96
23,Male,West,59690.6,73,50.53,3,2,0.242,42.7,SMS,0,147,1,1,0.96
60,Male,West,69199.6,43,56.58,7,4,0.466,14.0,Ads,1,87,1,1,0.955
44,Male,East,73947.29,64,27.87,8,2,0.235,77.1,Social Media,0,71,1,0,0.22
68,Female,North,37268.19,88,90.33,9,2,0.404,94.6,Social Media,0,80,1,1,0.98
63,Other,South,80236.69,93,61.86,10,0,0.386,69.9,Ads,0,127,1,1,0.945
73,Other,North,73686.26,77,58.58,7,3,0.034,39.9,Social Media,0,91,1,1,0.985
44,Male,South,73225.83,19,23.5,10,3,0.717,99.7,Social Media,1,154,0,0,0.5
74,Female,East,75160.41,3,43.64,15,4,0.166,27.9,Social Media,0,166,1,1,0.875
51,Female,North,86256.12,42,90.11,5,3,0.339,49.7,SMS,0,133,1,1,1.0
74,Male,South,15000.0,96,131.86,4,3,0.268,54.6,Ads,1,133,1,1,0.975
35,Female,South,75756.0,60,102.17,7,1,0.089,25.4,Ads,1,127,1,1,0.995
37,Female,East,61843.18,26,131.38,11,0,0.228,67.0,Ads,0,157,1,1,1.0
51,Female,South,54430.49,107,59.95,2,1,0.326,59.3,Email,0,153,1,1,0.995
70,Female,West,79836.42,67,93.06,2,1,0.043,35.2,SMS,0,131,1,1,0.985
45,Male,East,57210.52,114,62.7,5,4,0.049,49.4,Social Media,0,144,1,1,0.985
36,Female,East,92594.41,2,70.58,5,1,0.2,61.0,Email,0,132,1,1,0.99
18,Female,East,62001.78,37,96.02,5,1,0.102,22.7,Ads,1,110,1,1,0.975
52,Male,North,71705.55,4,8.41,8,4,0.313,61.1,SMS,0,14,0,0,0.09
72,Male,North,58650.37,112,88.79,7,0,0.096,49.7,Social Media,0,129,1,1,0.995
71,Female,South,78933.43,108,66.11,11,0,0.241,66.8,SMS,0,5,1,1,0.585
62,Male,North,64239.77,39,35.79,5,1,0.232,36.5,Email,1,116,1,1,0.895
63,Other,West,62524.02,46,48.97,7,1,0.359,75.1,SMS,1,50,0,1,0.67
51,Female,South,81734.75,18,71.23,2,2,0.124,36.7,Ads,0,174,1,1,0.985
65,Female,East,88333.59,46,72.45,11,3,0.278,34.2,Ads,0,133,1,1,0.995
57,Female,South,123422.55,81,83.52,9,0,0.414,83.9,Social Media,0,147,1,1,0.945
49,Female,South,54541.47,55,121.15,7,3,0.34,65.3,Ads,0,74,1,1,1.0
32,Female,East,55342.59,115,29.3,4,1,0.248,62.0,Social Media,0,80,0,0,0.365
65,Female,West,86859.2,103,73.6,11,1,0.331,64.6,Ads,1,30,1,1,0.895
25,Female,West,69043.39,77,5.0,5,2,0.436,42.1,Email,0,76,0,0,0.135
42,Female,South,62442.65,49,23.36,15,0,0.213,96.0,Social Media,0,106,1,0,0.275
25,Female,East,65402.04,39,114.43,13,2,0.503,55.0,Social Media,0,93,1,1,0.995
46,Male,South,56249.69,32,81.19,5,2,0.123,76.3,SMS,0,95,1,1,1.0
70,Male,East,55859.16,8,74.8,14,1,0.064,71.7,SMS,0,118,1,1,0.975
51,Male,South,54762.72,113,145.22,9,0,0.407,49.6,Email,0,7,1,1,0.92
26,Female,South,50174.89,16,50.43,8,1,0.539,100.0,Email,0,65,1,1,0.885
23,Male,South,77745.62,113,138.29,12,3,0.167,44.3,Ads,0,125,1,1,0.98
72,Female,North,53966.15,73,85.65,5,0,0.04,79.2,Email,1,144,1,1,0.985
57,Female,West,54793.39,100,56.19,9,0,0.114,67.0,Ads,0,169,1,1,0.995
46,Male,West,66744.21,46,146.28,8,0,0.096,58.9,Social Media,1,20,1,1,0.995
28,Female,South,58070.86,86,132.93,13,1,0.138,65.7,Ads,0,78,1,1,0.975
24,Male,South,61984.83,98,52.09,10,2,0.432,51.3,Ads,0,34,0,1,0.51
42,Male,West,68748.1,41,64.74,7,1,0.252,27.0,Email,0,102,1,1,0.985
55,Female,North,95764.73,114,77.14,6,1,0.529,28.3,Social Media,0,152,1,1,1.0
42,Male,South,56825.22,18,94.32,6,1,0.181,75.0,SMS,1,5,1,1,0.995
60,Male,North,56549.69,70,79.09,6,1,0.165,66.6,Ads,1,131,1,1,0.995
66,Male,South,52258.8,5,109.2,10,2,0.258,74.3,Social Media,1,57,1,1,0.99
43,Female,South,43518.0,41,65.04,8,2,0.073,62.9,Social Media,0,144,1,1,0.995
41,Male,East,75465.63,23,54.1,9,0,0.356,52.7,Social Media,0,162,1,1,0.965
28,Male,East,55907.31,87,95.95,9,0,0.073,95.8,Email,1,162,1,1,0.99
51,Male,East,89258.81,56,55.61,8,2,0.086,76.6,Social Media,0,88,1,1,0.97
52,Male,West,40167.59,52,64.08,10,1,0.244,86.8,Email,0,35,1,1,0.77
41,Male,West,57448.24,114,99.42,7,1,0.293,86.7,Social Media,1,2,1,1,0.92
38,Male,South,64147.35,75,84.69,10,1,0.47,44.5,Email,1,65,1,1,1.0
25,Male,North,91593.38,98,30.32,9,3,0.253,57.3,Email,1,177,1,1,0.685
22,Male,North,66976.08,105,69.37,6,2,0.071,43.2,Ads,0,161,1,1,1.0
60,Male,East,41054.56,39,97.4,9,1,0.544,72.2,SMS,1,38,1,1,0.975
64,Male,East,54098.47,21,57.74,8,0,0.246,45.1,Ads,0,82,1,1,0.99
50,Male,North,82017.15,97,84.4,6,1,0.094,53.4,Social Media,0,51,1,1,0.985
18,Male,West,50679.62,102,116.83,6,1,0.186,89.2,SMS,1,112,1,1,0.98
63,Female,East,47475.77,86,136.41,6,2,0.278,65.8,Ads,1,175,1,1,0.99
21,Female,North,65511.77,21,89.01,8,0,0.04,43.6,Social Media,1,167,1,1,0.985
32,Female,East,36381.37,94,84.75,6,2,0.253,72.9,SMS,1,150,1,1,0.995
69,Female,South,53005.42,8,5.0,5,1,0.217,69.9,Email,0,124,1,0,0.31
19,Female,East,39875.05,104,24.32,9,2,0.377,42.7,Social Media,0,121,0,0,0.315
64,Male,North,42624.59,85,73.72,12,0,0.172,82.4,Email,0,162,1,1,0.965
54,Female,North,74639.12,21,75.64,7,1,0.441,52.4,Ads,0,83,1,1,0.98
28,Female,East,42177.47,9,61.99,11,1,0.461,38.2,SMS,0,64,1,1,0.93
50,Female,East,24191.79,6,118.05,8,1,0.386,72.4,Ads,0,21,1,1,0.97
33,Female,East,39589.14,12,75.32,5,2,0.371,58.4,Social Media,0,131,1,1,1.0
28,Female,South,54689.5,17,15.5,3,2,0.015,80.0,Social Media,0,125,1,1,0.51
48,Male,West,75351.63,18,80.52,8,2,0.496,56.8,Ads,0,154,1,1,1.0
32,Male,North,40897.36,11,100.09,9,1,0.403,38.4,Social Media,0,55,1,1,0.995
52,Female,South,30001.71,4,60.28,9,1,0.325,52.2,Social Media,0,170,1,1,0.99
30,Male,North,73214.2,49,77.7,9,1,0.406,55.5,SMS,0,161,1,1,0.99
65,Male,South,51805.24,117,70.13,12,1,0.399,31.3,SMS,0,128,1,1,0.97
49,Female,East,59856.11,21,37.49,10,0,0.249,31.6,Social Media,0,34,0,0,0.435
61,Female,North,106006.53,103,53.18,3,5,0.247,73.7,Social Media,0,110,1,1,0.85
54,Female,West,42616.27,55,84.46,8,3,0.355,74.6,SMS,0,146,1,1,1.0
33,Female,South,62528.46,47,22.85,6,1,0.082,40.7,Email,0,123,1,1,0.59
37,Female,North,85333.15,40,118.32,8,0,0.183,70.2,Social Media,0,22,1,1,0.98
55,Male,South,44367.63,54,97.08,13,3,0.355,54.3,Ads,0,114,1,1,0.985
33,Female,South,80954.53,53,39.13,7,0,0.428,57.9,Social Media,0,36,0,0,0.38
53,Female,North,72642.52,92,165.52,12,0,0.151,72.9,Social Media,0,92,1,1,0.98
60,Other,East,46256.99,108,83.11,6,1,0.311,69.4,SMS,0,94,1,1,0.99
69,Female,North,83431.66,76,112.05,12,4,0.175,81.7,SMS,1,110,1,1,0.98
26,Female,South,44526.46,112,31.11,4,1,0.262,74.4,Ads,1,148,1,1,0.6
31,Male,South,87476.47,58,45.54,5,1,0.46,39.9,Email,0,53,1,1,0.595
55,Male,East,49262.57,59,34.84,10,1,0.126,55.6,Email,0,55,0,0,0.295
26,Other,East,41268.2,114,121.82,7,2,0.301,57.3,SMS,1,156,1,1,0.985
71,Female,West,76816.04,48,59.76,6,0,0.248,40.0,Social Media,1,146,1,1,0.99
66,Male,North,43079.37,38,70.02,5,0,0.231,56.2,Email,0,90,1,1,0.99
47,Female,South,68740.47,57,5.0,5,0,0.352,70.7,Email,0,118,0,0,0.1
19,Female,South,67226.47,84,51.99,9,0,0.234,52.5,Social Media,0,20,1,0,0.48
72,Male,South,43297.58,76,18.83,6,1,0.308,56.8,SMS,0,75,0,0,0.21
65,Male,North,86105.87,61,91.8,10,2,0.228,58.5,SMS,0,118,1,1,0.995
32,Female,North,53583.8,7,98.56,6,1,0.335,48.7,SMS,1,126,1,1,1.0
32,Male,South,92122.88,57,72.37,8,3,0.346,63.6,Email,1,149,1,1,0.975
47,Male,West,66659.53,56,71.24,7,1,0.584,67.3,Social Media,0,131,1,1,0.98
43,Male,North,89050.96,109,89.31,18,0,0.31,68.1,Email,0,50,1,1,0.945
62,Female,West,56567.53,70,9.66,9,3,0.096,56.9,SMS,0,165,1,0,0.305
51,Male,East,102972.35,73,66.47,10,3,0.149,52.9,SMS,1,60,1,1,0.945
23,Female,North,90040.84,56,61.1,7,1,0.102,28.9,Ads,1,57,1,1,0.92
51,Female,East,58593.23,87,82.99,9,3,0.395,66.5,Email,0,7,1,1,0.945
27,Female,West,74024.43,114,79.89,12,1,0.325,49.6,Ads,0,121,1,1,0.99
40,Female,West,59815.72,77,103.13,6,3,0.081,84.2,Email,1,106,1,1,0.98
42,Female,West,33943.9,66,112.21,7,2,0.478,72.2,Email,0,26,1,1,0.975
50,Male,North,58238.2,15,134.51,12,2,0.223,50.8,Email,0,34,1,1,0.975
56,Male,South,69086.58,114,54.83,11,0,0.034,90.0,Ads,0,66,1,1,0.78
28,Female,West,67873.81,79,99.23,10,2,0.549,71.3,Email,0,75,1,1,1.0
62,Male,East,77009.99,11,87.7,14,2,0.23,60.2,Email,0,1,1,1,0.955
36,Female,West,36982.37,73,61.82,8,3,0.484,42.5,Email,0,66,1,1,0.94
40,Female,North,90582.61,13,93.5,5,3,0.549,33.0,Social Media,0,26,1,1,0.935
71,Male,South,77610.47,64,62.96,11,0,0.693,65.5,Ads,0,89,1,1,0.92
32,Other,South,58860.21,92,117.8,11,1,0.11,66.8,SMS,0,47,1,1,0.98
52,Male,South,55184.06,71,96.49,11,2,0.653,40.5,SMS,0,27,1,1,0.95
38,Female,South,77259.03,39,125.52,5,1,0.217,91.7,Ads,0,122,1,1,0.995
66,Female,West,45262.99,94,103.05,9,1,0.134,62.8,SMS,0,141,1,1,1.0
30,Male,West,35708.67,97,155.89,9,1,0.787,84.8,SMS,0,129,1,1,0.955
41,Female,East,81478.34,62,157.28,10,1,0.09,74.1,Ads,0,29,1,1,1.0
59,Female,South,23239.04,38,52.44,5,6,0.198,25.7,SMS,1,31,1,1,0.865
71,Female,North,67033.39,35,85.39,5,2,0.154,45.6,Email,1,58,1,1,0.98
31,Male,East,62681.33,50,110.59,4,2,0.429,58.1,Social Media,0,87,1,1,0.99
38,Female,South,69893.05,41,60.37,8,1,0.187,69.3,Ads,0,1,0,1,0.765
27,Male,North,91421.32,69,35.67,7,0,0.225,72.6,Ads,0,166,1,1,0.85
45,Female,North,64228.4,99,5.0,7,1,0.211,49.6,Email,1,172,1,0,0.325
55,Male,East,87358.81,72,77.63,10,2,0.031,25.7,Ads,0,9,1,1,0.945
59,Male,East,80976.72,27,46.52,9,0,0.284,47.6,Ads,0,162,1,1,0.975
44,Female,North,55290.64,69,95.33,8,2,0.328,40.0,Ads,1,11,1,1,0.97
67,Female,South,22225.06,39,95.53,11,3,0.425,24.6,SMS,0,26,1,1,0.95
54,Female,West,104781.83,70,128.61,5,2,0.287,94.1,SMS,0,37,1,1,0.94
30,Male,East,67006.05,61,105.4,9,1,0.287,89.2,SMS,0,105,1,1,1.0
65,Male,North,44390.31,94,74.01,8,2,0.544,78.6,Social Media,0,59,0,1,0.96
26,Female,South,32776.69,68,88.61,8,3,0.513,81.6,Ads,0,136,1,1,0.99
40,Male,South,60182.95,74,36.41,10,2,0.4,100.0,SMS,0,146,1,1,0.655
50,Female,North,36916.52,65,26.7,9,3,0.084,88.7,Social Media,0,58,0,0,0.225
32,Female,East,23195.2,61,76.36,8,2,0.455,41.9,Email,0,118,1,1,0.98
69,Male,East,70799.62,56,50.44,8,1,0.68,42.1,Social Media,0,110,1,1,0.895
65,Female,South,58645.68,35,51.94,9,1,0.319,26.3,Ads,0,101,1,1,0.955
60,Female,North,78180.12,44,129.44,3,2,0.645,83.5,Email,0,95,1,1,0.98
26,Male,East,47700.07,107,84.76,6,1,0.283,67.1,Ads,0,51,1,1,0.965
43,Male,South,68686.61,31,125.76,7,1,0.077,57.7,Social Media,0,97,1,1,0.99
69,Male,North,59224.63,102,90.43,8,4,0.266,49.9,Social Media,0,64,1,1,0.98
43,Female,South,55707.13,89,185.83,7,0,0.402,46.4,Social Media,0,177,1,1,0.995
74,Male,North,67240.66,13,117.3,8,2,0.416,65.1,Social Media,1,88,1,1,0.975
34,Male,South,69701.05,68,53.7,7,1,0.436,92.8,Social Media,0,43,0,1,0.685
74,Female,East,51565.25,81,170.69,17,0,0.204,61.8,Email,0,13,1,1,0.89
34,Male,West,45147.27,96,67.97,7,0,0.167,64.3,Social Media,0,25,1,1,0.9
34,Female,North,53824.05,76,54.72,6,0,0.299,66.4,SMS,0,63,0,1,0.86
61,Female,North,53155.93,11,57.47,5,1,0.415,88.5,Ads,0,2,1,1,0.67
36,Male,South,64540.23,99,21.56,5,3,0.376,47.5,Social Media,0,28,0,0,0.09
57,Female,North,61172.17,97,34.3,10,3,0.3,57.2,SMS,0,131,0,1,0.615
29,Male,South,68534.24,55,69.09,5,1,0.148,54.6,Email,1,155,1,1,0.995
35,Female,West,78008.45,37,62.08,11,1,0.245,63.1,SMS,0,75,1,1,0.975
41,Male,West,33286.7,56,66.33,6,3,0.317,32.6,Social Media,1,171,1,1,0.98
23,Male,North,62755.48,43,67.48,9,5,0.402,82.3,SMS,0,23,1,1,0.885
23,Female,South,58281.64,117,46.17,10,1,0.152,78.5,Email,1,109,1,1,0.77
63,Other,East,41352.36,81,73.73,6,2,0.039,70.8,SMS,0,179,1,1,0.98
58,Male,North,61511.44,20,74.05,9,0,0.525,32.2,Social Media,1,127,1,1,0.995
37,Female,West,54801.53,109,135.76,12,2,0.159,69.3,SMS,0,140,1,1,0.995
64,Male,South,67562.92,4,46.3,7,1,0.455,43.9,Ads,0,4,1,1,0.54
26,Male,West,80264.13,89,120.0,11,3,0.107,46.8,Social Media,0,122,1,1,0.99
72,Male,West,89444.36,59,125.54,7,1,0.312,100.0,SMS,1,49,1,1,0.98
28,Female,South,55009.69,87,78.72,10,1,0.16,70.7,Email,0,84,1,1,0.985
45,Male,West,42601.83,104,50.3,7,2,0.549,25.0,SMS,0,46,0,0,0.495
74,Male,West,56572.94,32,111.18,9,1,0.096,76.0,Ads,1,170,1,1,0.99
52,Female,South,78471.65,26,137.05,10,1,0.333,48.0,SMS,1,18,1,1,0.97
52,Female,South,44441.93,82,81.24,7,1,0.661,74.2,Email,1,95,1,1,0.975
50,Male,South,70474.04,27,69.44,5,3,0.087,85.8,Email,0,35,1,1,0.96
38,Female,East,43984.18,67,102.6,12,3,0.433,72.0,Ads,0,102,1,1,1.0
50,Male,South,41279.05,40,82.45,6,3,0.296,62.9,SMS,0,19,1,1,0.975
55,Female,East,58939.63,47,86.49,12,1,0.18,36.9,Email,1,142,1,1,1.0
62,Male,North,45299.3,116,125.76,3,2,0.353,50.8,Ads,0,178,1,1,0.99
43,Male,West,63293.25,72,5.0,5,2,0.69,43.2,Social Media,0,39,0,0,0.175
56,Other,North,97315.94,74,79.42,14,2,0.222,52.4,SMS,0,61,1,1,0.95
74,Male,South,46030.96,106,96.71,5,3,0.383,63.2,SMS,0,2,1,1,0.93
35,Female,West,29593.53,19,130.66,4,2,0.223,85.3,Ads,0,54,1,1,0.975
36,Female,North,40853.52,65,108.64,11,2,0.108,64.8,Email,0,90,1,1,0.99
58,Male,West,80681.1,37,5.28,8,0,0.464,73.4,Social Media,1,93,0,0,0.15
50,Female,West,69056.62,101,79.58,7,2,0.135,52.7,Ads,1,124,1,1,0.985
71,Female,East,68833.88,75,56.13,13,1,0.144,85.6,Social Media,1,35,0,1,0.63
32,Female,West,61948.62,34,90.74,15,1,0.697,61.8,Ads,0,145,1,1,0.98
58,Male,East,48560.52,114,31.12,8,0,0.225,84.6,Social Media,1,55,0,0,0.21
28,Male,South,18394.5,93,88.87,8,1,0.443,78.1,Ads,1,146,1,1,0.99
21,Male,North,51895.4,65,32.6,3,3,0.552,21.8,Ads,1,20,0,0,0.28
58,Male,West,65233.84,115,83.29,10,1,0.398,37.4,Social Media,0,98,1,1,0.995
61,Male,West,64541.13,77,138.22,5,1,0.218,76.4,Email,1,87,1,1,0.99
24,Female,East,58509.12,49,61.8,8,1,0.308,84.5,Social Media,0,87,1,1,0.96
28,Female,West,15000.0,97,115.8,12,2,0.252,69.4,Social Media,0,32,1,1,0.93
73,Female,West,62651.66,107,90.66,6,0,0.382,35.5,Email,0,179,1,1,0.99
71,Other,East,56592.83,38,109.78,7,1,0.486,79.4,Email,0,37,1,1,0.99
74,Male,South,38893.42,115,62.25,8,0,0.23,79.9,SMS,0,160,1,1,0.955
30,Male,West,44647.49,60,83.38,2,2,0.344,68.3,Email,0,152,1,1,0.985
73,Male,East,39501.28,77,141.54,8,0,0.128,62.7,SMS,0,128,1,1,0.99
52,Male,East,63351.68,33,122.6,10,1,0.123,56.0,Social Media,1,126,1,1,0.99
48,Female,North,42306.7,81,71.08,6,1,0.07,40.5,Ads,0,36,1,1,0.965
72,Female,West,49874.52,116,68.91,8,1,0.018,78.4,Social Media,1,154,1,1,0.965
22,Male,East,80265.54,116,87.56,6,3,0.325,64.5,SMS,1,113,1,1,0.975
74,Female,East,46327.84,92,98.4,5,0,0.116,42.3,Social Media,1,79,1,1,0.99
42,Female,West,43515.77,118,77.03,10,1,0.078,44.6,Social Media,0,86,1,1,0.99
31,Male,North,64673.35,105,133.89,9,0,0.511,66.2,Email,0,27,1,1,0.98
59,Female,East,65925.09,86,92.68,9,5,0.167,51.1,Social Media,1,165,1,1,0.995
63,Male,South,62535.79,109,97.59,13,3,0.294,61.5,Email,0,76,1,1,0.955
20,Male,North,63178.25,113,72.41,4,0,0.389,29.0,Ads,1,23,1,1,0.88
70,Female,North,85421.63,15,113.37,9,2,0.092,64.4,Email,1,31,1,1,1.0
70,Female,West,80086.17,2,52.42,8,0,0.187,45.1,Ads,0,132,1,1,0.99
40,Male,East,69727.08,36,31.51,8,1,0.49,81.0,Ads,0,22,0,0,0.1
32,Female,West,61238.65,33,110.81,11,0,0.529,92.3,Ads,0,110,1,1,0.99
20,Female,West,98111.44,71,58.4,6,2,0.377,10.7,Ads,0,96,1,1,0.96
59,Female,North,109630.0,103,54.59,6,0,0.242,41.7,Social Media,0,60,1,1,0.785
25,Female,South,45469.47,92,82.46,10,1,0.18,40.4,Email,0,99,1,1,0.995
29,Male,East,93682.43,14,90.23,9,4,0.074,55.9,Social Media,0,50,1,1,0.985
71,Female,South,64713.79,26,75.67,5,4,0.33,72.2,SMS,1,96,1,1,0.995
42,Female,South,62930.61,105,70.24,10,3,0.48,40.1,Email,1,17,1,1,0.9
20,Female,North,75106.09,79,41.18,10,1,0.62,34.6,Email,0,87,0,1,0.555
59,Male,West,39603.56,110,67.25,3,1,0.26,82.0,Ads,1,174,1,1,0.98
66,Male,East,40907.77,8,115.49,7,1,0.178,100.0,SMS,0,167,1,1,0.995
18,Male,North,82626.82,25,100.06,5,0,0.231,27.9,Ads,0,85,1,1,0.975
74,Male,South,74086.56,5,77.13,13,3,0.615,48.6,Email,0,90,1,1,0.985
24,Female,West,39316.05,71,118.24,8,0,0.029,75.9,Ads,1,122,1,1,0.985
37,Male,East,39395.5,69,90.52,13,4,0.26,44.9,SMS,0,95,1,1,0.99
43,Female,West,67181.07,5,83.49,9,2,0.113,55.5,Email,1,122,1,1,0.995
55,Female,North,77190.35,84,135.17,7,3,0.245,45.3,Email,0,17,1,1,0.985
25,Female,West,52568.05,10,74.43,10,1,0.733,63.9,Social Media,1,30,1,1,0.96
59,Female,North,49846.29,21,154.72,10,1,0.127,67.2,Social Media,0,76,1,1,0.995
63,Female,West,41062.37,43,70.35,3,2,0.333,73.9,Social Media,0,38,1,1,0.955
40,Male,East,79871.12,26,73.15,7,0,0.41,71.1,SMS,1,94,1,1,1.0
28,Female,East,62822.42,89,85.32,5,2,0.313,32.0,Ads,0,130,1,1,0.995
55,Female,North,68083.88,113,50.74,10,2,0.342,63.9,Social Media,0,102,0,1,0.805
45,Male,East,37163.17,91,53.19,11,1,0.272,95.5,Ads,0,146,1,1,0.9
67,Male,South,72806.33,28,94.11,6,0,0.201,41.0,Ads,0,100,1,1,0.995
37,Male,West,32727.02,52,52.59,4,3,0.191,51.7,Ads,1,90,1,1,0.975
18,Female,West,76733.5,17,54.92,9,2,0.35,36.1,Email,0,144,1,1,0.975
61,Male,South,60130.98,27,42.72,7,1,0.106,63.0,SMS,0,15,0,0,0.38
19,Male,East,70565.04,50,117.98,8,1,0.231,58.3,Email,1,50,1,1,0.99
45,Male,South,74600.3,41,82.86,11,1,0.137,88.5,Ads,0,74,1,1,0.985
38,Female,West,95735.06,80,70.45,8,3,0.268,81.7,SMS,0,37,1,1,0.915
71,Female,North,82484.43,119,13.2,6,1,0.196,81.9,Social Media,1,82,0,0,0.23
52,Female,East,35216.61,97,88.17,8,0,0.178,43.5,Email,0,39,1,1,0.96
69,Male,East,74305.09,32,40.61,8,1,0.175,74.1,Email,0,139,1,1,0.94
22,Male,South,96491.0,54,51.22,8,3,0.242,63.2,Ads,0,86,1,1,0.905
36,Male,South,78440.73,111,33.14,6,3,0.522,70.0,Social Media,0,124,1,0,0.49
47,Female,West,77373.21,53,53.31,4,2,0.62,54.0,Email,1,65,1,1,0.905
45,Female,North,55391.49,9,21.33,7,0,0.506,59.9,Ads,1,78,0,0,0.4
45,Male,South,63918.69,89,62.75,5,0,0.141,75.2,Ads,1,34,1,1,0.845
57,Female,North,102902.12,15,86.23,8,1,0.26,51.8,Ads,0,3,1,1,0.965
24,Male,West,70950.67,79,85.78,7,1,0.473,33.7,SMS,0,130,1,1,1.0
24,Female,West,65038.99,25,58.55,13,2,0.107,91.3,Social Media,0,35,1,1,0.845
50,Male,East,58376.34,74,98.14,7,3,0.382,78.6,SMS,0,59,1,1,0.985
72,Male,West,65089.41,62,131.74,7,1,0.329,67.4,Social Media,1,130,1,1,1.0
62,Other,West,74406.0,100,73.65,10,2,0.205,67.6,Email,1,75,1,1,0.985
65,Female,North,78173.22,53,102.4,8,0,0.596,57.5,SMS,0,111,1,1,0.99
64,Male,East,111400.96,45,5.0,5,2,0.136,65.0,Ads,1,77,0,0,0.295
39,Female,South,69897.86,64,120.89,8,1,0.295,63.2,Email,0,169,1,1,1.0
70,Female,East,45450.45,34,131.44,6,0,0.229,91.7,Email,1,52,1,1,0.965
24,Female,North,35971.71,1,69.46,13,0,0.178,36.4,Email,0,12,1,1,0.905
34,Female,South,65607.98,45,58.48,16,1,0.195,7.5,Email,0,87,1,1,0.915
27,Female,North,75178.58,11,98.67,9,3,0.265,45.0,SMS,1,87,1,1,1.0
66,Male,East,38538.3,82,68.51,5,1,0.298,57.8,Ads,1,5,1,1,0.85
42,Female,East,100553.47,86,69.46,8,4,0.062,80.6,Social Media,0,96,1,1,0.97
71,Male,East,48364.16,65,59.41,8,3,0.104,31.6,Email,0,26,1,1,0.875
20,Male,North,38543.56,49,68.82,12,1,0.164,26.8,SMS,0,22,1,1,0.975
28,Male,East,71332.08,84,170.72,7,0,0.73,61.6,SMS,1,13,1,1,0.885
57,Female,South,59977.53,44,12.13,13,0,0.052,26.0,Email,0,147,1,1,0.51
47,Female,East,32036.54,64,85.01,7,1,0.023,30.5,Ads,0,83,1,1,0.98
28,Male,South,63146.05,53,74.12,9,0,0.299,47.9,Social Media,0,38,1,1,0.97
54,Male,North,63807.76,50,98.98,6,2,0.115,60.3,Social Media,0,160,1,1,1.0
36,Male,South,45096.87,70,100.18,8,3,0.333,78.0,SMS,1,69,1,1,0.99
57,Female,East,54713.12,86,98.85,6,2,0.376,65.7,Email,1,13,1,1,0.97
39,Male,South,61783.26,18,11.65,11,2,0.366,87.5,Ads,0,128,0,0,0.275
51,Female,East,83709.1,61,112.8,6,1,0.099,55.5,Social Media,1,105,1,1,0.98
36,Female,South,41893.25,89,52.03,7,1,0.146,36.9,SMS,0,74,1,1,0.865
35,Male,North,79292.15,64,76.5,14,3,0.411,66.6,SMS,0,85,1,1,0.985
68,Female,East,50763.17,7,23.63,12,2,0.619,75.5,Ads,1,106,0,0,0.375
48,Male,South,54163.46,95,144.96,7,2,0.376,74.7,Email,0,163,1,1,1.0
30,Female,East,40095.91,34,88.17,9,3,0.373,67.0,SMS,0,111,1,1,1.0
68,Female,East,53621.0,109,67.44,7,4,0.343,57.2,SMS,0,49,1,1,0.915
58,Male,North,40481.22,28,123.66,10,0,0.346,81.0,SMS,0,76,1,1,0.995
55,Other,South,81340.92,75,95.81,11,1,0.289,66.6,SMS,1,66,1,1,0.99
34,Female,South,54449.21,43,73.35,7,2,0.332,32.8,Email,0,35,1,1,0.97
55,Male,East,57850.42,110,136.41,10,0,0.172,44.2,Ads,0,129,1,1,1.0
30,Male,West,70603.78,36,53.58,8,0,0.304,56.5,Email,1,14,1,1,0.735
25,Female,East,15208.46,76,77.2,11,1,0.359,51.5,Email,0,34,1,1,0.875
27,Male,North,80474.01,97,86.27,9,2,0.066,53.9,Ads,1,31,1,1,0.995
40,Female,North,33147.76,28,113.68,11,0,0.11,100.0,Social Media,0,7,1,1,0.91
41,Male,South,75906.61,17,60.8,7,0,0.126,65.3,Ads,1,102,1,1,0.985
43,Male,North,52820.5,56,80.54,6,1,0.464,59.4,Ads,0,37,1,1,0.98
53,Male,North,65299.98,53,60.38,8,0,0.427,77.0,SMS,0,130,1,1,0.98
40,Male,North,68087.51,52,95.47,8,0,0.533,79.5,Ads,0,48,1,1,0.975
26,Male,South,64489.38,69,89.31,9,0,0.162,30.8,Social Media,1,159,1,1,0.995
70,Male,East,75829.66,93,119.78,4,2,0.127,38.1,Social Media,0,48,1,1,0.995
28,Male,East,78736.53,62,111.56,11,2,0.283,52.9,Social Media,1,131,1,1,0.98
62,Male,East,92280.37,116,85.51,2,0,0.639,93.0,Ads,0,146,1,1,0.94
65,Female,East,71536.52,112,58.91,10,1,0.149,29.2,Email,0,134,1,1,0.96
66,Male,West,46344.89,107,138.22,11,1,0.028,84.7,SMS,1,57,1,1,0.96
50,Female,North,68971.79,88,75.85,13,1,0.528,60.6,SMS,0,43,1,1,0.92
39,Female,South,61452.89,107,123.41,9,0,0.237,61.6,Email,0,147,1,1,0.995
69,Male,North,80436.26,62,94.7,10,3,0.245,48.0,SMS,0,96,1,1,0.98
26,Female,North,97228.92,55,5.0,11,1,0.164,74.4,SMS,0,140,0,0,0.24
41,Female,North,97867.18,34,84.01,9,0,0.11,61.6,Email,0,137,1,1,0.99
34,Female,West,27141.44,37,51.88,16,2,0.356,54.8,Ads,0,106,1,1,0.935
20,Male,South,72011.32,6,43.21,11,2,0.225,24.3,Ads,0,128,1,1,0.905
68,Female,North,45180.83,115,53.82,7,3,0.441,45.7,SMS,0,66,0,1,0.66
57,Male,South,57046.27,116,90.0,9,1,0.208,6.6,Social Media,0,83,1,1,0.97
32,Male,South,72920.91,86,28.49,6,1,0.479,24.0,Email,1,64,1,0,0.285
21,Female,West,74321.94,19,67.17,10,2,0.151,57.6,Ads,0,137,1,1,0.98
48,Male,East,65126.69,115,77.75,7,2,0.193,76.1,SMS,0,18,1,1,0.94
51,Female,North,91054.05,49,104.28,8,0,0.893,65.6,SMS,1,33,1,1,0.925
53,Other,West,50842.49,116,109.42,9,1,0.207,42.1,Social Media,0,104,1,1,1.0
51,Female,East,89376.94,108,82.23,11,2,0.03,62.7,Ads,0,89,1,1,0.985
31,Male,North,39703.86,43,37.95,4,2,0.286,84.9,Email,0,177,1,1,0.9
25,Male,South,74608.06,76,75.66,5,0,0.356,58.6,SMS,1,169,1,1,0.99
66,Male,West,71232.11,47,40.77,10,1,0.246,96.5,Email,0,92,0,1,0.73
38,Male,West,73374.43,21,101.89,10,1,0.389,13.5,Email,0,136,1,1,0.995
61,Male,East,77654.46,82,141.51,11,1,0.395,54.9,SMS,1,114,1,1,0.995
33,Female,North,72839.46,36,5.0,11,1,0.367,73.6,Email,0,168,0,0,0.355
61,Male,East,78035.71,52,94.4,10,2,0.703,38.0,Social Media,0,44,1,1,0.96
31,Male,North,73081.2,33,122.09,8,0,0.211,80.4,SMS,1,165,1,1,1.0
72,Female,South,33336.65,54,73.57,10,3,0.183,71.3,Ads,0,132,1,1,0.995
47,Male,West,51996.1,78,63.74,5,0,0.285,52.4,Social Media,0,108,1,1,0.98
31,Female,North,72690.55,27,157.17,4,1,0.091,85.8,Ads,0,10,1,1,0.985
37,Female,West,74064.07,114,51.35,1,2,0.401,65.1,Email,1,163,1,1,0.865
26,Male,North,66538.16,50,53.71,9,0,0.192,77.2,Social Media,1,133,1,1,0.975
55,Male,West,97704.5,10,47.59,11,1,0.247,73.9,SMS,1,94,1,1,0.865
61,Female,East,39189.62,28,93.79,9,2,0.281,60.4,SMS,1,83,1,1,0.995
26,Female,South,65357.99,66,97.82,5,1,0.193,60.6,Social Media,1,133,1,1,0.995
73,Female,South,90153.18,32,102.34,11,1,0.068,71.2,Social Media,0,163,1,1,1.0
35,Female,North,29328.16,83,45.73,11,1,0.128,77.8,Social Media,0,58,1,1,0.615
52,Male,North,58268.59,17,5.63,4,2,0.318,59.9,Ads,0,12,0,0,0.115
47,Female,East,57205.81,31,49.73,17,0,0.152,49.0,Email,0,40,1,1,0.685
19,Female,South,36654.18,115,85.1,9,1,0.567,74.5,Ads,0,55,1,1,0.905
47,Male,East,84490.96,70,86.54,11,1,0.491,22.1,Social Media,0,83,1,1,0.98
47,Female,North,74801.14,27,77.17,6,0,0.217,70.5,SMS,0,86,1,1,0.98
22,Male,North,54805.45,89,112.62,8,3,0.373,74.5,SMS,0,129,1,1,0.97
62,Male,North,62455.17,54,93.11,10,1,0.431,66.6,Ads,1,91,1,1,0.99
36,Female,West,38592.27,50,129.3,6,1,0.454,56.0,Email,0,164,1,1,1.0
65,Male,South,84155.83,103,53.39,7,1,0.139,12.8,Email,0,32,0,1,0.695
58,Male,North,30148.76,41,38.68,7,0,0.284,73.3,Email,0,117,1,1,0.79
23,Male,South,60923.54,62,103.7,12,1,0.454,30.9,Social Media,0,46,1,1,0.975
26,Female,North,43588.99,3,55.27,9,2,0.204,56.2,Ads,0,90,1,1,0.955
42,Female,West,58450.14,78,59.12,9,0,0.396,48.0,Ads,0,34,1,1,0.76
48,Male,South,62783.18,115,77.34,8,2,0.226,40.1,SMS,0,74,1,1,0.985
32,Female,West,70511.83,80,5.0,6,0,0.225,65.1,SMS,0,118,0,0,0.125
56,Female,East,85581.76,95,114.2,8,1,0.48,54.3,Social Media,1,90,1,1,0.985
71,Female,South,65517.59,105,107.24,7,1,0.299,54.7,Ads,1,132,1,1,0.995
42,Female,East,79683.45,117,89.81,9,2,0.573,54.2,Email,1,129,1,1,0.985
61,Female,South,31356.22,75,29.07,12,0,0.469,52.6,Email,1,87,0,0,0.28
54,Female,North,61179.16,52,97.89,8,0,0.155,53.8,Email,0,35,1,1,0.995
26,Female,West,81342.92,110,86.01,9,4,0.242,41.5,Email,0,62,1,1,0.965
49,Male,North,44140.17,38,74.84,3,4,0.303,66.6,Email,1,77,1,1,0.995
43,Male,East,57602.25,40,88.28,14,2,0.236,96.1,SMS,0,125,1,1,0.98
23,Male,South,83640.26,36,66.31,5,1,0.244,66.9,Ads,0,51,1,1,0.96
18,Male,West,51637.85,13,114.11,7,2,0.612,71.4,SMS,0,59,1,1,0.96
36,Other,South,56417.49,24,54.78,7,1,0.343,39.3,Social Media,0,60,1,1,0.905
45,Male,East,49577.07,6,102.26,9,1,0.141,73.5,Ads,0,95,1,1,0.995
23,Female,South,29098.1,65,60.23,9,3,0.319,51.1,SMS,0,112,1,1,0.99
53,Female,South,54213.33,100,30.66,5,0,0.548,81.3,Social Media,0,57,0,0,0.125
33,Female,North,50804.35,6,119.31,11,0,0.628,71.2,Ads,1,72,1,1,0.995
18,Female,North,68020.24,69,65.12,3,0,0.418,28.0,Email,1,134,1,1,0.975
50,Male,North,56741.6,104,32.36,8,4,0.597,24.4,Email,1,40,0,0,0.175
63,Male,East,52336.08,35,117.92,14,0,0.411,70.9,SMS,1,42,1,1,0.965
50,Female,East,41966.76,84,125.02,8,0,0.13,70.2,SMS,1,84,1,1,1.0
19,Female,West,66969.26,53,86.91,5,3,0.281,57.5,SMS,1,63,1,1,0.975
46,Male,South,92705.09,74,75.89,12,1,0.231,70.6,Social Media,0,52,1,1,0.98
27,Male,North,40797.69,56,113.29,11,0,0.331,52.3,Social Media,1,124,1,1,0.975
25,Female,East,67446.09,84,55.59,11,1,0.259,68.6,Email,0,30,1,1,0.635
28,Male,North,82323.92,109,77.68,4,0,0.315,38.1,SMS,0,170,1,1,0.97
42,Male,South,79795.57,104,98.98,8,2,0.339,51.8,Email,0,177,1,1,0.995
20,Male,North,15000.0,45,131.02,16,3,0.671,65.1,SMS,0,14,1,1,0.83
28,Female,North,68743.49,99,5.0,9,1,0.387,56.2,Social Media,0,35,0,0,0.09
43,Female,North,57470.27,4,79.43,7,2,0.372,73.2,Email,0,94,1,1,0.985
38,Male,West,80465.47,53,88.09,8,1,0.484,33.3,Email,0,44,1,1,0.985
32,Female,South,49585.56,73,65.54,5,2,0.254,23.8,Email,1,160,1,1,0.99
54,Female,North,37812.06,13,66.2,9,1,0.487,62.3,SMS,0,77,1,1,0.99
45,Male,South,69390.69,27,79.13,6,1,0.064,53.5,Email,1,111,1,1,1.0
74,Female,South,71059.81,97,84.13,7,2,0.212,47.1,SMS,0,24,1,1,0.975
21,Male,West,33812.9,23,17.86,2,2,0.281,0.0,SMS,0,98,1,0,0.45
69,Female,South,26836.41,8,75.45,6,1,0.306,72.1,Ads,0,133,1,1,0.99
42,Female,North,41813.18,106,100.72,8,1,0.09,58.2,SMS,0,64,1,1,0.985
36,Male,North,77193.63,15,39.75,10,2,0.069,79.3,SMS,1,131,1,1,0.825
53,Male,West,67501.53,11,55.27,10,0,0.282,52.3,SMS,0,133,1,1,0.985
65,Female,West,43092.55,17,46.52,4,1,0.516,36.7,Email,1,74,1,1,0.86
49,Female,North,57641.3,51,107.34,10,0,0.378,35.8,SMS,0,179,1,1,0.99
67,Female,North,55776.45,103,62.72,9,2,0.312,65.3,Ads,0,151,1,1,0.98
24,Male,North,53675.0,47,66.12,12,1,0.532,46.7,SMS,1,109,1,1,0.995
65,Male,North,51205.26,20,89.39,7,4,0.478,47.6,Social Media,0,29,1,1,0.97
51,Male,South,50797.16,94,97.8,10,1,0.275,47.0,Ads,1,38,1,1,0.99
60,Female,South,77503.81,17,85.32,2,1,0.143,57.9,Ads,0,46,1,1,0.965
20,Female,East,39821.16,47,99.62,7,2,0.093,78.8,SMS,0,24,1,1,0.965
34,Male,North,94273.52,7,81.62,10,1,0.342,89.7,SMS,0,120,1,1,0.965
29,Female,South,67624.73,75,57.14,7,0,0.339,76.1,Email,0,171,1,1,0.995
59,Male,North,74668.02,50,5.0,11,2,0.312,84.4,Email,1,25,0,0,0.085
32,Male,North,88999.21,10,28.87,9,0,0.213,25.0,Email,1,102,1,1,0.595
61,Female,North,51085.09,76,88.32,9,1,0.356,79.3,Social Media,1,151,1,1,0.99
50,Female,West,51179.24,104,41.97,9,1,0.238,63.5,Social Media,0,106,1,1,0.535
18,Female,South,81017.36,17,174.1,9,1,0.2,60.7,Social Media,0,83,1,1,0.99
60,Female,West,60763.25,59,69.15,4,0,0.507,70.8,Social Media,0,148,1,1,0.99
33,Female,East,60979.16,64,78.54,9,0,0.123,43.5,Ads,0,41,1,1,0.99
66,Female,South,81091.26,96,75.94,5,1,0.601,56.6,SMS,0,8,1,1,0.82
34,Female,West,48849.48,62,91.94,9,0,0.422,66.6,Email,0,57,1,1,0.985
57,Female,East,52788.74,17,126.73,10,1,0.074,77.3,Email,0,20,1,1,0.99
64,Female,East,54163.4,5,154.72,6,3,0.23,64.4,Email,0,7,1,1,0.995
71,Female,North,61598.54,70,60.37,11,0,0.189,56.7,Ads,1,154,1,1,0.985
42,Female,West,55428.05,20,43.03,8,3,0.134,78.2,Social Media,1,145,1,1,0.945
35,Female,South,62356.03,16,23.96,10,0,0.113,77.5,SMS,0,102,0,1,0.525
41,Male,South,47451.91,94,30.26,7,1,0.022,72.4,Ads,1,27,0,0,0.215
72,Female,West,46080.14,14,48.62,14,3,0.122,86.4,Email,0,136,1,1,0.915
54,Female,East,57003.75,29,83.96,5,1,0.018,65.3,Email,0,162,1,1,0.99
43,Male,North,83632.2,99,159.54,8,1,0.072,100.0,Ads,1,169,1,1,0.985
69,Male,South,58730.65,97,72.45,11,5,0.23,58.4,SMS,0,124,1,1,0.985
66,Female,North,42168.68,5,74.29,11,1,0.686,67.4,Ads,1,139,1,1,0.99
46,Female,West,39224.93,13,40.42,15,0,0.457,58.0,Social Media,0,24,0,0,0.435
20,Female,West,74970.35,72,78.32,13,1,0.558,63.2,Ads,0,84,1,1,0.96
74,Male,East,72977.31,32,190.2,12,1,0.712,61.0,SMS,1,37,1,1,0.975
66,Female,West,45786.96,98,78.75,9,1,0.267,57.9,Ads,0,30,1,1,0.965
57,Female,West,62318.62,16,56.55,9,2,0.433,63.8,SMS,0,101,1,1,0.985
45,Female,West,38938.29,15,5.0,8,4,0.538,54.4,SMS,0,156,0,0,0.305
27,Male,North,39046.11,3,132.39,3,1,0.139,52.1,Social Media,0,54,1,1,0.98
63,Female,East,58458.79,104,61.68,4,2,0.045,82.8,Social Media,0,89,1,1,0.95
19,Male,South,36426.3,72,69.44,13,1,0.056,86.1,SMS,0,6,1,1,0.685
62,Male,South,58242.77,56,111.76,6,1,0.422,50.1,Social Media,0,158,1,1,1.0
26,Female,North,34964.39,53,83.59,9,2,0.256,71.9,Ads,0,34,1,1,0.98
40,Male,South,76225.57,3,24.77,11,1,0.51,68.3,Social Media,1,69,0,0,0.25
44,Male,East,35797.02,28,117.15,8,2,0.382,62.6,SMS,1,178,1,1,1.0
43,Male,South,74650.27,2,57.84,6,2,0.261,36.4,Social Media,0,67,1,1,0.945
24,Female,North,48838.65,57,119.98,7,0,0.303,49.9,SMS,0,110,1,1,0.995
46,Male,South,34361.98,78,76.78,11,0,0.079,55.6,Ads,0,81,1,1,0.98
21,Male,South,64282.49,48,66.05,13,2,0.531,21.0,Email,0,21,1,1,0.84
59,Female,West,89847.93,32,100.42,5,1,0.165,35.5,Ads,0,61,1,1,0.985
36,Male,North,58743.14,112,71.72,9,1,0.193,20.9,Email,0,120,1,1,0.98
50,Male,West,59016.33,94,37.17,10,1,0.356,67.7,Ads,0,40,0,0,0.165
23,Female,North,58526.69,39,75.84,10,2,0.376,80.2,Social Media,0,140,1,1,0.995
25,Male,South,70723.78,24,83.73,7,0,0.215,43.5,SMS,1,84,1,1,1.0
40,Female,South,22814.4,74,44.15,6,0,0.43,47.4,Email,0,36,1,0,0.335
36,Female,South,57259.35,14,149.11,11,1,0.21,49.2,Social Media,1,111,1,1,0.995
49,Female,South,65273.67,112,76.98,4,1,0.201,49.0,Email,1,123,1,1,0.99
21,Female,North,65990.58,107,67.54,9,2,0.278,47.8,Ads,1,21,0,1,0.825
33,Female,South,71966.8,33,91.89,7,3,0.497,58.9,Ads,0,21,1,1,0.97
25,Female,East,65386.98,94,99.79,9,3,0.216,38.3,Social Media,1,158,1,1,0.985
26,Female,East,42186.6,115,11.4,11,1,0.1,54.4,SMS,0,158,0,0,0.23
31,Male,South,68867.2,37,26.73,6,1,0.113,74.6,Email,0,44,1,0,0.19
70,Male,South,58036.33,35,61.35,7,2,0.303,51.4,SMS,1,11,1,1,0.89
50,Female,South,27571.88,46,70.87,8,1,0.036,23.6,Email,0,171,1,1,0.99
38,Female,East,57376.51,18,69.93,13,1,0.246,54.9,SMS,0,57,1,1,0.97
53,Male,East,89014.99,65,118.64,12,2,0.528,36.3,Email,1,148,1,1,0.99
50,Female,East,74826.5,71,111.16,9,1,0.353,87.6,SMS,0,45,1,1,0.985
38,Male,North,55742.08,101,57.64,5,2,0.066,77.9,Social Media,0,104,1,1,0.97
65,Male,South,46994.16,101,31.33,8,3,0.033,82.7,Social Media,1,126,1,1,0.61
69,Female,North,51725.13,85,99.81,6,3,0.312,62.1,Social Media,0,136,1,1,0.995
57,Female,West,59167.03,26,78.98,5,0,0.543,20.9,Email,0,62,1,1,0.975
29,Male,East,42743.08,67,94.97,11,5,0.383,76.8,Social Media,0,8,1,1,0.9
39,Female,West,79568.91,17,149.23,9,2,0.153,77.1,Ads,1,2,1,1,1.0
22,Female,West,31351.34,33,88.42,9,1,0.294,63.6,Ads,1,79,1,1,0.99
54,Female,East,51973.51,59,41.05,12,1,0.278,89.0,Ads,0,94,0,1,0.56
46,Other,North,36347.45,22,145.01,5,0,0.158,74.7,Ads,1,145,1,1,0.99
69,Male,South,35934.24,10,106.94,6,4,0.15,67.2,Social Media,0,50,1,1,0.96
18,Male,West,32809.05,106,59.48,8,1,0.365,49.8,Social Media,0,42,1,1,0.72
73,Male,South,56476.24,12,141.89,8,1,0.1,42.1,Ads,0,103,1,1,0.99
60,Male,North,56541.39,56,65.63,11,2,0.197,34.6,Ads,0,160,1,1,0.995
20,Male,East,51296.9,78,72.69,5,1,0.629,33.4,Social Media,1,16,0,1,0.905
30,Male,South,54887.86,75,29.68,6,0,0.198,82.9,SMS,0,151,1,1,0.75
43,Female,East,67020.16,95,77.65,9,3,0.272,32.2,Email,0,8,1,1,0.965
74,Female,West,72418.55,68,92.18,9,4,0.319,39.4,Ads,0,167,1,1,0.995
31,Male,East,78136.25,86,52.42,6,2,0.298,48.0,Email,0,84,1,1,0.91
33,Male,South,34395.74,73,18.91,4,4,0.439,41.2,Ads,0,165,1,1,0.56
39,Female,South,54886.77,38,112.99,8,2,0.084,82.2,Email,0,165,1,1,0.995
19,Male,South,65314.74,9,121.64,10,3,0.179,56.3,Email,1,103,1,1,1.0
18,Male,South,80548.39,78,73.27,4,1,0.234,63.7,Ads,0,13,1,1,0.88
52,Female,West,65697.49,79,74.84,7,2,0.189,85.7,Ads,1,10,1,1,0.955
42,Male,East,68950.87,75,118.12,13,1,0.446,47.7,Ads,0,38,1,1,0.965
32,Male,North,33019.9,3,69.64,4,1,0.569,51.3,SMS,0,16,1,1,0.905
20,Male,North,48433.11,37,67.77,13,0,0.397,36.1,SMS,0,154,1,1,0.975
72,Female,South,15000.0,103,120.05,9,5,0.182,67.9,SMS,0,129,1,1,0.94
48,Female,North,98112.63,7,131.56,15,2,0.455,58.4,Email,0,137,1,1,0.975
26,Female,North,104231.34,76,143.91,5,2,0.299,54.0,Ads,0,101,1,1,0.99
37,Male,South,39556.05,108,42.95,6,3,0.179,60.2,Social Media,0,94,1,1,0.62
28,Male,North,54370.82,119,108.25,9,4,0.191,29.6,Social Media,0,125,1,1,0.98
24,Female,East,61552.08,2,82.72,12,2,0.337,21.8,SMS,0,149,1,1,0.995
28,Female,South,36972.03,26,61.39,9,5,0.229,77.6,Ads,0,4,1,1,0.77
57,Male,East,64530.76,48,66.15,5,2,0.192,55.5,Social Media,0,113,1,1,1.0
66,Male,West,56459.24,72,141.41,10,2,0.142,55.5,Ads,0,3,1,1,0.965
33,Female,West,52779.45,112,60.37,10,1,0.111,71.5,Ads,0,25,1,1,0.78
33,Male,West,40992.35,114,70.86,9,1,0.302,89.9,Social Media,1,114,1,1,0.975
23,Male,North,65943.47,18,124.92,9,2,0.388,53.1,Social Media,1,115,1,1,0.985
65,Male,South,54386.45,77,97.77,7,4,0.287,88.0,Social Media,0,16,1,1,0.965
44,Female,East,62068.41,77,113.36,8,2,0.229,41.7,Email,0,128,1,1,0.995
47,Male,North,73211.16,118,88.32,11,3,0.311,92.9,SMS,1,80,1,1,0.945
54,Male,West,64105.51,83,100.13,12,0,0.591,48.7,Ads,0,145,1,1,0.995
56,Male,West,60626.82,71,56.0,13,0,0.228,29.7,Ads,1,135,1,1,0.99
44,Female,South,77671.58,8,116.15,10,2,0.376,59.4,Social Media,1,117,1,1,1.0
60,Other,West,51845.6,73,41.31,9,2,0.133,21.5,Email,1,74,0,1,0.71
73,Male,East,72007.59,108,55.11,9,0,0.138,56.4,Email,0,44,0,1,0.75
37,Female,South,50529.65,70,105.15,11,2,0.207,83.5,SMS,0,131,1,1,0.995
35,Male,North,33052.46,57,22.4,8,2,0.384,90.5,Email,0,36,0,0,0.125
37,Female,East,69301.56,76,136.17,6,2,0.298,44.6,SMS,1,30,1,1,0.985
67,Female,South,47798.19,63,102.55,11,2,0.031,63.4,Email,1,86,1,1,0.99
69,Female,West,52597.22,16,18.71,6,2,0.116,58.8,SMS,1,98,0,0,0.38
22,Female,North,38984.85,88,103.69,4,2,0.024,70.6,Social Media,0,154,1,1,0.985
25,Female,South,69250.37,85,46.72,11,0,0.533,87.6,Ads,0,157,1,1,0.79
73,Male,North,34073.53,96,47.49,4,1,0.214,33.6,Social Media,0,90,1,1,0.79
23,Female,East,73115.43,8,53.27,9,2,0.484,56.9,Email,0,19,1,1,0.715
59,Female,North,45090.57,13,54.91,6,2,0.675,44.5,SMS,0,11,1,1,0.64
65,Female,North,67304.05,75,80.1,11,1,0.329,63.7,Ads,0,95,1,1,1.0
63,Female,South,62701.97,65,41.59,14,1,0.188,41.4,Ads,0,69,0,1,0.635
19,Male,East,73400.12,5,173.04,11,1,0.666,52.8,Ads,1,83,1,1,0.97
46,Male,East,49665.0,36,54.17,5,0,0.212,67.9,Email,0,88,1,1,0.99
34,Female,South,97282.63,57,42.73,6,2,0.317,100.0,SMS,0,51,0,1,0.54
69,Male,North,63376.99,30,5.0,11,1,0.207,79.5,SMS,0,109,0,0,0.175
29,Male,West,59638.04,112,105.74,8,2,0.613,66.5,Ads,0,126,1,1,0.995
66,Male,North,76937.65,116,79.61,9,2,0.278,67.7,SMS,0,57,1,1,0.975
34,Male,West,72847.59,30,85.67,7,1,0.351,93.8,Email,0,102,1,1,1.0
48,Male,East,55936.06,31,101.7,10,2,0.313,74.0,Ads,0,79,1,1,0.995
70,Female,North,62820.38,47,103.43,15,4,0.193,46.0,Ads,0,152,1,1,1.0
26,Male,North,71481.74,18,90.71,6,0,0.041,32.5,Email,0,56,1,1,0.975
56,Female,East,38236.74,17,22.73,7,0,0.274,38.7,Email,0,92,0,0,0.4
42,Male,North,85764.82,46,22.27,7,1,0.352,24.8,Email,0,50,0,0,0.18
73,Male,South,79948.53,45,102.88,4,1,0.504,50.3,Ads,1,41,1,1,0.975
46,Male,South,70235.84,49,90.76,8,3,0.286,75.3,SMS,0,19,1,1,0.98
73,Female,South,34305.17,107,101.95,8,1,0.259,91.9,SMS,0,109,1,1,0.98
19,Female,North,60862.95,73,61.64,9,2,0.386,50.9,Social Media,0,47,1,1,0.835
35,Male,West,53278.9,45,78.82,9,3,0.305,69.4,SMS,0,53,1,1,1.0
49,Male,South,75722.53,73,6.49,5,1,0.021,39.8,Email,1,10,0,0,0.205
74,Female,North,48632.66,99,26.48,10,1,0.12,63.7,Social Media,1,18,0,0,0.1
57,Female,West,55822.89,60,5.0,15,0,0.299,43.4,Ads,0,39,0,0,0.13
71,Male,East,74531.71,39,96.87,7,2,0.087,100.0,Social Media,0,39,1,1,0.93
46,Male,West,47734.57,84,78.24,8,3,0.375,63.3,Ads,1,106,1,1,0.975
21,Male,East,59215.35,81,108.93,11,3,0.452,65.0,SMS,0,80,1,1,0.98
73,Male,South,60808.65,113,84.15,7,1,0.608,63.6,Social Media,1,24,1,1,0.89
20,Female,East,39935.95,24,105.42,5,1,0.336,35.8,SMS,0,159,1,1,0.995
58,Male,West,70380.75,68,99.19,7,1,0.432,57.1,Social Media,1,140,1,1,0.99
67,Female,North,74618.25,96,80.19,10,1,0.515,42.8,Email,0,40,1,1,0.935
67,Female,East,43571.57,6,103.27,7,2,0.03,55.6,Ads,0,18,1,1,0.995
39,Female,South,33443.8,2,129.06,8,0,0.423,53.2,SMS,0,177,1,1,1.0
58,Female,West,76806.1,35,46.44,5,4,0.5,92.0,Ads,0,65,0,1,0.76
67,Female,East,33257.71,63,11.28,3,1,0.267,43.9,Email,0,7,0,0,0.205
45,Male,West,52730.15,25,38.27,7,1,0.485,69.8,SMS,0,172,1,1,0.835
23,Female,North,63592.21,26,67.63,12,2,0.084,53.2,SMS,1,11,1,1,0.925
46,Female,North,28328.5,115,118.17,7,1,0.155,50.8,Email,0,49,1,1,0.99
52,Female,West,48163.88,73,122.72,9,1,0.078,53.4,Email,0,47,1,1,0.995
73,Female,North,42646.93,1,119.61,7,2,0.338,62.8,Email,1,85,1,1,0.985
61,Female,South,47859.79,100,129.11,6,2,0.059,53.8,Ads,0,87,1,1,1.0
25,Male,North,79126.97,52,108.48,12,2,0.302,22.3,Ads,0,96,1,1,0.985
60,Male,East,76173.82,1,72.81,11,1,0.321,61.4,Social Media,0,6,1,1,0.935
48,Other,South,50683.66,53,64.85,15,0,0.057,65.7,Social Media,1,73,1,1,0.935
51,Female,West,105035.76,45,67.68,9,1,0.118,56.9,Email,0,35,1,1,0.945
30,Female,North,48656.93,37,102.22,5,3,0.546,71.3,Email,1,69,1,1,0.995
39,Male,North,39849.07,110,152.48,3,3,0.272,61.7,Social Media,1,161,1,1,0.995
57,Female,East,79927.76,65,72.4,11,1,0.01,57.4,Social Media,0,118,1,1,0.99
44,Male,West,74809.07,58,41.39,10,1,0.114,56.3,SMS,0,79,0,1,0.77
46,Female,North,68126.6,6,98.08,11,1,0.155,20.2,Social Media,0,134,1,1,1.0
72,Female,North,89496.44,81,25.91,6,1,0.205,38.6,SMS,0,102,0,0,0.48
58,Female,North,36360.52,76,98.67,3,1,0.442,85.5,Email,0,70,1,1,0.985
64,Male,South,42802.85,84,57.75,7,1,0.396,76.8,Ads,0,152,1,1,0.96
41,Other,South,67660.86,101,18.23,5,0,0.076,57.9,Social Media,1,41,0,0,0.175
66,Female,North,65061.86,28,139.04,6,4,0.496,65.4,Social Media,0,133,1,1,0.995
56,Female,East,55245.23,2,148.92,7,0,0.048,50.2,SMS,1,25,1,1,0.98
45,Female,West,61860.28,84,55.56,13,0,0.097,78.6,Email,0,1,1,1,0.665
46,Female,South,56258.68,66,109.36,12,2,0.423,69.4,SMS,0,38,1,1,0.98
19,Female,South,79208.81,81,59.22,9,3,0.344,89.2,Social Media,0,6,0,1,0.56
32,Male,West,55133.14,109,75.98,7,4,0.548,45.2,Email,0,94,1,1,0.99
49,Male,East,36428.63,83,40.23,13,1,0.329,69.3,Ads,0,97,0,0,0.445
35,Female,East,77992.39,67,79.74,4,1,0.608,88.4,Ads,0,145,1,1,0.99
70,Male,West,121909.89,7,79.01,5,0,0.214,73.8,Email,0,150,1,1,0.99
28,Male,South,124812.68,80,102.56,7,1,0.319,38.6,Social Media,1,58,1,1,0.955
18,Male,West,66460.35,29,80.56,5,2,0.279,73.4,SMS,0,144,1,1,0.985
59,Male,North,50794.77,49,92.46,8,0,0.503,76.9,Social Media,1,8,1,1,0.96
27,Female,East,60631.76,5,74.47,8,4,0.025,51.5,Email,0,47,1,1,0.975
22,Female,West,82418.25,14,93.02,8,3,0.15,58.5,Ads,0,27,1,1,0.98
45,Male,North,47028.75,19,108.47,8,1,0.71,85.7,Email,0,8,1,1,0.95
64,Female,South,69102.87,105,57.85,5,0,0.14,38.7,SMS,0,87,1,1,0.96
18,Male,West,64277.16,21,47.14,12,0,0.265,54.5,Ads,1,108,1,1,0.895
55,Male,North,33153.26,17,44.06,12,0,0.27,61.0,Social Media,0,35,1,1,0.52
61,Male,West,56640.67,8,22.91,8,1,0.237,84.5,Ads,0,175,1,1,0.7
66,Male,East,34725.92,82,119.05,4,1,0.535,54.6,Ads,0,105,1,1,0.99
46,Female,East,65280.99,55,42.43,14,2,0.096,55.3,Social Media,1,63,1,1,0.605
40,Female,North,61966.5,36,57.54,9,0,0.446,68.6,Email,0,139,1,1,0.975
37,Male,South,45313.0,23,5.0,9,2,0.516,69.2,Email,0,155,0,0,0.3
30,Male,North,15000.0,86,127.47,7,0,0.405,43.6,Ads,1,148,1,1,0.995
38,Female,West,21423.07,22,113.26,11,1,0.504,46.7,SMS,0,149,1,1,0.99
24,Female,South,76638.05,105,122.01,5,1,0.251,51.0,Social Media,1,92,1,1,0.99
65,Female,East,69411.72,19,112.56,10,2,0.497,61.7,Ads,1,118,1,1,1.0
21,Female,East,71630.69,80,52.39,6,0,0.248,67.2,Ads,0,89,1,1,0.94
48,Other,South,47967.61,66,94.58,7,3,0.163,67.7,Ads,0,64,1,1,0.995
18,Female,South,45151.69,118,80.32,6,2,0.198,25.4,Social Media,1,94,1,1,0.965
65,Female,North,45637.18,67,66.91,8,0,0.111,50.1,SMS,0,17,1,1,0.925
45,Male,West,89361.21,9,71.8,10,0,0.334,87.1,Social Media,0,8,1,1,0.935
25,Male,North,61926.54,76,37.98,10,0,0.227,60.7,SMS,0,73,0,0,0.395
62,Male,East,71074.84,11,26.22,10,1,0.184,37.9,Social Media,0,57,1,0,0.31
24,Female,South,37231.29,7,79.67,14,1,0.186,70.8,Ads,0,130,1,1,1.0
73,Male,West,58505.74,47,63.17,5,1,0.403,53.0,Social Media,0,161,1,1,0.995
65,Male,East,119198.97,69,88.82,1,5,0.412,50.6,SMS,0,150,1,1,0.965
38,Male,South,77269.37,52,106.91,5,2,0.472,59.5,Social Media,0,57,1,1,0.98
27,Male,South,50374.03,63,90.58,10,4,0.305,51.2,Email,0,31,1,1,0.98
30,Other,South,73190.07,18,57.63,5,1,0.37,74.1,SMS,1,168,1,1,0.99
28,Male,North,45991.99,110,16.66,6,0,0.182,19.8,Social Media,1,3,0,0,0.18
29,Female,West,48682.7,89,61.14,9,2,0.221,55.1,Social Media,0,81,1,1,0.96
30,Male,North,39712.21,5,101.11,9,0,0.299,72.6,Ads,1,133,1,1,0.995
51,Female,South,55875.29,23,92.78,6,2,0.589,42.7,SMS,0,75,1,1,0.98
40,Male,South,73606.72,77,117.71,3,5,0.511,39.6,Email,0,61,1,1,0.955
45,Male,North,43089.07,75,139.81,8,0,0.28,82.0,Social Media,0,113,1,1,1.0
68,Female,East,65382.52,57,80.94,12,2,0.581,41.8,Social Media,0,128,1,1,0.985
42,Female,East,57004.16,55,86.36,18,0,0.178,59.0,Ads,0,119,1,1,0.995
68,Male,North,53046.21,38,84.2,13,5,0.558,66.4,SMS,0,173,1,1,0.96
42,Male,East,37383.41,113,135.83,7,0,0.241,50.5,Ads,1,50,1,1,0.975
71,Female,South,49463.95,95,54.23,8,4,0.459,60.3,Ads,0,92,0,1,0.905
37,Female,West,54375.66,45,138.32,3,0,0.434,53.6,Ads,0,174,1,1,0.995
18,Male,South,44489.11,45,106.15,4,1,0.167,66.2,Email,1,71,1,1,0.945
64,Female,North,63392.81,4,5.0,7,0,0.485,62.7,Email,0,114,0,0,0.23
26,Male,East,68668.35,99,70.31,17,1,0.062,53.0,Email,0,12,1,1,0.695
36,Female,North,84051.48,69,105.63,7,0,0.113,61.4,SMS,0,74,1,1,0.965
40,Female,West,49676.88,1,81.4,4,2,0.316,84.0,SMS,1,8,1,1,0.975
19,Female,South,82571.2,20,103.91,3,2,0.025,49.3,Ads,1,122,1,1,0.98
31,Male,South,62029.02,118,105.41,6,2,0.335,37.3,Social Media,0,107,1,1,0.995
56,Female,East,68308.45,90,98.24,12,0,0.214,48.6,Email,0,104,1,1,1.0
19,Female,East,47727.5,61,108.87,4,0,0.213,40.6,Social Media,0,123,1,1,0.995
41,Female,North,83364.63,80,164.13,9,2,0.348,57.5,SMS,0,112,1,1,1.0
60,Female,South,73644.94,33,71.13,4,2,0.198,35.9,Ads,0,101,1,1,1.0
36,Female,North,40015.03,111,103.76,9,0,0.393,59.2,Ads,1,151,1,1,0.995
57,Male,West,50982.72,109,70.16,8,0,0.384,33.7,Email,1,154,1,1,0.975
66,Male,West,53937.23,82,103.56,5,2,0.009,56.7,Ads,0,164,1,1,0.99
18,Male,West,15000.0,44,108.37,7,1,0.25,100.0,Social Media,0,22,1,1,0.925
54,Other,West,100642.99,101,88.46,8,0,0.049,48.0,Ads,0,114,1,1,0.98
49,Male,East,90847.61,55,88.28,10,2,0.212,77.2,Social Media,0,60,1,1,0.99
66,Male,East,87911.79,35,115.21,12,0,0.178,60.6,SMS,1,63,1,1,0.99
39,Other,South,52556.95,118,52.41,11,1,0.075,81.3,Ads,1,13,0,0,0.48
73,Female,East,44750.81,78,53.52,9,1,0.387,68.1,SMS,1,178,1,1,0.975
54,Male,West,80070.86,112,55.13,8,2,0.055,56.6,Ads,0,44,1,1,0.73
32,Male,North,33211.11,78,109.64,8,5,0.479,55.8,SMS,1,34,1,1,0.965
28,Female,North,65194.9,72,69.38,8,0,0.532,69.1,SMS,1,138,1,1,0.995
28,Female,West,75772.87,77,22.59,9,0,0.285,52.1,Email,1,135,1,0,0.465
69,Female,West,63327.33,68,48.33,11,1,0.515,14.0,Social Media,1,128,1,1,0.935
55,Female,West,66363.22,33,61.49,8,1,0.114,51.9,SMS,1,116,1,1,0.995
61,Female,West,66786.12,52,125.37,14,1,0.234,54.3,Email,0,76,1,1,0.975
38,Male,South,64324.88,35,95.91,11,2,0.084,84.2,Social Media,0,43,1,1,0.98
65,Female,West,49804.73,16,59.33,7,1,0.287,72.6,Ads,0,70,1,1,0.965
37,Female,South,71093.16,23,62.5,1,1,0.023,100.0,Ads,0,82,1,1,0.935
23,Female,West,59601.51,71,35.77,16,1,0.189,83.1,Ads,0,140,1,1,0.775
18,Male,East,69855.59,68,69.15,3,3,0.708,68.5,SMS,0,178,1,1,0.94
26,Male,North,48334.65,32,23.19,5,3,0.586,60.2,Social Media,1,158,1,1,0.625
30,Male,East,59028.99,60,163.58,3,2,0.161,46.5,Social Media,1,31,1,1,0.985
20,Female,West,64385.1,74,30.76,10,1,0.473,55.2,SMS,1,54,0,0,0.23
63,Male,South,50233.68,71,105.05,12,3,0.572,55.0,Ads,0,145,1,1,0.985
24,Female,North,62715.94,43,65.27,2,0,0.543,86.7,SMS,0,11,1,1,0.71
67,Male,South,69903.44,5,80.21,9,0,0.144,68.3,SMS,0,124,1,1,1.0
58,Female,West,92602.14,114,112.06,8,1,0.514,61.7,Email,0,173,1,1,0.99
32,Female,North,52310.37,87,81.38,10,2,0.695,66.4,SMS,0,122,1,1,0.98
63,Male,East,45279.55,110,66.79,4,0,0.609,81.0,Ads,0,59,1,1,0.835
22,Male,East,58813.51,24,110.28,7,4,0.257,63.9,Email,0,119,1,1,0.985
42,Male,East,41663.83,2,50.72,5,0,0.337,86.4,SMS,1,121,1,1,0.935
67,Female,West,53494.63,79,88.03,4,1,0.182,83.7,Email,0,22,1,1,0.965
71,Female,West,48659.53,30,27.09,8,1,0.139,51.6,SMS,0,106,1,1,0.685
74,Female,North,79899.52,48,75.87,5,2,0.657,41.5,Email,0,72,1,1,0.945
39,Male,West,64072.66,18,74.37,15,0,0.098,29.3,SMS,0,13,1,1,0.94
65,Male,West,76371.22,44,87.51,10,1,0.253,30.9,Ads,0,168,1,1,1.0
47,Male,West,63465.37,45,103.28,6,0,0.275,34.3,Email,1,160,1,1,1.0
36,Female,South,74699.43,20,67.06,7,1,0.369,53.9,Email,0,8,1,1,0.77
39,Female,West,50351.47,117,97.87,9,1,0.362,61.2,Ads,0,20,1,1,0.955
56,Female,West,84676.37,47,71.22,9,1,0.249,63.3,Email,0,144,1,1,0.995
64,Male,South,60579.67,36,120.29,8,1,0.117,55.0,Social Media,0,150,1,1,0.995
49,Female,South,47239.0,108,52.49,7,1,0.311,33.5,Social Media,0,120,1,1,0.965
32,Male,East,16630.91,64,53.34,4,2,0.155,47.2,SMS,0,90,1,1,0.9
48,Female,East,76211.32,37,125.42,11,2,0.542,44.6,SMS,0,175,1,1,0.99
25,Male,West,79463.65,11,102.09,15,0,0.237,80.9,Ads,1,121,1,1,0.985
18,Male,North,50468.91,93,112.5,7,1,0.104,58.7,Email,0,64,1,1,0.96
66,Female,North,52771.85,12,103.93,5,2,0.368,68.1,SMS,0,74,1,1,0.985
46,Male,North,60183.99,38,103.36,8,0,0.239,45.2,Social Media,0,148,1,1,1.0
18,Male,West,53858.41,56,40.84,8,2,0.26,71.9,Email,1,114,1,1,0.78
72,Female,South,68100.27,22,31.35,7,0,0.366,55.7,Social Media,1,22,0,0,0.27
28,Female,South,63438.07,4,55.62,5,3,0.459,71.8,SMS,0,98,1,1,0.96
49,Female,East,79937.46,25,69.28,7,1,0.282,69.3,Social Media,0,17,1,1,0.96
47,Female,South,42903.69,13,75.88,10,1,0.233,59.8,Social Media,0,148,1,1,1.0
50,Male,East,18609.83,51,73.28,8,1,0.07,67.9,Social Media,1,113,1,1,0.99
53,Female,East,100981.77,3,176.04,11,5,0.316,38.2,SMS,1,38,1,1,0.945
24,Male,West,88047.13,118,101.46,8,0,0.22,77.2,SMS,1,53,1,1,0.905
52,Female,North,67383.54,41,84.95,6,3,0.133,64.2,Ads,0,147,1,1,1.0
39,Male,South,52115.27,112,89.89,11,0,0.66,58.2,Social Media,1,176,1,1,0.995
69,Male,East,81833.7,7,36.73,5,0,0.228,69.1,Social Media,0,42,0,0,0.485
19,Male,North,87182.92,87,141.35,9,2,0.375,36.7,Ads,0,13,1,1,0.95
72,Male,North,56387.81,83,49.68,8,2,0.216,51.9,Social Media,0,63,1,1,0.78
38,Female,West,59282.52,65,102.14,4,0,0.217,67.2,SMS,0,174,1,1,1.0
72,Female,North,63580.4,113,107.9,9,1,0.074,65.2,Social Media,0,110,1,1,1.0
73,Female,West,64690.78,86,41.39,7,0,0.1,44.3,Email,1,121,1,1,0.89
29,Female,South,88060.45,62,91.05,6,2,0.471,58.2,Email,0,136,1,1,0.99
53,Male,East,59775.29,17,124.52,13,2,0.362,74.7,Ads,0,52,1,1,0.99
65,Female,East,42482.8,38,113.07,10,1,0.234,58.0,Ads,1,126,1,1,0.995
22,Other,East,73614.1,29,99.52,13,3,0.127,57.8,SMS,0,179,1,1,0.99
68,Male,North,75384.1,84,66.03,11,0,0.147,72.4,SMS,1,122,1,1,0.97
59,Male,North,62779.25,5,118.02,8,1,0.303,34.2,Ads,0,163,1,1,0.99
49,Male,West,59183.37,91,68.53,6,0,0.099,40.2,Social Media,0,121,1,1,1.0
19,Female,East,78779.3,100,119.76,11,2,0.069,46.3,SMS,1,144,1,1,0.995
52,Male,South,100372.71,5,78.64,8,1,0.276,41.6,Ads,0,98,1,1,0.985
61,Female,West,21043.71,25,73.47,6,2,0.564,63.2,SMS,1,50,1,1,0.965
59,Female,East,60749.46,91,114.19,7,1,0.564,71.0,SMS,0,85,1,1,0.99
36,Other,East,77656.47,39,72.76,7,1,0.533,64.2,Social Media,0,111,1,1,1.0
43,Male,South,40001.3,38,85.79,13,1,0.47,61.7,Social Media,1,130,1,1,1.0
45,Female,East,95084.75,42,68.06,7,2,0.47,48.8,SMS,0,109,1,1,0.995
40,Female,North,31175.89,17,32.65,7,3,0.675,90.7,Social Media,0,37,0,0,0.195
54,Female,South,32736.9,4,79.29,7,2,0.068,70.9,Email,0,8,1,1,0.99
41,Female,East,65509.43,43,115.58,13,0,0.557,78.6,Email,0,36,1,1,0.965
19,Female,South,33699.98,13,145.35,8,3,0.113,45.0,Ads,0,56,1,1,0.95
28,Male,East,87790.83,76,107.73,7,2,0.125,45.0,SMS,0,22,1,1,0.99
54,Female,West,62833.39,8,84.59,13,1,0.316,62.9,Ads,0,109,1,1,0.995
64,Female,West,41728.34,60,120.31,6,1,0.402,49.3,Ads,0,142,1,1,0.98
29,Female,West,43945.89,48,75.73,7,1,0.321,38.5,Ads,0,42,1,1,0.995
56,Other,South,59614.01,73,52.15,5,0,0.164,78.2,Email,1,21,0,1,0.57
62,Female,North,53358.4,27,17.37,6,1,0.455,92.2,Social Media,0,61,0,0,0.14
46,Male,South,85978.3,54,63.78,10,3,0.034,57.9,Social Media,0,69,1,1,0.955
50,Female,West,56556.63,99,91.34,7,1,0.198,82.6,Social Media,0,83,1,1,0.995
45,Male,South,55975.62,109,135.55,13,2,0.103,36.7,Email,0,157,1,1,0.99
39,Female,South,63230.37,74,5.0,9,0,0.238,84.8,SMS,0,45,0,0,0.09
42,Male,South,69049.08,69,47.35,10,0,0.522,92.8,SMS,1,30,0,0,0.445
61,Male,West,55383.28,58,141.94,4,1,0.489,71.2,Ads,0,166,1,1,0.995
30,Female,East,55639.16,1,36.3,3,1,0.386,62.6,Social Media,0,48,1,1,0.57
59,Male,East,85595.67,77,63.13,10,1,0.434,49.7,Email,0,22,1,1,0.76
49,Other,North,92062.79,13,114.88,11,3,0.229,88.9,Ads,0,78,1,1,0.975
27,Female,West,74603.76,82,144.09,10,0,0.209,84.8,SMS,0,165,1,1,0.985
24,Female,North,71913.25,36,48.56,10,0,0.048,32.5,Ads,0,117,1,1,0.93
37,Male,South,56493.25,13,69.17,10,2,0.256,51.3,Social Media,0,78,1,1,0.995
60,Male,East,59925.76,38,45.42,4,2,0.473,87.6,Social Media,0,17,0,1,0.58
38,Female,West,50988.16,111,66.34,5,1,0.305,71.9,Ads,0,155,1,1,0.995
40,Female,East,48301.94,112,85.06,12,3,0.727,62.0,Email,1,176,1,1,0.88
44,Male,East,41766.83,90,50.22,9,1,0.222,67.1,Social Media,1,108,1,1,0.85
41,Male,South,50750.36,93,99.43,10,1,0.178,87.5,Email,0,148,1,1,0.995
32,Male,East,52407.14,61,93.65,13,2,0.52,31.6,SMS,0,19,1,1,0.955
27,Female,North,54081.53,20,130.13,10,0,0.03,73.8,Ads,0,60,1,1,0.995
20,Male,West,57802.96,87,91.22,17,1,0.244,51.0,Social Media,1,139,1,1,0.955
21,Female,West,55860.14,79,64.58,8,0,0.148,45.9,SMS,0,72,1,1,0.96
54,Female,West,44980.71,115,28.32,4,0,0.348,80.1,Ads,0,98,0,0,0.345
64,Female,South,94341.07,23,40.63,5,2,0.485,41.7,Email,0,100,1,1,0.855
54,Female,West,57287.11,61,46.34,4,1,0.14,42.6,Ads,1,148,1,1,0.99
74,Male,South,94364.17,26,60.25,7,2,0.386,53.2,Ads,0,175,1,1,0.99
64,Male,South,25083.81,115,89.78,4,2,0.045,63.1,Ads,0,76,1,1,0.97
65,Male,East,72817.84,34,124.31,8,1,0.088,58.2,Ads,1,145,1,1,1.0
68,Female,North,45415.45,98,33.57,7,2,0.318,83.4,Email,0,32,0,0,0.11
72,Male,South,43409.16,12,104.02,8,3,0.355,71.9,Social Media,1,141,1,1,0.99
36,Male,North,52263.84,18,51.84,7,0,0.378,64.2,Ads,0,33,1,1,0.795
31,Male,North,58817.55,116,86.23,7,1,0.201,95.4,Social Media,0,13,1,1,0.9
67,Male,East,67221.64,56,50.96,9,3,0.2,74.3,SMS,0,132,1,1,0.99
56,Other,East,57714.4,29,90.55,10,0,0.229,57.3,Ads,0,74,1,1,0.99
37,Male,South,80372.01,19,89.29,4,1,0.219,67.9,Social Media,1,16,1,1,0.98
20,Male,South,52203.4,63,86.46,5,1,0.608,48.8,Social Media,0,82,1,1,0.985
49,Female,West,46312.9,18,15.22,9,1,0.146,69.0,SMS,0,102,0,0,0.25
66,Female,West,40568.66,30,31.95,13,1,0.433,66.0,Social Media,1,130,1,1,0.58
35,Female,South,87800.34,23,91.23,9,1,0.212,67.7,Email,0,156,1,1,0.995
62,Male,North,39436.31,60,31.4,6,4,0.205,57.3,SMS,0,23,0,0,0.275
51,Female,North,58381.19,78,91.19,8,1,0.414,76.4,SMS,0,34,0,1,0.97
39,Female,East,57630.9,109,112.17,11,1,0.763,32.5,Social Media,0,57,1,1,0.905
74,Male,East,81438.81,56,19.18,10,2,0.234,49.8,SMS,0,55,0,0,0.16
67,Male,West,63529.08,52,82.01,7,0,0.221,45.9,Email,1,51,1,1,0.985
52,Female,South,65083.71,1,37.4,6,2,0.145,61.4,Ads,0,138,1,1,0.95
50,Male,South,83414.32,1,66.41,11,0,0.168,73.6,Ads,0,80,1,1,0.98
68,Female,East,79866.65,79,98.97,8,0,0.031,59.7,Email,1,1,1,1,0.91
51,Male,West,82561.67,35,87.89,8,3,0.127,37.2,Social Media,0,87,1,1,0.99
74,Female,North,38117.9,62,55.74,12,1,0.326,46.9,SMS,0,6,0,1,0.535
46,Female,South,61623.95,83,30.08,5,1,0.554,86.1,Ads,1,123,1,0,0.435
48,Male,East,80416.5,117,80.7,7,1,0.121,50.4,Social Media,1,42,1,1,0.96
52,Female,West,78127.29,55,71.35,11,1,0.112,57.6,SMS,0,82,1,1,0.98
61,Female,East,60120.31,78,101.56,9,2,0.291,94.3,Email,0,13,1,1,0.95
64,Male,East,49269.88,26,34.93,7,0,0.554,36.9,Ads,1,75,1,0,0.475
38,Male,West,73964.25,33,100.38,4,1,0.235,62.6,Email,0,80,1,1,0.995
72,Female,West,81351.78,23,113.34,6,7,0.37,72.3,Ads,0,118,1,1,0.98
44,Female,West,101704.2,31,54.19,12,0,0.201,33.3,Email,1,91,1,1,0.93
62,Female,West,55690.67,8,129.78,11,2,0.442,85.7,SMS,1,40,1,1,0.96
43,Female,South,58061.92,69,113.24,5,3,0.399,89.9,Social Media,0,38,1,1,0.97
59,Male,North,67696.96,9,96.38,5,1,0.168,38.6,Social Media,0,1,1,1,0.97
29,Female,East,102070.63,116,129.86,10,3,0.406,22.5,SMS,1,79,1,1,0.94
57,Female,West,89661.59,62,150.02,8,0,0.351,87.4,Ads,0,109,1,1,0.975
47,Male,North,31705.49,105,102.51,5,1,0.09,71.1,Ads,1,103,1,1,0.995
60,Female,North,66552.18,61,125.92,8,3,0.329,29.4,Ads,0,105,1,1,0.995
62,Female,South,92976.31,76,79.99,11,1,0.261,57.6,Social Media,1,45,1,1,0.975
71,Male,West,65645.17,21,127.62,4,0,0.379,94.2,Ads,1,34,1,1,0.975
22,Female,North,50752.25,116,45.92,8,0,0.508,32.9,Ads,0,172,1,1,0.785
25,Female,West,24252.42,106,81.09,8,0,0.066,78.8,Email,0,34,1,1,0.915
74,Female,South,83058.55,57,35.79,9,1,0.339,36.8,Social Media,1,171,1,1,0.855
73,Male,North,67817.87,118,168.15,7,1,0.282,85.6,Ads,0,159,1,1,0.995
67,Female,West,52614.64,28,53.81,13,2,0.18,80.2,Social Media,1,75,1,1,0.95
61,Male,West,53811.25,53,107.3,4,1,0.352,59.3,SMS,1,129,1,1,0.99
32,Male,West,60825.11,32,93.18,9,1,0.293,43.9,Ads,1,141,1,1,1.0
60,Other,West,67863.66,6,86.62,5,1,0.185,78.9,Ads,0,86,1,1,0.99
45,Female,East,84294.7,86,139.05,11,3,0.242,40.0,Email,0,25,1,1,0.985
64,Male,North,32041.84,45,23.21,7,1,0.144,55.6,Ads,1,22,0,0,0.225
50,Female,East,57044.04,80,75.92,3,0,0.233,83.5,Email,0,169,1,1,0.995
23,Female,East,81161.52,118,72.42,6,1,0.215,76.4,SMS,0,153,1,1,0.98
35,Other,West,34822.98,97,104.35,7,2,0.328,72.9,Social Media,0,39,1,1,0.985
32,Female,South,97448.21,113,133.18,13,0,0.145,87.2,SMS,0,140,1,1,0.98
29,Female,West,41485.96,41,25.14,9,3,0.231,65.1,Ads,1,103,0,1,0.525
57,Female,West,68712.76,19,89.93,12,2,0.376,50.6,Ads,1,54,1,1,0.98
58,Male,East,74093.68,84,127.91,12,3,0.299,92.7,Ads,1,149,1,1,0.985
53,Female,North,68924.87,10,86.31,12,0,0.499,63.4,Email,0,16,1,1,0.965
45,Male,East,76487.64,34,68.62,11,3,0.135,72.5,Ads,0,105,1,1,0.99
34,Male,North,68280.79,26,49.61,5,0,0.807,64.8,Ads,0,167,1,1,0.89
46,Female,East,62913.46,101,117.89,4,2,0.377,60.8,SMS,0,3,1,1,0.935
63,Female,West,45026.8,93,48.55,6,1,0.218,83.0,Ads,1,130,1,1,0.88
61,Male,East,48356.17,28,77.45,6,2,0.125,29.0,Ads,0,44,1,1,0.96
51,Female,North,72240.55,76,50.67,8,1,0.25,48.5,SMS,0,177,1,1,0.97
44,Male,West,62038.74,69,138.08,10,2,0.496,77.8,Ads,0,124,1,1,1.0
37,Female,East,77418.09,17,43.49,7,3,0.097,75.0,Social Media,1,179,1,1,0.945
27,Female,West,61818.5,25,60.99,5,1,0.259,46.9,Email,0,10,1,1,0.8
65,Female,East,70683.87,19,17.5,2,2,0.233,97.3,Email,0,103,0,0,0.365
51,Male,North,78006.24,19,83.35,12,1,0.245,65.2,SMS,0,51,1,1,0.99
41,Male,West,79172.45,23,70.11,8,2,0.251,60.5,Email,0,109,1,1,0.995
62,Male,West,38083.09,57,94.81,4,2,0.482,59.7,SMS,0,2,1,1,0.95
18,Female,South,44963.7,44,77.68,9,5,0.13,50.4,Ads,0,114,1,1,0.995
19,Male,North,39242.41,59,105.25,8,2,0.166,87.7,SMS,1,127,1,1,0.995
74,Female,North,60322.89,117,47.63,10,3,0.555,73.3,Email,0,177,1,1,0.81
57,Male,North,66285.41,86,57.78,12,2,0.479,14.0,Social Media,0,147,1,1,0.96
20,Female,North,85526.87,74,66.11,10,2,0.14,57.9,Social Media,1,90,1,1,0.98
66,Female,West,54793.43,100,90.28,17,1,0.224,61.0,Email,1,78,1,1,0.96
54,Female,East,53516.51,115,51.43,7,1,0.208,97.1,Ads,0,54,1,1,0.555
74,Female,West,68267.91,21,87.91,8,4,0.144,73.0,Social Media,1,6,1,1,0.98
32,Male,West,47314.26,94,47.62,9,3,0.499,52.0,Social Media,0,54,1,0,0.495
72,Female,North,71552.91,53,17.27,5,0,0.445,100.0,Email,0,26,0,0,0.165
32,Male,South,72965.59,70,101.07,14,2,0.396,50.6,Ads,0,91,1,1,1.0
63,Male,East,68563.56,20,102.11,8,0,0.494,58.8,SMS,0,46,1,1,0.975
47,Male,North,97996.37,13,87.65,9,1,0.508,74.5,SMS,0,167,1,1,1.0
19,Female,West,55415.52,111,136.21,9,3,0.07,34.3,Email,0,12,1,1,0.975
22,Female,North,66114.6,41,85.14,9,1,0.213,32.0,Social Media,0,84,1,1,0.995
25,Other,West,34667.78,90,80.29,8,2,0.358,34.7,Email,1,165,1,1,0.99
31,Male,North,56442.12,113,83.13,17,2,0.213,72.7,Ads,0,114,1,1,0.985
32,Male,East,27779.52,7,91.99,12,1,0.355,54.1,Ads,0,76,1,1,0.985
40,Male,West,54075.24,114,152.41,10,2,0.078,43.0,Email,0,172,1,1,1.0
30,Male,West,62777.74,20,143.24,6,2,0.269,70.6,Ads,0,134,1,1,1.0
44,Male,North,51193.33,9,82.51,9,2,0.173,88.0,Ads,0,44,1,1,0.975
49,Female,West,37663.52,79,92.41,9,0,0.071,78.5,SMS,0,54,1,1,0.98
67,Male,West,50243.01,54,5.0,12,0,0.322,36.4,SMS,0,37,0,0,0.18
74,Female,North,51858.8,59,72.32,9,1,0.457,40.4,Social Media,1,113,1,1,0.99
59,Male,North,58726.4,49,69.95,12,1,0.097,50.2,Ads,0,170,1,1,0.995
66,Male,West,69792.09,1,87.96,9,1,0.222,61.6,Social Media,0,106,1,1,1.0
70,Female,North,65610.14,33,67.66,7,2,0.205,58.8,Email,0,84,1,1,0.99
29,Other,North,85794.01,114,88.03,11,2,0.425,65.8,Social Media,0,128,1,1,0.995
32,Male,West,58670.2,112,50.23,8,0,0.387,62.7,SMS,1,76,0,1,0.62
37,Male,East,51964.73,95,94.78,9,1,0.519,61.2,Ads,0,144,1,1,0.99
48,Other,West,71600.67,1,75.35,10,2,0.147,65.3,SMS,0,139,1,1,1.0
50,Female,East,69590.8,89,83.75,6,1,0.384,83.0,Social Media,0,82,1,1,0.985
29,Male,East,48401.1,42,133.97,11,1,0.19,61.3,Ads,0,143,1,1,1.0
72,Female,South,64325.94,51,123.98,12,2,0.396,46.8,Email,1,148,1,1,0.995
49,Female,North,92150.97,95,51.31,15,5,0.247,44.3,SMS,0,86,0,1,0.78
67,Female,South,60167.41,112,58.74,7,4,0.18,48.9,Social Media,0,30,1,1,0.675
26,Female,West,48085.31,104,77.51,11,1,0.22,71.3,Ads,0,20,1,1,0.915
44,Male,West,38722.65,101,66.21,9,2,0.072,40.5,Ads,0,8,1,1,0.85
65,Male,North,60455.99,80,18.24,12,0,0.423,87.3,Social Media,0,126,0,0,0.21
61,Female,North,94496.94,18,96.72,12,1,0.355,78.1,Ads,1,127,1,1,0.995
39,Female,East,72952.62,25,142.06,9,1,0.429,46.9,Ads,0,146,1,1,0.99
51,Male,West,87480.96,106,138.99,7,1,0.336,60.5,Ads,0,46,1,1,0.995
71,Female,North,69142.17,13,65.26,9,2,0.636,63.5,Email,0,35,1,1,0.935
38,Male,West,84548.75,87,78.06,8,1,0.285,60.9,Email,0,88,1,1,0.975
43,Male,East,72732.3,3,100.57,6,3,0.247,36.0,Ads,0,29,1,1,0.99
21,Female,West,50326.48,64,109.52,9,2,0.257,78.2,SMS,1,41,1,1,0.985
68,Male,North,62908.76,32,55.98,9,1,0.325,68.3,Social Media,1,41,1,1,0.76
66,Male,West,46018.0,107,93.68,8,1,0.069,13.5,Email,1,41,1,1,0.975
37,Male,North,65597.78,50,126.42,9,0,0.586,53.8,Email,0,44,1,1,0.975
35,Male,West,43856.01,51,71.05,4,2,0.067,45.7,SMS,1,101,1,1,1.0
47,Male,South,49219.76,93,109.44,14,0,0.585,66.7,SMS,0,171,1,1,0.99
61,Male,West,64830.04,97,74.66,8,5,0.36,94.7,Email,0,79,1,1,0.955
71,Female,South,70601.03,28,5.0,13,3,0.104,88.8,SMS,0,103,0,0,0.18
26,Female,South,78636.36,19,44.42,5,1,0.046,47.3,Email,0,83,1,1,0.85
61,Male,West,58522.73,67,71.41,9,1,0.112,20.2,Ads,0,167,1,1,1.0
41,Female,South,61108.87,49,61.15,10,4,0.135,63.8,Social Media,0,111,1,1,0.975
72,Female,South,53908.97,20,63.86,7,2,0.132,47.9,Ads,0,14,1,1,0.94
59,Male,West,90697.12,93,107.17,6,1,0.125,39.3,Email,0,145,1,1,0.995
28,Female,East,47032.92,13,99.75,11,2,0.294,87.3,SMS,0,134,1,1,0.995
49,Female,East,55868.88,87,72.87,8,1,0.411,51.6,Email,0,100,1,1,0.995
63,Female,West,63698.3,112,140.11,5,3,0.102,81.2,Ads,0,21,1,1,0.98
58,Female,North,52111.55,17,89.19,9,0,0.294,100.0,Social Media,0,44,1,1,0.98
41,Female,North,64757.69,91,129.67,8,0,0.641,62.3,Email,0,66,1,1,0.96
51,Male,West,63571.75,36,17.02,8,1,0.031,83.7,SMS,1,7,0,0,0.21
52,Male,North,84811.62,56,58.66,4,2,0.318,62.0,Social Media,1,175,1,1,0.99
73,Female,East,75145.63,23,73.76,7,1,0.291,54.2,Ads,0,91,1,1,1.0
65,Male,North,67154.04,78,126.09,10,0,0.276,24.0,Social Media,0,11,1,1,0.975
57,Female,East,92437.24,96,70.34,10,2,0.318,80.8,SMS,0,155,1,1,1.0
40,Male,South,64679.81,23,136.98,8,0,0.203,42.7,SMS,0,159,1,1,1.0
60,Female,South,72249.55,89,72.99,10,0,0.37,40.7,Email,0,72,1,1,0.98
19,Male,West,38963.96,113,40.73,9,1,0.103,14.5,Email,1,162,1,1,0.79
41,Female,South,60036.88,116,112.38,4,0,0.142,50.0,Social Media,0,25,1,1,0.985
28,Female,East,57534.92,103,93.15,4,1,0.154,44.3,SMS,1,165,1,1,0.995
72,Other,South,71519.5,97,113.47,9,1,0.539,20.4,SMS,0,156,1,1,0.985
34,Other,West,52448.35,10,25.32,7,1,0.211,33.0,Email,0,101,0,0,0.485
70,Male,West,92010.84,119,86.85,11,3,0.413,62.0,Social Media,1,3,1,1,0.77
21,Female,South,44553.43,93,99.04,9,1,0.211,61.6,Email,0,38,1,1,0.985
47,Female,West,56778.32,58,39.02,6,1,0.06,57.3,SMS,0,1,0,0,0.4
73,Male,South,55046.77,95,104.83,9,2,0.501,87.4,Email,1,117,1,1,0.985
53,Male,South,67834.7,12,77.27,10,2,0.1,53.3,SMS,1,12,1,1,0.95
29,Male,West,78898.85,51,176.79,3,1,0.159,81.6,Ads,1,30,1,1,0.99
38,Male,North,90244.56,31,113.94,8,2,0.46,37.8,Email,0,130,1,1,1.0
39,Male,East,54203.62,16,90.2,8,0,0.185,45.5,SMS,0,114,1,1,1.0
33,Male,East,39850.59,98,61.09,10,1,0.222,44.8,Ads,0,67,1,1,0.925
41,Male,North,73561.03,25,163.34,8,2,0.189,79.7,Social Media,0,82,1,1,0.99
48,Male,South,23064.19,15,141.73,9,2,0.133,50.2,Social Media,0,10,1,1,0.975
25,Other,South,47840.82,97,104.37,6,1,0.121,67.7,Email,1,19,1,1,0.975
56,Female,West,72801.9,99,69.12,6,2,0.223,75.4,Social Media,0,31,1,1,0.895
65,Male,North,80232.04,100,62.8,9,0,0.1,61.7,SMS,0,53,1,1,0.895
67,Male,West,40815.45,4,77.69,3,0,0.284,35.4,Ads,1,130,1,1,1.0
25,Female,East,35109.3,77,55.25,5,2,0.264,71.5,Email,0,17,0,1,0.575
28,Female,South,59880.9,93,50.85,7,0,0.387,69.7,SMS,1,134,1,1,0.905
51,Male,North,126021.44,16,55.94,12,1,0.117,65.0,Ads,0,4,0,1,0.69
22,Female,South,89263.99,57,167.08,5,2,0.577,13.2,Email,0,51,1,1,0.95
21,Female,North,50604.38,101,87.63,4,3,0.262,86.7,SMS,0,124,1,1,0.97
31,Female,South,86046.19,54,75.01,5,0,0.489,83.0,Email,1,159,1,1,0.985
31,Male,East,58275.59,37,34.61,10,0,0.286,67.5,Ads,0,154,1,1,0.86
36,Male,West,58153.24,12,68.83,7,0,0.311,17.2,Email,0,132,1,1,0.99
49,Male,North,75752.88,37,136.41,10,2,0.129,56.7,Email,1,1,1,1,0.98
68,Male,West,80676.55,16,56.18,6,2,0.153,37.6,Email,1,163,1,1,0.985
22,Male,West,29941.75,113,100.67,7,1,0.231,58.8,SMS,0,3,1,1,0.87
55,Male,South,47377.41,72,37.65,11,1,0.378,60.5,SMS,0,99,1,0,0.42
33,Male,East,70757.45,117,106.97,7,1,0.489,81.1,SMS,0,62,1,1,0.93
49,Female,North,47144.53,74,72.5,8,0,0.357,85.5,Ads,1,178,1,1,1.0
56,Male,South,47045.59,79,131.12,9,1,0.495,63.6,Ads,1,101,1,1,0.995
28,Female,South,55304.88,81,93.83,7,1,0.087,36.3,Ads,1,89,1,1,0.985
58,Male,North,36872.45,114,99.59,9,1,0.304,41.2,SMS,0,101,1,1,1.0
56,Female,South,43314.47,41,151.88,7,4,0.168,47.4,Ads,0,40,1,1,0.99
54,Male,East,51085.6,63,70.56,6,3,0.424,42.7,Email,1,28,1,1,0.995
20,Male,South,35700.07,77,58.75,9,4,0.124,79.2,Social Media,0,51,1,1,0.75
46,Female,South,80502.3,52,48.73,8,1,0.009,83.8,Email,1,86,1,1,0.89
54,Male,West,53451.17,48,114.93,7,4,0.446,61.5,Ads,0,119,1,1,0.985
44,Female,East,38699.06,45,55.47,6,2,0.217,48.6,Ads,0,97,1,1,0.99
23,Male,West,63118.46,4,105.74,3,2,0.634,75.0,Social Media,0,69,1,1,0.99
74,Male,South,52031.56,105,96.56,10,1,0.141,56.7,Social Media,1,11,1,1,0.925
44,Female,South,76656.27,111,110.04,3,0,0.217,47.8,Social Media,0,163,1,1,1.0
54,Male,West,15000.0,88,47.36,4,2,0.246,85.4,Ads,0,179,1,1,0.855
67,Male,North,71047.8,66,122.05,9,1,0.286,87.6,Ads,0,116,1,1,0.98
70,Female,East,89655.53,19,134.79,12,2,0.212,84.8,Ads,0,25,1,1,0.975
67,Female,West,45341.41,31,117.56,9,2,0.174,87.5,Social Media,0,144,1,1,1.0
47,Male,North,80897.59,87,84.06,9,2,0.525,49.7,Social Media,0,59,1,1,0.97
69,Female,North,52542.36,67,116.48,7,2,0.172,75.5,Email,1,78,1,1,1.0
71,Female,West,62570.48,49,69.43,4,0,0.047,70.6,SMS,1,65,1,1,0.96
33,Male,East,72561.76,103,34.44,8,1,0.186,50.9,Ads,1,164,1,1,0.77
57,Male,South,82625.51,30,72.3,5,1,0.381,78.3,SMS,0,170,1,1,0.99
19,Male,West,42525.28,114,58.2,10,1,0.294,46.2,Ads,0,26,1,1,0.6
32,Male,East,38099.33,68,65.87,9,2,0.069,48.1,Social Media,1,160,1,1,0.995
48,Male,West,82123.0,63,31.38,4,1,0.206,93.7,SMS,0,53,0,0,0.32
26,Female,East,59381.16,15,70.12,7,4,0.072,36.2,Ads,0,174,1,1,1.0
34,Male,North,90756.88,34,124.19,4,3,0.049,35.6,SMS,1,68,1,1,0.985
43,Female,South,29283.24,20,75.26,3,1,0.174,71.2,Social Media,0,7,1,1,0.96
40,Male,West,71053.53,97,83.72,5,0,0.247,84.2,Ads,0,70,1,1,0.985
20,Male,North,65009.59,86,107.21,13,0,0.462,24.6,SMS,1,160,1,1,0.99
74,Female,South,96574.49,49,31.04,6,0,0.198,46.0,Ads,0,25,0,0,0.455
66,Male,East,63846.02,42,64.49,6,0,0.225,80.9,Social Media,0,23,1,1,0.92
31,Female,North,47467.75,66,36.47,11,2,0.2,87.6,Email,0,24,0,0,0.2
18,Male,North,69748.71,22,151.27,9,2,0.277,63.2,Email,1,39,1,1,0.975
41,Male,North,62920.5,35,75.78,8,6,0.115,100.0,Social Media,0,152,0,1,0.995
35,Male,North,38245.69,30,58.76,7,0,0.278,91.6,SMS,0,145,1,1,0.945
67,Male,South,62435.75,64,68.17,8,2,0.163,79.7,Email,0,157,1,1,0.985
51,Female,East,41934.85,28,166.51,8,1,0.225,76.5,Social Media,1,15,1,1,0.99
72,Female,South,54291.13,104,112.02,8,0,0.655,40.5,Email,1,106,1,1,0.97
70,Male,South,89944.76,46,101.48,10,1,0.505,51.1,SMS,0,96,1,1,0.975
69,Female,North,32841.36,63,53.62,10,1,0.683,47.5,SMS,0,132,1,1,0.905
49,Other,South,70970.75,3,133.26,4,0,0.26,22.7,Ads,0,151,1,1,0.995
34,Male,East,73091.87,113,21.01,1,3,0.49,29.1,Ads,1,131,0,0,0.375
33,Female,South,70108.2,110,112.72,10,1,0.34,36.9,Email,1,163,1,1,0.995
32,Female,West,69011.9,40,141.85,6,1,0.191,28.2,SMS,0,45,1,1,1.0
66,Male,North,75779.05,88,60.83,12,1,0.051,57.4,Email,0,43,1,1,0.81
25,Female,East,40129.66,107,120.02,10,2,0.048,17.8,Email,1,166,1,1,0.995
66,Male,West,39378.27,31,76.64,8,1,0.084,35.0,Ads,1,47,1,1,0.995
69,Female,South,81488.43,62,105.94,11,0,0.154,75.1,SMS,1,135,1,1,0.995
42,Male,West,59934.31,72,67.58,9,1,0.305,47.2,Ads,0,50,1,1,0.985
70,Male,South,56028.12,89,127.16,7,1,0.493,35.3,SMS,1,114,1,1,0.995
22,Female,North,46480.71,95,96.81,6,0,0.333,67.4,Ads,0,42,1,1,0.98
73,Female,West,66566.83,47,63.08,10,0,0.139,95.6,Email,0,152,1,1,0.955
58,Male,South,66545.2,76,67.82,8,4,0.597,70.5,Social Media,0,79,1,1,0.965
42,Female,West,64133.41,7,52.0,9,0,0.377,43.4,Ads,0,88,1,1,0.955
45,Male,North,66803.38,109,73.47,7,1,0.103,13.5,SMS,1,29,1,1,0.95
72,Male,South,88700.44,23,53.5,6,4,0.192,23.0,Ads,0,127,1,1,0.99
60,Male,East,64527.23,47,112.2,4,2,0.046,58.9,Email,0,69,1,1,0.99
27,Male,East,53774.62,89,77.67,10,1,0.284,90.3,Social Media,1,53,1,1,0.985
55,Male,South,64173.6,69,75.32,8,4,0.112,47.2,SMS,0,131,1,1,1.0
29,Male,West,55064.39,2,113.96,8,3,0.231,65.6,Email,0,140,1,1,0.995
43,Male,East,71553.63,21,100.0,7,1,0.133,40.4,Email,0,71,1,1,0.985
48,Female,North,74054.63,19,116.76,7,1,0.063,58.1,Social Media,0,75,1,1,0.98
73,Male,West,75115.78,97,79.7,8,2,0.31,72.5,Ads,0,28,1,1,0.895
69,Female,South,90112.23,44,123.4,9,3,0.512,57.9,Ads,1,80,1,1,0.985
57,Male,North,55220.96,8,83.9,8,3,0.253,93.2,SMS,1,52,1,1,0.99
36,Male,West,50702.52,118,92.48,7,0,0.34,70.4,Ads,0,84,1,1,0.99
48,Male,East,61021.57,115,83.08,7,1,0.128,77.0,Ads,1,120,1,1,0.995
30,Female,West,102311.12,35,38.58,11,0,0.178,61.7,Email,0,166,1,1,0.85
25,Male,South,32703.54,95,62.76,9,3,0.098,64.5,Ads,0,24,0,1,0.745
36,Female,North,92494.08,88,50.07,10,2,0.201,82.6,Email,0,15,0,0,0.405
38,Male,North,49227.27,27,57.27,3,2,0.292,83.3,Email,0,119,1,1,0.99
32,Male,South,30074.87,53,117.61,8,1,0.292,52.0,Social Media,0,144,1,1,0.995
47,Male,East,75467.3,43,142.53,10,1,0.018,64.8,Ads,0,152,1,1,0.995
19,Female,East,44411.28,28,80.99,7,1,0.271,55.0,Ads,0,64,1,1,0.98
56,Female,East,70883.19,50,59.55,12,0,0.425,57.7,Email,1,27,0,1,0.85
70,Female,West,40490.38,61,60.99,6,2,0.229,48.1,Ads,0,125,1,1,0.985
47,Female,South,51253.06,76,71.09,6,1,0.095,88.7,Email,0,18,1,1,0.88
56,Female,East,73396.66,65,118.57,9,2,0.226,58.8,Ads,0,37,1,1,0.995
39,Female,West,58871.17,81,99.55,16,0,0.335,28.0,Email,0,5,1,1,0.93
21,Female,South,36946.15,79,64.45,15,0,0.198,100.0,SMS,0,169,1,1,0.915
55,Male,North,53565.06,67,70.97,9,1,0.067,81.5,Ads,0,137,1,1,0.995
19,Other,East,47561.7,34,91.12,11,3,0.349,60.2,Ads,0,107,1,1,1.0
31,Female,West,55185.13,29,85.83,8,2,0.204,57.1,Social Media,1,87,1,1,0.99
45,Female,East,84408.82,58,100.0,10,3,0.575,48.1,Email,1,166,1,1,0.99
63,Female,West,32576.19,100,76.42,6,2,0.072,84.0,Social Media,1,120,1,1,0.985
20,Female,North,47954.84,56,66.99,15,1,0.151,61.9,Email,0,97,1,1,0.955
37,Female,South,81743.41,52,41.25,8,0,0.353,39.2,Email,1,59,0,1,0.625
62,Female,West,39524.22,15,98.2,12,2,0.227,49.8,Ads,1,41,1,1,0.995
45,Female,West,46575.48,86,41.63,8,2,0.257,23.9,Social Media,0,65,0,1,0.54
52,Male,North,17423.36,108,103.56,10,1,0.3,79.4,Ads,1,75,1,1,0.96
44,Female,East,67023.37,109,113.99,8,3,0.099,58.1,SMS,1,121,1,1,1.0
52,Female,North,73792.84,31,80.52,8,1,0.063,47.7,Email,0,19,1,1,0.975
37,Male,South,37742.7,60,78.74,6,1,0.034,55.4,Ads,0,98,1,1,0.985
21,Male,South,55664.49,103,83.4,6,0,0.392,65.8,Email,1,155,1,1,0.985
28,Male,East,42327.0,56,99.03,9,0,0.132,8.1,Social Media,0,87,1,1,1.0
52,Female,North,77621.2,22,115.72,9,1,0.306,52.4,SMS,0,26,1,1,0.985
53,Male,East,37005.78,80,95.56,3,1,0.452,62.7,Social Media,1,13,1,1,0.985
72,Other,North,64585.09,5,62.15,12,3,0.555,82.6,SMS,0,120,1,1,0.955
29,Female,East,50952.08,78,82.16,7,1,0.162,45.9,SMS,1,138,1,1,1.0
43,Male,East,81317.39,24,76.29,11,3,0.443,55.5,Ads,1,93,1,1,0.995
67,Male,West,56428.71,62,105.59,9,2,0.213,52.8,SMS,1,53,1,1,0.99
38,Other,South,54683.34,39,74.28,15,2,0.224,74.9,Ads,1,51,1,1,0.98
59,Male,East,84358.66,92,29.49,5,3,0.5,63.8,Social Media,0,8,0,0,0.125
33,Female,South,59714.31,13,22.21,4,1,0.379,35.1,SMS,0,46,0,0,0.24
22,Male,East,68583.22,86,156.31,11,4,0.06,51.0,SMS,1,105,1,1,0.985
38,Female,East,53807.4,16,78.44,8,3,0.596,54.5,Ads,0,149,1,1,0.99
60,Female,South,69186.31,84,64.59,14,2,0.082,70.4,Social Media,0,30,1,1,0.79
71,Male,North,67789.15,87,86.43,7,2,0.671,72.2,Email,0,69,1,1,0.985
36,Female,North,105379.22,64,137.13,10,3,0.139,68.9,Social Media,0,60,1,1,0.95
35,Male,South,35251.1,20,69.92,10,1,0.279,51.0,Email,0,25,1,1,0.96
24,Female,South,64384.2,32,102.67,12,4,0.233,94.0,Social Media,0,172,1,1,0.99
37,Female,South,39770.67,114,46.24,14,2,0.684,23.9,Email,0,111,0,1,0.715
61,Male,South,82285.84,60,157.85,7,2,0.045,23.6,Email,1,113,1,1,1.0
25,Female,West,76034.19,100,47.47,7,2,0.24,88.9,Social Media,0,12,0,0,0.285
66,Other,West,65084.89,117,113.11,5,1,0.438,68.2,SMS,0,51,1,1,0.98
55,Male,North,95035.81,108,55.25,6,1,0.627,48.7,Ads,0,50,0,1,0.545
67,Male,South,18127.63,75,127.92,7,3,0.29,72.9,Email,0,116,1,1,0.98
49,Female,West,66150.71,112,112.88,5,0,0.132,56.0,Ads,0,11,1,1,0.945
31,Female,South,31406.57,60,93.73,7,1,0.279,81.8,SMS,0,117,1,1,0.99
46,Female,South,58315.82,66,51.19,8,1,0.245,64.5,Email,0,143,1,1,0.98
72,Male,North,15000.0,45,47.94,7,2,0.209,57.2,Ads,1,89,1,1,0.84
69,Male,North,66089.94,11,100.05,16,2,0.178,69.8,Ads,0,93,1,1,0.985
62,Female,South,40397.93,103,63.58,9,2,0.38,99.1,Ads,0,50,1,1,0.72
39,Male,West,49705.62,76,61.59,6,0,0.161,64.7,Email,0,109,1,1,0.98
36,Female,East,79443.09,87,161.69,5,0,0.094,83.1,SMS,1,15,1,1,0.97
65,Male,South,67256.29,109,118.55,9,2,0.084,23.4,Email,0,175,1,1,0.995
74,Female,West,28946.87,58,40.69,6,1,0.128,65.0,Ads,0,73,1,1,0.735
51,Male,North,65678.15,62,159.89,8,2,0.026,63.8,Ads,1,37,1,1,0.98
59,Male,North,52339.92,25,41.14,8,2,0.2,68.7,Ads,0,114,1,1,0.93
28,Male,South,78502.97,115,151.1,8,1,0.317,48.4,SMS,1,119,1,1,0.975
27,Male,East,36925.2,59,138.77,6,2,0.462,37.9,Social Media,0,121,1,1,0.99
58,Male,East,62723.3,118,67.42,8,2,0.135,62.0,Ads,1,178,1,1,0.995
41,Female,West,48865.04,36,102.25,6,3,0.188,57.2,Social Media,1,124,1,1,1.0
68,Male,North,56092.71,103,49.52,8,0,0.173,100.0,SMS,1,150,1,1,0.845
61,Female,West,75424.08,89,135.92,7,2,0.363,53.8,SMS,0,46,1,1,0.985
42,Female,East,55745.6,46,91.71,3,1,0.481,19.9,Social Media,0,97,1,1,0.99
66,Female,West,69288.72,76,49.24,6,2,0.067,58.6,Email,0,178,1,1,0.95
71,Male,West,58996.2,28,65.19,7,1,0.08,67.5,Ads,0,108,1,1,0.985
72,Female,East,81974.53,83,85.43,6,1,0.507,84.7,Social Media,0,156,1,1,0.985
69,Male,East,27265.21,54,93.79,10,2,0.463,53.5,SMS,0,80,1,1,0.985
73,Male,West,88919.21,33,98.51,13,3,0.086,17.7,SMS,1,177,1,1,0.995
33,Male,West,51186.2,115,84.54,6,1,0.58,99.7,Social Media,0,87,1,1,0.96
66,Male,South,45574.77,12,96.31,9,3,0.178,92.7,Email,1,34,1,1,0.965
38,Female,North,54382.99,85,39.03,9,1,0.129,60.1,Ads,0,22,0,0,0.19
54,Other,South,50645.5,15,117.87,4,2,0.125,83.7,SMS,1,59,1,1,0.97
43,Female,North,55897.63,85,108.91,7,0,0.026,69.9,Email,0,155,1,1,0.995
69,Female,South,72549.3,33,145.02,9,1,0.394,51.5,Ads,1,96,1,1,1.0
49,Female,North,51103.45,50,106.41,11,1,0.253,56.5,SMS,1,177,1,1,1.0
66,Male,North,84272.63,92,44.69,16,0,0.185,59.8,Email,0,154,1,1,0.715
73,Female,North,67453.87,117,112.47,8,4,0.187,36.0,Social Media,0,53,1,1,0.98
65,Male,North,52028.4,31,5.0,4,2,0.533,66.3,Email,1,115,0,0,0.245
72,Other,North,51766.84,88,127.97,5,1,0.209,21.7,Ads,0,176,1,1,1.0
33,Female,South,58350.79,62,111.74,8,1,0.628,64.5,Social Media,0,145,1,1,0.995
74,Other,West,88690.36,19,78.2,4,1,0.111,90.5,Email,1,61,1,1,0.95
32,Other,North,73909.44,85,62.91,12,3,0.215,88.1,Ads,1,76,1,1,0.905
36,Female,West,57888.43,102,13.94,4,1,0.355,65.8,Ads,0,130,1,0,0.145
24,Male,East,44527.7,31,78.2,5,4,0.106,43.5,SMS,1,84,1,1,0.99
53,Female,West,59728.17,13,134.96,5,3,0.278,58.6,SMS,0,40,1,1,0.985
24,Female,West,64087.42,33,147.14,6,5,0.15,44.1,Email,1,134,1,1,1.0
32,Female,East,86810.55,95,122.58,8,3,0.081,80.0,Social Media,0,131,1,1,0.995
30,Male,East,73966.86,84,72.46,4,0,0.302,75.7,SMS,0,115,1,1,0.985
74,Male,East,52693.39,90,89.31,7,2,0.157,46.8,Email,1,8,1,1,0.975
47,Male,West,65066.72,116,91.58,7,0,0.21,55.5,Social Media,0,141,1,1,1.0
35,Male,East,66731.16,10,61.05,8,1,0.491,64.1,Email,1,56,1,1,0.945
57,Male,East,76487.54,84,45.11,13,0,0.239,79.3,SMS,0,44,1,0,0.34
47,Male,North,16737.88,74,118.84,8,5,0.464,63.1,SMS,0,152,1,1,0.965
31,Female,South,57888.18,66,130.3,12,0,0.081,58.9,Social Media,0,172,1,1,0.99
26,Female,South,79520.4,6,13.26,8,3,0.23,42.6,Ads,0,34,0,0,0.125
58,Female,West,66612.79,58,87.87,3,2,0.011,61.5,Ads,0,11,1,1,0.96
66,Male,West,54517.57,80,54.68,4,4,0.37,53.0,Social Media,1,150,1,1,0.965
42,Female,East,76451.5,78,47.49,4,2,0.407,81.7,Social Media,0,30,0,0,0.42
64,Male,East,46330.72,72,56.08,11,1,0.396,72.8,Ads,0,166,1,1,0.97
43,Female,South,63484.04,81,113.48,7,3,0.247,24.7,Email,0,86,1,1,0.98
33,Female,South,15096.34,7,113.54,9,0,0.471,65.3,Email,0,79,1,1,0.975
31,Male,North,50716.92,81,109.14,9,4,0.298,63.3,Email,1,13,1,1,0.98
37,Female,West,73179.02,91,179.59,11,0,0.419,54.2,Social Media,1,103,1,1,0.985
74,Female,West,30557.21,1,82.62,3,2,0.327,84.6,SMS,0,99,1,1,0.975
24,Male,South,76463.4,21,102.24,12,1,0.094,86.8,Email,0,18,1,1,0.98
21,Male,East,58748.91,4,40.34,15,0,0.328,61.7,Ads,1,137,1,1,0.805
55,Male,East,19849.68,99,60.36,8,1,0.09,53.3,Social Media,0,155,1,1,0.985
48,Female,West,57751.17,115,49.01,4,0,0.225,45.0,SMS,0,84,1,1,0.7
59,Other,North,40274.26,98,58.74,2,1,0.228,70.6,Ads,0,112,1,1,0.975
39,Male,South,39648.23,6,110.26,3,0,0.264,58.4,Email,0,85,1,1,0.99
43,Female,East,53071.21,25,61.41,2,2,0.259,71.8,Social Media,0,28,1,1,0.89
23,Female,South,63199.29,115,90.78,3,2,0.413,82.5,SMS,0,178,1,1,0.995
32,Male,East,43055.76,5,71.73,11,2,0.304,56.0,SMS,0,130,1,1,0.995
31,Male,West,59529.94,60,123.58,12,3,0.386,44.2,Email,0,36,1,1,0.97
43,Male,South,38535.34,102,151.38,11,1,0.349,91.1,SMS,1,165,1,1,0.995
38,Male,West,52057.51,37,53.43,7,0,0.167,53.5,Email,0,23,1,1,0.89
51,Other,South,72195.24,4,66.49,8,1,0.622,44.4,Social Media,1,72,1,1,0.965
28,Male,North,56631.17,55,78.82,8,1,0.397,32.3,Email,0,8,1,1,0.93
29,Female,West,51194.79,17,75.37,3,0,0.116,51.5,Social Media,0,119,1,1,1.0
55,Female,West,66756.72,57,90.7,9,0,0.334,60.2,SMS,0,4,1,1,0.955
24,Male,South,62656.32,39,105.68,11,0,0.23,35.8,SMS,1,17,1,1,0.99
39,Other,East,74249.11,38,44.37,7,1,0.387,68.6,SMS,0,86,1,1,0.66
65,Male,North,49194.15,89,61.36,5,2,0.187,79.5,Email,0,43,1,1,0.78
67,Female,West,64487.48,18,107.54,4,0,0.144,45.1,SMS,0,13,1,1,0.985
59,Male,East,61093.16,110,66.53,13,0,0.291,46.2,Email,0,168,1,1,0.98
59,Female,West,39012.6,61,14.6,9,2,0.174,8.6,Ads,0,34,0,0,0.225
29,Female,South,20043.46,118,33.32,10,2,0.465,100.0,Ads,1,135,1,1,0.525
28,Female,West,58030.31,110,92.95,8,0,0.178,52.7,Email,0,17,1,1,0.915
26,Male,North,29798.8,119,111.63,7,1,0.317,44.2,Email,0,41,1,1,0.955
45,Female,South,34164.86,32,30.02,9,0,0.09,46.9,Email,0,51,1,0,0.365
22,Female,East,68583.15,67,126.58,6,2,0.227,65.0,SMS,1,146,1,1,1.0
22,Male,North,85634.4,61,12.83,8,0,0.064,63.7,Email,1,51,0,0,0.175
38,Female,East,42363.61,89,23.47,4,1,0.287,67.5,SMS,0,4,0,0,0.16
26,Male,West,50825.98,93,78.39,9,0,0.133,62.2,Social Media,0,129,1,1,0.995
49,Female,North,72309.9,111,7.64,4,0,0.302,74.6,Social Media,0,95,0,0,0.11
58,Male,North,80386.57,93,109.36,10,1,0.416,49.2,Ads,0,50,1,1,0.965
19,Male,South,57951.21,8,81.81,7,1,0.559,48.5,SMS,0,40,1,1,0.985
22,Female,East,38312.91,4,150.37,11,0,0.561,60.6,Email,1,20,1,1,0.96
20,Male,West,53329.53,12,104.2,10,1,0.211,45.6,Email,0,39,1,1,0.995
25,Female,South,80562.39,22,131.73,6,1,0.245,64.0,Ads,0,169,1,1,1.0
52,Female,East,73929.1,95,95.35,8,2,0.213,73.8,Email,0,151,1,1,0.99
58,Female,North,49550.93,4,61.87,5,1,0.146,50.3,Email,0,130,1,1,0.99
40,Female,West,62055.19,98,6.04,4,0,0.206,67.7,Social Media,1,145,1,0,0.26
32,Male,West,42415.66,107,101.59,12,3,0.133,38.2,Social Media,1,166,1,1,0.99
67,Female,West,75330.99,83,88.6,15,2,0.477,41.1,Email,1,166,1,1,0.99
22,Female,East,37530.18,67,81.53,9,1,0.396,65.3,SMS,1,59,1,1,0.97
45,Male,North,51669.97,17,104.42,5,3,0.175,44.4,Social Media,1,48,1,1,0.985
27,Male,East,81977.73,20,105.39,10,1,0.221,72.6,Email,0,117,1,1,1.0
33,Female,West,50475.28,45,49.56,13,0,0.376,42.6,Email,0,83,0,1,0.91
71,Male,West,36103.68,56,43.47,9,1,0.416,67.7,Ads,0,147,1,1,0.825
28,Female,West,63531.87,18,49.81,12,2,0.163,90.0,Email,0,11,0,1,0.545
40,Male,East,74456.84,99,149.04,6,1,0.128,86.8,Ads,1,14,1,1,0.98
43,Female,East,56983.98,46,124.87,9,1,0.215,24.5,Ads,0,143,1,1,1.0
68,Female,East,38271.3,74,112.75,11,0,0.321,24.8,SMS,0,10,1,1,0.96
24,Female,South,64647.15,114,77.48,6,0,0.43,50.6,Email,0,152,1,1,0.985
33,Female,West,55742.72,20,108.15,6,0,0.262,93.1,Ads,0,113,1,1,1.0
66,Other,South,42860.78,30,37.06,9,2,0.139,22.0,Email,0,105,1,1,0.83
43,Female,North,61798.85,8,113.22,7,3,0.202,32.5,SMS,0,46,1,1,0.995
57,Female,East,66753.45,33,51.27,11,3,0.045,72.6,SMS,0,140,1,1,0.97
40,Other,East,51788.67,40,51.82,7,2,0.025,99.2,Ads,0,2,0,1,0.605
20,Female,South,45693.5,82,43.7,6,2,0.093,46.3,Ads,0,74,1,1,0.775
33,Female,North,48172.6,73,81.86,12,3,0.167,62.0,SMS,1,56,1,1,0.96
52,Male,North,61240.36,76,62.13,3,1,0.181,76.2,Social Media,1,133,1,1,0.995
21,Female,North,50568.59,88,83.6,12,4,0.413,77.6,Ads,0,25,1,1,0.885
58,Male,East,65917.05,15,60.94,8,0,0.378,93.6,SMS,0,63,1,1,0.905
45,Male,North,15000.0,100,23.46,10,3,0.329,69.7,SMS,0,111,0,0,0.27
28,Female,West,51381.42,18,48.24,9,2,0.194,86.5,Email,1,85,1,1,0.925
54,Male,North,74617.17,25,38.97,6,1,0.337,40.5,Email,0,87,1,1,0.85
64,Male,North,37521.18,6,43.31,10,1,0.261,72.7,Social Media,0,130,1,1,0.86
60,Female,West,79211.23,60,69.34,4,1,0.23,62.4,Ads,0,73,1,1,0.98
48,Male,North,46828.97,73,117.58,10,0,0.445,53.7,Social Media,1,142,1,1,0.985
73,Female,West,43728.54,117,51.99,12,1,0.135,48.6,Email,0,142,1,1,0.875
53,Female,West,64968.47,116,33.52,13,1,0.218,61.7,SMS,0,144,1,1,0.61
73,Female,North,72201.07,60,71.96,8,2,0.685,69.7,Email,0,62,1,1,0.91
51,Other,South,39034.05,57,35.66,10,2,0.611,82.9,Email,0,80,0,0,0.43
55,Female,South,73983.44,95,113.56,6,0,0.087,71.5,Email,0,126,1,1,0.995
60,Female,North,56583.24,38,57.8,7,0,0.323,71.3,Social Media,0,76,1,1,0.98
20,Female,South,48912.43,90,80.6,1,1,0.304,51.5,Social Media,0,174,1,1,0.99
21,Female,East,44721.3,89,38.22,10,2,0.158,37.3,Social Media,0,48,1,0,0.48
20,Male,North,22990.8,39,84.51,5,2,0.127,85.0,Ads,1,61,1,1,0.97
37,Female,North,65009.12,71,102.51,8,3,0.556,59.2,Email,1,110,1,1,0.985
65,Male,East,81695.64,60,80.84,9,1,0.18,47.0,Email,1,156,1,1,1.0
44,Male,South,44751.7,76,79.72,10,2,0.406,68.1,Email,0,67,1,1,0.985
36,Male,South,62740.91,32,94.05,7,4,0.605,35.7,SMS,1,14,1,1,0.975
45,Male,East,28136.28,90,61.31,5,3,0.221,53.0,Social Media,0,38,1,1,0.88
29,Female,North,66684.78,29,85.9,11,2,0.215,96.0,Ads,1,81,1,1,0.995
55,Male,South,49327.48,32,103.4,5,1,0.23,67.7,Social Media,1,77,1,1,1.0
19,Female,South,63520.55,43,45.11,8,1,0.227,69.9,SMS,0,101,1,1,0.8
63,Female,South,53580.9,98,52.7,7,1,0.683,49.3,Ads,0,19,0,0,0.46
60,Male,East,45159.65,89,8.05,2,1,0.371,52.7,Social Media,0,90,0,0,0.26
34,Male,North,77769.97,90,92.71,9,0,0.291,45.6,Email,0,18,1,1,0.97
34,Male,West,69026.78,13,161.19,6,2,0.289,82.9,Ads,0,70,1,1,0.99
51,Male,West,51958.4,16,127.13,8,1,0.266,81.5,SMS,0,132,1,1,1.0
51,Female,West,38917.68,47,90.9,9,0,0.158,42.0,SMS,0,5,1,1,0.985
49,Male,West,44390.33,108,79.87,8,2,0.345,47.5,Ads,0,146,1,1,0.995
58,Other,East,75950.68,75,94.68,7,1,0.538,46.4,Social Media,1,40,1,1,0.995
33,Male,South,54494.69,94,43.03,2,3,0.154,74.0,SMS,0,112,0,1,0.775
50,Male,South,99734.17,54,75.85,1,2,0.114,29.8,Email,0,39,1,1,0.97
34,Female,North,63398.18,97,71.03,10,2,0.091,64.1,Ads,0,62,1,1,0.965
72,Female,North,29445.47,46,186.18,10,1,0.334,24.1,SMS,0,86,1,1,0.99
45,Male,East,38824.65,16,53.92,4,3,0.29,59.1,SMS,0,95,1,1,0.96
43,Male,North,50871.65,58,136.3,10,0,0.086,70.1,Email,0,102,1,1,0.995
23,Male,West,25977.63,91,36.32,13,0,0.102,49.5,Email,0,41,0,0,0.23
56,Male,South,100158.82,95,32.92,4,1,0.187,58.5,Social Media,0,82,1,1,0.52
58,Female,South,82340.15,3,124.41,10,0,0.322,56.6,Email,0,113,1,1,0.99
68,Female,South,100818.93,70,102.36,4,0,0.374,40.8,Social Media,0,104,1,1,0.985
20,Female,East,72724.92,72,138.56,14,0,0.548,84.1,SMS,0,164,1,1,0.97
21,Male,East,42269.19,3,74.29,8,1,0.199,28.6,Ads,0,172,1,1,0.99
47,Male,West,67792.47,57,90.54,11,2,0.273,57.8,SMS,0,143,1,1,1.0
74,Female,West,37585.49,97,134.54,6,1,0.198,66.2,Email,0,125,1,1,0.985
37,Male,East,69793.59,62,121.86,6,2,0.386,65.3,SMS,0,32,1,1,0.985
28,Male,North,77309.46,88,114.98,10,2,0.24,49.5,Social Media,0,18,1,1,0.995
29,Male,South,67681.83,48,93.02,7,3,0.428,66.5,Email,1,116,1,1,0.99
67,Male,North,55095.2,14,114.55,9,2,0.135,20.2,Ads,0,68,1,1,1.0
29,Other,North,70989.41,112,162.74,5,0,0.281,78.0,Social Media,0,35,1,1,0.965
30,Male,West,40062.38,48,98.74,9,3,0.591,91.0,Ads,0,114,1,1,0.99
25,Male,South,49435.19,45,159.75,3,2,0.212,71.7,Social Media,0,79,1,1,0.99
32,Female,West,36033.87,9,68.51,9,4,0.261,34.2,Email,0,97,1,1,0.99
49,Male,East,93724.8,64,132.68,5,3,0.501,32.4,Email,0,128,1,1,1.0
52,Male,South,47619.55,18,120.64,9,2,0.083,57.1,Email,0,146,1,1,0.995
69,Male,South,53610.47,37,113.4,9,3,0.275,49.9,SMS,0,1,1,1,0.955
62,Female,West,28428.35,63,104.59,9,2,0.2,56.0,Social Media,1,177,1,1,1.0
37,Male,West,62276.95,62,90.32,8,0,0.154,74.0,SMS,0,34,1,1,0.985
42,Female,North,53858.67,62,58.5,13,2,0.071,52.0,Ads,0,109,1,1,0.97
73,Female,East,34011.77,105,30.87,4,2,0.212,54.9,Email,1,159,0,1,0.68
62,Male,South,52662.1,46,100.51,8,0,0.415,61.9,Email,1,80,1,1,1.0
57,Male,East,56695.48,89,80.81,10,3,0.106,61.4,Email,1,55,1,1,0.99
67,Female,South,65042.16,86,65.57,7,1,0.081,69.3,SMS,0,168,1,1,0.985
41,Male,East,77006.48,88,94.71,8,0,0.406,46.2,Email,0,16,1,1,0.97
22,Male,North,59146.32,30,166.79,6,1,0.25,46.1,SMS,0,109,1,1,0.995
48,Male,South,42983.15,64,107.55,9,2,0.121,85.3,Ads,0,112,1,1,0.995
18,Male,North,38998.69,47,74.06,6,0,0.292,58.0,Ads,1,3,1,1,0.95
48,Male,South,55350.72,67,84.46,3,2,0.329,54.5,Social Media,0,121,1,1,0.995
49,Male,West,79293.92,98,121.16,10,0,0.109,27.1,SMS,0,21,1,1,0.98
66,Female,West,65367.02,50,27.95,8,2,0.318,60.1,Ads,0,73,0,0,0.28
74,Other,North,67821.21,42,46.75,5,2,0.25,40.2,Social Media,1,170,1,1,0.935
71,Other,East,74512.92,5,84.28,3,1,0.349,33.2,Ads,0,80,1,1,0.965
64,Male,North,78657.98,20,98.6,5,3,0.116,85.8,Email,0,24,1,1,0.98
74,Male,North,69678.81,41,42.99,1,2,0.174,52.7,SMS,1,162,1,1,0.9
42,Other,South,54646.93,74,77.88,6,0,0.395,65.3,Social Media,0,114,1,1,0.985
59,Female,East,28820.03,117,46.82,11,4,0.263,53.5,Social Media,0,120,1,1,0.695
22,Male,North,50938.67,57,96.58,11,1,0.116,50.9,Ads,0,144,1,1,1.0
28,Female,South,50329.66,76,58.06,9,5,0.584,41.0,Social Media,0,170,1,1,0.985
48,Male,East,49417.23,77,146.92,7,2,0.124,34.2,Social Media,0,17,1,1,0.98
60,Male,East,49473.64,11,134.33,9,1,0.473,70.7,Ads,0,150,1,1,0.995
42,Male,North,80609.9,108,51.21,7,0,0.36,52.8,Social Media,0,143,1,1,0.95
54,Male,East,63826.3,50,73.54,5,3,0.282,38.2,Email,1,160,1,1,0.995
55,Female,North,72284.96,104,49.09,9,1,0.499,29.6,SMS,0,5,0,0,0.28
23,Male,West,60699.09,24,111.89,7,1,0.421,58.5,Email,0,151,1,1,1.0
42,Female,West,69606.74,85,104.93,6,1,0.512,56.8,Ads,0,33,1,1,0.965
37,Male,West,64194.8,108,18.26,10,0,0.354,87.2,SMS,0,94,0,0,0.135
52,Female,East,35757.19,25,47.94,12,3,0.466,64.9,Ads,1,60,1,1,0.71
44,Male,South,57337.06,99,47.14,11,0,0.387,61.9,Social Media,1,12,0,0,0.19
50,Male,North,15000.0,56,55.27,11,2,0.165,59.6,Social Media,0,6,1,1,0.56
74,Male,West,56334.86,43,53.6,7,1,0.194,48.5,SMS,1,124,1,1,0.985
20,Male,East,51766.21,9,155.88,7,1,0.33,10.1,SMS,0,97,1,1,0.99
54,Female,West,52073.97,79,30.1,9,2,0.067,49.7,SMS,0,70,0,0,0.32
60,Female,North,78868.94,88,71.91,10,5,0.274,65.3,SMS,0,164,1,1,0.98
30,Male,West,74419.2,8,114.66,12,3,0.476,64.0,SMS,0,37,1,1,0.965
40,Male,South,57472.28,56,9.83,11,1,0.373,81.5,SMS,1,7,1,0,0.1
70,Male,East,79480.59,62,8.2,9,2,0.231,58.3,Social Media,0,31,0,0,0.065
34,Female,South,86053.3,24,144.1,7,0,0.15,50.4,Ads,1,118,1,1,0.99
53,Male,North,92844.42,43,92.8,9,0,0.552,39.6,Social Media,1,149,1,1,0.995
54,Female,North,62987.45,18,123.96,9,1,0.052,78.4,Ads,0,137,1,1,1.0
32,Female,West,59720.76,69,86.78,8,3,0.033,64.5,Email,1,100,1,1,0.995
20,Female,North,52793.61,89,111.5,6,0,0.207,84.8,SMS,0,25,1,1,0.99
21,Female,South,53563.68,44,148.54,8,1,0.335,93.1,Ads,0,136,1,1,0.985
47,Female,West,54804.13,93,47.05,9,1,0.408,17.0,Email,1,125,1,1,0.865
56,Female,West,39460.09,17,69.06,5,1,0.201,44.7,Email,0,163,1,1,0.99
61,Female,East,38235.86,43,75.22,12,0,0.075,56.4,SMS,0,102,1,1,0.985
19,Female,West,15000.0,80,5.0,11,4,0.19,26.8,Ads,1,91,0,0,0.29
58,Male,South,66281.9,11,90.47,13,1,0.172,65.0,Social Media,1,12,1,1,0.995
25,Male,North,50066.14,48,32.75,7,0,0.292,75.7,Ads,0,114,1,1,0.635
44,Male,West,68145.15,109,113.38,6,0,0.232,76.8,Ads,0,36,1,1,0.98
37,Male,North,62100.49,72,98.67,9,1,0.132,70.6,Ads,1,49,1,1,0.985
68,Female,South,48012.08,8,48.44,12,0,0.305,68.6,Email,0,47,0,1,0.705
72,Female,South,39276.02,13,64.6,12,0,0.202,79.1,SMS,0,89,1,1,0.99
50,Female,South,45722.44,44,61.06,9,1,0.396,31.9,Social Media,0,134,1,1,1.0
24,Male,South,52671.7,109,95.23,8,0,0.359,45.0,Social Media,0,179,1,1,0.995
65,Female,South,69333.51,39,127.74,10,3,0.175,43.7,Social Media,1,102,1,1,1.0
73,Male,North,62107.74,117,53.58,7,1,0.217,74.0,Email,0,16,0,1,0.51
20,Male,East,47715.8,9,78.17,6,1,0.535,35.8,Social Media,0,47,1,1,0.995
29,Female,South,103147.54,15,84.84,8,1,0.148,98.6,SMS,0,66,1,1,0.99
41,Female,South,54370.44,47,118.57,8,1,0.303,56.7,Ads,0,61,1,1,0.985
30,Male,East,66170.94,99,34.65,7,2,0.373,58.3,Social Media,1,79,0,0,0.39
18,Male,East,50132.47,26,71.47,7,2,0.315,34.1,Email,0,94,1,1,0.98
31,Female,East,47797.31,76,68.2,8,2,0.513,62.2,Email,0,40,0,1,0.915
60,Female,East,86609.46,88,81.39,3,1,0.127,88.5,Ads,0,112,1,1,1.0
72,Female,East,63038.78,21,60.11,8,1,0.429,84.5,Social Media,0,5,0,1,0.78
55,Male,East,73579.84,67,49.23,9,1,0.109,8.8,Email,0,35,1,1,0.645
23,Male,North,78092.63,43,66.62,10,4,0.019,43.6,Email,0,154,1,1,0.97
47,Female,East,35847.82,59,52.62,6,0,0.287,61.5,Social Media,0,12,1,1,0.68
53,Male,East,66837.96,101,84.54,4,2,0.349,53.5,SMS,0,20,1,1,0.975
30,Other,North,61634.88,91,98.14,10,1,0.504,45.2,Email,1,33,1,1,0.965
28,Female,North,70710.83,85,103.61,2,0,0.182,66.3,Social Media,0,81,1,1,0.99
69,Female,East,85594.35,95,82.21,5,2,0.462,35.7,SMS,1,171,1,1,1.0
66,Male,East,34815.96,44,121.28,4,1,0.127,48.0,Ads,0,118,1,1,0.99
22,Male,West,54604.76,114,77.77,10,2,0.13,76.8,Ads,1,65,1,1,0.97
35,Female,East,51968.95,22,31.52,7,3,0.044,33.8,Email,0,132,1,1,0.735
30,Female,North,72532.26,77,34.64,2,0,0.079,30.6,Ads,1,176,1,1,0.84
74,Female,East,49963.71,28,46.2,8,2,0.46,73.4,SMS,0,160,1,1,0.88
73,Male,West,41152.05,97,70.74,6,4,0.189,33.9,Email,0,67,1,1,0.97
32,Male,North,89211.07,93,95.13,7,2,0.349,100.0,Email,0,138,1,1,0.965
66,Female,East,69369.73,39,130.49,6,1,0.534,70.9,Ads,0,125,1,1,0.995
45,Male,South,22396.57,12,32.7,7,0,0.14,76.6,SMS,0,135,1,1,0.82
43,Female,North,97241.55,46,117.65,4,0,0.115,46.4,Email,0,43,1,1,0.99
51,Female,North,63276.29,70,52.34,6,1,0.135,1.9,Ads,0,97,1,1,0.975
45,Male,West,59015.47,65,52.62,6,2,0.387,62.1,Social Media,0,167,1,1,0.98
45,Male,West,56241.69,89,107.41,9,3,0.32,53.4,Email,0,147,1,1,0.995
39,Male,East,86903.64,10,50.17,9,3,0.2,53.9,SMS,0,81,1,1,0.855
33,Female,West,78709.88,51,64.31,5,1,0.468,70.9,SMS,0,119,1,1,1.0
26,Male,South,44998.92,109,117.1,8,0,0.428,61.7,Social Media,0,56,1,1,0.965
73,Male,East,32402.79,97,95.75,6,3,0.434,90.8,Social Media,0,149,1,1,0.98
34,Male,South,47985.8,81,88.61,9,1,0.09,56.2,Ads,0,22,1,1,0.98
57,Male,North,48571.52,91,90.42,8,1,0.357,47.4,Social Media,1,144,1,1,0.995
22,Male,East,33771.17,38,37.45,11,3,0.508,35.5,Email,1,72,0,1,0.555
27,Female,South,75470.91,45,95.86,10,2,0.622,45.3,Social Media,0,50,1,1,0.97
33,Male,North,15000.0,20,93.26,4,0,0.464,50.0,Social Media,0,90,1,1,0.965
74,Female,North,77763.79,46,63.39,8,2,0.187,62.6,SMS,1,24,1,1,0.935
33,Male,East,54547.57,1,60.7,7,1,0.2,55.7,Social Media,0,150,1,1,0.97
54,Male,East,104931.35,83,159.47,7,2,0.299,48.1,SMS,1,36,1,1,0.965
18,Male,North,44724.41,79,54.22,17,1,0.303,71.6,Social Media,1,91,0,1,0.775
63,Male,West,59585.95,102,53.17,9,1,0.053,32.5,Email,0,96,1,1,0.975
28,Female,West,40971.31,100,110.28,9,2,0.197,47.6,SMS,0,141,1,1,0.995
31,Female,North,45459.83,79,5.7,5,0,0.573,54.4,Ads,1,108,0,0,0.23
37,Female,South,50047.9,77,99.04,15,2,0.437,79.9,Email,1,61,1,1,0.97
41,Male,East,89319.04,112,96.97,5,2,0.403,30.5,Email,1,174,1,1,0.995
29,Female,South,83592.08,33,86.47,10,2,0.079,57.2,SMS,0,66,0,1,0.995
25,Male,North,42795.76,61,95.49,18,2,0.535,70.7,Ads,0,64,1,1,0.94
22,Female,South,26666.6,32,47.99,9,1,0.314,83.4,Email,0,10,0,0,0.475
18,Male,North,54205.6,53,25.13,13,2,0.45,51.6,SMS,0,99,1,0,0.415
66,Female,South,52605.81,30,37.96,6,0,0.165,78.8,SMS,0,86,1,1,0.75
36,Male,South,81831.68,67,73.49,7,2,0.164,79.7,Social Media,1,165,1,1,0.995
30,Male,East,62280.8,119,59.62,7,2,0.26,52.2,Ads,0,175,1,1,0.95
22,Male,North,42640.32,20,53.37,5,0,0.134,54.9,Email,0,9,1,1,0.765
36,Female,East,35917.4,79,33.14,10,2,0.263,0.0,Ads,1,92,1,1,0.54
67,Female,South,61089.17,76,105.07,6,0,0.21,86.1,Ads,0,68,1,1,0.99
20,Female,South,84650.79,32,78.43,9,1,0.148,78.3,Social Media,1,147,1,1,0.995
35,Male,East,71132.17,26,61.98,12,0,0.253,59.2,SMS,0,147,1,1,0.995
60,Male,West,55179.63,76,59.41,13,4,0.342,49.6,Social Media,0,54,1,1,0.835
38,Female,West,74542.17,33,22.0,7,2,0.162,88.8,Social Media,1,178,1,1,0.76
51,Male,West,45708.45,67,86.28,6,0,0.372,45.3,Ads,0,107,1,1,0.995
59,Female,West,65501.67,20,62.19,11,4,0.211,70.3,Email,1,134,1,1,0.995
70,Other,East,47386.41,20,94.43,6,2,0.466,74.4,Ads,1,126,1,1,0.995
73,Other,East,40178.16,52,41.81,6,2,0.019,45.7,SMS,1,22,1,1,0.545
54,Female,North,61174.02,14,87.0,8,2,0.216,61.4,SMS,0,87,1,1,0.985
20,Female,North,34390.63,67,147.62,9,0,0.085,77.3,Social Media,0,113,1,1,0.99
37,Male,West,48305.87,60,68.42,11,0,0.445,69.6,Email,1,72,1,1,0.905
51,Male,East,56212.32,101,81.58,10,0,0.221,54.4,Email,1,78,1,1,0.995
36,Male,South,51485.33,13,133.9,11,3,0.075,77.8,Ads,0,84,1,1,0.98
53,Female,West,77511.05,102,51.9,8,3,0.3,29.2,Ads,0,173,1,1,0.97
68,Other,South,72094.36,54,67.15,7,0,0.302,52.6,Email,0,43,1,1,0.91
18,Male,East,88928.63,41,81.17,7,0,0.243,78.8,Social Media,0,174,1,1,1.0
72,Male,East,72100.31,89,121.06,12,2,0.273,62.5,SMS,0,1,1,1,0.94
72,Male,South,25197.47,30,80.5,6,1,0.15,63.8,Social Media,0,95,1,1,0.995
64,Female,South,81128.56,34,63.24,4,3,0.216,99.5,Social Media,1,143,1,1,0.98
26,Male,West,54608.04,36,93.08,5,1,0.239,63.7,Email,1,144,1,1,1.0
38,Female,North,51032.49,100,153.91,12,2,0.225,78.8,Ads,0,165,1,1,0.98
72,Female,East,26692.37,47,86.24,7,1,0.251,39.5,Email,0,12,1,1,0.97
40,Male,East,60718.18,63,43.37,10,2,0.083,58.0,Email,1,28,0,0,0.375
49,Female,North,52122.61,33,79.27,8,0,0.035,69.6,Email,0,76,1,1,0.99
53,Male,South,68866.46,76,79.93,6,2,0.471,56.0,SMS,0,66,1,1,0.975
57,Male,East,41220.21,96,39.68,10,0,0.45,55.6,Ads,1,26,0,0,0.175
21,Male,North,39513.62,26,42.33,5,2,0.184,76.9,SMS,0,27,1,0,0.435
40,Male,South,73098.22,112,112.11,7,3,0.423,75.9,Social Media,0,29,1,1,0.975
73,Male,North,46237.45,95,84.52,8,2,0.061,15.8,Email,0,36,1,1,0.99
72,Male,West,53861.37,99,103.42,11,0,0.257,77.6,SMS,0,56,1,1,0.965
39,Female,West,47993.82,50,52.29,6,2,0.269,53.6,Email,0,144,1,1,0.995
71,Male,South,68545.74,6,75.28,7,3,0.041,78.7,Email,1,69,1,1,0.975
41,Male,North,70847.45,109,73.18,10,1,0.531,65.6,Ads,0,6,1,1,0.755
40,Female,West,77481.53,41,70.31,10,2,0.294,30.9,Email,0,139,1,1,0.995
66,Male,West,57392.97,85,124.98,9,1,0.382,22.0,Social Media,1,2,1,1,0.975
27,Male,North,53545.56,88,108.02,8,0,0.247,60.1,SMS,0,140,1,1,0.99
31,Male,East,46584.72,72,92.93,7,1,0.126,89.6,Social Media,0,166,1,1,1.0
50,Female,North,71563.63,101,147.56,4,1,0.195,16.2,SMS,0,79,1,1,0.98
25,Male,East,38952.16,22,73.77,9,4,0.349,79.7,Social Media,1,65,1,1,0.985
42,Female,West,51517.56,13,85.5,7,3,0.466,70.9,Social Media,0,42,1,1,0.985
63,Male,South,54494.25,103,134.43,14,1,0.308,91.1,Social Media,0,48,1,1,0.98
64,Male,East,83057.24,113,89.74,7,0,0.238,32.0,Social Media,0,73,1,1,0.975
71,Male,East,89002.44,48,22.85,6,0,0.338,47.8,SMS,1,45,0,0,0.21
60,Male,West,39915.1,57,32.8,14,2,0.305,91.6,Social Media,0,90,0,0,0.41
68,Male,East,69855.52,27,83.79,5,1,0.331,54.0,Ads,0,30,1,1,0.975
58,Female,West,44228.87,115,130.06,10,2,0.43,44.7,Social Media,0,151,1,1,1.0
55,Female,South,72773.96,83,95.47,4,1,0.268,38.8,Email,1,15,1,1,0.955
19,Female,West,61763.63,56,115.93,6,2,0.281,77.7,SMS,0,76,1,1,0.99
18,Female,North,83315.6,33,66.38,8,0,0.387,88.9,Social Media,0,74,1,1,0.975
62,Male,North,72451.45,116,5.0,7,1,0.407,40.5,Email,0,85,0,0,0.085
52,Male,West,78211.83,82,92.23,7,2,0.632,74.1,Social Media,0,44,1,1,0.96
62,Male,West,42381.07,43,63.18,9,0,0.151,59.5,Social Media,0,103,1,1,0.99
28,Male,East,52745.82,6,67.87,8,1,0.441,17.7,Ads,0,99,1,1,0.98
27,Female,South,77384.21,3,98.28,3,1,0.258,52.6,Email,0,122,1,1,1.0
71,Female,West,57463.88,50,99.45,12,1,0.144,86.9,Ads,0,115,1,1,0.98
65,Male,West,57329.73,81,115.98,10,1,0.241,75.0,Ads,0,94,1,1,0.99
49,Male,South,27011.5,80,23.11,9,0,0.479,55.8,Ads,0,88,0,0,0.255
25,Female,West,35995.82,6,124.59,11,1,0.143,95.6,Email,0,133,1,1,1.0
67,Male,East,39539.23,59,66.61,11,1,0.186,59.5,Social Media,0,174,1,1,0.985
55,Male,West,57315.78,87,69.56,8,2,0.493,29.8,SMS,0,45,1,1,0.935
49,Male,South,82532.68,11,10.36,4,2,0.273,62.9,SMS,0,16,0,0,0.115
51,Male,North,42190.95,25,127.48,13,1,0.214,51.2,SMS,0,171,1,1,1.0
52,Other,West,30808.35,115,99.94,2,1,0.195,90.7,Ads,1,166,1,1,0.99
25,Male,South,97643.58,119,91.63,5,0,0.559,82.4,SMS,0,68,1,1,0.93
31,Male,East,73093.53,54,71.08,7,2,0.206,55.8,Email,0,166,1,1,1.0
33,Female,North,75741.03,2,138.52,4,2,0.065,74.5,Ads,0,25,1,1,0.99
24,Female,East,62161.3,78,66.25,5,0,0.261,78.8,Social Media,0,147,1,1,0.985
50,Male,South,76417.5,64,62.28,5,0,0.141,77.1,Social Media,0,76,1,1,0.955
25,Male,North,54489.58,66,135.83,8,1,0.25,59.5,SMS,0,156,1,1,0.99
25,Male,North,61179.43,41,100.06,9,1,0.12,88.9,Social Media,0,149,1,1,1.0
21,Male,North,53882.63,71,5.0,10,0,0.241,83.8,Social Media,0,143,0,0,0.225
45,Female,North,89034.11,64,121.64,7,1,0.305,57.3,Ads,0,171,1,1,1.0
44,Female,North,83795.35,38,144.3,9,1,0.331,41.9,Email,1,77,1,1,1.0
21,Female,South,57558.72,100,103.74,7,0,0.229,48.0,Social Media,0,131,1,1,0.99
71,Female,South,73073.91,45,59.57,9,2,0.199,51.7,Social Media,0,120,1,1,0.99
60,Female,North,27701.84,38,76.8,9,3,0.149,65.4,Email,0,96,1,1,0.985
38,Female,North,59784.52,92,97.93,7,3,0.099,48.8,Email,0,66,1,1,0.985
55,Male,South,86472.57,60,90.73,15,1,0.105,49.1,Social Media,0,76,1,1,0.975
36,Male,East,64658.29,18,88.76,3,3,0.191,62.5,Email,1,155,1,1,1.0
35,Female,North,58722.79,74,118.21,7,3,0.531,48.5,Social Media,0,60,1,1,0.985
61,Male,North,53583.52,37,102.11,5,1,0.565,48.2,Email,1,17,1,1,0.995
54,Female,East,44457.44,93,114.17,6,4,0.176,60.8,Email,0,96,1,1,0.995
32,Male,South,54831.55,42,179.01,5,3,0.125,24.0,Ads,1,47,1,1,0.995
40,Male,East,63378.92,16,142.34,9,1,0.057,40.7,Social Media,0,128,1,1,1.0
62,Male,North,85768.35,25,65.6,4,1,0.184,50.9,Email,0,31,1,1,0.975
73,Male,East,17094.75,25,78.35,8,1,0.354,68.7,Ads,1,57,1,1,0.94
26,Female,North,65392.81,98,114.83,8,2,0.439,73.9,SMS,0,131,1,1,0.995
55,Female,East,61146.8,96,59.75,3,4,0.145,100.0,Email,0,117,1,1,0.93
22,Female,West,41465.36,114,55.06,10,1,0.3,54.6,Email,1,51,0,1,0.635
47,Male,North,54629.04,4,44.37,15,1,0.479,21.9,Ads,0,45,1,1,0.59
56,Male,West,65690.42,97,33.55,7,0,0.288,77.0,Ads,0,148,1,1,0.66
58,Male,North,71111.89,81,111.21,5,3,0.17,56.4,Social Media,0,93,1,1,1.0
31,Female,North,58366.15,115,52.32,4,4,0.306,100.0,Ads,1,152,1,1,0.87
26,Female,West,58170.85,82,92.14,8,2,0.03,77.4,Email,1,171,1,1,1.0
40,Male,North,57153.15,115,56.33,11,0,0.025,73.3,Ads,0,105,1,1,0.91
34,Male,North,68324.47,92,117.9,5,2,0.051,92.8,Ads,1,156,1,1,0.99
39,Female,East,42735.53,6,22.11,7,0,0.476,51.8,SMS,0,27,0,0,0.145
27,Female,East,83684.49,62,41.75,8,1,0.454,59.1,Email,0,88,0,1,0.66
53,Female,South,38131.23,2,102.35,4,2,0.218,55.1,Social Media,0,151,1,1,0.995
19,Female,East,64347.29,108,36.13,5,3,0.262,5.9,SMS,0,142,1,1,0.785
68,Male,South,77616.68,34,100.81,10,3,0.364,73.9,Ads,0,177,1,1,0.995
26,Female,West,39658.56,81,121.83,7,1,0.128,49.5,Email,0,20,1,1,0.985
66,Male,South,62378.63,49,27.74,7,1,0.324,60.3,Ads,1,166,1,1,0.83
43,Female,East,60818.66,94,120.91,7,0,0.217,35.3,Email,1,25,1,1,0.985
47,Female,East,89993.39,9,98.68,7,2,0.476,49.3,Ads,1,144,1,1,1.0
26,Female,East,61805.53,105,54.32,12,1,0.16,23.7,SMS,0,36,0,1,0.615
31,Male,East,106595.32,68,129.3,9,1,0.156,56.2,Social Media,1,5,1,1,0.935
54,Female,South,71388.18,82,61.37,4,2,0.098,38.6,Email,1,52,1,1,0.945
32,Male,South,87266.76,98,85.88,10,3,0.21,56.2,SMS,0,173,1,1,0.995
73,Male,North,36342.55,70,140.6,11,1,0.282,61.1,Social Media,0,130,1,1,0.99
65,Male,North,97244.86,117,145.47,10,1,0.326,62.9,Email,0,24,1,1,0.945
68,Female,South,55907.53,38,92.69,6,1,0.4,55.8,SMS,0,164,1,1,0.995
67,Male,South,69190.21,100,67.61,10,0,0.068,50.3,Ads,0,80,1,1,0.965
40,Female,West,81157.67,113,151.64,8,0,0.463,49.4,Email,0,67,1,1,0.965
27,Male,West,50543.41,114,92.02,14,0,0.287,45.3,Social Media,0,47,1,1,0.965
72,Female,West,41964.13,2,167.24,7,2,0.41,100.0,Ads,1,171,1,1,0.98
24,Male,South,41643.41,109,97.53,4,0,0.601,76.3,Social Media,1,123,1,1,0.975
61,Male,South,65426.19,35,82.76,6,1,0.118,51.4,Email,0,53,1,1,0.995
65,Male,West,69857.96,1,85.86,4,0,0.379,68.9,Social Media,1,61,1,1,0.995
57,Male,East,47468.08,62,121.53,12,1,0.382,51.3,Email,0,95,1,1,0.995
21,Female,East,46119.05,36,108.31,11,1,0.248,69.6,SMS,0,16,1,1,0.98
56,Male,East,43033.41,84,109.57,11,2,0.27,79.6,SMS,1,166,1,1,0.99
63,Female,West,50243.83,95,88.05,9,0,0.092,7.8,SMS,0,133,1,1,0.99
68,Female,West,60608.83,38,78.93,5,1,0.205,55.9,Ads,0,77,1,1,0.99
73,Male,East,45424.74,42,78.25,5,1,0.171,24.0,SMS,0,83,1,1,1.0
63,Male,West,37124.59,43,50.39,7,0,0.293,73.8,Ads,0,98,1,1,0.955
37,Male,South,46868.55,29,102.25,12,0,0.204,83.7,Ads,0,166,1,1,1.0
40,Male,South,77786.9,86,45.06,9,0,0.368,71.3,Email,1,169,1,1,0.86
59,Male,West,37861.31,39,69.17,7,0,0.359,68.8,Email,1,142,1,1,0.995
23,Female,East,67242.89,110,97.68,7,3,0.172,59.6,Ads,0,122,1,1,0.99
61,Male,West,72374.22,70,93.75,5,1,0.235,31.8,Social Media,0,159,1,1,0.995
51,Other,West,71959.93,55,100.76,2,2,0.216,100.0,Ads,0,160,1,1,0.98
20,Male,West,54264.39,63,100.55,12,1,0.206,91.0,Ads,1,126,1,1,0.995
43,Female,East,85906.54,41,5.0,11,0,0.569,45.5,Social Media,0,113,0,0,0.23
49,Female,North,66507.95,7,99.06,4,2,0.359,4.3,SMS,0,33,1,1,0.955
32,Male,West,26124.28,31,111.2,12,1,0.068,64.4,Ads,0,107,1,1,1.0
68,Male,West,41909.96,88,44.75,6,4,0.581,47.4,Email,0,122,1,1,0.775
62,Male,West,51070.0,101,37.28,5,3,0.34,69.4,Social Media,0,45,0,0,0.22
46,Female,East,34307.31,80,49.0,3,4,0.258,83.8,Ads,0,21,0,0,0.49
57,Male,South,65987.77,65,27.23,11,1,0.273,58.5,Email,1,11,0,0,0.09
68,Female,East,44568.46,74,86.6,5,2,0.211,0.0,Ads,0,154,1,1,0.99
71,Female,East,40470.77,106,66.05,6,3,0.253,68.7,Ads,1,18,1,1,0.805
50,Male,South,71857.46,12,92.63,7,0,0.176,72.1,SMS,1,23,1,1,0.975
22,Male,South,40418.86,114,79.33,4,3,0.156,73.3,Social Media,0,61,1,1,0.945
34,Other,South,50712.84,52,94.83,9,0,0.084,55.9,Email,0,98,1,1,0.985
31,Female,West,78256.68,107,71.43,11,1,0.135,63.6,Email,1,111,1,1,0.995
64,Male,North,68155.08,91,50.91,4,0,0.133,100.0,SMS,0,134,1,1,0.88
27,Other,East,48401.59,68,98.6,7,0,0.559,21.9,Ads,0,144,1,1,0.99
61,Female,North,58942.24,116,104.76,8,2,0.434,77.3,Social Media,0,4,1,1,0.955
68,Female,South,67314.14,75,5.95,6,1,0.311,59.1,Ads,0,158,0,0,0.25
67,Female,South,71318.74,88,124.6,8,0,0.464,16.8,Social Media,0,69,1,1,0.955
49,Female,South,74713.7,112,105.02,9,1,0.387,52.2,Social Media,0,159,1,1,0.995
63,Female,North,53937.55,54,150.21,4,4,0.075,79.4,Social Media,1,29,1,1,0.99
61,Male,West,36615.67,88,87.99,9,1,0.465,62.2,Ads,1,128,1,1,0.985
27,Female,West,58013.3,104,48.95,13,2,0.276,87.2,Ads,0,27,0,0,0.27
29,Male,South,24426.77,55,98.12,5,1,0.334,42.7,Email,0,106,1,1,0.985
67,Male,West,69446.89,38,87.16,10,1,0.201,61.1,Ads,0,63,1,1,0.99
43,Male,North,84402.7,109,40.26,8,3,0.464,83.9,Email,0,165,1,1,0.645
28,Female,South,46930.11,111,46.38,13,1,0.531,56.8,Ads,0,66,0,0,0.46
54,Other,West,89123.37,17,72.33,7,1,0.085,71.1,SMS,0,177,1,1,0.99
58,Female,North,55774.48,95,49.81,11,2,0.434,83.2,Email,0,101,1,1,0.79
22,Female,North,70541.3,2,47.76,3,1,0.084,64.7,Email,0,91,1,1,0.895
64,Male,South,45604.53,51,94.62,7,0,0.249,58.8,SMS,0,115,1,1,1.0
44,Male,South,67163.78,38,76.83,3,2,0.233,70.1,Social Media,0,68,1,1,0.98
53,Female,North,48250.35,42,8.21,8,0,0.317,58.2,Email,0,36,0,0,0.065
52,Male,South,56900.96,111,44.57,13,0,0.568,66.3,SMS,1,134,0,1,0.675
60,Female,South,94019.55,87,52.34,15,1,0.109,55.3,Email,1,48,1,1,0.605
22,Male,East,67479.52,1,33.37,6,5,0.372,100.0,Email,1,48,0,0,0.35
41,Female,West,69242.14,64,38.71,3,1,0.237,63.2,Email,0,166,1,1,0.89
63,Female,South,50019.63,22,57.69,5,0,0.378,88.2,SMS,1,170,1,1,0.985
65,Male,West,52232.57,49,44.84,8,2,0.394,45.1,Email,0,65,1,1,0.825
70,Female,North,55552.99,36,83.86,5,1,0.171,54.5,SMS,0,134,1,1,1.0
29,Male,East,83238.89,28,78.52,11,0,0.192,48.8,Social Media,1,52,1,1,0.985
56,Male,South,113679.03,18,86.68,10,4,0.594,78.5,Ads,1,61,1,1,0.9
39,Other,South,65645.47,72,18.51,7,1,0.135,52.3,Email,0,23,0,0,0.115
19,Female,West,82524.22,4,59.39,10,2,0.359,50.9,Email,1,137,1,1,0.97
49,Male,South,48933.76,111,73.88,4,2,0.654,76.1,SMS,0,32,1,1,0.77
64,Male,North,76162.44,74,47.66,7,1,0.338,50.5,Email,1,176,1,1,0.96
31,Female,South,80669.32,18,103.09,5,2,0.388,85.6,Social Media,0,74,1,1,0.99
32,Male,East,50369.67,22,120.57,9,3,0.17,70.6,Social Media,0,22,1,1,0.985
62,Female,West,90235.35,100,79.22,7,0,0.45,90.7,Email,1,143,1,1,0.985
69,Male,East,30474.02,101,128.22,5,2,0.602,76.4,Ads,0,52,1,1,0.955
68,Female,East,54107.07,85,79.38,5,1,0.253,35.9,Ads,0,174,1,1,0.995
20,Female,South,40592.99,114,56.3,11,1,0.122,58.0,Email,1,55,1,1,0.73
51,Female,East,39610.28,66,41.01,7,4,0.157,33.9,Ads,0,174,1,1,0.895
21,Male,West,31277.08,44,83.65,4,1,0.147,52.4,Social Media,1,128,1,1,1.0
53,Female,North,51502.42,30,115.23,4,0,0.196,55.1,Ads,0,39,1,1,0.995
45,Female,South,27336.48,7,43.98,6,1,0.251,67.5,Email,1,38,1,1,0.565
18,Other,East,64433.21,72,34.34,6,1,0.177,75.4,Email,0,7,0,0,0.19
53,Male,East,48784.09,118,112.43,10,1,0.317,34.5,Social Media,0,59,1,1,0.97
26,Male,East,63132.48,62,177.26,7,0,0.329,40.8,Ads,0,18,1,1,0.98
51,Female,East,55706.38,91,103.45,5,0,0.157,52.3,Ads,0,133,1,1,0.995
19,Male,East,57191.04,34,28.92,10,2,0.288,20.1,Email,0,111,0,1,0.57
25,Female,West,78196.14,44,62.44,8,1,0.549,86.9,Email,0,108,1,1,0.955
69,Female,East,71496.58,77,77.51,7,1,0.146,18.8,Social Media,0,25,1,1,0.985
28,Male,West,52364.28,108,79.19,10,1,0.376,56.9,SMS,0,101,1,1,1.0
37,Female,East,58657.67,99,72.42,3,1,0.113,27.1,Email,0,167,1,1,0.99
62,Male,East,43271.86,17,62.18,9,3,0.236,70.6,Email,1,57,1,1,0.945
70,Female,East,36312.71,57,64.89,5,1,0.057,70.7,Ads,1,160,1,1,0.995
57,Male,East,55912.76,82,46.55,7,5,0.478,44.9,Email,0,92,1,1,0.8
58,Female,South,68717.12,65,89.99,8,4,0.209,85.9,Ads,0,140,1,1,0.995
53,Female,South,16742.53,24,88.46,7,2,0.274,72.0,Ads,0,64,1,1,0.975
18,Female,West,63724.91,90,106.85,9,1,0.493,58.4,Social Media,0,81,1,1,0.965
46,Female,East,78685.5,110,26.23,13,1,0.386,69.1,Ads,1,41,0,0,0.1
41,Female,West,41737.82,100,111.11,7,4,0.2,63.5,Ads,0,80,1,1,0.99
24,Male,North,63259.61,74,131.58,8,0,0.101,33.8,Social Media,0,36,1,1,0.99
28,Female,West,83677.91,76,16.06,6,4,0.48,70.9,Ads,0,69,0,0,0.135
22,Other,South,17698.03,12,61.25,5,1,0.212,55.2,SMS,0,24,1,1,0.96
44,Female,East,84243.86,111,81.43,3,3,0.446,32.6,SMS,0,1,1,1,0.865
45,Female,North,52664.15,51,60.67,5,0,0.286,58.0,Social Media,1,26,1,1,0.92
53,Male,West,86412.35,8,26.8,7,0,0.23,62.3,Social Media,0,118,1,1,0.65
47,Female,West,56543.54,83,50.25,10,2,0.227,61.1,SMS,0,61,1,1,0.715
25,Female,North,36893.7,82,44.5,9,3,0.175,74.9,Ads,0,30,0,0,0.415
34,Female,North,60637.71,8,83.4,12,2,0.536,53.6,Ads,1,109,1,1,1.0
66,Female,North,57948.8,8,93.73,5,0,0.401,28.4,Email,0,124,1,1,1.0
32,Male,West,55893.56,49,82.24,8,3,0.374,36.3,Social Media,1,81,1,1,0.98
21,Female,West,73458.52,42,79.63,14,0,0.133,61.8,Social Media,0,86,1,1,0.98
64,Male,West,64832.48,46,42.34,9,1,0.087,74.5,Ads,0,102,1,1,0.88
64,Male,North,21981.11,25,98.63,7,1,0.188,70.6,Social Media,0,87,1,1,0.98
51,Male,South,28331.29,101,106.61,10,2,0.246,59.3,SMS,0,167,1,1,0.985
56,Male,West,45337.04,78,99.05,6,2,0.373,39.2,SMS,1,93,1,1,1.0
29,Female,West,46220.04,75,82.79,8,1,0.609,50.9,Social Media,1,75,1,1,0.995
37,Female,North,79125.9,105,64.86,12,0,0.407,57.4,Email,0,17,1,1,0.575
24,Female,West,30889.91,1,98.29,4,2,0.075,75.9,SMS,0,163,1,1,0.995
44,Male,West,51139.02,99,61.07,12,4,0.235,100.0,Social Media,0,153,1,1,0.975
24,Female,South,77863.61,3,73.05,9,1,0.363,54.6,SMS,1,86,1,1,0.98
23,Male,West,49021.71,25,96.99,4,0,0.134,98.1,SMS,0,30,1,1,0.97
34,Female,North,53547.93,16,12.85,9,3,0.056,40.2,Email,0,118,1,0,0.495
28,Female,East,43677.13,84,131.15,3,3,0.375,34.9,Email,0,83,1,1,1.0
30,Female,North,15000.0,4,5.0,7,6,0.212,34.6,SMS,1,151,1,1,0.625
25,Male,East,15000.0,107,103.02,9,1,0.263,38.8,Social Media,1,171,1,1,0.98
29,Male,West,46626.17,73,51.37,8,3,0.284,100.0,Ads,0,19,1,0,0.38
22,Female,West,54770.83,94,101.52,3,0,0.436,48.4,Social Media,0,28,1,1,0.99
31,Male,South,44759.23,76,34.08,8,3,0.078,58.0,SMS,0,126,1,1,0.665
32,Male,South,76275.34,75,78.18,10,1,0.152,75.6,Social Media,0,166,1,1,1.0
18,Male,North,45030.51,83,43.14,12,0,0.257,35.7,SMS,1,171,1,1,0.86
67,Male,North,42144.02,105,86.69,9,0,0.099,49.2,Social Media,1,5,1,1,0.97
34,Female,West,73244.73,4,95.75,6,3,0.216,24.5,Ads,0,78,1,1,0.985
68,Female,South,63484.08,108,89.46,5,3,0.3,49.8,SMS,1,92,1,1,1.0
21,Female,North,69610.23,105,102.13,8,1,0.144,70.9,Ads,0,134,1,1,0.995
25,Male,East,70499.5,42,17.44,15,5,0.337,47.0,SMS,0,125,0,0,0.335
34,Male,West,53354.55,34,101.66,11,0,0.252,88.5,Social Media,0,51,1,1,0.975
23,Male,West,69278.37,24,80.27,10,0,0.247,79.2,SMS,0,145,1,1,0.985
55,Male,East,53102.81,77,47.35,8,1,0.21,79.1,Ads,0,51,0,1,0.545
47,Female,South,62387.71,16,130.91,10,0,0.307,44.2,Social Media,0,123,1,1,1.0
51,Female,East,92106.3,46,80.02,3,0,0.216,100.0,Ads,0,130,1,1,0.99
39,Female,South,49746.96,43,70.06,12,0,0.199,17.3,Social Media,0,126,1,1,0.99
52,Female,West,37685.86,60,123.18,9,0,0.617,36.8,SMS,0,51,1,1,0.98
53,Male,West,46234.42,29,46.73,11,1,0.143,71.4,SMS,0,25,0,1,0.62
73,Male,South,84386.34,105,57.01,8,2,0.067,68.6,Social Media,0,159,1,1,0.98
26,Male,South,63926.67,8,99.57,8,1,0.47,40.4,Ads,1,13,1,1,0.985
61,Female,South,85052.95,41,77.98,10,0,0.273,23.5,SMS,0,60,1,1,0.95
40,Male,North,73084.14,1,105.35,7,3,0.077,80.4,SMS,0,5,1,1,0.955
23,Male,West,67538.15,75,10.47,11,0,0.244,37.3,Email,0,129,1,0,0.165
53,Male,West,62163.47,97,104.63,5,2,0.278,49.0,Email,0,116,1,1,0.995
45,Male,East,45623.2,119,114.02,9,1,0.195,15.2,Social Media,0,159,1,1,0.975
44,Male,West,88033.21,92,100.17,5,0,0.061,52.2,Email,0,122,1,1,1.0
21,Other,North,101595.74,9,60.56,8,2,0.434,43.4,SMS,0,66,1,1,0.935
68,Male,East,57090.85,36,73.16,14,3,0.242,25.7,Email,1,8,1,1,0.945
29,Female,South,52523.01,38,34.11,9,1,0.074,61.6,Ads,0,170,1,1,0.935
53,Male,West,61320.69,56,80.99,12,1,0.383,36.8,Social Media,0,27,1,1,0.965
67,Male,North,97349.86,23,113.42,8,2,0.208,22.5,Social Media,0,171,1,1,0.99
35,Male,South,19174.96,40,74.04,13,0,0.422,71.8,Email,0,54,1,1,0.935
57,Male,West,100684.13,108,88.98,6,0,0.05,51.2,Email,0,86,1,1,0.985
70,Male,North,61699.58,118,120.47,7,2,0.428,51.7,Email,1,14,1,1,0.94
59,Male,South,68204.92,22,17.85,9,0,0.233,81.4,Email,1,178,1,1,0.635
30,Male,West,50634.78,42,64.36,6,1,0.337,100.0,Ads,0,140,1,1,0.97
18,Female,East,52851.29,97,104.96,9,2,0.173,28.1,Ads,1,20,1,1,0.96
23,Female,South,83278.09,2,39.02,8,0,0.164,63.8,SMS,1,175,1,1,0.9
42,Female,North,51158.67,64,94.07,7,3,0.513,67.5,Social Media,1,81,1,1,0.98
66,Female,West,62640.25,100,81.07,10,2,0.394,73.1,Email,0,74,1,1,0.985
69,Female,South,73980.51,28,136.6,6,2,0.448,64.2,Ads,0,12,1,1,0.975
67,Female,North,74598.18,23,34.68,7,0,0.404,35.2,Ads,0,54,0,0,0.395
35,Other,East,62965.27,18,19.44,10,1,0.541,71.0,SMS,0,127,1,0,0.315
37,Male,South,46504.27,67,60.99,6,0,0.009,55.3,Social Media,0,63,1,1,0.92
69,Other,South,61048.5,113,106.37,7,1,0.03,59.0,Email,0,90,1,1,0.98
72,Male,North,75668.68,66,21.29,5,3,0.411,63.0,Email,1,61,0,0,0.145
29,Male,South,53750.95,87,64.47,7,1,0.215,28.5,SMS,1,157,1,1,0.985
22,Other,West,50348.93,14,21.15,9,0,0.368,81.3,SMS,0,110,1,0,0.41
65,Male,East,39686.1,38,54.59,4,0,0.497,38.6,Social Media,0,38,0,1,0.81
68,Male,West,74626.13,90,56.55,9,1,0.355,26.8,Ads,1,58,1,1,0.735
47,Male,West,44891.52,88,37.76,9,2,0.36,40.8,SMS,0,97,0,1,0.53
49,Female,West,86478.31,73,77.2,4,1,0.186,77.6,SMS,0,104,1,1,0.985
41,Male,North,21961.59,89,14.11,5,3,0.126,66.0,Ads,1,139,0,0,0.445
46,Female,West,88617.73,60,40.83,7,1,0.493,52.9,Email,1,149,1,1,0.92
30,Female,West,67789.37,65,57.39,10,0,0.347,74.6,Social Media,1,23,0,1,0.72
32,Male,North,63601.62,14,61.69,9,2,0.29,74.5,SMS,0,1,1,1,0.78
53,Male,East,71995.05,91,70.15,8,2,0.113,65.2,Email,0,140,1,1,1.0
53,Female,West,99931.92,39,38.14,12,2,0.157,85.6,Social Media,1,59,1,0,0.445
56,Male,North,66034.78,85,25.86,8,1,0.023,29.9,SMS,0,46,0,0,0.145
19,Female,West,35790.42,59,109.26,6,1,0.102,14.4,Ads,0,15,1,1,0.96
27,Female,East,70863.33,65,134.77,10,1,0.125,80.3,Social Media,0,142,1,1,1.0
37,Male,South,38279.56,77,60.07,6,1,0.193,37.3,SMS,0,28,1,1,0.83
21,Female,West,30802.6,55,67.86,7,2,0.218,34.1,Email,0,103,1,1,1.0
52,Other,South,57621.76,115,61.87,7,3,0.445,53.2,Social Media,1,133,1,1,0.96
33,Female,South,70478.91,74,78.76,7,0,0.266,79.1,Ads,0,157,1,1,0.995
31,Female,West,55980.05,91,37.99,10,2,0.598,77.4,SMS,0,114,1,0,0.365
61,Female,South,58701.44,53,105.45,8,0,0.32,47.9,Social Media,0,84,1,1,1.0
19,Male,West,45281.23,37,47.68,12,2,0.377,46.6,Social Media,0,16,0,1,0.55
61,Female,West,64452.66,108,100.52,9,0,0.241,80.7,Social Media,1,56,1,1,0.995
46,Female,East,69086.17,5,53.45,10,1,0.3,89.0,SMS,0,81,1,1,0.905
73,Female,West,76362.68,33,43.9,12,1,0.503,39.4,Email,0,107,1,1,0.835
33,Female,East,32656.56,63,101.87,8,4,0.178,93.4,Ads,0,90,1,1,0.995
30,Male,West,47174.97,91,43.38,6,1,0.313,55.6,SMS,0,62,0,0,0.45
30,Male,West,57398.55,11,81.54,11,4,0.225,82.6,Email,1,150,1,1,1.0
51,Male,West,48568.36,7,99.59,6,1,0.204,88.6,Social Media,0,144,1,1,1.0
27,Male,East,61338.41,36,86.57,7,2,0.201,0.0,Email,1,83,1,1,0.965
30,Female,South,75749.69,76,170.28,6,1,0.079,73.1,Social Media,0,43,1,1,0.985
42,Female,East,39647.7,32,98.7,10,1,0.438,32.9,Email,0,9,1,1,0.96
42,Female,West,72207.96,101,50.79,8,3,0.222,57.8,Email,1,12,0,0,0.475
47,Female,North,61477.96,93,51.84,7,1,0.534,20.2,Social Media,0,11,1,0,0.455
35,Female,East,33036.06,23,65.41,8,0,0.318,45.1,SMS,0,15,1,1,0.94
18,Female,East,80834.58,91,72.2,6,1,0.32,90.7,Ads,0,50,1,1,0.905
58,Male,East,40678.59,8,110.32,11,2,0.208,91.6,Social Media,0,7,1,1,0.975
26,Male,West,43554.94,79,42.86,10,2,0.318,69.3,Social Media,0,120,1,1,0.555
53,Male,South,78800.79,82,44.62,15,2,0.299,68.7,Email,0,47,1,0,0.355
23,Male,West,92663.87,69,54.51,10,2,0.12,45.4,Email,0,60,1,1,0.845
40,Male,East,58257.69,43,124.83,8,3,0.346,100.0,Email,0,37,1,1,0.97
74,Female,South,69837.93,98,104.71,12,3,0.27,75.8,Social Media,0,160,1,1,0.99
53,Female,West,72051.8,37,151.49,4,1,0.191,87.3,Social Media,0,115,1,1,0.99
36,Male,South,67015.66,38,75.39,9,1,0.118,75.8,Social Media,0,133,1,1,1.0
26,Male,East,59434.13,66,133.45,7,3,0.214,66.4,Social Media,0,64,1,1,0.995
65,Female,East,59100.68,1,92.23,5,1,0.14,40.6,Social Media,1,133,1,1,1.0
74,Male,West,46200.19,107,49.86,8,0,0.211,60.4,SMS,0,171,1,1,0.94
49,Female,East,76203.89,39,33.5,11,0,0.337,31.0,SMS,0,177,1,1,0.875
45,Male,West,88754.3,23,47.63,7,2,0.329,79.4,Social Media,1,155,1,1,0.97
72,Female,North,25073.3,67,120.53,12,2,0.225,25.2,Social Media,0,168,1,1,0.99
48,Female,East,31028.35,115,91.1,9,0,0.408,80.6,Social Media,0,20,1,1,0.91
66,Male,East,34587.72,67,115.84,3,3,0.291,57.9,SMS,0,16,1,1,0.965
73,Male,North,62743.23,27,131.27,13,2,0.161,57.1,Email,0,172,1,1,0.99
25,Male,South,22371.02,69,45.88,9,0,0.522,72.1,Email,0,122,1,1,0.775
19,Male,West,45123.28,116,93.54,9,1,0.296,77.9,SMS,0,23,1,1,0.935
70,Female,North,37460.09,47,153.46,9,2,0.279,63.3,Email,0,63,1,1,0.985
33,Male,South,71117.56,100,61.77,7,1,0.055,90.2,Email,0,108,1,1,0.97
21,Male,North,48405.49,108,68.93,9,2,0.151,67.1,SMS,1,174,1,1,0.99
48,Male,South,45948.96,37,134.71,7,3,0.084,59.8,SMS,1,173,1,1,1.0
21,Male,South,47476.79,87,81.64,7,1,0.287,49.5,Email,0,142,1,1,0.995
64,Male,North,75339.79,83,102.27,8,2,0.411,18.7,SMS,1,25,1,1,0.98
72,Male,West,64932.65,43,125.96,5,2,0.429,69.8,Email,0,79,1,1,1.0
55,Male,South,54880.08,9,100.1,8,1,0.226,41.7,Ads,0,97,1,1,1.0
27,Male,South,65690.78,30,91.7,7,0,0.452,41.9,Email,0,174,1,1,0.995
19,Male,East,17796.65,98,121.06,12,0,0.166,57.8,Ads,1,71,1,1,0.965
47,Other,East,73817.01,80,89.25,7,0,0.684,64.2,SMS,0,78,1,1,0.98
54,Male,North,36786.7,62,77.47,7,2,0.278,84.1,Ads,0,65,1,1,0.955
47,Female,North,78941.16,92,101.11,10,1,0.307,53.8,Ads,0,76,1,1,0.995
68,Male,North,72356.22,109,37.14,3,0,0.406,62.5,SMS,1,175,1,1,0.805
56,Female,West,40098.07,29,138.36,3,3,0.502,82.2,SMS,0,170,1,1,0.99
65,Male,West,50128.25,15,84.24,12,1,0.423,64.4,Ads,0,29,1,1,0.965
71,Female,North,68367.78,106,75.91,16,0,0.312,61.5,SMS,0,150,1,1,0.965
65,Male,West,71300.9,115,126.44,12,0,0.343,24.0,Ads,1,102,1,1,0.96
51,Female,North,37458.04,63,76.34,9,0,0.387,49.9,Social Media,1,50,1,1,0.99
62,Female,North,50405.89,1,5.0,6,0,0.186,51.8,SMS,0,86,0,0,0.32
38,Male,North,57345.87,86,54.37,13,3,0.358,43.9,Email,1,18,0,1,0.58
32,Male,South,69687.86,104,113.08,4,3,0.05,53.5,Social Media,0,121,1,1,1.0
18,Male,North,41936.94,117,110.8,9,3,0.283,85.1,Social Media,1,25,1,1,0.935
71,Female,North,49410.76,61,14.65,6,0,0.38,49.7,Email,0,139,1,0,0.42
30,Female,East,91844.55,75,111.98,15,2,0.209,49.6,Social Media,1,8,1,1,0.945
66,Female,South,41732.24,82,45.26,7,0,0.451,66.5,Email,1,55,1,0,0.36
50,Female,South,47836.62,110,40.4,6,3,0.268,52.5,Email,0,127,1,1,0.68
70,Male,West,75192.99,21,75.39,6,1,0.251,90.3,Ads,0,112,1,1,0.975
65,Male,East,62439.05,82,103.84,5,1,0.274,66.7,Email,0,56,1,1,0.985
63,Female,West,72923.73,20,93.58,7,2,0.265,62.0,Ads,0,1,1,1,0.985
66,Female,West,56172.59,32,50.68,10,1,0.355,54.6,Email,0,138,1,1,0.965
67,Female,West,40459.48,109,50.26,11,1,0.414,57.3,Social Media,0,32,0,0,0.29
32,Male,North,24559.56,37,5.0,4,1,0.227,57.5,Ads,0,43,0,0,0.22
46,Female,South,47501.59,49,101.8,12,0,0.378,43.4,Email,0,162,1,1,0.99
70,Male,North,75948.39,72,118.27,11,1,0.23,38.7,Social Media,1,73,1,1,0.995
59,Male,North,60330.41,59,26.96,11,2,0.362,62.1,Email,0,111,0,0,0.3
35,Male,North,55533.57,110,100.16,9,0,0.277,62.1,SMS,0,104,1,1,0.98
30,Male,South,59110.12,60,38.09,10,3,0.205,51.0,Email,0,159,1,1,0.88
37,Male,South,73746.61,76,81.07,12,2,0.14,51.4,Social Media,0,134,1,1,0.99
40,Female,North,73978.46,26,72.41,7,1,0.661,59.8,SMS,0,141,1,1,0.99
37,Female,North,47318.45,45,89.68,9,1,0.328,35.4,Social Media,0,32,1,1,1.0
60,Male,South,57592.51,13,87.51,6,1,0.265,67.0,Ads,0,97,1,1,1.0
61,Female,East,48617.59,60,50.0,3,1,0.382,62.9,Social Media,0,78,1,1,0.845
32,Male,West,42807.46,56,99.91,6,2,0.064,9.7,Email,0,6,1,1,0.99
55,Male,East,67358.84,78,31.48,12,2,0.278,85.1,SMS,0,116,1,0,0.385
56,Female,South,54292.29,24,85.88,4,2,0.332,45.0,Social Media,1,136,1,1,1.0
32,Female,North,65111.55,34,77.48,3,2,0.436,57.6,Social Media,0,37,1,1,0.96
68,Male,South,80651.34,81,114.85,6,1,0.176,97.3,Social Media,1,157,1,1,0.985
23,Female,East,61059.87,108,125.79,5,2,0.131,65.0,Email,0,11,1,1,0.92
57,Female,South,73350.14,37,83.04,7,0,0.361,27.9,Email,0,161,1,1,0.995
39,Female,East,25110.24,38,59.11,7,2,0.269,43.6,Ads,0,68,1,1,0.93
49,Male,South,49913.3,19,49.99,8,0,0.196,43.7,Social Media,0,106,1,1,0.975
71,Male,East,74180.59,53,69.92,9,0,0.569,54.1,Email,1,62,1,1,0.95
72,Male,North,74668.91,89,82.66,6,1,0.268,42.5,Social Media,1,175,1,1,0.995
39,Male,North,60648.26,62,134.24,8,2,0.361,48.2,SMS,0,52,1,1,0.96
44,Male,South,66665.53,48,76.46,7,1,0.217,62.8,Ads,0,63,1,1,0.96
21,Male,West,79379.49,25,118.42,6,2,0.255,100.0,SMS,0,71,1,1,0.975
32,Female,East,75127.48,35,38.84,10,1,0.595,82.1,Social Media,1,132,1,1,0.585
33,Female,West,62810.93,33,96.12,5,1,0.058,57.2,Social Media,0,92,1,1,0.985
46,Male,North,95697.9,36,37.41,7,1,0.667,69.7,Social Media,0,90,1,1,0.545
52,Female,East,36149.38,30,14.86,5,1,0.374,56.4,Social Media,0,161,1,1,0.66
38,Male,North,35770.67,83,115.92,7,0,0.358,49.4,Email,0,30,1,1,0.975
64,Male,West,92132.79,3,78.75,8,3,0.168,63.7,SMS,1,113,1,1,1.0
20,Female,East,84503.79,73,131.47,6,4,0.464,82.9,Ads,0,160,1,1,0.98
64,Male,North,31892.6,80,99.42,12,0,0.357,100.0,Email,1,100,1,1,0.965
37,Male,North,95874.5,87,155.91,8,0,0.473,59.4,Email,0,59,1,1,0.955
59,Male,East,104074.89,44,133.54,4,3,0.269,100.0,Ads,0,111,1,1,0.98
68,Female,West,65399.98,15,52.51,4,0,0.798,73.9,SMS,0,12,0,1,0.545
22,Male,East,77946.62,52,28.35,5,2,0.398,86.5,Social Media,0,21,0,0,0.205
39,Female,West,95652.52,110,76.09,8,1,0.165,60.6,Email,0,155,1,1,0.99
53,Male,South,66096.75,99,42.26,6,0,0.278,54.1,SMS,0,39,0,0,0.255
61,Male,North,50533.05,27,33.35,8,0,0.512,42.6,Ads,1,142,1,1,0.84
72,Male,East,39826.46,30,47.32,7,1,0.626,63.0,Social Media,0,70,1,1,0.72
43,Female,East,40934.17,118,97.0,7,1,0.574,91.0,SMS,0,173,1,1,0.99
37,Female,East,60673.19,12,111.41,5,0,0.375,45.7,Social Media,0,40,1,1,0.99
49,Male,North,56601.81,21,56.49,6,1,0.121,54.2,Ads,1,59,1,1,0.925
47,Female,North,88984.3,57,118.01,12,2,0.26,33.3,SMS,1,174,1,1,0.98
33,Male,West,74717.3,119,82.05,9,2,0.802,75.9,Ads,0,12,0,1,0.7
63,Male,East,17961.81,50,60.26,7,1,0.671,69.5,SMS,1,46,1,1,0.84
26,Male,East,64631.12,25,9.65,7,0,0.266,11.5,Ads,1,150,1,1,0.63
32,Male,North,25386.27,57,146.59,9,4,0.144,57.1,Email,0,52,1,1,0.995
37,Male,East,71523.4,52,143.8,4,1,0.188,51.5,Social Media,1,38,1,1,0.99
26,Female,East,64692.77,112,83.52,6,1,0.29,52.3,Email,0,58,1,1,0.955
23,Male,South,67883.91,41,66.77,5,1,0.416,45.0,Ads,1,154,1,1,0.985
18,Female,West,66890.77,97,134.39,6,3,0.127,55.9,Email,1,124,1,1,0.985
41,Male,East,58796.75,91,8.4,4,1,0.599,45.9,Ads,0,98,0,0,0.14
48,Male,South,76269.77,96,141.19,8,2,0.34,36.1,Email,0,19,1,1,0.985
52,Female,South,77053.09,50,78.83,11,2,0.41,58.8,Email,0,59,1,1,0.965
67,Female,West,65733.52,39,73.98,12,1,0.236,87.2,SMS,0,59,1,1,0.975
35,Male,North,75921.88,26,81.16,6,3,0.14,28.5,Social Media,0,65,1,1,0.99
74,Female,East,65898.54,63,123.66,2,1,0.269,59.6,Social Media,0,132,1,1,0.975
42,Male,North,15000.0,63,90.61,5,2,0.104,56.1,Ads,1,117,1,1,0.99
49,Female,North,64081.86,85,56.41,5,1,0.407,81.1,Ads,0,68,0,1,0.88
66,Female,East,68740.76,22,126.75,3,1,0.242,73.9,Email,0,158,1,1,1.0
19,Female,North,125136.59,16,61.82,7,2,0.252,47.1,SMS,0,105,1,1,0.97
54,Female,West,33223.86,19,37.27,4,2,0.164,57.1,Social Media,0,85,1,1,0.805
42,Male,North,59810.8,111,87.79,6,6,0.176,49.3,SMS,0,85,1,1,0.99
49,Female,East,66630.05,30,94.71,9,1,0.411,68.6,SMS,1,13,1,1,0.99
64,Female,North,64089.44,107,105.42,4,1,0.032,72.7,Email,0,127,1,1,0.975
22,Male,South,100242.69,100,81.87,7,2,0.236,68.6,Social Media,0,42,1,1,0.955
54,Male,North,35948.54,10,23.98,10,1,0.617,64.5,Social Media,1,131,1,1,0.52
73,Female,South,75574.12,76,89.56,11,1,0.244,62.6,Ads,1,36,1,1,0.965
36,Male,North,40269.51,79,73.71,13,2,0.021,83.0,Ads,0,179,1,1,0.98
24,Male,South,69524.03,118,85.56,7,2,0.167,42.4,SMS,0,89,1,1,0.975
36,Male,East,67187.28,12,62.62,10,3,0.359,63.4,Ads,0,66,1,1,0.995
39,Male,East,46849.15,94,102.31,4,1,0.155,65.4,SMS,0,12,1,1,0.975
19,Male,North,70990.21,54,31.97,9,1,0.505,28.1,SMS,0,126,0,1,0.675
59,Male,South,36604.05,69,58.77,13,0,0.165,30.7,Social Media,0,164,1,1,0.985
20,Male,East,40780.77,73,89.52,14,1,0.332,72.3,Email,0,40,1,1,0.925
34,Male,North,20191.29,100,83.85,8,1,0.315,92.0,Email,1,44,1,1,0.93
36,Other,West,40374.42,24,129.88,8,1,0.2,51.8,Social Media,0,161,1,1,0.99
27,Male,North,69312.91,114,60.12,9,2,0.074,57.1,Ads,1,89,1,1,0.97
56,Female,North,51412.62,110,74.27,10,4,0.154,67.8,SMS,1,138,1,1,0.985
31,Male,North,40446.8,16,48.01,11,1,0.658,75.6,SMS,0,139,1,1,0.865
35,Male,West,80310.85,11,49.07,13,0,0.55,66.8,Email,0,172,1,1,0.885
74,Male,West,64369.53,78,46.46,7,2,0.219,46.1,Social Media,0,159,1,1,0.91
36,Female,West,46529.36,55,80.75,10,2,0.288,43.0,Email,0,37,1,1,0.96
51,Female,North,43525.46,40,139.61,5,1,0.597,67.9,Social Media,0,2,1,1,0.94
20,Female,West,46008.71,57,116.05,3,2,0.176,25.3,SMS,1,90,1,1,0.985
67,Other,North,35074.7,91,86.76,6,3,0.073,51.2,Ads,0,157,1,1,0.99
42,Male,North,103651.59,51,90.69,5,1,0.257,28.8,Social Media,1,80,1,1,0.95
61,Female,North,57071.88,68,26.62,5,0,0.112,67.9,Email,0,150,1,1,0.755
69,Female,South,20177.39,68,132.05,11,2,0.526,72.1,Social Media,0,75,1,1,0.945
23,Male,South,34504.46,97,46.67,9,1,0.491,55.9,Email,1,52,1,0,0.405
70,Male,North,37080.55,91,81.4,15,1,0.241,60.6,Social Media,0,136,1,1,0.985
49,Male,East,75939.93,38,132.26,9,1,0.22,48.4,Email,0,44,1,1,0.99
61,Male,North,38462.61,84,78.91,7,1,0.399,84.5,Email,0,38,1,1,0.965
42,Female,South,61792.99,33,119.58,10,3,0.419,53.3,Ads,0,100,1,1,1.0
43,Female,North,38497.86,25,66.51,10,4,0.408,48.8,SMS,0,9,1,1,0.895
53,Male,North,20649.08,94,127.22,8,3,0.189,56.8,Ads,1,50,1,1,0.98
20,Male,North,43397.31,86,118.05,9,3,0.107,36.4,SMS,0,66,1,1,0.97
19,Female,East,72491.03,109,89.77,10,2,0.244,50.4,Email,0,107,1,1,0.97
39,Female,North,61273.51,1,114.81,5,1,0.444,84.3,Ads,1,70,1,1,0.965
35,Female,West,83069.73,22,100.09,11,1,0.087,49.6,Ads,0,107,1,1,0.975
57,Female,North,93565.23,42,59.73,4,2,0.2,33.6,Email,0,105,1,1,0.995
36,Female,South,56456.86,59,42.93,14,3,0.235,70.3,SMS,0,80,0,1,0.61
37,Male,East,66466.28,55,5.0,8,2,0.278,75.6,Email,0,176,0,0,0.3
27,Female,West,78806.35,85,98.76,4,2,0.068,52.4,Ads,0,3,1,1,0.95
72,Female,West,52830.12,116,129.02,3,0,0.251,39.8,Email,0,80,1,1,0.98
64,Female,North,44376.62,52,113.85,9,0,0.105,52.8,Email,1,71,1,1,0.995
48,Male,West,85766.59,16,80.01,8,1,0.253,65.9,Ads,0,68,1,1,0.99
73,Female,North,77363.9,55,62.38,11,3,0.276,77.3,SMS,0,153,1,1,0.96
28,Female,West,45055.78,109,87.3,11,2,0.392,72.5,SMS,0,161,1,1,0.99
48,Female,East,52366.87,9,70.1,5,0,0.074,100.0,Social Media,0,105,1,1,0.99
51,Male,West,70775.54,2,98.94,5,2,0.187,100.0,SMS,0,56,1,1,0.985
27,Female,West,49648.79,66,115.42,3,1,0.328,65.4,Ads,0,26,1,1,0.96
31,Other,West,65784.07,19,86.81,8,2,0.161,13.7,Email,0,163,1,1,0.995
71,Other,South,62187.62,60,79.69,12,1,0.181,96.8,Ads,1,29,1,1,0.94
23,Female,East,38824.67,88,123.89,8,0,0.117,49.7,Ads,0,20,1,1,0.985
51,Female,North,71800.21,112,35.04,6,0,0.179,59.5,SMS,0,62,0,0,0.265
73,Male,East,62365.87,33,59.67,11,1,0.162,53.3,SMS,0,124,1,1,0.99
62,Male,East,46844.08,33,123.68,9,0,0.379,71.3,SMS,0,40,1,1,0.98
59,Female,North,40952.89,67,99.43,8,1,0.49,83.7,SMS,0,169,1,1,0.99
37,Male,East,15000.0,42,5.0,8,1,0.246,59.2,SMS,1,50,0,0,0.165
32,Female,North,90354.2,23,139.94,8,1,0.525,89.0,Email,0,150,1,1,0.98
58,Male,East,84036.51,1,27.55,9,2,0.296,53.2,Email,1,142,1,1,0.795
33,Female,North,41252.7,76,123.09,9,1,0.672,100.0,Email,0,116,1,1,0.965
63,Female,South,45794.46,49,78.82,9,1,0.213,79.8,SMS,0,150,1,1,1.0
27,Male,West,65310.4,87,110.97,7,1,0.159,49.7,SMS,0,39,1,1,0.98
68,Female,North,68499.81,81,36.83,7,0,0.341,82.4,SMS,1,110,0,1,0.585
51,Female,West,55694.08,118,6.69,10,4,0.052,52.1,Email,0,86,0,0,0.165
27,Female,East,72021.59,35,52.72,6,2,0.37,70.6,Social Media,0,77,1,1,0.955
34,Male,West,69774.19,24,93.3,7,0,0.301,35.0,SMS,0,5,1,1,0.975
35,Female,West,76404.06,69,79.98,8,2,0.352,92.1,Email,1,30,1,1,0.93
46,Male,North,56509.97,42,5.0,5,3,0.085,80.5,Social Media,0,104,0,0,0.295
63,Female,East,63657.2,68,128.66,10,1,0.405,29.0,Social Media,1,43,1,1,0.985
21,Male,South,64532.3,45,50.33,12,2,0.317,36.3,SMS,0,100,1,1,0.915
72,Female,South,47189.15,32,28.61,5,3,0.364,35.7,Ads,1,1,0,0,0.295
66,Female,South,55428.32,9,86.87,8,2,0.621,69.5,SMS,1,153,1,1,0.995
67,Male,East,59366.1,2,91.51,7,1,0.159,53.9,Email,0,173,1,1,1.0
44,Male,West,74549.18,73,60.34,9,3,0.604,44.2,SMS,0,42,1,1,0.64
46,Male,South,54089.91,97,81.07,9,1,0.175,50.7,Ads,1,147,1,1,0.99
67,Male,North,37989.04,119,84.97,6,1,0.391,88.0,Email,0,3,0,1,0.845
20,Female,North,58644.93,73,10.36,8,1,0.417,69.1,Email,1,4,0,0,0.075
39,Male,East,76748.87,36,116.01,9,1,0.501,98.1,Email,0,98,1,1,0.985
56,Female,North,59068.37,64,88.09,7,3,0.216,63.0,SMS,0,163,1,1,1.0
38,Female,East,46793.91,58,82.8,14,3,0.273,34.9,Social Media,0,120,1,1,0.99
27,Male,East,44512.33,7,86.48,7,2,0.248,45.2,Ads,1,27,1,1,0.97
32,Male,West,57000.84,104,93.15,9,0,0.547,80.5,Social Media,1,108,1,1,0.98
56,Female,East,15253.69,115,104.83,9,2,0.084,37.1,SMS,1,151,1,1,0.995
58,Male,North,54960.13,55,73.27,3,3,0.144,39.9,Social Media,0,91,1,1,0.985
49,Female,West,77653.24,86,105.21,13,0,0.529,61.7,Email,0,74,1,1,0.965
42,Other,West,70925.63,98,47.89,9,6,0.389,62.9,Email,0,25,0,0,0.305
58,Female,West,59992.17,114,88.19,12,1,0.072,75.2,Ads,1,98,1,1,0.975
46,Male,East,71823.91,47,115.97,6,1,0.32,50.7,SMS,1,57,1,1,0.995
35,Male,North,31147.04,65,5.0,10,1,0.289,79.6,Email,0,34,0,0,0.085
46,Female,South,44494.59,28,138.08,3,0,0.373,63.2,SMS,0,112,1,1,0.99
53,Female,West,77104.14,59,50.94,3,2,0.437,83.6,Email,0,178,1,1,0.955
47,Other,South,35757.47,116,108.09,10,1,0.098,57.2,SMS,0,93,1,1,0.975
70,Female,North,43628.24,112,119.6,11,4,0.71,57.6,Social Media,0,26,1,1,0.895
62,Male,South,69878.21,96,88.02,9,1,0.515,32.1,Ads,0,52,1,1,0.975
50,Male,South,46107.02,89,77.58,6,5,0.279,77.5,Ads,0,81,1,1,0.98
34,Male,South,72046.16,33,57.23,5,4,0.452,74.9,Email,1,157,1,1,0.99
40,Male,East,73380.99,6,69.72,7,3,0.286,46.8,Email,0,59,1,1,0.94
69,Male,East,105147.31,81,42.02,11,1,0.322,59.4,Social Media,0,146,1,1,0.8
74,Female,West,56524.74,72,68.53,6,2,0.103,74.3,Ads,0,12,0,1,0.9
49,Male,West,65442.89,82,87.07,7,5,0.503,52.4,Social Media,1,116,1,1,0.985
56,Male,North,39762.78,116,22.14,8,1,0.132,58.9,Social Media,1,34,0,0,0.135
69,Female,North,93744.8,79,89.88,10,1,0.303,49.1,SMS,0,158,1,1,0.995
38,Female,East,57394.22,96,63.65,8,0,0.255,40.1,Ads,0,49,1,1,0.88
37,Female,West,64374.4,33,43.71,7,3,0.339,70.8,Ads,1,18,0,0,0.43
67,Male,West,62411.11,73,76.42,7,0,0.679,81.2,Ads,0,75,0,1,0.975
32,Female,West,81495.58,6,125.86,7,1,0.229,68.2,SMS,0,10,1,1,0.99
47,Female,East,65315.03,88,83.26,4,1,0.136,84.9,Ads,0,45,1,1,0.99
58,Male,West,37036.69,25,37.64,12,1,0.335,74.9,Social Media,1,147,1,1,0.86
39,Other,West,81770.9,9,81.56,7,0,0.538,49.3,Email,1,162,1,1,0.98
69,Female,North,52147.19,67,95.57,5,2,0.277,42.9,Social Media,1,158,1,1,0.985
47,Male,West,55121.76,29,86.85,10,3,0.568,57.2,Social Media,0,89,1,1,1.0
22,Female,West,68513.4,39,70.67,7,0,0.201,46.2,Email,0,22,1,1,0.955
68,Male,South,52540.99,97,66.62,4,0,0.179,43.1,SMS,1,116,1,1,0.985
38,Male,East,59125.05,74,61.47,3,1,0.295,57.7,Social Media,0,68,1,1,0.95
67,Female,North,67552.28,5,86.4,6,1,0.209,71.7,Social Media,1,151,1,1,0.985
56,Other,East,95920.87,96,5.0,13,1,0.258,56.8,SMS,0,102,0,0,0.22
31,Male,East,22307.04,70,61.97,11,0,0.254,55.5,SMS,0,7,1,1,0.58
54,Male,East,84821.88,94,81.9,8,0,0.619,59.6,Email,0,12,1,1,0.815
41,Female,North,70002.98,18,62.37,10,2,0.574,38.6,Email,0,165,1,1,0.995
53,Female,North,64804.76,65,5.0,9,1,0.116,64.9,SMS,0,164,0,0,0.3
22,Male,West,72822.04,87,70.0,6,1,0.394,68.3,Ads,0,177,1,1,0.985
21,Female,North,69377.23,32,66.44,8,2,0.03,82.6,SMS,0,160,1,1,1.0
70,Female,East,66019.79,63,100.83,8,2,0.244,59.9,SMS,0,140,1,1,1.0
29,Female,East,55679.21,19,57.02,7,3,0.346,50.1,Social Media,1,166,1,1,0.995
20,Female,North,71525.12,99,72.44,5,2,0.096,76.1,SMS,0,148,1,1,0.99
36,Male,West,18803.7,56,123.08,11,1,0.384,74.5,Social Media,0,134,1,1,0.985
33,Male,North,57499.28,95,143.39,5,2,0.344,51.1,SMS,0,49,1,1,1.0
47,Male,East,52449.09,34,143.78,5,0,0.645,46.0,Ads,0,102,1,1,0.99
25,Female,North,62124.82,95,54.54,5,0,0.236,65.7,Ads,1,83,1,1,0.9
52,Male,North,54759.95,85,63.52,7,0,0.112,30.6,Ads,0,41,1,1,0.91
62,Male,South,64063.01,44,45.85,12,0,0.313,81.4,Social Media,0,49,0,1,0.555
64,Female,West,48286.78,16,83.29,11,3,0.119,87.6,Social Media,0,149,1,1,0.985
21,Female,South,78098.95,60,70.19,10,2,0.593,50.2,SMS,0,42,1,1,0.97
47,Female,East,56175.06,10,56.27,8,4,0.203,59.2,SMS,1,64,1,1,0.935
70,Male,South,51420.16,15,42.0,9,2,0.13,83.1,Social Media,0,87,1,1,0.805
59,Male,East,19261.58,108,32.43,7,5,0.232,70.7,Email,0,58,1,0,0.33
18,Male,East,94937.01,49,68.65,10,0,0.312,84.9,Email,0,63,1,1,0.915
36,Female,South,68459.0,33,90.01,9,3,0.194,41.3,Social Media,0,59,1,1,0.995
74,Male,North,58689.89,35,105.47,12,0,0.194,51.3,Email,0,128,1,1,0.97
41,Female,West,70900.8,15,31.03,6,3,0.771,76.9,SMS,0,137,1,1,0.66
24,Female,South,72907.83,66,55.31,11,1,0.089,47.2,Email,1,146,1,1,0.99
67,Male,East,53540.59,109,86.43,8,1,0.116,66.1,Social Media,1,87,1,1,0.995
69,Female,North,69964.99,70,110.45,6,3,0.366,42.2,Social Media,0,82,1,1,0.98
46,Male,North,74935.15,102,115.13,3,0,0.175,46.5,SMS,0,60,1,1,0.965
42,Male,East,78249.5,88,98.77,11,2,0.13,27.1,SMS,1,146,1,1,1.0
23,Male,West,22476.12,34,89.7,10,1,0.161,70.0,Ads,0,108,1,1,0.995
56,Male,East,40530.12,68,112.13,7,0,0.332,54.5,Social Media,0,36,1,1,0.99
23,Female,South,33574.62,36,88.74,10,2,0.588,63.2,Ads,0,143,1,1,0.99
32,Male,West,51820.44,98,124.33,4,1,0.526,97.5,Ads,1,13,1,1,0.935
26,Female,West,93542.54,40,104.99,11,4,0.25,89.9,Ads,0,5,1,1,0.91
62,Female,North,37456.98,22,69.66,6,2,0.543,54.6,Email,1,114,1,1,0.995
53,Male,West,97263.85,54,47.62,7,2,0.256,55.9,Email,0,30,0,1,0.585
35,Female,North,46614.78,32,171.02,6,1,0.188,78.9,Email,0,32,1,1,0.995
63,Male,East,54655.12,53,77.57,11,0,0.192,100.0,Email,0,177,1,1,0.98
19,Male,North,23732.21,36,80.7,8,2,0.093,66.9,Social Media,0,167,1,1,0.995
38,Male,West,108695.93,33,66.57,7,1,0.32,56.8,Ads,0,158,1,1,0.995
54,Female,West,53896.51,19,93.53,11,0,0.379,59.1,SMS,0,132,1,1,0.995
55,Female,West,51248.22,93,99.49,10,2,0.397,100.0,Email,0,127,1,1,0.97
66,Female,North,47669.62,95,39.08,7,1,0.133,43.3,Ads,1,76,1,1,0.565
19,Female,South,64137.81,45,56.58,2,5,0.645,75.8,SMS,0,41,0,1,0.79
55,Female,South,88868.64,10,42.47,12,1,0.185,97.6,Email,0,32,0,0,0.32
40,Male,West,56480.47,31,71.43,10,1,0.233,70.4,SMS,0,157,1,1,0.995
25,Male,West,55615.31,110,42.13,13,0,0.468,69.6,Social Media,0,108,1,0,0.415
67,Male,East,82986.17,87,60.28,3,1,0.414,61.4,Email,0,63,1,1,0.855
36,Male,South,53235.45,113,67.32,6,1,0.298,54.8,Social Media,0,148,1,1,0.97
41,Male,South,39634.72,18,102.56,6,2,0.689,76.3,Ads,1,79,1,1,1.0
57,Other,West,53112.55,86,159.88,8,4,0.347,33.3,Ads,0,107,1,1,1.0
72,Female,South,65485.21,1,85.09,5,0,0.142,73.8,Ads,0,141,1,1,0.99
18,Male,East,78500.91,10,74.18,9,2,0.038,45.3,Ads,0,76,1,1,0.98
27,Male,South,59182.8,75,14.44,8,1,0.106,47.2,Social Media,1,105,0,0,0.195
54,Male,East,48248.97,20,83.83,8,0,0.473,75.4,Ads,0,72,1,1,0.995
73,Male,West,79709.86,106,85.75,7,1,0.363,92.7,SMS,1,140,1,1,0.975
25,Female,South,59334.79,2,45.96,10,2,0.438,78.0,SMS,1,60,1,1,0.755
20,Female,South,65015.4,56,49.67,10,2,0.607,21.3,Ads,1,174,1,1,0.94
61,Female,North,17581.22,48,135.73,14,3,0.357,54.0,Email,0,151,1,1,0.97
49,Female,West,48189.32,64,75.34,6,0,0.29,71.4,Ads,0,46,1,1,0.985
48,Female,West,96232.44,110,92.81,12,3,0.16,76.1,SMS,0,175,1,1,0.99
66,Male,West,61764.58,113,118.6,6,2,0.511,61.1,Ads,0,131,1,1,0.98
55,Male,South,63094.86,31,106.87,12,3,0.172,82.5,SMS,0,36,1,1,0.995
56,Female,East,62024.83,13,92.87,12,1,0.237,65.0,Ads,0,68,1,1,0.98
52,Female,North,94362.21,48,114.16,7,3,0.116,94.7,Email,0,163,1,1,0.995
53,Male,South,55575.35,33,110.4,8,1,0.247,24.2,Social Media,1,119,1,1,0.995
47,Male,East,45405.56,5,56.64,7,2,0.235,73.5,Social Media,0,178,1,1,1.0
62,Female,West,55107.06,76,71.49,7,2,0.122,61.2,Email,0,5,1,1,0.87
19,Other,West,74494.0,103,89.66,7,1,0.136,49.5,Email,0,4,1,1,0.895
25,Male,East,85957.79,2,51.33,5,1,0.085,13.4,Ads,0,139,1,1,0.975
48,Male,North,72280.33,40,123.14,8,1,0.202,41.8,Social Media,0,36,1,1,0.99
33,Male,West,27817.15,16,112.52,8,3,0.214,38.2,SMS,1,50,1,1,0.99
73,Male,North,91125.53,108,75.84,9,5,0.413,65.5,Email,0,105,1,1,0.955
65,Male,South,55071.51,10,77.57,9,3,0.104,80.9,Email,0,3,1,1,0.955
47,Female,South,64555.07,103,91.86,6,1,0.2,48.8,SMS,0,143,1,1,0.995
33,Female,West,50944.56,45,96.75,5,1,0.184,91.2,Ads,0,166,1,1,1.0
42,Male,South,77377.99,64,60.85,8,1,0.17,28.6,Ads,0,154,1,1,0.99
19,Other,North,73353.45,10,21.66,8,2,0.338,73.4,Social Media,0,59,0,0,0.275
48,Male,North,50328.39,51,94.59,7,0,0.243,85.5,SMS,0,74,1,1,0.965
59,Male,South,74974.62,46,66.55,4,0,0.119,0.0,Social Media,1,70,1,1,0.985
20,Female,North,29737.83,54,159.09,7,1,0.562,53.9,Social Media,1,83,1,1,0.97
24,Male,East,55473.52,34,108.04,6,2,0.641,61.8,SMS,1,30,1,1,0.97
22,Female,East,83175.59,13,93.99,9,0,0.197,48.9,Email,0,164,1,1,0.995
39,Female,East,53632.87,9,124.69,6,2,0.255,44.2,SMS,0,141,1,1,1.0
62,Female,East,57535.41,11,71.09,6,4,0.188,32.4,Email,0,153,1,1,0.995
20,Female,North,49240.21,3,77.64,7,1,0.445,77.6,Email,1,160,1,1,0.995
41,Female,North,71461.36,107,95.76,4,0,0.32,51.9,SMS,0,140,1,1,0.995
61,Female,East,16173.32,28,80.98,9,0,0.184,71.3,Social Media,0,154,1,1,0.995
48,Female,East,69999.14,99,109.39,11,0,0.468,32.9,Social Media,0,94,1,1,0.985
57,Other,East,62935.69,43,69.27,6,3,0.581,93.2,Email,0,85,1,1,0.97
32,Male,East,62337.43,119,111.0,8,1,0.078,58.6,SMS,1,80,1,1,0.975
19,Female,South,47335.92,44,142.36,10,1,0.126,65.1,Social Media,1,155,1,1,0.995
73,Female,North,103676.67,30,96.7,3,0,0.214,53.4,Email,0,65,1,1,0.97
44,Female,West,43664.89,114,85.39,10,0,0.178,52.9,Social Media,0,20,1,1,0.945
19,Male,West,57323.6,61,50.78,11,2,0.192,62.9,SMS,0,19,0,0,0.495
43,Female,North,20387.42,54,50.63,8,0,0.128,57.7,Email,1,71,1,1,0.92
44,Female,West,97062.03,15,73.45,5,2,0.163,57.7,Ads,0,11,1,1,0.96
62,Male,North,59348.87,81,86.25,4,1,0.232,80.4,Email,0,135,1,1,0.99
56,Female,West,52916.76,14,17.67,5,2,0.08,81.1,Ads,1,73,0,0,0.295
70,Male,North,74374.33,88,144.74,6,0,0.339,64.2,SMS,0,21,1,1,0.975
31,Male,North,70407.95,30,147.05,5,4,0.258,72.8,Social Media,0,178,1,1,0.985
55,Female,West,63119.11,7,28.34,9,1,0.725,51.5,Ads,0,140,0,1,0.64
57,Female,South,65777.96,39,94.22,7,0,0.174,46.1,SMS,1,76,1,1,1.0
61,Male,East,74743.42,14,62.52,7,2,0.164,39.8,Social Media,1,111,1,1,0.985
19,Female,East,41856.74,36,54.29,6,1,0.515,60.8,SMS,0,162,1,1,0.97
20,Female,West,75642.38,54,57.16,7,3,0.18,100.0,Email,1,7,0,1,0.63
73,Male,North,57420.78,70,112.16,5,0,0.53,54.3,Social Media,0,7,1,1,0.93
57,Female,West,77601.43,33,5.0,9,3,0.582,47.5,Ads,1,81,0,0,0.2
22,Female,East,47367.44,57,33.75,4,4,0.131,42.3,SMS,0,169,1,1,0.885
45,Male,West,29281.3,76,91.88,9,1,0.489,27.4,Ads,0,135,1,1,0.985
25,Male,East,62248.1,85,110.79,7,1,0.192,71.0,Email,1,143,1,1,0.99
20,Female,West,75493.47,99,102.82,8,2,0.184,72.4,Social Media,1,44,1,1,0.97
66,Male,North,79066.74,118,59.78,7,0,0.136,56.9,Social Media,0,150,1,1,0.98
19,Female,North,52823.63,1,155.13,4,5,0.445,100.0,SMS,0,62,1,1,0.935
43,Female,South,48263.2,42,83.58,6,1,0.47,64.5,SMS,1,38,1,1,0.99
32,Male,South,65727.57,49,41.65,3,0,0.229,89.7,Ads,0,90,1,1,0.785
67,Other,West,51142.61,42,56.35,13,3,0.499,78.6,SMS,1,142,1,1,0.965
56,Female,East,98140.81,92,70.29,5,1,0.498,20.5,Ads,1,18,1,1,0.9
63,Male,South,57469.47,4,116.31,6,2,0.047,57.4,Ads,1,93,1,1,0.985
63,Male,West,39566.42,109,72.12,5,4,0.173,32.2,Social Media,0,92,1,1,0.985
52,Female,North,31261.46,87,76.14,6,3,0.209,47.7,Ads,0,155,1,1,1.0
58,Female,West,40083.05,17,15.79,4,0,0.273,69.1,Social Media,0,66,0,0,0.285
29,Female,East,82741.59,55,99.57,6,2,0.385,56.0,Social Media,0,48,1,1,0.99
67,Female,North,54905.22,35,86.49,10,1,0.225,63.5,Ads,1,10,1,1,0.985
67,Male,West,67344.01,32,80.95,4,3,0.397,23.9,SMS,0,167,1,1,0.985
23,Female,North,40071.06,45,120.14,13,3,0.182,36.7,Email,0,111,1,1,0.985
24,Male,East,27309.95,77,42.17,5,1,0.159,80.7,SMS,0,105,1,1,0.74
32,Male,North,66822.67,102,115.96,10,2,0.052,48.9,SMS,0,16,1,1,0.99
26,Female,South,57733.28,55,111.53,5,1,0.381,37.7,Email,0,40,1,1,0.995
40,Female,East,74138.42,64,26.12,9,0,0.359,26.0,Email,0,58,0,0,0.175
27,Female,East,74680.43,76,105.01,9,2,0.553,37.9,Ads,0,157,1,1,0.985
35,Male,North,45802.12,46,138.15,4,2,0.489,51.8,Ads,0,63,1,1,0.99
48,Male,East,70108.18,14,32.32,6,2,0.446,29.0,Email,0,13,0,0,0.25
71,Female,North,62309.23,48,71.31,4,0,0.505,21.1,Social Media,1,115,1,1,0.985
55,Female,South,64201.71,116,68.45,9,0,0.387,51.7,SMS,1,126,1,1,0.97
51,Female,West,67023.97,112,94.3,8,1,0.082,60.5,Email,1,49,0,1,0.965
48,Female,West,71811.14,63,73.97,8,3,0.079,88.2,Ads,0,23,1,1,0.955
59,Female,East,37977.53,12,54.28,5,0,0.398,31.7,Social Media,0,68,1,1,0.965
37,Female,East,58075.5,81,6.25,10,0,0.23,74.1,SMS,0,164,0,0,0.31
48,Male,East,68763.87,11,92.42,9,0,0.114,55.8,SMS,0,159,1,1,1.0
46,Male,East,58783.06,68,102.25,3,1,0.205,37.2,Social Media,0,125,1,1,1.0
63,Male,West,70582.35,41,88.69,14,0,0.172,69.5,SMS,0,134,1,1,1.0
60,Female,South,57370.79,28,96.92,6,1,0.113,34.5,Ads,1,113,1,1,0.995
54,Female,South,40924.8,18,86.56,7,2,0.305,86.1,Email,0,27,1,1,0.965
45,Male,East,60847.39,98,105.73,12,1,0.247,66.8,Email,1,176,1,1,1.0
46,Female,West,26945.77,47,56.38,10,2,0.425,76.7,Ads,0,43,0,1,0.745
67,Male,North,72034.82,22,160.23,13,3,0.652,41.6,Ads,0,53,1,1,0.92
47,Female,East,50512.17,89,98.82,10,1,0.311,92.7,Social Media,0,153,1,1,0.99
34,Male,East,28008.2,40,58.43,10,2,0.326,88.1,SMS,0,58,0,1,0.79
55,Male,North,90740.13,48,109.11,7,1,0.114,66.1,Social Media,0,56,1,1,0.985
23,Other,East,40540.09,100,85.13,8,1,0.072,100.0,Social Media,1,17,1,1,0.905
30,Female,South,35255.97,42,69.8,7,0,0.319,76.0,Email,0,57,1,1,0.96
50,Male,East,42793.25,4,81.67,5,2,0.129,54.3,Social Media,1,174,1,1,1.0
26,Other,West,60853.87,103,70.98,11,0,0.122,74.3,Social Media,0,152,1,1,0.995
47,Male,North,36594.83,54,118.54,8,4,0.482,86.7,SMS,0,154,1,1,0.99
36,Male,South,73986.7,64,70.58,6,4,0.324,55.5,Ads,0,89,1,1,0.975
74,Female,South,47275.08,88,57.99,10,2,0.416,73.8,Social Media,0,86,1,1,0.865
47,Male,East,35182.4,21,104.31,7,1,0.525,33.7,SMS,0,37,1,1,0.97
56,Male,West,53689.25,51,74.15,5,2,0.129,54.3,Social Media,1,63,1,1,0.98
27,Female,North,43378.18,119,72.11,7,3,0.384,75.8,Ads,0,106,1,1,0.955
64,Male,South,77364.1,43,94.22,6,2,0.099,26.7,Social Media,0,132,1,1,0.995
54,Female,West,80403.48,6,92.37,8,1,0.073,62.0,Ads,0,162,1,1,0.995
25,Male,East,28703.51,50,94.05,10,0,0.363,25.4,Email,0,122,1,1,0.99
45,Female,South,58166.29,39,98.04,4,3,0.463,77.4,SMS,0,24,1,1,0.985
47,Male,South,65187.73,55,98.13,6,0,0.124,38.4,Social Media,1,8,1,1,0.975
44,Male,North,79288.27,44,129.55,8,1,0.242,54.6,Social Media,1,133,1,1,0.995
26,Female,North,53048.16,5,43.83,11,1,0.245,61.7,Social Media,1,27,0,1,0.56
60,Male,East,88644.42,8,72.23,12,4,0.317,68.3,Ads,0,174,1,1,0.98
54,Male,North,59199.19,20,92.86,12,2,0.24,54.0,Social Media,0,163,1,1,0.995
64,Female,West,65302.84,113,63.78,12,0,0.159,69.3,Email,1,112,1,1,0.97
24,Female,South,46509.56,24,104.62,5,4,0.048,38.7,Ads,1,105,1,1,0.99
72,Female,West,69291.35,94,72.37,10,3,0.428,51.5,SMS,1,75,1,1,0.97
56,Female,North,30513.76,61,54.6,2,0,0.353,57.8,Social Media,0,31,1,1,0.755
61,Male,West,72375.47,19,26.38,15,0,0.258,89.7,Social Media,0,125,0,1,0.595
46,Male,West,62678.02,37,101.49,9,1,0.218,35.4,SMS,1,164,1,1,1.0
26,Male,South,62861.9,45,107.61,8,0,0.173,76.5,Social Media,0,89,1,1,1.0
62,Male,West,61482.96,65,43.93,11,1,0.143,46.5,SMS,0,83,1,1,0.73
68,Female,East,74783.21,1,89.83,11,2,0.443,66.5,SMS,0,88,1,1,0.98
64,Female,South,48646.15,106,114.65,6,0,0.149,95.5,Ads,0,14,1,1,0.955
53,Other,West,78636.18,118,90.68,13,1,0.087,80.7,Ads,1,178,1,1,0.98
61,Male,East,89664.9,38,70.65,8,0,0.18,87.5,Email,0,69,1,1,0.955
62,Female,South,49878.49,68,161.92,14,2,0.313,100.0,Email,0,175,1,1,0.99
72,Female,South,67503.99,60,26.75,5,1,0.056,72.9,Email,0,137,1,1,0.73
63,Male,East,66184.45,14,102.47,3,2,0.129,4.9,Social Media,1,97,1,1,1.0
36,Male,West,57002.97,40,107.5,6,1,0.365,45.9,Social Media,0,93,1,1,1.0
33,Male,West,43737.39,28,9.89,11,1,0.151,34.0,SMS,1,71,1,0,0.22
29,Male,East,39467.74,34,90.29,10,2,0.013,98.7,Email,0,90,1,1,0.975
46,Female,South,85192.96,5,57.01,2,3,0.283,32.0,SMS,0,50,1,1,0.915
46,Male,West,57031.37,97,88.24,11,0,0.409,82.8,Ads,1,165,1,1,0.985
65,Male,West,68454.66,91,69.77,9,0,0.046,14.0,Ads,0,57,1,1,0.96
26,Male,North,30532.6,97,46.06,8,1,0.216,47.0,Email,1,121,1,1,0.85
59,Female,South,69773.46,41,109.75,10,1,0.294,43.1,Social Media,0,19,1,1,1.0
59,Male,North,47292.03,48,82.58,11,0,0.579,75.7,Email,1,124,1,1,0.995
64,Female,North,70203.26,4,99.11,11,0,0.051,73.6,Social Media,0,2,1,1,0.98
49,Male,South,69686.33,68,72.05,9,1,0.453,77.0,Social Media,0,147,1,1,0.995
29,Male,West,76623.85,110,22.58,8,0,0.216,56.4,SMS,0,117,0,0,0.24
68,Female,West,71542.99,29,153.07,7,3,0.589,89.1,Email,1,110,1,1,0.99
49,Male,West,91983.32,61,119.62,11,2,0.134,33.0,Social Media,0,43,1,1,0.975
24,Female,South,51092.91,83,86.19,7,1,0.337,61.8,Email,0,29,1,1,0.965
53,Male,South,61430.38,33,60.31,16,1,0.22,72.1,Email,0,85,1,1,0.965
44,Female,North,48565.02,47,89.46,8,3,0.214,46.5,Email,0,46,1,1,0.985
52,Male,West,69023.53,89,116.79,7,4,0.455,90.2,Email,0,27,1,1,0.885
36,Female,North,81562.78,84,69.2,9,0,0.31,44.4,Ads,0,74,1,1,0.945
71,Male,West,43974.44,108,110.52,6,1,0.365,50.5,Social Media,1,15,1,1,0.955
29,Female,North,28460.7,59,170.05,12,1,0.383,50.6,Social Media,0,178,1,1,0.995
18,Male,East,66233.26,11,116.79,4,2,0.236,48.8,SMS,0,23,1,1,0.98
72,Female,South,66650.57,45,95.11,8,1,0.288,65.0,Social Media,1,83,1,1,0.985
59,Male,West,58437.5,1,98.41,11,1,0.254,29.5,SMS,0,156,1,1,1.0
60,Female,West,72252.47,94,113.11,3,2,0.097,74.5,SMS,0,120,1,1,0.995
33,Male,North,50787.92,17,128.16,9,2,0.31,47.6,SMS,0,170,1,1,1.0
49,Male,North,55526.25,98,112.38,9,3,0.396,76.6,Social Media,0,152,1,1,1.0
38,Female,North,67675.93,63,99.69,9,0,0.369,39.8,Social Media,1,26,1,1,0.99
29,Female,South,39938.6,73,65.85,12,4,0.192,79.6,Ads,0,115,1,1,0.98
39,Female,West,70825.79,8,92.27,11,3,0.517,62.1,Social Media,0,113,1,1,1.0
70,Male,East,33952.97,118,87.64,9,2,0.177,52.5,Social Media,0,71,1,1,0.99
39,Female,East,98636.86,108,55.7,3,2,0.122,37.5,SMS,0,47,0,1,0.71
70,Female,West,65855.63,89,193.27,5,2,0.16,24.2,Social Media,0,38,1,1,0.99
58,Male,East,59026.97,39,101.11,13,3,0.281,74.3,SMS,0,42,1,1,0.96
70,Female,East,63898.0,20,82.2,7,0,0.295,55.4,Social Media,1,76,1,1,0.985
28,Male,South,73973.08,19,60.4,7,1,0.174,65.6,SMS,0,163,1,1,0.995
21,Female,South,77586.11,19,17.07,9,1,0.323,59.1,Social Media,0,114,0,0,0.37
24,Female,West,87964.69,76,78.93,11,2,0.296,32.5,SMS,0,36,1,1,0.99
59,Female,North,81873.07,39,26.62,10,2,0.035,69.8,Email,1,178,1,1,0.82
24,Female,West,34659.2,109,150.98,9,5,0.279,4.9,Ads,0,67,1,1,0.945
29,Male,East,45499.23,111,22.91,10,3,0.232,62.3,SMS,0,2,0,0,0.065
21,Female,East,45786.16,80,107.89,9,2,0.33,51.5,SMS,1,137,1,1,0.995
59,Female,South,69368.25,61,94.19,6,1,0.006,65.1,Social Media,0,177,1,1,0.97
25,Male,East,61062.18,73,80.35,6,3,0.21,45.4,Social Media,1,2,1,1,0.935
60,Female,East,47804.63,116,85.99,6,1,0.049,89.3,Email,1,171,1,1,1.0
65,Male,West,51783.73,37,91.44,9,1,0.423,87.5,Ads,0,163,1,1,1.0
44,Female,North,79566.27,69,77.84,11,2,0.185,24.7,Email,0,26,1,1,0.965
31,Male,West,78191.87,110,82.76,10,1,0.401,97.8,Ads,1,51,1,1,0.95
47,Female,North,79542.87,116,92.49,6,1,0.153,77.9,SMS,0,72,1,1,0.985
33,Female,East,50170.3,27,95.34,7,0,0.292,29.9,Ads,1,3,1,1,0.97
31,Male,East,68872.66,1,72.09,8,0,0.489,94.1,Email,0,159,1,1,0.98
59,Female,South,106483.37,114,33.56,10,2,0.36,5.4,Ads,1,132,1,1,0.58
57,Female,South,68237.2,70,70.02,11,2,0.115,49.3,Email,0,33,1,1,0.875
52,Female,North,50385.97,25,82.75,10,0,0.166,86.8,Ads,0,15,1,1,0.98
69,Female,West,65114.86,15,98.14,10,0,0.101,42.4,SMS,0,90,1,1,1.0
47,Male,South,19915.0,104,72.3,11,0,0.419,98.0,SMS,1,58,1,1,0.835
45,Male,North,65561.55,104,80.98,7,2,0.524,82.8,SMS,0,28,0,1,0.895
49,Female,West,40739.39,38,80.37,8,3,0.038,59.2,Ads,1,28,1,1,0.995
34,Male,North,56764.18,71,135.41,11,2,0.339,72.5,Social Media,0,109,1,1,1.0
29,Female,East,68111.79,53,47.18,12,1,0.133,56.5,Email,0,52,1,1,0.64
70,Female,North,70760.21,53,136.62,4,2,0.418,44.7,Ads,0,17,1,1,0.97
41,Female,North,110924.71,92,95.79,8,4,0.09,46.3,Email,0,78,1,1,0.94
23,Male,North,35846.68,14,117.05,2,1,0.191,46.1,Ads,1,15,1,1,0.985
73,Female,West,81433.95,46,44.21,8,1,0.413,69.4,SMS,0,29,0,0,0.43
30,Male,North,49831.26,78,50.16,2,1,0.335,60.2,Email,0,69,1,1,0.825
62,Male,South,59268.87,114,90.14,6,3,0.367,91.7,SMS,1,6,1,1,0.905
47,Female,West,61781.93,32,46.74,8,0,0.43,73.6,Ads,0,104,1,1,0.94
46,Female,North,62834.75,93,104.58,5,3,0.085,18.8,Social Media,0,75,1,1,1.0
53,Female,North,30668.38,8,106.05,9,2,0.404,75.5,Ads,1,94,1,1,0.98
46,Male,South,57615.87,58,78.65,7,2,0.623,68.2,Email,1,107,1,1,0.99
30,Female,South,62588.62,6,42.03,2,0,0.441,100.0,Email,1,171,1,1,0.83
47,Male,North,61334.87,14,81.0,5,2,0.167,35.2,Social Media,1,95,1,1,1.0
36,Male,East,15000.0,88,18.53,8,2,0.289,41.3,SMS,1,78,0,0,0.225
46,Female,North,49992.68,4,62.66,5,0,0.198,70.8,SMS,0,123,1,1,0.99
69,Male,South,43963.52,65,51.73,10,0,0.523,77.4,SMS,1,60,0,1,0.665
24,Female,West,51145.87,81,129.21,9,0,0.798,59.5,SMS,0,153,1,1,0.98
55,Female,South,99083.03,25,86.97,10,2,0.298,47.4,Social Media,0,112,1,1,0.99
43,Female,East,59019.39,82,101.97,11,2,0.558,71.2,Social Media,0,93,1,1,0.99
31,Male,East,68199.09,12,89.62,13,0,0.379,89.0,Ads,1,63,1,1,0.955
38,Female,North,78735.7,66,87.75,7,3,0.108,45.1,Email,1,101,1,1,0.99
61,Female,South,54760.57,109,14.59,6,1,0.287,95.3,Social Media,1,4,0,0,0.09
50,Male,West,88132.23,13,75.96,9,2,0.447,71.9,Ads,1,60,1,1,0.98
55,Female,West,74741.44,34,52.61,7,1,0.172,84.6,Email,0,61,1,1,0.92
31,Female,East,59337.28,48,117.48,2,2,0.328,100.0,Ads,0,30,1,1,0.945
70,Female,East,45291.52,46,74.94,8,3,0.175,69.9,Email,0,169,1,1,0.995
32,Male,South,48281.33,43,24.44,8,0,0.497,77.8,SMS,1,111,0,0,0.42
42,Female,North,68841.96,75,40.51,6,4,0.236,28.4,Social Media,0,3,0,0,0.315
60,Female,East,86057.79,27,67.25,10,2,0.068,99.1,Ads,0,14,1,1,0.865
37,Male,West,37718.11,73,78.69,7,2,0.542,79.5,Email,0,4,1,1,0.93
27,Male,South,96795.39,91,86.37,12,2,0.364,62.3,Email,0,174,1,1,0.995
42,Male,East,65959.15,115,77.17,11,4,0.389,66.9,Social Media,0,53,1,1,0.95
35,Male,West,84863.8,50,106.61,8,1,0.198,95.0,Email,1,46,1,1,0.98
24,Female,South,72187.02,105,26.76,12,2,0.29,60.9,Email,0,152,0,1,0.56
25,Male,South,74235.99,20,102.55,14,3,0.094,100.0,Email,0,40,1,1,0.94
38,Male,East,73736.55,111,89.0,9,0,0.162,15.1,Social Media,0,88,1,1,0.98
49,Female,East,31669.58,96,98.05,7,1,0.213,85.7,Email,0,150,1,1,0.98
19,Female,West,68815.25,59,82.85,6,0,0.038,19.6,Social Media,0,78,1,1,0.985
57,Male,North,70584.39,79,43.75,5,3,0.549,50.8,Email,0,167,1,1,0.9
19,Male,North,74674.76,119,31.78,8,0,0.126,54.9,Email,1,178,1,1,0.68
65,Male,West,90447.67,86,83.79,12,3,0.362,56.2,Social Media,0,150,1,1,1.0
59,Female,South,55264.95,72,31.38,13,0,0.118,53.6,Ads,1,147,1,1,0.705
31,Male,South,71748.3,115,18.29,8,2,0.247,84.7,Email,1,140,0,0,0.325
34,Other,West,43381.67,117,148.75,8,0,0.231,78.8,Social Media,1,95,1,1,0.985
35,Male,East,37136.54,108,104.01,5,1,0.085,37.6,Ads,1,155,1,1,0.99
39,Male,North,63390.21,48,17.02,8,1,0.45,45.9,Social Media,1,78,0,0,0.275
20,Other,West,17493.21,106,81.58,8,1,0.068,96.7,Ads,0,86,1,1,0.945
18,Female,South,39785.69,24,122.78,7,3,0.255,44.7,Social Media,1,21,1,1,0.98
26,Male,West,56728.79,13,80.52,2,2,0.325,71.6,Social Media,0,158,1,1,0.99
32,Male,South,56574.38,14,56.77,7,2,0.512,97.6,Ads,0,133,1,1,0.96
24,Male,South,80793.05,108,77.92,4,2,0.377,63.6,Ads,1,158,1,1,1.0
49,Male,West,98982.2,35,146.29,9,1,0.473,75.5,Email,0,167,1,1,1.0
51,Female,East,53586.57,60,68.18,5,3,0.239,34.4,Ads,0,1,1,1,0.895
71,Female,East,63749.84,57,5.0,11,0,0.376,56.9,Social Media,0,32,0,0,0.105
47,Other,South,40324.47,87,44.04,6,3,0.143,69.6,SMS,1,167,1,1,0.85
58,Female,West,60907.87,15,86.35,6,3,0.192,41.6,Email,0,88,1,1,1.0
63,Male,East,94957.45,14,13.71,4,0,0.38,77.1,Ads,0,143,0,0,0.445
40,Female,East,58687.01,68,146.62,8,2,0.078,31.9,Ads,0,90,1,1,0.995
24,Female,South,39440.1,80,90.78,10,3,0.06,81.7,SMS,0,15,1,1,0.955
24,Female,West,47307.52,35,34.27,2,1,0.467,34.4,SMS,0,62,0,1,0.555
25,Male,South,61264.76,115,67.39,9,3,0.225,69.4,Email,0,46,1,1,0.89
56,Male,West,73324.28,24,12.56,8,1,0.449,46.7,SMS,1,11,0,0,0.105
35,Female,South,48434.15,92,107.33,3,0,0.353,33.8,SMS,1,46,1,1,0.98
67,Male,East,65223.68,69,44.52,10,3,0.485,55.5,SMS,1,120,1,1,0.805
69,Other,West,42886.5,61,83.89,9,0,0.526,56.7,SMS,0,94,1,1,0.945
60,Male,South,55474.85,19,7.51,12,2,0.077,68.4,Social Media,1,69,0,0,0.19
63,Male,East,46229.18,41,122.85,11,2,0.316,49.3,Email,0,41,1,1,0.97
36,Male,West,15000.0,77,113.6,9,4,0.169,78.8,Ads,1,95,1,1,0.975
59,Male,East,37090.37,7,59.9,8,2,0.173,52.1,SMS,0,123,1,1,0.99
26,Female,East,37943.53,104,60.46,10,2,0.115,61.4,Email,0,10,0,1,0.62
27,Female,North,60202.94,81,69.54,10,1,0.021,83.9,Email,0,69,1,1,0.965
29,Male,East,61106.43,86,47.24,8,2,0.417,25.9,Social Media,1,49,1,1,0.55
43,Male,East,24697.34,105,35.42,6,1,0.25,57.3,Social Media,0,146,1,1,0.78
39,Male,South,80495.76,47,57.44,12,5,0.109,35.5,SMS,1,57,1,1,0.915
59,Female,North,56048.76,30,119.14,6,1,0.371,74.2,Ads,1,50,1,1,0.965
24,Female,North,60754.97,104,76.64,9,2,0.328,71.8,Email,0,178,1,1,0.99
37,Male,South,44565.71,98,89.43,8,1,0.19,94.5,Social Media,1,144,1,1,0.99
42,Female,East,74309.08,34,77.42,7,1,0.28,89.7,Social Media,0,38,1,1,0.97
52,Male,South,49041.43,13,77.11,4,0,0.51,87.2,Email,0,131,1,1,0.975
27,Male,West,55600.9,5,36.94,5,1,0.117,58.4,Social Media,1,67,1,1,0.655
49,Male,South,60064.63,40,87.87,9,1,0.266,100.0,Social Media,1,77,1,1,0.99
28,Male,East,45479.65,16,25.15,8,1,0.079,65.5,Email,1,74,1,0,0.395
28,Female,West,72560.01,63,52.48,7,0,0.29,73.1,Social Media,0,93,1,1,0.93
45,Other,South,43420.36,79,93.53,12,3,0.313,59.8,Email,0,103,1,1,0.995
33,Male,East,45788.58,67,54.94,5,2,0.22,48.0,SMS,1,45,1,1,0.875
48,Male,East,66755.04,118,132.74,5,2,0.394,90.0,SMS,0,163,1,1,0.99
44,Male,South,63241.47,88,70.5,8,1,0.466,51.0,Social Media,0,17,0,1,0.83
36,Female,North,69125.63,102,55.13,6,3,0.057,14.7,Ads,0,110,0,1,0.97
64,Female,North,66714.22,65,70.89,11,2,0.498,52.4,Social Media,1,99,1,1,0.995
18,Female,East,83799.58,99,45.11,10,0,0.496,54.8,Social Media,0,171,1,1,0.785
22,Female,South,47335.7,57,12.69,10,1,0.134,58.5,Email,0,145,1,0,0.305
70,Female,South,58101.97,91,57.64,6,1,0.334,65.2,Social Media,1,52,1,1,0.82
45,Male,South,69951.43,115,63.68,6,2,0.26,53.9,Social Media,0,28,1,1,0.79
65,Female,East,41523.15,67,5.0,9,2,0.127,43.6,SMS,1,137,0,0,0.38
72,Male,North,32933.79,18,50.63,7,1,0.474,30.5,Social Media,1,155,1,1,0.955
67,Male,North,37574.79,98,136.62,8,2,0.71,67.9,Social Media,0,97,1,1,0.99
38,Male,West,68186.91,87,98.67,7,1,0.331,76.1,Social Media,0,44,1,1,0.965
49,Male,South,78501.46,100,118.74,6,4,0.378,50.0,Email,0,144,1,1,1.0
27,Female,East,68027.0,106,73.15,3,2,0.087,50.6,Social Media,1,156,1,1,0.995
47,Other,South,40534.9,97,85.94,4,2,0.422,61.8,Social Media,0,84,1,1,0.995
31,Male,North,44182.69,83,58.78,7,2,0.433,37.9,SMS,0,176,1,1,0.93
32,Female,South,54363.08,96,85.62,6,5,0.141,71.9,SMS,1,11,1,1,0.97
50,Male,West,62622.67,95,115.98,3,3,0.226,44.0,Email,1,68,1,1,0.995
63,Other,East,78671.44,15,132.0,10,2,0.3,86.5,Ads,0,158,1,1,0.985
62,Male,North,89799.09,69,13.46,8,1,0.189,58.4,Social Media,1,69,0,0,0.115
73,Female,West,74065.51,108,71.09,6,1,0.193,69.5,Ads,0,154,1,1,1.0
66,Female,East,66022.14,67,63.59,8,0,0.191,57.5,Ads,1,27,1,1,0.91
30,Male,South,48023.95,96,58.87,6,0,0.365,44.6,Social Media,1,113,1,1,0.93
19,Male,East,71074.16,1,73.63,8,0,0.138,44.3,Social Media,0,140,1,1,0.995
56,Female,East,39334.45,49,57.28,3,1,0.108,60.8,SMS,1,168,1,1,1.0
59,Female,South,49013.07,111,50.59,8,1,0.065,100.0,Ads,1,150,1,1,0.865
73,Female,North,69895.95,14,61.93,4,0,0.169,72.1,Ads,1,4,1,1,0.87
37,Female,West,36127.18,80,5.0,11,1,0.308,78.0,SMS,0,114,0,0,0.145
31,Female,East,38891.76,105,100.76,3,2,0.291,66.7,Email,0,138,1,1,0.99
51,Male,West,78483.47,107,122.64,6,1,0.308,77.1,Social Media,0,88,1,1,1.0
72,Male,North,33982.41,107,31.98,11,0,0.388,79.5,SMS,1,39,0,0,0.16
48,Male,East,32031.55,41,120.76,8,0,0.569,46.4,Social Media,0,118,1,1,0.995
49,Other,East,87883.06,27,128.6,8,4,0.245,36.9,Social Media,0,105,1,1,1.0
52,Male,West,69778.14,8,45.09,5,1,0.174,39.8,Social Media,1,88,1,1,0.985
35,Male,South,65946.23,1,109.2,7,2,0.086,31.6,Social Media,1,134,1,1,0.995
28,Male,South,68647.57,85,18.14,10,1,0.107,69.9,SMS,0,3,0,0,0.07
42,Male,East,91629.41,111,19.7,4,0,0.212,99.6,Email,0,3,0,0,0.16
32,Male,East,82849.26,81,72.19,10,1,0.193,33.5,SMS,0,120,1,1,0.99
33,Male,East,58249.35,48,118.05,15,2,0.365,34.0,Ads,0,55,1,1,0.97
74,Male,East,38955.26,34,15.57,7,0,0.371,42.6,Email,0,85,0,0,0.26
24,Female,East,39055.04,35,11.7,7,1,0.257,46.6,Ads,1,132,0,0,0.4
22,Female,South,60867.29,119,113.49,6,2,0.208,53.0,Social Media,0,170,1,1,0.98
53,Female,West,53705.61,24,119.82,9,1,0.144,63.9,Social Media,0,106,1,1,0.995
66,Female,North,47419.38,81,94.84,7,0,0.167,75.8,SMS,0,3,1,1,0.955
18,Female,West,57496.02,10,92.57,6,3,0.654,78.7,Email,1,86,1,1,0.975
36,Male,East,33487.66,10,56.57,11,2,0.208,51.9,Ads,1,105,1,1,0.985
22,Male,West,65144.7,34,63.74,7,2,0.037,35.3,Ads,0,59,1,1,0.975
29,Female,East,76220.21,103,67.06,6,1,0.017,49.1,SMS,0,23,1,1,0.905
72,Male,North,64860.29,4,96.44,4,3,0.321,63.0,Social Media,0,136,1,1,0.995
46,Male,West,45906.1,76,5.0,8,2,0.269,57.7,Email,1,164,1,0,0.37
70,Male,South,32977.68,49,92.54,11,1,0.149,49.1,Ads,0,159,1,1,0.985
61,Female,East,36229.86,27,58.71,9,1,0.302,4.4,Social Media,1,143,1,1,0.98
29,Female,East,62513.22,27,111.6,8,1,0.224,42.4,SMS,1,38,1,1,0.995
60,Female,West,80964.72,1,58.48,13,2,0.189,55.5,Social Media,1,137,1,1,0.96
69,Male,West,50081.62,63,82.13,11,0,0.025,53.9,Ads,1,174,1,1,0.985
58,Female,West,86688.57,81,82.34,7,4,0.368,64.2,Social Media,0,163,1,1,0.995
30,Male,North,65259.43,12,58.7,8,3,0.463,13.6,SMS,0,139,1,1,0.98
24,Male,North,84924.04,56,112.96,3,1,0.254,87.2,Email,0,51,1,1,0.99
38,Male,South,47804.22,6,51.83,10,1,0.667,71.3,Email,0,65,1,1,0.875
55,Male,East,39469.78,112,65.32,9,0,0.278,49.4,SMS,1,147,1,1,0.97
59,Female,North,68474.31,21,88.26,4,0,0.495,61.3,Ads,1,162,1,1,0.995
44,Male,North,37517.71,98,61.67,9,1,0.186,41.6,Social Media,0,74,1,1,0.955
34,Male,West,79198.35,77,132.4,4,1,0.224,84.3,Social Media,1,178,1,1,0.99
21,Male,North,61098.49,118,92.04,8,0,0.608,45.2,SMS,0,156,1,1,0.95
66,Male,North,95707.22,76,149.76,7,3,0.099,65.3,SMS,1,57,1,1,0.98
72,Female,South,64637.56,16,65.61,9,1,0.395,55.6,Ads,1,96,1,1,0.995
70,Other,East,55170.13,9,61.21,8,1,0.147,53.1,Social Media,0,113,1,1,0.99
37,Male,North,57976.21,45,57.25,3,1,0.228,43.8,Social Media,0,31,1,1,0.895
62,Male,South,67958.14,26,53.23,12,2,0.499,66.9,Email,1,10,1,1,0.68
56,Male,North,40972.3,20,118.77,7,2,0.297,56.6,Email,0,131,1,1,1.0
25,Female,West,83585.52,110,51.85,7,3,0.33,48.6,Ads,1,12,0,0,0.475
35,Male,East,59999.37,5,115.17,9,0,0.403,25.8,SMS,0,115,1,1,1.0
26,Female,West,39776.91,26,57.0,6,5,0.151,55.2,SMS,0,16,1,1,0.87
29,Female,East,68434.91,43,71.16,10,1,0.227,47.5,Social Media,0,125,1,1,0.995
63,Male,West,39703.64,58,47.05,5,1,0.208,57.5,Email,0,7,1,1,0.545
50,Male,South,49497.53,36,29.86,10,3,0.2,51.0,Social Media,0,76,1,0,0.485
24,Female,East,56805.29,57,29.94,8,2,0.222,31.8,Ads,0,114,1,1,0.55
58,Male,East,46064.91,33,45.01,8,4,0.117,87.4,Social Media,0,34,0,1,0.525
27,Female,West,51445.53,7,116.96,3,0,0.184,81.4,Ads,0,72,1,1,0.995
20,Female,East,54905.95,69,123.64,10,1,0.381,38.8,Social Media,0,58,1,1,0.98
51,Female,South,74629.41,2,65.14,9,0,0.259,44.6,Email,1,27,1,1,0.945
19,Female,North,72494.08,35,93.27,7,2,0.152,87.2,Ads,0,94,1,1,1.0
63,Female,South,94061.32,105,90.62,10,2,0.096,73.1,Ads,0,55,1,1,0.99
67,Male,South,75987.8,5,114.27,6,2,0.099,43.9,Social Media,0,95,1,1,0.98
31,Female,East,42101.17,45,96.47,12,2,0.267,0.0,Ads,1,13,1,1,0.93
68,Female,North,34325.86,85,40.14,4,3,0.364,74.3,SMS,0,8,0,0,0.24
38,Female,North,43443.91,7,141.75,6,2,0.464,43.2,Email,1,25,1,1,0.98
63,Female,West,54761.13,75,81.15,5,1,0.253,35.5,Email,0,118,1,1,0.99
46,Female,South,31332.36,69,90.18,7,3,0.257,71.0,Email,0,54,1,1,0.985
63,Female,North,27756.25,59,58.41,7,4,0.353,57.3,SMS,0,68,1,1,0.935
37,Female,West,71016.43,93,23.06,6,1,0.284,38.0,Email,1,141,1,1,0.53
30,Female,East,34284.54,45,84.29,11,4,0.43,54.0,SMS,0,151,1,1,0.985
52,Female,North,75958.21,22,65.26,7,1,0.142,56.3,Social Media,0,144,1,1,1.0
29,Male,West,64037.6,10,5.0,9,0,0.487,45.6,SMS,1,111,0,0,0.28
49,Female,East,50845.71,35,119.03,5,0,0.241,50.5,Ads,0,141,1,1,1.0
62,Male,East,83549.56,52,91.96,14,2,0.378,34.2,SMS,0,78,1,1,0.995
61,Male,East,48625.56,78,76.1,6,2,0.318,28.1,SMS,0,145,1,1,0.995
37,Female,West,57652.63,41,102.33,10,1,0.337,61.6,Email,0,151,1,1,1.0
38,Male,East,73857.04,11,92.57,12,2,0.342,99.7,Social Media,0,25,1,1,0.975
68,Male,North,58523.15,36,114.99,10,1,0.325,21.6,Social Media,0,7,1,1,0.965
40,Female,South,37215.11,56,70.22,7,0,0.18,69.2,Email,1,164,1,1,0.995
20,Male,North,63817.4,46,91.65,10,0,0.337,67.6,Email,0,31,1,1,1.0
69,Male,North,62444.33,10,131.09,10,0,0.133,55.1,Ads,0,32,1,1,0.975
52,Female,West,29175.8,110,125.84,7,1,0.097,46.0,Email,1,46,1,1,0.975
57,Male,North,73509.15,96,64.76,6,2,0.083,75.8,Email,0,44,1,1,0.9
55,Female,West,48304.72,94,26.28,11,3,0.398,81.6,SMS,0,95,0,0,0.14
32,Female,West,71496.16,52,105.05,7,2,0.372,74.3,Social Media,0,94,1,1,1.0
20,Male,East,51647.39,98,5.0,10,2,0.395,77.8,Social Media,0,39,0,0,0.085
51,Female,West,51372.76,38,94.54,3,1,0.231,70.0,Ads,1,27,1,1,0.995
72,Male,East,67698.92,54,97.15,10,1,0.105,55.6,Ads,0,156,1,1,0.985
55,Male,North,26946.87,76,147.11,9,0,0.096,60.0,SMS,0,113,1,1,0.99
50,Female,North,81945.13,62,127.76,7,1,0.098,84.3,SMS,0,172,1,1,1.0
29,Female,South,48726.39,105,114.85,2,2,0.259,38.3,Ads,0,25,1,1,0.98
42,Male,West,68070.43,86,81.2,10,0,0.302,54.3,Ads,1,135,1,1,0.99
36,Male,West,45846.78,112,81.02,7,2,0.193,78.0,Social Media,0,37,1,1,0.955
63,Male,East,55126.75,17,30.87,7,0,0.023,53.2,Email,0,34,1,0,0.37
35,Male,South,51248.19,30,51.41,9,0,0.137,59.9,Social Media,1,61,1,1,0.95
33,Male,East,72576.45,82,52.87,8,3,0.435,49.0,Email,1,13,1,1,0.565
39,Female,South,49707.56,78,48.35,9,0,0.399,99.4,Ads,0,167,1,1,0.855
64,Female,East,46906.57,14,68.38,10,4,0.115,26.6,Email,1,8,1,1,0.97
70,Male,North,53326.81,87,71.54,5,1,0.351,56.5,Email,0,178,1,1,0.985
41,Female,South,45592.6,43,76.34,11,3,0.342,85.9,Ads,0,173,1,1,0.985
18,Other,South,78481.35,76,61.35,10,1,0.468,80.9,Ads,0,163,1,1,0.925
43,Male,South,54103.82,98,65.39,6,0,0.103,48.1,Ads,0,48,1,1,0.935
66,Male,West,76458.21,68,21.86,10,0,0.22,64.3,Ads,0,18,0,0,0.12
71,Female,East,61078.41,44,146.13,7,1,0.493,77.0,Social Media,0,126,1,1,1.0
63,Female,South,92076.55,106,95.48,8,1,0.139,88.8,Email,0,122,1,1,0.985
54,Other,South,61880.97,15,52.0,10,1,0.289,69.7,Social Media,1,108,1,1,0.92
45,Male,East,60416.77,73,134.18,5,2,0.327,13.8,Social Media,0,140,1,1,0.995
32,Male,West,79909.46,62,116.29,9,0,0.454,94.8,Email,0,11,1,1,0.925
53,Male,West,73684.59,89,75.12,11,0,0.649,35.7,SMS,0,131,1,1,0.98
54,Female,West,63557.0,35,72.49,8,3,0.253,81.6,Ads,0,157,1,1,0.995
62,Female,South,34223.67,25,72.33,6,1,0.228,27.5,SMS,1,60,1,1,0.985
44,Female,East,73163.33,112,88.29,5,0,0.046,62.7,Social Media,1,107,1,1,0.985
64,Male,South,49759.57,63,5.0,6,0,0.329,50.3,SMS,0,84,0,0,0.22
56,Male,South,58501.18,1,5.0,7,4,0.282,38.7,Social Media,0,134,1,0,0.445
60,Female,South,55150.6,27,96.17,5,1,0.166,79.3,Social Media,0,34,1,1,0.98
44,Female,South,25022.51,101,124.09,7,2,0.405,57.1,Email,1,114,1,1,1.0
74,Male,West,49198.1,98,23.98,10,0,0.124,71.4,Ads,1,2,0,0,0.09
66,Female,South,77059.84,114,102.88,6,0,0.271,44.3,Email,1,123,1,1,0.99
18,Male,East,55562.84,41,97.24,4,0,0.145,45.3,Social Media,1,27,1,1,0.98
50,Male,North,72329.63,66,87.38,7,1,0.329,54.2,Social Media,1,1,1,1,0.945
52,Other,South,58217.43,12,99.86,5,2,0.057,42.4,SMS,0,37,1,1,0.97
53,Female,South,70754.44,108,116.9,6,2,0.214,76.8,SMS,0,152,1,1,1.0
50,Female,South,63022.72,24,99.5,10,2,0.432,73.5,SMS,0,3,1,1,0.98
39,Male,South,41703.19,16,86.3,7,1,0.257,44.4,SMS,0,94,1,1,1.0
21,Female,West,82534.22,102,54.47,6,0,0.645,23.2,SMS,0,47,1,1,0.56
30,Female,South,70837.19,21,22.49,5,2,0.297,100.0,Social Media,0,7,0,0,0.125
56,Female,East,79547.36,5,13.11,6,3,0.536,78.0,Ads,1,121,0,0,0.3
36,Male,West,82488.98,88,132.72,11,0,0.21,73.2,SMS,0,42,1,1,0.985
25,Female,North,88611.13,101,82.27,3,1,0.349,77.0,SMS,0,164,1,1,0.975
28,Male,West,66515.63,118,43.61,10,1,0.196,79.3,Email,0,92,0,1,0.535
58,Female,East,84367.73,107,122.37,8,2,0.356,35.7,Ads,0,68,1,1,0.99
58,Male,West,60785.55,56,99.26,12,3,0.338,63.0,Ads,0,75,1,1,1.0
63,Female,East,72576.08,106,118.6,10,2,0.242,97.6,SMS,1,104,1,1,0.96
33,Male,South,65792.0,13,134.2,9,1,0.077,74.0,SMS,0,33,1,1,1.0
20,Male,North,89770.25,94,108.87,9,1,0.451,78.2,Email,0,149,1,1,0.99
30,Female,West,74307.35,7,67.49,8,2,0.146,67.8,Social Media,0,58,1,1,0.98
60,Male,West,86942.04,37,44.8,3,0,0.314,46.8,Social Media,1,153,1,1,0.965
55,Male,West,73180.89,69,108.92,5,3,0.326,42.3,SMS,0,68,1,1,1.0
51,Male,South,75900.39,68,116.62,7,1,0.333,65.3,Social Media,0,76,1,1,0.99
32,Female,East,61160.19,27,17.76,6,1,0.492,54.3,Ads,0,135,0,0,0.49
27,Male,South,33570.49,63,91.03,10,2,0.593,49.4,Ads,1,70,1,1,0.985
30,Female,West,48837.64,39,93.03,11,1,0.325,79.6,Email,0,124,1,1,0.995
62,Female,North,88548.07,31,63.3,7,2,0.561,38.0,Email,0,122,1,1,0.99
20,Female,North,60212.63,26,110.01,5,0,0.425,88.6,Email,0,177,1,1,0.995
35,Female,East,108145.55,5,113.93,12,0,0.228,40.6,Email,0,100,1,1,0.96
52,Male,South,66736.93,67,77.61,8,1,0.117,48.4,Ads,0,51,1,1,0.985
55,Male,North,57110.41,24,49.53,15,1,0.156,85.7,Email,0,75,1,1,0.85
41,Female,South,61226.83,12,83.86,6,2,0.227,83.4,Email,1,38,1,1,0.985
48,Male,West,15000.0,73,76.11,7,0,0.223,60.8,Social Media,1,85,1,1,0.975
29,Male,North,58617.47,7,96.64,6,0,0.542,50.9,Email,0,78,1,1,0.99
38,Female,South,38360.52,23,76.32,2,3,0.274,74.2,Ads,1,54,1,1,0.955
65,Male,East,96442.75,20,92.73,18,5,0.297,70.5,Ads,0,132,1,1,0.965
61,Male,West,69303.96,111,81.81,10,0,0.12,67.0,Ads,0,5,1,1,0.88
70,Female,South,77341.46,10,86.3,6,0,0.405,70.5,Ads,0,149,1,1,1.0
61,Male,West,40655.25,34,86.48,4,4,0.186,64.4,Social Media,1,154,1,1,1.0
72,Female,East,86062.4,65,41.47,7,1,0.296,36.3,Ads,0,168,1,1,0.875
57,Female,North,27588.91,117,126.97,9,1,0.223,7.4,SMS,0,93,1,1,0.98
22,Male,West,92090.79,4,127.53,5,1,0.186,64.8,SMS,0,67,1,1,0.97
23,Female,South,75848.54,28,53.91,9,1,0.378,70.2,Social Media,0,116,1,1,0.95
32,Female,East,40582.39,22,71.14,7,1,0.705,66.7,SMS,0,26,1,1,0.965
65,Other,South,78537.16,12,107.12,9,6,0.217,59.7,SMS,1,120,1,1,0.985
34,Male,West,75118.76,56,88.84,11,1,0.215,59.7,Ads,0,121,1,1,1.0
40,Female,South,70110.68,85,64.06,14,3,0.063,81.9,SMS,0,139,1,1,0.97
68,Male,North,73986.02,10,115.35,12,1,0.487,68.3,Social Media,0,1,1,1,0.93
34,Female,South,66367.74,82,85.02,9,3,0.206,93.8,SMS,0,170,1,1,1.0
37,Male,East,52498.03,118,53.57,9,1,0.468,83.5,Ads,0,30,0,1,0.505
54,Male,South,72463.3,43,114.65,9,1,0.087,46.9,SMS,1,137,1,1,1.0
32,Male,West,58763.1,101,122.11,5,0,0.069,68.2,Email,1,139,1,1,0.995
31,Female,North,35511.11,68,86.42,11,3,0.164,92.0,SMS,0,50,1,1,0.955
49,Female,East,82433.67,83,39.75,9,2,0.072,82.8,SMS,0,143,1,1,0.85
31,Male,South,44440.96,76,77.65,6,1,0.216,65.3,Social Media,1,134,1,1,0.99
68,Female,West,71378.03,93,85.96,8,1,0.271,78.8,Ads,0,29,1,1,0.97
37,Female,South,49480.49,37,127.18,5,1,0.103,77.9,Social Media,0,48,1,1,0.99
64,Female,North,65853.26,74,139.96,7,0,0.137,83.7,Email,0,116,1,1,1.0
24,Female,West,38168.95,77,77.57,10,0,0.125,47.2,Email,1,121,1,1,0.995
25,Male,North,52492.62,81,121.05,8,2,0.211,70.6,Social Media,1,80,1,1,0.985
26,Female,South,63888.79,116,93.08,8,1,0.23,56.8,Email,0,150,1,1,0.995
45,Female,West,42246.59,82,54.91,8,2,0.282,89.0,Email,0,41,1,1,0.55
48,Male,West,51929.21,43,58.01,7,0,0.41,79.2,SMS,1,110,1,1,0.97
22,Male,East,70944.72,116,112.81,3,2,0.246,73.7,Social Media,0,30,1,1,0.975
26,Female,East,51464.53,72,127.5,5,7,0.45,60.1,Social Media,0,50,1,1,0.91
71,Female,West,37314.78,5,142.41,7,1,0.097,33.1,Social Media,0,144,1,1,1.0
72,Female,East,63249.58,42,100.7,10,0,0.624,61.0,SMS,1,61,1,1,0.955
34,Male,West,62313.41,21,97.64,13,2,0.334,77.5,Email,1,138,1,1,1.0
60,Female,East,73989.16,107,79.1,8,1,0.071,82.3,Email,0,103,1,1,0.99
21,Male,South,53041.46,104,25.11,7,1,0.553,74.2,Email,1,22,0,0,0.085
46,Male,West,58859.71,47,129.12,5,0,0.598,59.5,Email,0,122,1,1,1.0
73,Female,East,54598.45,13,56.06,16,2,0.558,36.2,Ads,1,149,1,1,0.93
41,Female,East,60870.91,96,99.13,8,1,0.056,59.2,SMS,0,168,1,1,1.0
18,Female,West,50948.55,73,60.19,8,1,0.374,29.5,SMS,1,25,1,1,0.795
33,Male,South,45612.9,103,53.47,5,2,0.392,53.7,Ads,0,73,1,1,0.795
51,Male,West,66785.53,88,97.3,2,0,0.355,64.8,SMS,1,114,1,1,0.985
38,Female,North,76941.04,22,5.0,4,0,0.266,57.7,SMS,0,46,0,0,0.1
63,Male,West,73153.54,102,81.44,12,3,0.54,67.1,Email,1,106,1,1,0.965
54,Other,South,91028.95,106,113.52,11,0,0.061,67.0,Email,0,33,1,1,0.905
70,Male,South,95021.84,14,84.25,15,2,0.444,12.5,Ads,0,46,1,1,0.925
34,Female,West,39188.92,57,88.38,9,1,0.305,55.7,SMS,1,165,1,1,1.0
23,Female,East,57648.8,109,37.37,6,2,0.136,29.4,Ads,0,10,0,0,0.29
69,Female,East,93104.49,52,60.09,6,0,0.318,24.4,Social Media,0,42,0,1,0.875
57,Female,East,66005.61,33,82.8,6,3,0.344,82.0,Ads,1,157,1,1,0.99
67,Female,West,70343.41,108,98.69,10,3,0.501,17.6,SMS,1,129,1,1,0.99
21,Female,East,53467.57,103,71.03,6,1,0.163,98.6,Ads,1,160,1,1,0.985
40,Female,North,15000.0,9,53.21,13,1,0.321,58.8,Email,0,111,1,1,0.935
47,Female,South,57309.16,109,82.03,6,1,0.112,73.8,Social Media,0,114,1,1,0.995
65,Male,East,60013.28,39,56.88,10,0,0.345,64.5,Social Media,1,105,1,1,0.99
46,Female,West,85264.44,74,114.77,10,1,0.398,71.5,Email,0,171,1,1,0.985
52,Male,North,46648.89,69,56.94,8,0,0.191,24.0,Social Media,0,27,1,1,0.795
27,Male,North,48334.2,118,83.3,10,3,0.36,34.5,Email,0,11,1,1,0.885
57,Female,North,68727.82,9,83.43,7,3,0.265,100.0,Social Media,0,86,1,1,0.995
23,Female,North,43742.42,18,118.76,10,1,0.316,69.8,Ads,0,74,1,1,1.0
52,Male,North,33453.12,27,113.3,6,1,0.145,66.3,Social Media,0,25,1,1,0.975
20,Male,North,57971.52,115,124.87,4,2,0.211,39.9,Email,1,2,1,1,0.925
53,Female,East,63673.83,70,52.57,9,1,0.375,55.7,Social Media,1,95,1,1,0.925
36,Female,North,79903.34,6,58.78,17,0,0.181,75.2,Social Media,1,163,1,1,0.93
32,Female,South,58472.51,46,87.19,6,3,0.477,14.0,Ads,0,3,1,1,0.945
55,Female,West,70738.63,10,68.62,3,2,0.185,63.4,Ads,1,111,1,1,0.99
67,Male,East,61197.3,99,161.6,7,0,0.187,59.2,Social Media,1,67,1,1,1.0
68,Female,South,31813.0,21,82.87,8,2,0.185,37.6,Email,1,171,1,1,1.0
46,Male,South,52423.99,83,120.03,7,2,0.052,54.8,Social Media,0,49,1,1,0.985
53,Female,West,35974.69,39,68.21,9,0,0.681,40.7,Ads,0,99,1,1,0.975
59,Female,East,38767.95,103,119.52,5,2,0.112,86.8,SMS,0,151,1,1,0.99
72,Female,South,55140.81,19,31.43,9,2,0.387,71.7,SMS,0,102,0,1,0.635
51,Female,West,36553.98,23,44.23,8,2,0.525,82.5,Email,0,145,1,1,0.86
59,Male,South,43356.08,69,5.0,10,2,0.321,51.4,Email,0,42,0,0,0.055
25,Female,North,64726.16,46,92.31,11,2,0.172,59.4,Ads,1,141,1,1,0.995
52,Female,East,72375.9,29,50.44,8,2,0.236,63.6,Social Media,0,130,1,1,0.935
67,Other,North,70727.4,80,73.83,3,3,0.499,100.0,Ads,0,139,1,1,0.975
35,Male,South,55164.84,30,34.26,5,3,0.429,53.0,Ads,0,2,0,0,0.305
50,Male,South,73913.8,39,58.02,7,1,0.141,73.4,SMS,1,22,1,1,0.935
42,Female,North,55521.1,65,103.93,6,1,0.085,48.3,Email,0,34,1,1,0.985
51,Female,North,86469.8,105,51.52,6,4,0.39,54.2,Ads,0,48,1,1,0.65
27,Male,South,52001.8,82,64.02,9,4,0.451,67.9,Ads,0,62,1,1,0.89
24,Male,South,76243.93,38,114.06,10,1,0.389,72.1,Ads,0,82,1,1,0.99
44,Female,West,26356.16,101,89.88,7,1,0.289,95.6,Email,0,110,1,1,0.99
43,Female,North,66942.98,9,61.7,6,2,0.339,36.9,Ads,0,26,1,1,0.91
35,Male,East,15000.0,58,38.96,10,3,0.176,96.2,Ads,1,136,1,1,0.665
68,Female,North,43443.4,41,67.57,12,1,0.22,35.3,Ads,0,32,1,1,0.94
45,Male,West,34090.0,10,128.32,6,3,0.188,68.5,SMS,0,50,1,1,1.0
59,Female,East,50484.18,84,162.07,11,2,0.246,38.8,Email,0,135,1,1,0.99
65,Female,East,55911.56,87,70.1,15,2,0.194,65.3,Ads,1,108,1,1,0.97
24,Male,North,63342.88,1,87.92,10,2,0.62,47.1,Social Media,0,109,1,1,0.985
37,Female,North,47852.45,38,56.18,5,0,0.457,67.6,Social Media,0,128,1,1,0.98
46,Other,West,77309.26,5,83.83,5,0,0.305,65.9,Social Media,0,123,1,1,1.0
19,Female,North,43729.66,26,61.73,13,1,0.378,60.7,Email,0,97,1,1,0.975
41,Female,South,75240.59,40,62.21,6,0,0.038,100.0,Email,1,3,1,1,0.83
73,Female,South,51333.97,47,96.29,8,4,0.327,59.7,Social Media,0,145,1,1,0.995
42,Female,East,71235.19,37,110.15,7,1,0.214,33.5,Social Media,0,41,1,1,1.0
64,Female,East,65856.59,112,83.1,8,1,0.223,82.2,SMS,0,43,1,1,0.985
46,Male,South,76278.89,111,111.68,13,1,0.608,86.9,SMS,0,50,1,1,0.915
40,Female,West,86297.05,27,141.99,8,2,0.118,54.9,SMS,0,100,1,1,0.995
40,Female,West,36934.14,9,113.75,5,2,0.145,51.6,Social Media,0,7,1,1,0.99
71,Female,South,58286.01,85,53.26,8,5,0.316,53.7,Ads,1,23,0,1,0.67
41,Female,North,79803.63,64,25.11,9,2,0.177,86.5,Email,0,79,0,0,0.17
39,Male,North,60116.48,11,16.22,7,1,0.393,66.7,Ads,0,177,1,1,0.63
23,Male,West,43571.87,65,122.13,11,1,0.272,100.0,Social Media,0,104,1,1,0.975
38,Female,North,45977.8,43,63.97,12,2,0.352,93.9,Email,0,159,1,1,0.98
44,Male,North,71145.89,111,92.99,10,3,0.27,76.6,Ads,0,116,1,1,0.99
65,Female,North,106471.44,9,28.67,8,2,0.101,48.1,SMS,0,137,1,1,0.84
72,Female,West,58627.46,53,83.74,12,0,0.207,100.0,Ads,1,46,1,1,0.96
42,Female,South,60342.69,6,64.95,3,2,0.079,67.3,SMS,0,61,1,1,0.965
45,Male,North,65159.81,76,68.46,10,2,0.119,85.3,Ads,0,117,1,1,0.99
33,Male,East,51785.51,91,118.84,7,1,0.101,66.4,Email,0,85,1,1,1.0
43,Female,West,48163.77,59,46.93,7,1,0.201,53.5,Email,1,11,1,0,0.46
31,Male,South,60882.7,79,62.51,1,2,0.104,51.6,SMS,0,9,1,1,0.785
41,Female,South,33560.47,26,79.33,8,3,0.338,53.8,Ads,0,99,1,1,1.0
21,Other,East,41343.41,33,95.58,6,1,0.544,51.5,Email,0,76,1,1,0.99
50,Female,North,83955.43,82,115.45,10,0,0.21,42.5,Ads,0,144,1,1,0.99
53,Male,North,35705.16,18,44.24,5,1,0.25,49.5,SMS,1,151,1,1,0.93
60,Male,West,65875.03,40,50.69,7,0,0.227,100.0,Social Media,0,111,1,1,0.94
29,Male,East,65765.46,62,61.6,11,4,0.633,95.2,Ads,0,123,1,1,0.945
60,Male,North,79655.21,36,105.34,12,1,0.571,46.1,Email,0,15,1,1,0.97
58,Female,North,82969.81,83,89.99,7,3,0.329,31.7,Social Media,0,98,1,1,1.0
42,Female,South,72121.12,92,5.0,9,1,0.152,71.2,SMS,0,147,0,0,0.185
72,Female,East,70348.34,41,43.37,5,1,0.67,100.0,Ads,0,23,0,0,0.47
47,Male,North,49005.59,35,89.63,4,1,0.284,48.6,Email,0,42,1,1,0.985
66,Female,North,38224.62,62,117.71,10,0,0.28,87.5,Email,0,150,1,1,1.0
63,Female,South,80626.8,113,58.65,12,0,0.516,21.8,Email,1,2,0,0,0.48
51,Male,South,67308.17,57,62.92,14,0,0.116,13.2,Email,0,178,1,1,0.985
18,Female,West,56203.17,116,117.61,5,0,0.558,76.2,Email,0,154,1,1,0.97
33,Female,West,74589.8,73,23.23,11,2,0.46,79.9,Ads,0,52,0,0,0.065
72,Female,North,66424.98,71,95.27,13,0,0.417,61.4,SMS,0,1,1,1,0.87
27,Male,West,91631.55,59,114.28,10,3,0.088,93.0,SMS,0,44,1,1,0.945
