DATE_DAY,ALL_PURCHASES,ALL_PURCHASES_ORIGINAL_PRICE,REVENUE_PER_PURCHASE,GOOGLE_PAID_SEARCH_IMPRESSIONS,GOOGLE_SHOPPING_IMPRESSIONS,GOOGLE_PMAX_IMPRESSIONS,GOOGLE_VIDEO_IMPRESSIONS,META_FACEBOOK_IMPRESSIONS,META_INSTAGRAM_IMPRESSIONS,GOOGLE_PAID_SEARCH_SPEND,GOOGLE_SHOPPING_SPEND,GOOGLE_PMAX_SPEND,GOOGLE_VIDEO_SPEND,META_FACEBOOK_SPEND,META_INSTAGRAM_SPEND,TREND,DOW_Friday,DOW_Saturday,DOW_Sunday,DOW_Thursday,DOW_Tuesday,DOW_Wednesday,YEAR_SIN_1,YEAR_COS_1,YEAR_SIN_2,YEAR_COS_2,BLACK_FRIDAY_PERIOD,LOG_ORGANIC_SEARCH_CLICKS,LOG_EMAIL_CLICKS,LOG_REFERRAL_CLICKS,LOG_ALL_OTHER_CLICKS,DATA_SPLIT
2020-11-21,87,11339.006630377,130.3334095445632,773.0,59850.0,0.0,0.0,99163.0,0.0,95.38,773.82,0.0,0.0,1138.970648244,0.0,0.0,0,1,0,0,0,0,0.0,1.0,0.0,1.0,0,0.0,0.0,0.0,0.0,Train
2020-11-22,155,23078.991668098,148.89672043934192,773.0,71318.0,0.0,0.0,394931.0,0.0,100.88,491.87,0.0,0.0,4486.452132985,0.0,0.000784313725490196,0,0,1,0,0,0,0.017201575418260506,0.9998520419557735,0.03439806061360801,0.9994082116062598,0,0.0,0.0,0.0,0.0,Train
2020-11-23,165,22954.006946598,139.11519361574545,897.0,62824.0,0.0,0.0,254403.0,0.0,123.95,384.94,0.0,0.0,3835.775893496,0.0,0.001568627450980392,0,0,0,0,0,0,0.03439806061360801,0.9994082116062598,0.06875540848113941,0.9976335468520451,0,0.0,0.0,0.0,0.0,Train
2020-11-24,113,17747.000079921,157.0530980523982,1105.0,57843.0,0.0,0.0,165212.0,0.0,83.74,337.96,0.0,0.0,2651.40284175,0.0,0.002352941176470588,0,0,0,0,1,0,0.051584366869408364,0.9986686402879997,0.10303137904317879,0.9946781061893646,0,0.0,0.0,0.0,0.0,Train
2020-11-25,95,15592.00458026,164.12636400273684,1266.0,63830.0,0.0,0.0,111504.0,0.0,140.29,485.03,0.0,0.0,2324.369601191,0.0,0.003137254901960784,0,0,0,0,0,1,0.06875540848113941,0.9976335468520451,0.13718540405660057,0.9905453876091833,0,0.0,0.0,0.0,0.0,Train
2020-11-26,110,15542.995946106,141.29996314641818,1333.0,95456.0,0.0,0.0,114787.0,0.0,137.61,763.82,0.0,0.0,2312.210603032,0.0,0.00392156862745098,0,0,0,1,0,0,0.08590610426133272,0.9963032375991965,0.17117705961019986,0.985240282501282,1,0.0,0.0,0.0,0.0,Train
2020-11-27,337,49639.495300778,147.2982056402908,1321.0,84574.0,0.0,0.0,420963.0,0.0,110.21,620.42,0.0,0.0,8581.252110979,0.0,0.004705882352941176,1,0,0,0,0,0,0.10303137904317879,0.9946781061893646,0.20496611396949532,0.9787690698649216,1,0.0,0.0,0.0,0.0,Train
2020-11-28,433,53603.002521198,123.79446309745497,1316.0,60384.0,0.0,0.0,656688.0,0.0,118.7,425.46,0.0,0.0,11950.978015976,0.0,0.005490196078431373,0,1,0,0,0,0,0.1201261651823505,0.9927586335250793,0.23851257519407648,0.9711394088771653,1,0.0,0.0,0.0,0.0,Train
2020-11-29,323,40760.992742423,126.19502397034984,1537.0,72624.0,0.0,0.0,377479.0,0.0,112.45,444.95,0.0,0.0,5141.497269521,0.0,0.006274509803921568,0,0,1,0,0,0,0.13718540405660057,0.9905453876091833,0.2717767384711357,0.9623603298276545,1,0.0,0.0,0.0,0.0,Train
2020-11-30,347,39745.566022481,114.54053608784149,1864.0,83926.0,0.0,0.0,419199.0,0.0,286.87,579.49,0.0,0.0,6906.671252691,0.0,0.007058823529411765,0,0,0,0,0,0,0.1542040475626894,0.988039023376751,0.3047192331091634,0.9524422234305676,1,0.0,0.0,0.0,0.0,Train
2020-12-01,285,34189.39865516,119.96280229880703,1356.0,59936.0,0.0,0.0,677249.0,0.0,144.77,426.63,0.0,0.0,10261.372533726,0.0,0.00784313725490196,0,0,0,0,1,0,0.17117705961019986,0.985240282501282,0.3373010691361842,0.9413968285264122,0,0.0,0.0,0.0,0.0,Train
2020-12-02,194,25548.020276941,131.69082616979895,1448.0,59383.0,0.0,0.0,519708.0,0.0,171.15,357.83,0.0,0.0,7640.73954063,0.0,0.008627450980392156,0,0,0,0,0,1,0.18809941761179758,0.9821499931752291,0.3694836834473831,0.9292372181882051,0,0.0,0.0,0.0,0.0,Train
2020-12-03,155,19989.993251456,128.9676983964903,1391.0,61238.0,0.0,0.0,345004.0,0.0,147.02,353.64,0.0,0.0,5311.707542725,0.0,0.009411764705882352,0,0,0,1,0,0,0.20496611396949532,0.9787690698649216,0.4012289854475009,0.9159777842484877,0,0.0,0.0,0.0,0.0,Train
2020-12-04,238,28088.998565732,118.02100237702521,1175.0,63928.0,0.0,0.0,477182.0,0.0,162.92,377.99,0.0,0.0,8719.28046835,0.0,0.01019607843137255,1,0,0,0,0,0,0.22177215755648186,0.975098513039961,0.4324994021339788,0.901634220265486,0,0.0,0.0,0.0,0.0,Train
2020-12-05,140,17375.005329521,124.10718092514999,1126.0,74808.0,0.0,0.0,236761.0,0.0,111.44,481.75,0.0,0.0,3649.998151899,0.0,0.010980392156862745,0,1,0,0,0,0,0.23851257519407648,0.9711394088771653,0.4632579225674917,0.88622350294858,0,0.0,0.0,0.0,0.0,Train
2020-12-06,257,34454.989420536,134.06610669469262,1304.0,92643.0,0.0,0.0,573727.0,0.0,122.27,514.19,0.0,0.0,8053.007305321,0.0,0.011764705882352941,0,0,1,0,0,0,0.2551824131233728,0.9668929289391521,0.49346814167723735,0.8697638720650646,0,0.0,0.0,0.0,0.0,Train
2020-12-07,222,26687.689565907,120.21481786444595,18110.0,87524.0,0.0,0.0,421437.0,0.0,253.64,488.4,0.0,0.0,6553.666549127,0.0,0.012549019607843137,0,0,0,0,0,0,0.2717767384711357,0.9623603298276545,0.5230943033491326,0.8522748088519838,0,0.0,0.0,0.0,0.0,Train
2020-12-08,242,28649.420062351,118.3860333155,60203.0,74185.0,0.0,0.0,371473.0,0.0,490.17,501.81,0.0,0.0,6928.978839985,0.0,0.013333333333333334,0,0,0,0,1,0,0.2882906407095177,0.9575429528116719,0.5521013427459208,0.8337770129585915,0,0.0,0.0,0.0,0.0,Train
2020-12-09,183,22470.774258609,122.79111616726229,45823.0,60566.0,0.0,0.0,228663.0,0.0,365.92,435.34,0.0,0.0,4751.965153729,0.0,0.01411764705882353,0,0,0,0,0,1,0.3047192331091634,0.9524422234305676,0.580454927809098,0.8142923779467267,0,0.0,0.0,0.0,0.0,Train
2020-12-10,158,16968.760287915,107.39721701212025,31254.0,57129.0,0.0,0.0,153608.0,0.0,188.91,403.24,0.0,0.0,2726.201887004,0.0,0.014901960784313726,0,0,0,1,0,0,0.321057654185271,0.9470596510722283,0.6081214998935418,0.7938439653781019,0,0.0,0.0,0.0,0.0,Train
2020-12-11,138,15540.239866407,112.61043381454348,693.0,63489.0,0.0,0.0,177173.0,0.0,52.95,496.830318439,0.0,0.0,3013.257054388,0.0,0.01568627450980392,1,0,0,0,0,0,0.3373010691361842,0.9413968285264122,0.6350683134867438,0.7724559775191742,0,0.0,0.0,0.0,0.0,Train
2020-12-12,146,16840.992951527,115.34926679128083,1028.0,68494.0,0.0,0.0,315950.0,0.0,75.52,427.908210031,0.0,0.0,5169.283074496,0.0,0.01647058823529412,0,1,0,0,0,0,0.3534446712740877,0.9354554315134164,0.6612634749656386,0.7501537286959042,0,0.0,0.0,0.0,0.0,Train
2020-12-13,225,27583.006004403,122.59113779734666,1405.0,77530.0,0.0,0.0,560802.0,0.0,123.58,515.78,0.0,0.0,7696.782379679,0.0,0.017254901960784313,0,0,1,0,0,0,0.3694836834473831,0.9292372181882051,0.6866759803451553,0.726963615332308,0,0.0,0.0,0.0,0.0,Train
2020-12-14,239,27535.00688595,115.20923383242678,1240.0,64697.0,0.0,0.0,461472.0,0.0,92.94,458.73,0.0,0.0,7288.961984767,0.0,0.01803921568627451,0,0,0,0,0,0,0.38541335945432564,0.9227440286201427,0.7112757519738152,0.7029130847082615,0,0.0,0.0,0.0,0.0,Train
2020-12-15,158,21005.068656913,132.9434725121076,826.0,72069.0,0.0,0.0,246066.0,0.0,79.91,479.99,0.0,0.0,4025.229138153,0.0,0.018823529411764704,0,0,0,0,1,0,0.4012289854475009,0.9159777842484877,0.7350336741329412,0.6780306024735382,0,0.0,0.0,0.0,0.0,Train
2020-12-16,144,18153.299371341,126.06457896764583,757.0,69029.0,0.0,0.0,236380.0,0.0,76.63,575.37,0.0,0.0,4526.309721522,0.0,0.0196078431372549,0,0,0,0,0,1,0.4169258813287287,0.908940487313808,0.7579216274973472,0.6523456189565257,0,0.0,0.0,0.0,0.0,Train
2020-12-17,128,17001.999284802,132.82811941251563,563.0,68005.0,0.0,0.0,203267.0,0.0,45.02,480.377181709,0.0,0.0,4391.746841574,0.0,0.0203921568627451,0,0,0,1,0,0,0.4324994021339788,0.901634220265486,0.7799125224167177,0.6258885343075018,0,0.0,0.0,0.0,0.0,Train
2020-12-18,118,15195.993514164,128.77960605223728,386.0,75027.0,0.0,0.0,255525.0,0.0,34.28,579.589868143,0.0,0.0,5052.775767433,0.0,0.021176470588235293,1,0,0,0,0,0,0.44794493940789115,0.8940611451454876,0.8009803309782905,0.5986906625177214,0,0.0,0.0,0.0,0.0,Train
2020-12-19,111,14124.992536229,127.25218501107207,454.0,72711.0,0.0,0.0,175261.0,0.0,33.71,481.27,0.0,0.0,3463.971412261,0.0,0.02196078431372549,0,1,0,0,0,0,0.4632579225674917,0.88622350294858,0.8211001178128892,0.5707841943569036,0,0.0,0.0,0.0,0.0,Train
2020-12-20,91,9212.992787056,101.24167897863737,591.0,78625.0,0.0,0.0,110725.0,0.0,33.97,517.65,0.0,0.0,2221.587480805,0.0,0.022745098039215685,0,0,1,0,0,0,0.4784338202547012,0.8781236129591848,0.8402480696078469,0.5422021592729844,0,0.0,0.0,0.0,0.0,Train
2020-12-21,82,9162.018999054,111.73193901285366,362.0,74059.0,0.0,0.0,106110.0,0.0,17.73,425.38,0.0,0.0,1905.395572493,0.0,0.023529411764705882,0,0,0,0,0,0,0.49346814167723735,0.8697638720650646,0.8584015232918917,0.512978386299228,0,0.0,0.0,0.0,0.0,Train
2020-12-22,73,7472.002849252,102.35620341441096,487.0,72152.0,0.0,0.0,89034.0,0.0,34.0,451.89,0.0,0.0,1828.116817332,0.0,0.02431372549019608,0,0,0,0,1,0,0.5083564379375122,0.8611467540480452,0.8755389928586302,0.4831474640149687,0,0.0,0.0,0.0,0.0,Train
2020-12-23,45,4737.00708414,105.26682409200001,486.0,83795.0,0.0,0.0,68102.0,0.0,39.57,449.902549342,0.0,0.0,1391.135215794,0.0,0.025098039215686273,0,0,0,0,0,1,0.5230943033491326,0.8522748088519838,0.8916401947968874,0.45274469960737107,0,0.0,0.0,0.0,0.0,Train
2020-12-24,48,4580.999036469,95.4374799264375,560.0,75092.0,0.0,0.0,43962.0,0.0,45.28,433.399157516,0.0,0.0,906.873638669,0.0,0.02588235294117647,0,0,0,1,0,0,0.5376773767406141,0.8431506618282,0.9066860720977985,0.4218060770826634,0,0.0,0.0,0.0,0.0,Train
2020-12-25,59,6365.012955035,107.8815755090678,613.0,75551.0,0.0,0.0,31946.0,0.0,28.01,423.37,0.0,0.0,617.666248069,0.0,0.02666666666666667,1,0,0,0,0,0,0.5521013427459208,0.8337770129585915,0.9206588168102428,0.3903682146763026,0,0.0,0.0,0.0,0.0,Train
2020-12-26,70,5803.994683588,82.91420976554286,651.0,86531.0,0.0,0.0,116024.0,0.0,49.42,486.645251435,0.0,0.0,1760.563018442,0.0,0.027450980392156862,0,1,0,0,0,0,0.5663619330814524,0.8241566360566663,0.9335418911179212,0.35846832151248087,0,0.0,0.0,0.0,0.0,Train
2020-12-27,81,8194.007009465,101.16058036376543,717.0,98465.0,0.0,0.0,138304.0,0.0,50.5,549.75,0.0,0.0,2104.02737471,0.0,0.02823529411764706,0,0,1,0,0,0,0.580454927809098,0.8142923779467267,0.945320046913132,0.3261441535642696,0,0.0,0.0,0.0,0.0,Train
2020-12-28,75,6631.019900181,88.41359866908,676.0,78950.0,0.0,0.0,154871.0,0.0,42.2,367.16,0.0,0.0,2337.901283342,0.0,0.029019607843137254,0,0,0,0,0,0,0.5943761565849831,0.804187157621448,0.9559793438440766,0.2934339689665273,0,0.0,0.0,0.0,0.0,Train
2020-12-29,77,7267.995445991,94.38955124663637,712.0,79578.0,0.0,0.0,147689.0,0.0,69.37,382.48,0.0,0.0,2128.602667535,0.0,0.02980392156862745,0,0,0,0,1,0,0.6081214998935418,0.7938439653781019,0.9655071658143364,0.2603764827344581,0,0.0,0.0,0.0,0.0,Train
2020-12-30,76,7001.999329517,92.13157012522367,589.0,69406.0,0.0,0.0,137698.0,0.0,40.53,352.85,0.0,0.0,1802.09329395,0.0,0.03058823529411765,0,0,0,0,0,1,0.6216868902665479,0.7832658619336791,0.9738922359149924,0.22701082094141847,0,0.0,0.0,0.0,0.0,Train
2020-12-31,57,5229.995038099,91.75429891401755,474.0,56415.0,0.0,0.0,85686.0,0.0,42.51,241.453041098,0.0,0.0,1021.551182525,0.0,0.03137254901960784,0,0,0,1,0,0,0.6350683134867438,0.7724559775191742,0.981124629771712,0.19337647441020586,0,0.0,0.0,0.0,0.0,Train
2021-01-01,273,28659.994970231,104.98166655762272,561.0,50288.0,0.0,0.0,615100.0,0.0,21.69,280.149436952,0.0,0.0,4364.268519264,0.0,0.03215686274509804,1,0,0,0,0,0,0.6482618097757122,0.7614175109532997,0.9871957872910085,0.15951325197263655,0,0.0,0.0,0.0,0.0,Train
2021-01-02,167,17934.98201993,107.39510191574851,583.0,68617.0,0.0,0.0,481748.0,0.0,33.5,326.121578878,0.0,0.0,4180.017495713,0.0,0.03294117647058824,0,1,0,0,0,0,0.6612634749656386,0.7501537286959042,0.992098522791769,0.12546123335273648,0,0.0,0.0,0.0,0.0,Train
2021-01-03,158,16234.980225771,102.75303940361393,582.0,100734.0,0.0,0.0,571314.0,0.0,29.6,463.88,0.0,0.0,5044.736260119,0.0,0.03372549019607843,0,0,1,0,0,0,0.6740694616546161,0.7386679638813748,0.9958270335100595,0.09126072172931188,0,0.0,0.0,0.0,0.0,Train
2021-01-04,113,11285.015734566,99.86739588111506,771.0,90555.0,0.0,52.0,405818.0,0.0,56.64,390.99,0.0,0.47,3770.609245382,0.0,0.034509803921568626,0,0,0,0,0,0,0.6866759803451553,0.726963615332308,0.998376906467142,0.056952196034039754,0,0.0,0.0,0.0,0.0,Train
2021-01-05,101,10218.98599454,101.17807915386139,800.0,87702.0,0.0,17359.0,287919.0,0.0,54.79,415.24,0.0,599.47,2761.622705928,0.0,0.03529411764705882,0,0,0,0,1,0,0.6990793005655562,0.7150441465537444,0.9997451236925734,0.022576263041545485,0,0.0,0.0,0.0,0.0,Train
2021-01-06,103,10127.990686432,98.33000666438835,562.0,82004.0,0.0,11799.0,503369.0,0.0,37.21,354.381364713,0.0,321.96,3775.506208559,0.0,0.03607843137254902,0,0,0,0,0,1,0.7112757519738152,0.7029130847082615,0.9999300657962057,-0.011826390691832589,0,0.0,0.0,0.0,0.0,Train
2021-01-07,88,9075.991097027,103.1362624662159,521.0,81789.0,0.0,13121.0,325501.0,0.0,22.95,280.69,0.0,308.48,2569.979968306,0.0,0.03686274509803922,0,0,0,1,0,0,0.7232617254437388,0.6905740195722294,0.9989315138848577,-0.046215046983708354,0,0.0,0.0,0.0,0.0,Train
2021-01-08,86,9658.999683595,112.31394980924419,780.0,109473.0,0.0,12593.0,418342.0,0.0,46.89,375.58,0.0,298.35,3768.397302951,0.0,0.03764705882352941,1,0,0,0,0,0,0.7350336741329412,0.6780306024735382,0.9967506498213929,-0.08054900421874167,0,0.0,0.0,0.0,0.0,Train
2021-01-09,124,12902.99200385,104.05638712782259,1196.0,99359.0,0.0,11069.0,559963.0,0.0,78.07,429.453107384,0.0,357.68,4931.531638168,0.0,0.038431372549019606,0,1,0,0,0,0,0.746588114532413,0.6652865452111116,0.9933900548258936,-0.11478762552212701,0,0.0,0.0,0.0,0.0,Train
2021-01-10,126,12593.999559752,99.9523774583492,1527.0,104813.0,0.0,17724.0,503661.0,0.0,97.17,456.79,0.0,354.66,4213.128858656,0.0,0.0392156862745098,0,0,1,0,0,0,0.7579216274973472,0.6523456189565257,0.9888537064205885,-0.1488903868564548,0,0.0,0.0,0.0,0.0,Train
2021-01-11,94,7927.802251234,84.3383218216383,1130.0,116929.0,0.0,16987.0,354280.0,0.0,89.63,323.46,0.0,357.63,3235.487949288,0.0,0.04,0,0,0,0,0,0,0.7690308592589181,0.6392116531380588,0.9831469737221499,-0.1828169249850199,0,0.0,0.0,0.0,0.0,Train
2021-01-12,108,10038.009819542,92.94453536612963,1119.0,566291.0,0.0,15547.0,211275.0,0.0,99.7,485.44,0.0,341.78,1639.077531834,0.0,0.0407843137254902,0,0,0,0,1,0,0.7799125224167177,0.6258885343075018,0.9762766110869321,-0.21652708524481437,0,0.0,0.0,0.0,0.0,Train
2021-01-13,116,9776.489227736,84.28007954944827,1028.0,758514.0,0.0,14175.0,339531.0,0.0,58.09,559.61,0.0,293.17,3436.512114019,0.0,0.04156862745098039,0,0,0,0,0,1,0.7905633969115482,0.612380204990065,0.9682507501166718,-0.2499809690726521,0,0.0,0.0,0.0,0.0,Train
2021-01-14,79,7908.982591586,100.11370369096203,933.0,311101.0,0.0,9371.0,309272.0,0.0,70.57,376.89257617,0.0,292.72,3219.179039811,0.0,0.042352941176470586,0,0,0,1,0,0,0.8009803309782905,0.5986906625177214,0.9590788900341131,-0.28313898122818354,0,0.0,0.0,0.0,0.0,Train
2021-01-15,110,11162.111460889,101.47374055353636,1214.0,426561.0,0.0,3086.0,262173.0,0.0,90.143473704,466.2,0.0,102.31,3110.238706229,0.0,0.043137254901960784,1,0,0,0,0,0,0.8111602420785621,0.5848239578463322,0.9487718864399473,-0.31596187665790293,0,0.0,0.0,0.0,0.0,Train
2021-01-16,93,9146.999478501,98.3548331021613,1981.0,874063.0,0.0,0.0,269483.0,0.0,129.17743739,691.33,0.0,0.0,3343.692733768,0.0,0.04392156862745098,0,1,0,0,0,0,0.8211001178128892,0.5707841943569036,0.9373419384643772,-0.3484108069446808,0,0.0,0.0,0.0,0.0,Train
2021-01-17,120,11501.008518332,95.84173765276667,1509.0,489150.0,0.0,0.0,312207.0,0.0,90.418772841,710.640196754,0.0,0.0,3274.856312621,0.0,0.04470588235294118,0,0,1,0,0,0,0.8307970168121247,0.5565755266413303,0.9248025743285089,-0.38044736628785164,0,0.0,0.0,0.0,0.0,Train
2021-01-18,127,10971.001312156,86.38583710359056,1673.0,960928.0,0.0,0.0,358119.0,0.0,108.878963964,781.179661339,0.0,0.0,3120.141161895,0.0,0.04549019607843137,0,0,0,0,0,0,0.8402480696078469,0.5422021592729844,0.9111686353326631,-0.41203363695942635,0,0.0,0.0,0.0,0.0,Train
2021-01-19,116,10635.997484549,91.68963348749138,1786.0,996335.0,0.0,0.0,371627.0,0.0,150.769663069,1147.244819394,0.0,0.0,3283.60988378,0.0,0.04627450980392157,0,0,0,0,1,0,0.8494504794814806,0.527668345562516,0.8964562582905575,-0.44313223418263453,0,0.0,0.0,0.0,0.0,Train
2021-01-20,112,11423.003689166,101.99110436755358,1669.0,1994927.0,0.0,0.0,380815.0,0.0,103.618497741,1211.08,0.0,0.0,3345.19768548,0.0,0.047058823529411764,0,0,0,0,0,1,0.8584015232918917,0.512978386299228,0.8806828564301475,-0.47370635037968,0,0.0,0.0,0.0,0.0,Train
2021-01-21,131,11916.999658227,90.96946303990076,1575.0,1113715.0,0.0,0.0,371506.0,0.0,106.795907637,1194.9,0.0,0.0,3479.983826897,0.0,0.04784313725490196,0,0,0,1,0,0,0.8670985522812081,0.4981366284784055,0.8638670987837349,-0.503719798736334,0,0.0,0.0,0.0,0.0,Train
2021-01-22,106,11865.999491484,111.94339142909435,1282.0,425494.0,0.0,0.0,356317.0,0.0,67.576992797,591.66,0.0,0.0,3580.977408827,0.0,0.04862745098039216,1,0,0,0,0,0,0.8755389928586302,0.4831474640149687,0.8460288880917339,-0.533137056031809,0,0.0,0.0,0.0,0.0,Train
2021-01-23,120,12678.015997591,105.65013331325832,1537.0,99251.0,0.0,0.0,369903.0,0.0,80.010938828,296.350030364,0.0,0.0,3881.424812014,0.0,0.04941176470588235,0,1,0,0,0,0,0.8837203473619977,0.4680153284438345,0.8271893372462497,-0.5619233046832195,0,0.0,0.0,0.0,0.0,Train
2021-01-24,137,14227.024888395,103.84689699558395,1679.0,162090.0,0.0,0.0,332666.0,0.0,103.504254552,555.11,0.0,0.0,3699.295525415,0.0,0.05019607843137255,0,0,1,0,0,0,0.8916401947968874,0.45274469960737107,0.8073707443023492,-0.5900444739548627,0,0.0,0.0,0.0,0.0,Train
2021-01-25,122,11071.984113477,90.7539681432541,1306.0,222250.0,0.0,0.0,367385.0,0.0,72.901119536,668.41,0.0,0.0,3810.632491027,0.0,0.050980392156862744,0,0,0,0,0,0,0.8992961915530253,0.4373400963303323,0.7865965660866021,-0.6174672802835514,0,0.0,0.0,0.0,0.0,Train
2021-01-26,115,12216.002065607,106.22610491832174,0.0,42549.0,0.0,0.0,337624.0,0.0,0.0,96.116652709,0.0,0.0,3865.480291863,0.0,0.05176470588235294,0,0,0,0,1,0,0.9066860720977985,0.4218060770826634,0.7648913904341226,-0.6441592666722685,0,0.0,0.0,0.0,0.0,Train
2021-01-27,170,15714.003970293,92.43531747231177,0.0,14329.0,0.0,0.0,350136.0,0.0,0.0,53.3,0.0,0.0,3825.642336445,0.0,0.05254901960784314,0,0,0,0,0,1,0.9138076496466615,0.40614723863057883,0.742280907086982,-0.6700888411055113,0,0.0,0.0,0.0,0.0,Train
2021-01-28,133,12883.001318349,96.86467156653383,0.0,23024.0,0.0,0.0,309167.0,0.0,0.0,99.68,0.0,0.0,3846.741139663,0.0,0.05333333333333334,0,0,0,1,0,0,0.9206588168102428,0.3903682146763026,0.7187918772884232,-0.6952253139408722,0,0.0,0.0,0.0,0.0,Train
2021-01-29,110,12842.988898859,116.75444453508182,0.0,35386.0,0.0,0.0,303648.0,0.0,0.0,109.35,0.0,0.0,4010.409928387,0.0,0.05411764705882353,1,0,0,0,0,0,0.9272375462179537,0.374473674486883,0.6944521021088763,-0.719538934232584,0,0.0,0.0,0.0,0.0,Train
2021-01-30,151,15370.004369382,101.78810840650331,0.0,28509.0,0.0,0.0,339049.0,0.0,0.0,103.3,0.0,0.0,4017.480969506,0.0,0.054901960784313725,0,1,0,0,0,0,0.9335418911179212,0.35846832151248087,0.6692903895412567,-0.7430009249440493,0,0.0,0.0,0.0,0.0,Train
2021-01-31,170,16209.011290372,95.34712523748236,0.0,22217.0,0.0,0.0,408630.0,0.0,0.0,89.13,0.0,0.0,4053.995971171,0.0,0.05568627450980392,0,0,1,0,0,0,0.9395699859530622,0.342356891994542,0.6433365204044917,-0.765583517007675,0,0.0,0.0,0.0,0.0,Train
2021-02-01,153,15477.002833749,101.15688126633333,0.0,29204.0,0.0,0.0,438128.0,0.0,0.0,101.04,0.0,0.0,3902.192595858,0.0,0.05647058823529412,0,0,0,0,0,0,0.945320046913132,0.3261441535642696,0.6166212130956382,-0.7872599821916922,0,0.0,0.0,0.0,0.0,Train
2021-02-02,145,13600.991750035,93.79994310368966,0.0,18626.0,0.0,0.0,451841.0,0.0,0.0,92.75,0.0,0.0,4041.970777594,0.0,0.05725490196078432,0,0,0,0,1,0,0.9507903724625832,0.3098349038318025,0.5891760872322963,-0.8080046647350754,0,0.0,0.0,0.0,0.0,Train
2021-02-03,121,12287.019529299,101.54561594461983,0.0,13074.0,0.0,0.0,428146.0,0.0,0.0,76.6,0.0,0.0,4170.265069774,0.0,0.05803921568627451,0,0,0,0,0,1,0.9559793438440766,0.2934339689665273,0.5610336262283677,-0.8277930117131022,0,0.0,0.0,0.0,0.0,Train
2021-02-04,127,12374.031519107,97.43331904808662,0.0,12896.0,0.0,0.0,343959.0,0.0,0.0,72.81,0.0,0.0,4148.007548642,0.0,0.058823529411764705,0,0,0,1,0,0,0.9608854255574977,0.27694620226893646,0.5322271388474397,-0.8466016020976267,0,0.0,0.0,0.0,0.0,Train
2021-02-05,114,11612.005589998,101.85969815787719,0.0,17305.0,0.0,0.0,305975.0,15347.0,0.0,92.12,0.0,0.0,4347.033826868,237.13,0.0596078431372549,1,0,0,0,0,0,0.9655071658143364,0.2603764827344581,0.5027907197793043,-0.8644081744776648,0,0.0,0.0,0.0,0.0,Train
2021-02-06,123,10797.010105511,87.78056996350408,0.0,34302.0,0.0,0.0,253136.0,10061.0,0.0,111.88,0.0,0.0,3601.422488811,184.7,0.0603921568627451,0,1,0,0,0,0,0.969843196967294,0.24372971360968387,0.47275920928627757,-0.881191653407483,0,0.0,0.0,0.0,0.0,Train
2021-02-07,129,12810.989218925,99.30999394515504,0.0,35599.0,0.0,0.0,321499.0,15264.0,0.0,134.11,0.0,0.0,4401.305518618,188.82,0.0611764705882353,0,0,1,0,0,0,0.9738922359149924,0.22701082094141847,0.44216815196707204,-0.8969321743510065,0,0.0,0.0,0.0,0.0,Train
2021-02-08,119,12336.009045986,103.66394156290757,0.0,25288.0,0.0,0.0,454199.0,17413.0,0.0,107.8,0.0,0.0,4843.498628265,199.19,0.06196078431372549,0,0,0,0,0,0,0.9776530844816641,0.2102247521189836,0.4110537546870351,-0.9116111071930239,0,0.0,0.0,0.0,0.0,Train
2021-02-09,118,11058.991181157,93.72026424709323,0.0,22658.0,0.0,0.0,351581.0,27465.0,0.0,98.51,0.0,0.0,4172.278076556,310.01,0.06274509803921569,0,0,0,0,1,0,0.981124629771712,0.19337647441020586,0.37945284372454435,-0.925211078289358,0,0.0,0.0,0.0,0.0,Train
2021-02-10,127,11480.013563177,90.39380758407087,0.0,23962.0,0.0,0.0,277866.0,17210.0,0.0,111.08,0.0,0.0,3494.536762926,213.63,0.06352941176470588,0,0,0,0,0,1,0.984305844499033,0.17647097349152166,0.3474028211842774,-0.9377159910299093,0,0.0,0.0,0.0,0.0,Train
2021-02-11,126,12907.80590979,102.44290404595239,0.0,20457.0,0.0,0.0,309798.0,11464.0,0.0,94.24,0.0,0.0,4232.198666461,141.72,0.06431372549019608,0,0,0,1,0,0,0.9871957872910085,0.15951325197263655,0.31494162072895193,-0.9491110448902284,0,0.0,0.0,0.0,0.0,Train
2021-02-12,126,10064.005349374,79.87305832836508,0.0,20342.0,0.0,0.0,278552.0,7985.0,0.0,105.05,0.0,0.0,3951.461382796,117.75,0.06509803921568627,1,0,0,0,0,0,0.9897936029670716,0.14250832791617088,0.2821076626819194,-0.9593827529490743,0,0.0,0.0,0.0,0.0,Train
2021-02-13,162,12587.003606385,77.69755312583334,0.0,24714.0,0.0,0.0,285300.0,8953.0,0.0,99.91,0.0,0.0,3716.084765431,131.62,0.06588235294117648,0,1,0,0,0,0,0.992098522791769,0.12546123335273648,0.24893980855376657,-0.9685189578512204,0,0.0,0.0,0.0,0.0,Train
2021-02-14,195,14745.996662925,75.62049570730768,0.0,23102.0,0.0,0.0,380816.0,15955.0,0.0,106.28,0.0,0.0,4163.421504765,178.45,0.06666666666666667,0,0,1,0,0,0,0.9941098647022418,0.10837701279187609,0.21547731504673012,-0.976508846196619,0,0.0,0.0,0.0,0.0,Train
2021-02-15,204,17703.998067337,86.78430425165196,0.0,35979.0,0.0,0.0,441693.0,16708.0,0.0,108.56,0.0,0.0,4368.415353204,188.43,0.06745098039215686,0,0,0,0,0,0,0.9958270335100595,0.09126072172931188,0.18175978759137534,-0.9833429613388902,0,0.0,0.0,0.0,0.0,Train
2021-02-16,127,12343.993734706,97.19680106067717,0.0,20737.0,0.0,0.0,456723.0,21831.0,0.0,96.33,0.0,0.0,4410.587796971,256.14,0.06823529411764706,0,0,0,0,1,0,0.9972495210773451,0.07411742515094437,0.14782713347053048,-0.9890132145779883,0,0.0,0.0,0.0,0.0,Train
2021-02-17,135,13344.400517454,98.84741124039999,0.0,16441.0,0.0,0.0,380816.0,27865.0,0.0,102.13,0.0,0.0,3945.717822435,364.66,0.06901960784313725,0,0,0,0,0,1,0.998376906467142,0.056952196034039754,0.11371951458594969,-0.9935128947338007,0,0.0,0.0,0.0,0.0,Train
2021-02-18,118,13072.199326281,110.78135022272033,0.0,22734.0,0.0,0.0,378924.0,26664.0,0.0,86.43,0.0,0.0,4298.975246063,409.14,0.06980392156862746,0,0,0,1,0,0,0.9992088560679753,0.03977011384605572,0.07947729992362097,-0.9968366760893436,0,0.0,0.0,0.0,0.0,Train
2021-02-19,107,11881.023649285,111.03760419892524,0.0,16204.0,0.0,0.0,415418.0,24763.0,0.0,82.03,0.0,0.0,4462.855664748,379.84,0.07058823529411765,1,0,0,0,0,0,0.9997451236925734,0.022576263041545485,0.04514101777397193,-0.9989806246941579,0,0.0,0.0,0.0,0.0,Train
2021-02-20,152,16125.989593238,106.09203679761842,0.0,18347.0,0.0,0.0,471495.0,22323.0,0.0,104.31,0.0,0.0,4842.391980276,345.07,0.07137254901960784,0,1,0,0,0,0,0.9999855506507186,0.005375731557583884,0.01075130776352193,-0.9999422030204416,0,0.0,0.0,0.0,0.0,Train
2021-02-21,145,15691.994240236,108.22064993266207,0.0,16839.0,0.0,0.0,500612.0,22542.0,0.0,109.14,0.0,0.0,5248.827485057,352.6,0.07215686274509804,0,0,1,0,0,0,0.9999300657962057,-0.011826390691832589,-0.023651127245231586,-0.9997202729664083,0,0.0,0.0,0.0,0.0,Train
2021-02-22,121,12902.006582736,106.62815357633058,0.0,16282.0,0.0,0.0,508623.0,25420.0,0.0,115.83,0.0,0.0,4828.79992137,339.28,0.07294117647058823,0,0,0,0,0,0,0.9995786855478958,-0.029025013321975237,-0.05802556932878035,-0.9983150972033183,0,0.0,0.0,0.0,0.0,Train
2021-02-23,162,15364.004314831,94.83953280759876,0.0,15562.0,0.0,0.0,493912.0,22411.0,0.0,72.79,0.0,0.0,4957.994985899,313.83,0.07372549019607844,0,0,0,0,1,0,0.9989315138848577,-0.046215046983708354,-0.09233133369539122,-0.9957283388645872,0,0.0,0.0,0.0,0.0,Train
2021-02-24,145,14558.004362325,100.400030085,0.0,22983.0,0.0,0.0,464472.0,19235.0,0.0,113.51,0.0,0.0,5502.351556822,283.48,0.07450980392156863,0,0,0,0,0,1,0.9979887423155984,-0.06339140486951038,-0.12652781683868314,-0.9919630595773397,0,0.0,0.0,0.0,0.0,Train
2021-02-25,187,17256.515705148,92.28083264785026,0.0,17672.0,0.0,0.0,437739.0,21833.0,0.0,108.45,0.0,0.0,5451.868330178,311.06,0.07529411764705882,0,0,0,1,0,0,0.9967506498213929,-0.08054900421874167,-0.16057454459499376,-0.9870237158387383,0,0.0,0.0,0.0,0.0,Train
2021-02-26,151,12022.010633587,79.61596446084106,0.0,15731.0,0.0,0.0,333112.0,15269.0,0.0,70.66,0.0,0.0,5358.197712191,249.08,0.07607843137254902,1,0,0,0,0,0,0.9952176027737294,-0.09768276782171598,-0.19443122004766195,-0.9809161537413774,0,0.0,0.0,0.0,0.0,Train
2021-02-27,174,18739.986191872,107.7010700682299,0.0,18075.0,0.0,0.0,359026.0,21583.0,0.0,120.11,0.0,0.0,5564.034324694,344.1,0.07686274509803921,0,1,0,0,0,0,0.9933900548258936,-0.11478762552212701,-0.2280577712215198,-0.9736476020539838,0,0.0,0.0,0.0,0.0,Train
2021-02-28,211,19868.008523205,94.16117783509479,0.0,15457.0,0.0,0.0,483242.0,15363.0,0.0,100.38,0.0,0.0,6470.529913387,285.66,0.07764705882352942,0,0,1,0,0,0,0.9912685467787256,-0.13185851571739118,-0.2614143985111562,-0.965226663665613,0,0.0,0.0,0.0,0.0,Train
2021-03-01,209,19477.021854544,93.19149212700479,0.0,14188.0,0.0,0.0,513156.0,15610.0,0.0,86.71,0.0,0.0,6330.466441718,243.557857999,0.0784313725490196,0,0,0,0,0,0,0.9888537064205885,-0.1488903868564548,-0.2944616217868012,-0.9556633054034704,0,0.0,0.0,0.0,0.0,Train
2021-03-02,171,16283.999313943,95.22806616340937,0.0,14028.0,0.0,0.0,553027.0,23999.0,0.0,84.94,0.0,0.0,6474.001477368,302.566655095,0.0792156862745098,0,0,0,0,1,0,0.986146248341595,-0.16587819893463143,-0.3271603271220951,-0.9449688462364056,0,0.0,0.0,0.0,0.0,Train
2021-03-03,183,19993.004978231,109.25139332366668,0.0,15444.0,0.0,0.0,446685.0,18655.0,0.0,97.87,0.0,0.0,6298.688312451,280.063355128,0.08,0,0,0,0,0,1,0.9831469737221499,-0.1828169249850199,-0.3594718130884232,-0.9331559438780432,0,0.0,0.0,0.0,0.0,Train
2021-03-04,181,17800.997828999,98.34805430386187,0.0,7204.0,0.0,0.0,525252.0,8072.0,0.0,47.09,0.0,0.0,7748.261837731,161.732850289,0.08078431372549019,0,0,0,1,0,0,0.9798567700958665,-0.1997015525660636,-0.3913578365610259,-0.9202385798054075,0,0.0,0.0,0.0,0.0,Train
2021-03-05,138,14186.198395461,102.79853909754348,0.0,0.0,0.0,0.0,459730.0,21255.0,0.0,0.0,0.0,0.0,6629.711844127,326.130162862,0.0815686274509804,1,0,0,0,0,0,0.9762766110869321,-0.21652708524481437,-0.4227806579826773,-0.9062320427107697,0,0.0,0.0,0.0,0.0,Train
2021-03-06,175,19337.999873513,110.50285642007428,0.0,17353.0,0.0,0.0,512614.0,9571.0,0.0,98.35,0.0,0.0,8485.774602683,201.995057343,0.08235294117647059,0,1,0,0,0,0,0.9724075561219968,-0.23328854407545518,-0.45370308603134424,-0.8911529104063088,0,0.0,0.0,0.0,0.0,Train
2021-03-07,177,19083.990493674,107.81915533149152,0.0,45469.0,0.0,0.0,253793.0,19980.0,0.0,227.53,0.0,0.0,3747.337932573,419.942773138,0.08313725490196078,0,0,1,0,0,0,0.9682507501166718,-0.2499809690726521,-0.48408852163897587,-0.8750190302029955,0,0.0,0.0,0.0,0.0,Train
2021-03-08,148,13325.007688026,90.0338357299054,0.0,16197.0,0.0,0.0,222505.0,18827.0,0.0,119.41,0.0,0.0,3135.243784049,337.930948733,0.08392156862745098,0,0,0,0,0,0,0.9638074231367307,-0.26659942067929354,-0.5139010013093103,-0.8578494977869301,0,0.0,0.0,0.0,0.0,Train
2021-03-09,165,18284.458281998,110.81489867877575,0.0,16266.0,0.0,0.0,160107.0,9701.0,0.0,100.35,0.0,0.0,2299.829334024,167.921859911,0.08470588235294117,0,0,0,0,1,0,0.9590788900341131,-0.28313898122818354,-0.5431052396834317,-0.8396646346181327,0,0.0,0.0,0.0,0.0,Train
2021-03-10,131,17112.016339908,130.62607893059544,543.0,16108.0,0.0,0.0,141253.0,12233.0,55.72892197,74.94,0.0,0.0,2059.693275782,185.624562389,0.08549019607843138,0,0,0,0,0,1,0.9540665500578387,-0.2995947563972602,-0.5716666713027052,-0.8204859638785327,0,0.0,0.0,0.0,0.0,Train
2021-03-11,99,9559.007006445,96.55562632772727,761.0,19327.0,0.0,0.0,203385.0,13792.0,51.23197014,119.52,0.0,0.0,2682.190970844,191.475473172,0.08627450980392157,0,0,0,1,0,0,0.9487718864399473,-0.31596187665790293,-0.5995514915196489,-0.8003361849976323,0,0.0,0.0,0.0,0.0,Train
2021-03-12,127,12243.006102831,96.401622856937,529.0,12681.0,0.0,0.0,187300.0,8975.0,46.003474545,73.7,0.0,0.0,2636.240212118,180.116710411,0.08705882352941176,1,0,0,0,0,0,0.9431964659565866,-0.33223549871590435,-0.6267266965083301,-0.7792391467859886,0,0.0,0.0,0.0,0.0,Train
2021-03-13,156,16600.991732361,106.41661366898076,760.0,18973.0,0.0,0.0,295041.0,7787.0,53.343236024,116.23,0.0,0.0,4260.332660178,176.592675304,0.08784313725490196,0,1,0,0,0,0,0.9373419384643772,-0.3484108069446808,-0.65316012232693,-0.7572198192083127,0,0.0,0.0,0.0,0.0,Train
2021-03-14,158,16277.993111557,103.0252728579557,561.0,16867.0,0.0,0.0,234467.0,14922.0,49.776430942,108.72,0.0,0.0,3187.121575896,230.60364351,0.08862745098039215,0,0,1,0,0,0,0.9312100364121947,-0.3644830148102912,-0.6788204829862355,-0.734304263829602,0,0.0,0.0,0.0,0.0,Train
2021-03-15,171,20316.497724322,118.80992821240935,754.0,15054.0,0.0,0.0,262981.0,21295.0,51.99385088,99.45,0.0,0.0,3140.624171242,316.778792417,0.08941176470588236,0,0,0,0,0,0,0.9248025743285089,-0.38044736628785164,-0.7036774074790128,-0.7105196029692745,0,0.0,0.0,0.0,0.0,Train
2021-03-16,147,13430.485897283,91.36384964138095,766.0,14267.0,0.0,0.0,223958.0,14598.0,49.347066823,67.29,0.0,0.0,3020.171354964,229.492097749,0.09019607843137255,0,0,0,0,1,0,0.9181214482844365,-0.39629913726891813,-0.7277014757264236,-0.6858939875998223,0,0.0,0.0,0.0,0.0,Train
2021-03-17,137,13640.001422544,99.5620541791533,883.0,18429.0,0.0,0.0,186574.0,12656.0,49.198157174,109.97,0.0,0.0,2827.239363511,213.695303688,0.09098039215686274,0,0,0,0,0,1,0.9111686353326631,-0.41203363695942635,-0.7508642533989489,-0.6604565640279754,0,0.0,0.0,0.0,0.0,Train
2021-03-18,141,14172.01864389,100.51077052404256,682.0,17413.0,0.0,0.0,297953.0,17071.0,51.49329691,120.82,0.0,0.0,3082.569970363,216.131786116,0.09176470588235294,0,0,0,1,0,0,0.9039461929224011,-0.42764620926777464,-0.7731383255706026,-0.6342374393978054,0,0.0,0.0,0.0,0.0,Train
2021-03-19,126,13555.499092153,107.58332612819842,509.0,11758.0,0.0,0.0,279198.0,17324.0,49.406945976,75.46,0.0,0.0,2760.564292743,210.623837622,0.09254901960784313,1,0,0,0,0,0,0.8964562582905575,-0.44313223418263453,-0.7944973291665992,-0.6072676460566135,0,0.0,0.0,0.0,0.0,Train
2021-03-20,96,10719.985758386,111.66651831652082,634.0,18160.0,0.0,0.0,201547.0,25409.0,48.512252385,126.39,0.0,0.0,2949.999896691,334.96410426,0.09333333333333334,0,1,0,0,0,0,0.8887010478292915,-0.45848712914008766,-0.8149159841660791,-0.5795791048257612,0,0.0,0.0,0.0,0.0,Train
2021-03-21,187,19826.997594215,106.02672510275401,580.0,15714.0,0.0,0.0,313975.0,18608.0,49.899386167,107.11,0.0,0.0,3479.294526689,228.477818923,0.09411764705882353,0,0,1,0,0,0,0.8806828564301475,-0.47370635037968,-0.8343701235229537,-0.5512045872199277,0,0.0,0.0,0.0,0.0,Train
2021-03-22,139,15352.005216536,110.44608069450359,578.0,16664.0,0.0,0.0,222628.0,17267.0,50.007213775,81.8169706,0.0,0.0,2855.103086046,218.743287294,0.09490196078431372,0,0,0,0,0,0,0.8724040568049612,-0.48878539428899265,-0.8528367217694595,-0.522177676659508,0,0.0,0.0,0.0,0.0,Train
2021-03-23,138,16122.003374598,116.82611141013044,703.0,15519.0,0.0,0.0,283221.0,26194.0,51.265426386,104.24,0.0,0.0,3154.936990835,241.347414003,0.09568627450980392,0,0,0,0,1,0,0.8638670987837349,-0.503719798736334,-0.8702939222685674,-0.49253272872205434,0,0.0,0.0,0.0,0.0,Train
2021-03-24,100,10417.005759868,104.17005759867999,1014.0,16317.0,0.0,0.0,193980.0,15210.0,49.47753799,109.69,0.0,0.0,2612.018368251,181.717826829,0.09647058823529411,0,0,0,0,0,1,0.8550745085896932,-0.518505144391157,-0.886721063082993,-0.46230483047981086,0,0.0,0.0,0.0,0.0,Train
2021-03-25,135,13562.000699877,100.45926444353334,633.0,13128.0,0.0,0.0,199367.0,20349.0,48.972435154,96.51,0.0,0.0,2561.075128424,221.030433056,0.09725490196078432,0,0,0,1,0,0,0.8460288880917339,-0.533137056031809,-0.9020987014301837,-0.43152975897147144,0,0.0,0.0,0.0,0.0,Train
2021-03-26,163,17719.999194163,108.71165149793251,580.0,11964.0,0.0,0.0,257833.0,14078.0,50.078144647,58.61,0.0,0.0,3199.074646938,171.193053924,0.09803921568627451,1,0,0,0,0,0,0.8367329140344921,-0.5476112038402312,-0.9164086366943458,-0.4002439388573056,0,0.0,0.0,0.0,0.0,Train
2021-03-27,175,18677.012595111,106.72578625777713,458.0,16504.0,0.0,0.0,273063.0,20774.0,47.321267467,148.51,0.0,0.0,3561.802251231,267.164588701,0.0988235294117647,0,1,0,0,0,0,0.8271893372462497,-0.5619233046832195,-0.9296339319682695,-0.3684843993077793,0,0.0,0.0,0.0,0.0,Train
2021-03-28,181,21324.967862492,117.81750200271824,585.0,15808.0,0.0,0.0,211409.0,25470.0,45.792792448,103.55,0.0,0.0,2339.419809043,328.548000503,0.0996078431372549,0,0,1,0,0,0,0.8174009818249189,-0.5760691233798758,-0.9417589340994617,-0.33628873017668287,0,0.0,0.0,0.0,0.0,Train
2021-03-29,176,16936.000091613,96.22727324780114,583.0,14812.0,0.0,0.0,144461.0,18724.0,50.855856542,104.12,0.0,0.0,1771.377964294,229.867904849,0.1003921568627451,0,0,0,0,0,0,0.8073707443023492,-0.5900444739548627,-0.9527692922168511,-0.30369503751065885,0,0.0,0.0,0.0,0.0,Train
2021-03-30,137,13779.394408847,100.57952123245985,519.0,13397.0,0.0,0.0,132139.0,18893.0,38.695425423,68.89,0.0,0.0,1835.850861359,255.178255772,0.1011764705882353,0,0,0,0,1,0,0.7971015927871943,-0.6038452208771035,-0.9626519747161487,-0.2707418984477642,0,0.0,0.0,0.0,0.0,Train
2021-03-31,121,12350.015115944,102.06624062763636,532.0,16590.0,0.0,0.0,152379.0,18531.0,43.54365487,118.03,0.0,0.0,1902.784472557,253.774057636,0.10196078431372549,0,0,0,0,0,1,0.7865965660866021,-0.6174672802835514,-0.97139528468375,-0.23746831555846842,0,0.0,0.0,0.0,0.0,Train
2021-04-01,129,14301.001815631,110.86047919093798,732.0,14688.0,0.0,0.0,158747.0,20760.0,48.751017209,76.47,0.0,0.0,1818.894527254,303.498789504,0.1027450980392157,0,0,0,1,0,0,0.7758587728069828,-0.6309066211876704,-0.9789888737409319,-0.20391367068311472,0,0.0,0.0,0.0,0.0,Train
2021-04-02,110,12466.007218557,113.32733835051819,586.0,15382.0,0.0,0.0,174199.0,19942.0,47.824507178,102.83,0.0,0.0,1879.424746631,286.071261563,0.10352941176470588,1,0,0,0,0,0,0.7648913904341226,-0.6441592666722685,-0.9854237542919524,-0.17011767832049052,0,0.0,0.0,0.0,0.0,Train
2021-04-03,112,11437.98051523,102.12482602883928,534.0,22174.0,0.0,0.0,160901.0,17509.0,50.306236885,128.19,0.0,0.0,1995.957488915,264.378497018,0.10431372549019607,0,1,0,0,0,0,0.753697664392914,-0.6572212950663319,-0.9906923101615609,-0.13612033862266704,0,0.0,0.0,0.0,0.0,Train
2021-04-04,136,14398.987957842,105.87491145472059,717.0,26477.0,0.0,0.0,186582.0,20648.0,67.856250257,140.8,0.0,0.0,2061.892261283,256.461271494,0.10509803921568628,0,0,1,0,0,0,0.742280907086982,-0.6700888411055113,-0.994788305609327,-0.10196189005174576,0,0.0,0.0,0.0,0.0,Train
2021-04-05,140,15932.032212188,113.80023008705714,778.0,25345.0,0.0,0.0,203159.0,22225.0,72.51048345,134.37,0.0,0.0,2041.363422491,233.711691247,0.10588235294117647,0,0,0,0,0,0,0.7306444969184916,-0.6827580970759147,-0.9977068927101168,-0.06768276175455162,0,0.0,0.0,0.0,0.0,Train
2021-04-06,155,16162.983864041,104.27731525187743,832.0,21368.0,0.0,0.0,309584.0,21198.0,69.38653434,127.11,0.0,0.0,3719.057218209,240.642833951,0.10666666666666667,0,0,0,0,1,0,0.7187918772884232,-0.6952253139408722,-0.9994446170919858,-0.033323525711631344,0,0.0,0.0,0.0,0.0,Train
2021-04-07,113,10817.006171364,95.72571833065487,550.0,21599.0,0.0,0.0,190943.0,16870.0,67.267225703,153.86,0.0,0.0,2179.655594533,222.281866592,0.10745098039215686,0,0,0,0,0,1,0.7067265555776158,-0.7074868024503348,-0.9999994220246925,0.001075151282798226,0,0.0,0.0,0.0,0.0,Train
2021-04-08,110,10591.018112968,96.28198284516364,1094.0,21126.0,0.0,0.0,160540.0,16792.0,94.186489805,123.37,0.0,0.0,2003.781447977,253.162339404,0.10823529411764705,0,0,0,1,0,0,0.6944521021088763,-0.719538934232584,-0.9993706508539969,0.03547255575312556,0,0.0,0.0,0.0,0.0,Train
2021-04-09,122,10209.987689264,83.6884236824918,992.0,20797.0,0.0,0.0,216828.0,18571.0,89.19636204,117.11,0.0,0.0,2075.619205646,262.888854889,0.10901960784313726,1,0,0,0,0,0,0.6819721490904629,-0.7313781428679254,-0.9975590477788613,0.06982797572987089,0,0.0,0.0,0.0,0.0,Train
2021-04-10,119,13940.006343957,117.14291045342017,880.0,25610.0,0.0,0.0,178883.0,21054.0,75.551371938,161.93,0.0,0.0,1810.397786875,295.489306203,0.10980392156862745,0,1,0,0,0,0,0.6692903895412567,-0.7430009249440493,-0.9945667569706337,0.1041007489354256,0,0.0,0.0,0.0,0.0,Train
2021-04-11,168,16720.001771256,99.523820067,961.0,22021.0,0.0,0.0,275591.0,27482.0,90.158943291,146.38,0.0,0.0,2559.185029088,324.515401338,0.11058823529411765,0,0,1,0,0,0,0.6564105761979381,-0.7544038410927472,-0.9903973200352558,0.1382503109109819,0,0.0,0.0,0.0,0.0,Train
2021-04-12,133,13536.007195707,101.77449019328571,907.0,22908.0,0.0,0.0,526200.0,35427.0,79.756605277,178.94,0.0,0.0,2954.462768407,288.873840337,0.11137254901960784,0,0,0,0,0,0,0.6433365204044917,-0.765583517007675,-0.9850556718215013,0.172236243027682,0,0.0,0.0,0.0,0.0,Train
2021-04-13,160,19443.001762202,121.51876101376249,977.0,19290.0,0.0,0.0,1541984.0,99351.0,103.691657248,152.66,0.0,0.0,5948.337416159,331.232779169,0.11215686274509803,0,0,0,0,1,0,0.6300720909843687,-0.7765366444428655,-0.9785481345802031,0.20601832032517084,0,0.0,0.0,0.0,0.0,Train
2021-04-14,158,14939.104362745,94.55129343509493,953.0,21954.0,0.0,0.0,301291.0,26745.0,67.082178073,118.98,0.0,0.0,2168.545734163,227.318588255,0.11294117647058824,0,0,0,0,0,1,0.6166212130956382,-0.7872599821916922,-0.9708824104813836,0.23955655912092708,0,0.0,0.0,0.0,0.0,Train
2021-04-15,119,14011.99823416,117.74788432067227,956.0,30039.0,0.0,0.0,192155.0,19260.0,42.602521639,193.4,0.0,0.0,2251.100954439,237.815277452,0.11372549019607843,0,0,0,1,0,0,0.6029878670694714,-0.7977503570459932,-0.9620675724981452,0.27281126433401914,0,0.0,0.0,0.0,0.0,Train
2021-04-16,123,13390.003357193,108.86181591213821,1094.0,24769.0,0.0,0.0,233272.0,35159.0,74.762451383,140.92,0.0,0.0,2473.670676001,348.802658457,0.11450980392156863,1,0,0,0,0,0,0.5891760872322963,-0.8080046647350754,-0.9521140536681102,0.3057430764672831,0,0.0,0.0,0.0,0.0,Train
2021-04-17,138,14675.01305657,106.34067432297101,1369.0,37173.0,0.0,0.0,267720.0,40821.0,56.91646122,296.52,0.0,0.0,2992.529208106,404.21533302,0.11529411764705882,0,1,0,0,0,0,0.5751899607119775,-0.8180198708443175,-0.9410336347451197,0.3383130181923076,0,0.0,0.0,0.0,0.0,Train
2021-04-18,158,17301.987711902,109.5062513411519,1455.0,32852.0,0.0,0.0,322199.0,46393.0,106.784204608,249.29,0.0,0.0,3427.901705202,393.473244965,0.11607843137254902,0,0,1,0,0,0,0.5610336262283677,-0.8277930117131022,-0.9288394302558068,0.3704825404820963,0,0.0,0.0,0.0,0.0,Train
2021-04-19,133,13013.00560301,97.84214739105263,1151.0,33426.0,0.0,0.0,294613.0,39128.0,51.2939602,225.97,0.0,0.0,3357.967449702,360.296773156,0.11686274509803922,0,0,0,0,0,0,0.5467112728685939,-0.8373211953118121,-0.9155458729775467,0.40221356823680365,0,0.0,0.0,0.0,0.0,Train
2021-04-20,143,14416.997869424,100.81816691904895,1000.0,29903.0,0.0,0.0,234763.0,26554.0,53.942816378,222.86,0.0,0.0,2856.175434122,310.539115171,0.11764705882352941,0,0,0,0,1,0,0.5322271388474397,-0.8466016020976267,-0.9011686968561569,0.4334685453485363,0,0.0,0.0,0.0,0.0,Train
2021-04-21,127,12646.991479456,99.5826100744567,1088.0,32226.0,0.0,0.0,203306.0,25427.0,43.941420391,214.51,0.0,0.0,2234.614987426,316.021415721,0.11843137254901961,0,0,0,0,0,1,0.5175855102531889,-0.8556314858488706,-0.8857249183835637,0.4642104791518923,0,0.0,0.0,0.0,0.0,Train
2021-04-22,135,11675.002719458,86.48150162561481,1117.0,26099.0,0.0,0.0,184734.0,27455.0,70.4897189,172.27,0.0,0.0,2216.236142562,328.536888734,0.1192156862745098,0,0,0,1,0,0,0.5027907197793043,-0.8644081744776648,-0.8692328164574792,0.49440298420761813,0,0.0,0.0,0.0,0.0,Train
2021-04-23,114,11385.99306473,99.87713214675439,1010.0,19482.0,0.0,0.0,186727.0,21735.0,46.947856404,110.69,0.0,0.0,2292.981072936,312.696826109,0.12,1,0,0,0,0,0,0.4878471454423119,-0.8729290708206411,-0.8517119107469189,0.5240103253675756,0,0.0,0.0,0.0,0.0,Train
2021-04-24,114,12631.986786639,110.80690163718421,1256.0,30660.0,0.0,0.0,186700.0,19600.0,59.734738023,268.66,0.0,0.0,2538.517151957,308.782663521,0.1207843137254902,0,1,0,0,0,0,0.47275920928627757,-0.881191653407483,-0.8331829385891785,0.5529974600700271,0,0.0,0.0,0.0,0.0,Train
2021-04-25,136,12440.992922165,91.47788913356618,1251.0,30738.0,0.0,0.0,188519.0,20226.0,100.635518939,206.24,0.0,0.0,2503.814230388,350.3317155,0.12156862745098039,0,0,1,0,0,0,0.4575313760742512,-0.8891934772070711,-0.8136678304455991,0.5813300798152042,0,0.0,0.0,0.0,0.0,Train
2021-04-26,111,11500.995161452,103.61256902209009,1279.0,33737.0,0.0,0.0,154992.0,14212.0,90.729077863,253.98,0.0,0.0,1836.079728999,214.65915067,0.1223529411764706,0,0,0,0,0,0,0.44216815196707204,-0.8969321743510065,-0.7931896839451843,0.6089746507720486,0,0.0,0.0,0.0,0.0,Train
2021-04-27,125,11164.004310109,89.312034480872,1169.0,38557.0,0.0,0.0,149908.0,11847.0,93.889178329,316.56,0.0,0.0,1848.594334086,188.664617522,0.12313725490196079,0,0,0,0,1,0,0.42667408318992467,-0.9044054548343001,-0.7717727365467837,0.6358984534680745,0,0.0,0.0,0.0,0.0,Train
2021-04-28,85,8169.99942479,96.11764029164706,985.0,45081.0,0.0,0.0,126474.0,12904.0,67.863860884,388.05,0.0,0.0,1583.631213945,196.605428717,0.12392156862745098,0,0,0,0,0,1,0.4110537546870351,-0.9116111071930239,-0.7494423368521953,0.6620696215153815,0,0.0,0.0,0.0,0.0,Train
2021-04-29,99,9577.013463397,96.73750973128283,650.0,37349.0,0.0,0.0,119326.0,18988.0,41.98573747,266.38,0.0,0.0,1547.280400423,294.859661876,0.12470588235294118,0,0,0,1,0,0,0.3953117887649151,-0.9185469991587165,-0.7262249146041543,0.6874571793269664,0,0.0,0.0,0.0,0.0,Train
2021-04-30,102,10423.004902892,102.18632257737255,1027.0,31816.0,0.0,0.0,130858.0,18357.0,52.71724389,259.58,0.0,0.0,1496.189789542,279.785017654,0.12549019607843137,1,0,0,0,0,0,0.37945284372454435,-0.925211078289358,-0.7021479494046978,0.7120310787787131,0,0.0,0.0,0.0,0.0,Train
2021-05-01,110,10245.992971724,93.14539065203635,1177.0,45047.0,0.0,0.0,120330.0,16072.0,82.491536599,352.19,0.0,0.0,1386.650475393,246.211854637,0.12627450980392158,0,1,0,0,0,0,0.36348161248290634,-0.9316013725767187,-0.6772399381909491,0.7357622347736527,0,0.0,0.0,0.0,0.0,Train
2021-05-02,110,10840.010978994,98.5455543544909,1354.0,46799.0,0.0,0.0,111871.0,16853.0,79.695071612,391.81,0.0,0.0,1340.340553019,251.887457244,0.12705882352941175,0,0,1,0,0,0,0.3474028211842774,-0.9377159910299093,-0.6515303615068021,0.75862255966641,0,0.0,0.0,0.0,0.0,Train
2021-05-03,92,8602.987176753,93.51073018209783,1281.0,51399.0,0.0,0.0,101727.0,18667.0,88.151054685,394.75,0.0,0.0,1108.629282936,241.869311007,0.12784313725490196,0,0,0,0,0,0,0.3312212278016865,-0.9435531242349544,-0.6250496486104377,0.7805849965070866,0,0.0,0.0,0.0,0.0,Train
2021-05-04,93,7978.998099749,85.79567849192473,1120.0,30736.0,0.0,0.0,66246.0,18186.0,63.439994664,241.61,0.0,0.0,997.684294956,238.728887573,0.12862745098039216,0,0,0,0,1,0,0.31494162072895193,-0.9491110448902284,-0.5978291414589552,0.801623551065242,0,0.0,0.0,0.0,0.0,Train
2021-05-05,90,8100.992036739,90.01102263043333,1499.0,28537.0,0.0,0.0,94297.0,15673.0,112.925790717,193.02,0.0,0.0,1256.007320341,202.227240995,0.12941176470588237,0,0,0,0,0,1,0.2985688173637202,-0.9543881083175908,-0.5699010576127624,0.821713322596059,0,0.0,0.0,0.0,0.0,Train
2021-05-06,91,7170.983425208,78.80201566162637,1555.0,20574.0,0.0,0.0,98892.0,12332.0,143.631614285,161.46,0.0,0.0,1450.049976546,178.640138174,0.13019607843137254,0,0,0,1,0,0,0.2821076626819194,-0.9593827529490743,-0.5412984521036173,0.8408305333122887,0,0.0,0.0,0.0,0.0,Train
2021-05-07,99,9702.007523218,98.00007599210102,1612.0,11427.0,0.0,0.0,90085.0,9815.0,121.28389352,38.73,0.0,0.0,1455.06559025,175.332721115,0.13098039215686275,1,0,0,0,0,0,0.26556302780405594,-0.9640935007889755,-0.5120551783114646,0.8589525565270845,0,0.0,0.0,0.0,0.0,Train
2021-05-08,96,9648.994884148,100.51036337654166,2208.0,12870.0,0.0,0.0,99859.0,8060.0,190.954925932,55.54,0.0,0.0,1547.604425935,155.134819099,0.13176470588235295,0,1,0,0,0,0,0.24893980855376657,-0.9685189578512204,-0.4822058478963526,0.8760579434344281,0,0.0,0.0,0.0,0.0,Train
2021-05-09,85,8059.985622969,94.82336027022353,1671.0,13622.0,0.0,0.0,98310.0,10414.0,123.439912238,39.18,0.0,0.0,1506.117807408,173.613410972,0.13254901960784313,0,0,1,0,0,0,0.23224292400907015,-0.9726578145718654,-0.451785789832884,0.8921264484954345,0,0.0,0.0,0.0,0.0,Train
2021-05-10,100,9395.010052238,93.95010052238,1564.0,18837.0,0.0,0.0,211611.0,27518.0,141.771073971,81.53,0.0,0.0,1579.752988448,168.521192852,0.13333333333333333,0,0,0,0,0,0,0.21547731504673012,-0.976508846196619,-0.42083100859565564,0.9071390534005044,0,0.0,0.0,0.0,0.0,Train
2021-05-11,88,7773.98802404,88.34077300045455,1650.0,16289.0,0.0,0.0,131203.0,9331.0,126.637369609,66.18,0.0,0.0,1342.517117698,150.432495979,0.13411764705882354,0,0,0,0,1,0,0.19864794288017112,-0.9800709131432666,-0.3893781415452015,0.9210779895789526,0,0.0,0.0,0.0,0.0,Train
2021-05-12,96,7791.998067249,81.16664653384375,2052.0,14418.0,0.0,0.0,103661.0,16659.0,156.778348421,59.99,0.0,0.0,1421.761662869,213.930013201,0.1349019607843137,0,0,0,0,0,1,0.18175978759137534,-0.9833429613388902,-0.3574644155648614,0.9339267592294762,0,0.0,0.0,0.0,0.0,Train
2021-05-13,86,8583.994534639,99.81388993766278,1747.0,14480.0,0.0,0.0,94988.0,13155.0,147.465376623,63.35,0.0,0.0,1360.157560056,190.933219855,0.13568627450980392,0,0,0,1,0,0,0.16481784665719793,-0.9863240225317866,-0.3251276029999093,0.9456701548465688,0,0.0,0.0,0.0,0.0,Train
2021-05-14,87,9250.012498695,106.32198274362068,1791.0,10952.0,0.0,0.0,87304.0,14517.0,103.283677833,51.77,0.0,0.0,1245.639627727,221.754307179,0.13647058823529412,1,0,0,0,0,0,0.14782713347053048,-0.9890132145779883,-0.29240597695107734,0.9562942772197719,0,0.0,0.0,0.0,0.0,Train
2021-05-15,97,9500.987551871,97.94832527702061,1970.0,13455.0,0.0,0.0,91914.0,17289.0,175.504746795,50.51,0.0,0.0,1308.326808591,243.064853649,0.13725490196078433,0,1,0,0,0,0,0.13079267585675922,-0.9914097417023038,-0.2593382659754056,0.9657865518844574,0,0.0,0.0,0.0,0.0,Train
2021-05-16,138,13412.014519607,97.18851101164493,1714.0,15625.0,0.0,0.0,105705.0,19452.0,163.330625826,74.33,0.0,0.0,1410.808525498,263.556252039,0.1380392156862745,0,0,1,0,0,0,0.11371951458594969,-0.9935128947338007,-0.22596360824801906,0.974135744004672,0,0.0,0.0,0.0,0.0,Train
2021-05-17,105,10140.003669948,96.57146352331429,2468.0,17442.0,0.0,0.0,109595.0,13665.0,201.408776663,61.52,0.0,0.0,1326.021014719,226.225202519,0.1388235294117647,0,0,0,0,0,0,0.0966127018812031,-0.9953220513156602,-0.19232150523909483,0.9813319716704275,0,0.0,0.0,0.0,0.0,Train
2021-05-18,93,9456.999247322,101.68816394969893,2610.0,15267.0,0.0,0.0,101523.0,11557.0,181.641524356,42.21,0.0,0.0,1447.789493973,223.62148898,0.1396078431372549,0,0,0,0,1,0,0.07947729992362097,-0.9968366760893436,-0.15845177496083632,0.9873667175937016,0,0.0,0.0,0.0,0.0,Train
2021-05-19,92,8505.001670103,92.44567032720651,2153.0,15230.0,0.0,0.0,96023.0,8297.0,193.528638048,71.31,0.0,0.0,1469.260058633,182.177680356,0.1403921568627451,0,0,0,0,0,1,0.062318379354325076,-0.998056320853012,-0.12439450483979998,0.9922328391893008,0,0.0,0.0,0.0,0.0,Train
2021-05-20,77,8166.004665487,106.05200864268832,2364.0,14863.0,0.0,0.0,99325.0,9120.0,211.420215988,93.65,0.0,0.0,1536.745064548,195.187237626,0.1411764705882353,0,0,0,1,0,0,0.04514101777397193,-0.9989806246941579,-0.09019000427034513,0.9959245770286599,0,0.0,0.0,0.0,0.0,Train
2021-05-21,94,10233.001615392,108.86171931268086,2506.0,11937.0,0.0,0.0,94317.0,10047.0,177.685941389,59.62,0.0,0.0,1474.309371096,199.318356245,0.1419607843137255,1,0,0,0,0,0,0.02795029824021032,-0.999609314096404,-0.05587875690537313,0.9984375616565666,0,0.0,0.0,0.0,0.0,Train
2021-05-22,86,8449.007074693,98.24426831038372,2143.0,17265.0,0.0,0.0,99911.0,11852.0,203.730426492,91.23,0.0,0.0,1596.273715535,219.044986235,0.14274509803921567,0,1,0,0,0,0,0.01075130776352193,-0.9999422030204416,-0.021501372740813793,0.999768818762748,0,0.0,0.0,0.0,0.0,Train
2021-05-23,90,9025.978991372,100.28865545968888,2881.0,23359.0,0.0,0.0,129547.0,12848.0,206.162935674,111.01,0.0,0.0,1897.772074543,244.298175417,0.14352941176470588,0,0,1,0,0,0,-0.00645086419810515,-0.9999791929590823,0.012901459949419653,0.9999167727021953,0,0.0,0.0,0.0,0.0,Train
2021-05-24,121,9877.009892868,81.62818093279338,2764.0,24504.0,0.0,0.0,107296.0,9502.0,203.101447272,91.94,0.0,0.0,1716.406672339,210.817035313,0.14431372549019608,0,0,0,0,0,0,-0.023651127245231586,-0.9997202729664083,0.04728902277113235,0.9988812483600598,0,0.0,0.0,0.0,0.0,Train
2021-05-25,86,8122.993174536,94.45340900623256,2462.0,23279.0,0.0,0.0,126041.0,10866.0,198.622167014,110.32,0.0,0.0,1845.470817224,240.130424901,0.1450980392156863,0,0,0,0,1,0,-0.04084439154329611,-0.9991655196610109,0.08162061540319052,0.9966634713589159,0,0.0,0.0,0.0,0.0,Train
2021-05-26,158,13203.009146131,83.56334902614557,2290.0,26213.0,0.0,0.0,131466.0,12621.0,204.558681138,190.38,0.0,0.0,1921.579776458,283.739765406,0.14588235294117646,0,0,0,0,0,1,-0.05802556932878035,-0.9983150972033183,0.11585560376947847,0.9932660666081418,0,0.0,0.0,0.0,0.0,Train
2021-05-27,154,15297.267123558,99.33290339972727,2338.0,20034.0,0.0,0.0,166280.0,12188.0,200.953485607,78.52,0.0,0.0,2653.331981377,302.029948245,0.14666666666666667,0,0,0,1,0,0,-0.07518957641475855,-0.9971692572470178,0.14995346813244534,0.9886930551971383,0,0.0,0.0,0.0,0.0,Train
2021-05-28,150,14853.993626164,99.02662417442666,2184.0,15072.0,0.0,0.0,165606.0,11229.0,187.74238497,68.73,0.0,0.0,2740.390122548,276.239715749,0.14745098039215687,1,0,0,0,0,0,-0.09233133369539122,-0.9957283388645872,0.18387385105132759,0.9829498496360606,0,0.0,0.0,0.0,0.0,Train
2021-05-29,167,15908.985585722,95.26338674085031,1913.0,20146.0,0.0,0.0,180777.0,13775.0,171.67018643,153.37,0.0,0.0,2934.888174672,312.364268366,0.14823529411764705,0,1,0,0,0,0,-0.10944576864891556,-0.993992768446958,0.21757660514828173,0.9760432474496961,0,0.0,0.0,0.0,0.0,Train
2021-05-30,142,13367.004824478,94.13383679209859,2030.0,19584.0,0.0,0.0,219842.0,17693.0,180.238861174,109.06,0.0,0.0,3226.065489055,340.21673352,0.14901960784313725,0,0,1,0,0,0,-0.12652781683868314,-0.9919630595773397,0.2510218406258827,0.9679814231320734,0,0.0,0.0,0.0,0.0,Train
2021-05-31,209,18755.017615533,89.73692639011006,2506.0,35747.0,0.0,0.0,242079.0,14760.0,176.79317367,315.15,0.0,0.0,3337.655742959,302.930906866,0.14980392156862746,0,0,0,0,0,0,-0.1435724234118113,-0.9896398128792412,0.2841699724797683,0.9587739184713191,0,0.0,0.0,0.0,0.0,Train
2021-06-01,144,13105.82197068,91.01265257416667,2167.0,28289.0,0.0,0.0,169065.0,14297.0,204.727692918,147.18,0.0,0.0,2331.361763829,303.305273509,0.15058823529411763,0,0,0,0,1,0,-0.16057454459499376,-0.9870237158387383,0.31698176735052785,0.9484316312562208,0,0.0,0.0,0.0,0.0,Train
2021-06-02,111,8701.000017064,78.3873875411171,2326.0,19669.0,0.0,0.0,142194.0,12524.0,202.490163919,95.05,0.0,0.0,2303.236269808,297.700751757,0.15137254901960784,0,0,0,0,0,1,-0.17752914918703497,-0.984115542601034,0.34941838995939767,0.936966802377855,0,0.0,0.0,0.0,0.0,Train
2021-06-03,118,11327.013286344,95.9916380198644,1961.0,20956.0,0.0,0.0,158817.0,17523.0,195.957848024,83.68,0.0,0.0,2766.673559969,374.253476877,0.15215686274509804,0,0,0,1,0,0,-0.19443122004766195,-0.9809161537413774,0.3814414490727919,0.9243930013415553,0,0.0,0.0,0.0,0.0,Train
2021-06-04,83,9274.999252783,111.74697894919277,1940.0,13765.0,0.0,0.0,154366.0,19888.0,202.07520126,48.39,0.0,0.0,2533.227540068,358.904749361,0.15294117647058825,1,0,0,0,0,0,-0.2112757555821793,-0.9774264960104055,0.4130130429412807,0.9107251102063585,0,0.0,0.0,0.0,0.0,Train
2021-06-05,101,10008.99685126,99.09897872534654,2739.0,19215.0,0.0,0.0,166819.0,25787.0,196.977032013,86.11,0.0,0.0,2739.350600955,439.750842598,0.15372549019607842,0,1,0,0,0,0,-0.2280577712215198,-0.9736476020539838,0.4440958041592176,0.8959793059709459,0,0.0,0.0,0.0,0.0,Train
2021-06-06,131,12185.008277671,93.01533036390077,2711.0,20687.0,0.0,0.0,174171.0,21905.0,200.731616276,105.08,0.0,0.0,2740.187012638,398.339530684,0.15450980392156863,0,0,1,0,0,0,-0.24477230089725957,-0.9695805901076308,0.47465294389193496,0.8801730414269229,0,0.0,0.0,0.0,0.0,Train
2021-06-07,101,12197.996930807,120.77224683967326,2744.0,23858.0,0.0,0.0,202998.0,22041.0,203.216878406,181.17,0.0,0.0,2668.448964669,377.680461946,0.15529411764705883,0,0,0,0,0,0,-0.2614143985111562,-0.965226663665613,0.5046482954181526,0.8633250245021008,0,0.0,0.0,0.0,0.0,Train
2021-06-08,114,10899.996243427,95.61400213532457,2441.0,20352.0,0.0,0.0,124479.0,25824.0,184.332328655,110.55,0.0,0.0,1749.11705741,385.497677132,0.156078431372549,0,0,0,0,1,0,-0.2779791393987801,-0.9605871111248129,0.5340463569360717,0.8454551961182272,0,0.0,0.0,0.0,0.0,Train
2021-06-09,99,9367.000761383,94.616169306899,1892.0,21154.0,0.0,0.0,107821.0,13510.0,203.817565788,103.39,0.0,0.0,1890.368492806,321.995727267,0.1568627450980392,0,0,0,0,0,1,-0.2944616217868012,-0.9556633054034704,0.5628123335824821,0.8265847065893737,0,0.0,0.0,0.0,0.0,Train
2021-06-10,121,11286.661901219,93.27819753073554,2428.0,18992.0,0.0,0.0,140699.0,21577.0,187.369427995,70.55,0.0,0.0,2391.960793532,406.860271719,0.15764705882352942,0,0,0,1,0,0,-0.3108569682435036,-0.9504567035349151,0.5909121786151564,0.8067358905889147,0,0.0,0.0,0.0,0.0,Train
2021-06-11,110,10518.000585401,95.61818714000908,2295.0,16150.0,0.0,0.0,96879.0,10714.0,159.913076753,55.33,0.0,0.0,2424.553184346,289.651267492,0.1584313725490196,1,0,0,0,0,0,-0.3271603271220951,-0.9449688462364056,0.6183126337097825,0.7859322407147274,0,0.0,0.0,0.0,0.0,Train
2021-06-12,104,9230.000331875,88.75000319110578,2451.0,21169.0,0.0,0.0,77443.0,9476.0,166.066027554,155.39,0.0,0.0,2432.217848684,268.186331938,0.1592156862745098,0,1,0,0,0,0,-0.34336687399638804,-0.939201357453208,0.6449812683237445,0.7641983796838971,0,0.0,0.0,0.0,0.0,Train
2021-06-13,122,12079.982433468,99.01624945465574,3747.0,20876.0,0.0,0.0,101351.0,11536.0,271.93592067,78.52,0.0,0.0,2340.299634101,273.395916249,0.16,0,0,1,0,0,0,-0.3594718130884232,-0.9331559438780432,0.6708865180801582,0.7415600311898435,0,0.0,0.0,0.0,0.0,Train
2021-06-14,121,9777.659312673,80.8071017576281,2262.0,21947.0,0.0,0.0,118705.0,11210.0,233.401234025,96.45,0.0,0.0,1818.785829616,274.742379539,0.1607843137254902,0,0,0,0,0,0,-0.3754703786876202,-0.9268343944460494,0.6959977221267386,0.7180439894563502,0,0.0,0.0,0.0,0.0,Train
2021-06-15,113,11067.991540828,97.94682779493805,1847.0,18805.0,0.0,0.0,136762.0,9656.0,219.771457615,110.44,0.0,0.0,2149.068390085,287.14892112,0.16156862745098038,0,0,0,0,1,0,-0.3913578365610259,-0.9202385798054075,0.7202851594252706,0.6936780875245466,0,0.0,0.0,0.0,0.0,Train
2021-06-16,119,11020.002066841,92.60505938521848,2456.0,17642.0,0.0,0.0,99806.0,8415.0,227.370709986,76.19,0.0,0.0,1697.638955658,232.857371022,0.1623529411764706,0,0,0,0,0,1,-0.4071294853542516,-0.9133704517637858,0.7437200839287408,0.6684911643103645,0,0.0,0.0,0.0,0.0,Train
2021-06-17,114,8921.999110242,78.26315008984211,2761.0,22224.0,0.0,0.0,74504.0,7378.0,210.255521234,145.94,0.0,0.0,1372.767769806,180.114216991,0.1631372549019608,0,0,0,1,0,0,-0.4227806579826773,-0.9062320427107697,0.7662747586044899,0.6425130304714689,0,0.0,0.0,0.0,0.0,Train
2021-06-18,83,7572.994274021,91.24089486772289,1888.0,32544.0,0.0,0.0,51380.0,6813.0,194.630257018,243.6,0.0,0.0,1150.266573628,174.636430352,0.16392156862745097,1,0,0,0,0,0,-0.4383067230125192,-0.898825465016444,0.7879224882631226,0.6157744331240536,0,0.0,0.0,0.0,0.0,Train
2021-06-19,124,11318.00477331,91.27423204282258,1716.0,33720.0,0.0,0.0,68049.0,6792.0,189.102890168,392.66,0.0,0.0,1396.133676339,179.531454999,0.16470588235294117,0,1,0,0,0,0,-0.45370308603134424,-0.8911529104063088,0.8086376511543126,0.5883070194512693,0,0.0,0.0,0.0,0.0,Train
2021-06-20,159,14158.006927711,89.04406872774214,1981.0,39324.0,0.0,0.0,80757.0,8021.0,186.452485281,323.1,0.0,0.0,1508.48718199,184.601133151,0.16549019607843138,0,0,1,0,0,0,-0.46896519100763184,-0.8832166493127127,0.8283957292921138,0.5601432992463508,0,0.0,0.0,0.0,0.0,Train
2021-06-21,222,14762.809253217,66.49914078025675,2274.0,37919.0,0.0,0.0,87824.0,6856.0,203.283378005,272.83,0.0,0.0,1545.842602941,182.044816305,0.16627450980392156,0,0,0,0,0,0,-0.48408852163897587,-0.8750190302029955,0.847173337473877,0.5313166064347815,0,0.0,0.0,0.0,0.0,Train
2021-06-22,219,16148.007469501,73.7351939246621,2025.0,36587.0,0.0,0.0,74700.0,5868.0,195.36080874,272.37,0.0,0.0,1444.063405146,170.094025808,0.16705882352941176,0,0,0,0,1,0,-0.4990686026885319,-0.8665624788845385,0.8649482509584342,0.5018610596210326,0,0.0,0.0,0.0,0.0,Train
2021-06-23,104,9044.208015962,86.96353861501923,1905.0,31252.0,0.0,0.0,71430.0,6239.0,189.82381374,194.78,0.0,0.0,1391.724815235,161.039187234,0.16784313725490196,0,0,0,0,0,1,-0.5139010013093103,-0.8578494977869301,0.8816994317707848,0.4718115217065765,0,0.0,0.0,0.0,0.0,Train
2021-06-24,105,8205.998960313,78.1523710506,2776.0,27455.0,0.0,0.0,74641.0,5712.0,187.443372498,97.88,0.0,0.0,1795.037194668,164.787012274,0.16862745098039217,0,0,0,1,0,0,-0.5285813283559292,-0.8488826652214553,0.8974070536021568,0.44120355862696276,0,0.0,0.0,0.0,0.0,Train
2021-06-25,85,7715.398198399,90.7693905694,2743.0,24073.0,0.0,0.0,68569.0,5627.0,166.562128368,120.59,0.0,0.0,1592.753660671,161.61387803,0.16941176470588235,1,0,0,0,0,0,-0.5431052396834317,-0.8396646346181327,0.912052525275964,0.41007339725680436,0,0.0,0.0,0.0,0.0,Train
2021-06-26,94,8198.599232994,87.21914077653192,2280.0,36346.0,0.0,0.0,76654.0,6835.0,190.731832458,197.11,0.0,0.0,1717.296941706,161.524399906,0.17019607843137255,0,1,0,0,0,0,-0.5574684374327892,-0.8301981337405212,0.9256185127518922,0.3784578825324888,0,0.0,0.0,0.0,0.0,Train
2021-06-27,114,9219.397369058,80.87190674612282,2310.0,41810.0,0.0,0.0,79770.0,7284.0,181.944222966,196.34,0.0,0.0,1674.632614888,177.256697474,0.17098039215686275,0,0,1,0,0,0,-0.5716666713027052,-0.8204859638785327,0.9380889596420647,0.3463944338433696,0,0.0,0.0,0.0,0.0,Train
2021-06-28,97,7886.404729936,81.30314154573196,1905.0,38074.0,0.0,0.0,69047.0,5120.0,153.090648178,241.61,0.0,0.0,1403.060969911,150.960624252,0.17176470588235293,0,0,0,0,0,0,-0.5856957398073508,-0.8105309990194823,0.9494491062150135,0.31392100074304014,0,0.0,0.0,0.0,0.0,Train
2021-06-29,99,7077.799206933,71.49292128215151,2151.0,33707.0,0.0,0.0,37846.0,5976.0,138.234660259,221.79,0.0,0.0,885.034417703,153.669931581,0.17254901960784313,0,0,0,0,1,0,-0.5995514915196489,-0.8003361849976323,0.9596855068649522,0.2810760180331286,0,0.0,0.0,0.0,0.0,Train
2021-06-30,83,5921.197161183,71.33972483353013,644.0,15181.0,0.0,0.0,20596.0,5251.0,70.623967437,56.87,0.0,0.0,561.797915704,135.84018737,0.17333333333333334,0,0,0,0,0,1,-0.6132298262997502,-0.7899045386224707,0.968786046025684,0.24789836027275647,0,0.0,0.0,0.0,0.0,Train
2021-07-01,83,6296.797510142,75.86503024267469,1161.0,8564.0,0.0,0.0,23367.0,7542.0,76.058520965,27.26,0.0,0.0,562.134235895,139.154148345,0.17411764705882352,0,0,0,1,0,0,-0.6267266965083301,-0.7792391467859886,0.9767399525103048,0.21442729576751102,0,0.0,0.0,0.0,0.0,Train
2021-07-02,63,5242.596170432,83.21581222907936,1000.0,8656.0,0.0,0.0,21016.0,6850.0,68.28946391,17.0,0.0,0.0,521.187765101,131.68992453,0.17490196078431372,1,0,0,0,0,0,-0.6400381082043503,-0.7683431655492202,0.9835378122597296,0.18070244009239297,0,0.0,0.0,0.0,0.0,Train
2021-07-03,62,6210.99249431,100.17729829532259,933.0,11992.0,0.0,0.0,78477.0,22480.0,72.812177213,45.35,0.0,0.0,1009.744828007,209.613244385,0.17568627450980392,0,1,0,0,0,0,-0.65316012232693,-0.7572198192083127,0.9891715794849547,0.14676370920373963,0,0.0,0.0,0.0,0.0,Train
2021-07-04,105,9252.804618077,88.12194874359048,924.0,10243.0,0.0,0.0,81144.0,28237.0,73.646923625,25.1,0.0,0.0,1065.303062004,268.201585235,0.17647058823529413,0,0,1,0,0,0,-0.666088855860977,-0.7458723993404063,0.993634586189866,0.11265127219562909,0,0.0,0.0,0.0,0.0,Train
2021-07-05,126,8886.80275254,70.53018057571428,782.0,10322.0,0.0,0.0,74262.0,12027.0,66.076560566,34.8,0.0,0.0,896.721929373,158.133749728,0.1772549019607843,0,0,0,0,0,0,-0.6788204829862355,-0.734304263829602,0.9969215500633253,0.07840550375666766,0,0.0,0.0,0.0,0.0,Train
2021-07-06,129,10002.700945811,77.5403174093876,897.0,10266.0,0.0,0.0,73789.0,16482.0,72.13182835,25.38,0.0,0.0,1031.668660721,205.854689776,0.1780392156862745,0,0,0,0,1,0,-0.6913512362094071,-0.722518835873311,0.9990285807311906,0.044066936383449135,0,0.0,0.0,0.0,0.0,Train
2021-07-07,105,9263.997282319,88.22854554589524,834.0,10822.0,0.0,0.0,106290.0,18640.0,76.948025737,33.11,0.0,0.0,1522.385817556,287.141873675,0.17882352941176471,0,0,0,0,0,1,-0.7036774074790128,-0.7105196029692745,0.999953184360873,0.009676212407230897,0,0.0,0.0,0.0,0.0,Train
2021-07-08,123,11118.589498934,90.39503657669918,784.0,11081.0,0.0,0.0,91506.0,28985.0,71.811434002,25.51,0.0,0.0,1528.317172171,315.857614463,0.1796078431372549,0,0,0,1,0,0,-0.7157953492826642,-0.6983101158835584,0.9996942666129788,-0.024725964109382385,0,0.0,0.0,0.0,0.0,Train
2021-07-09,95,7175.810695748,75.53484942892632,711.0,11445.0,0.0,0.0,82173.0,15617.0,74.565099484,18.88,0.0,0.0,1506.690920592,271.464459887,0.1803921568627451,1,0,0,0,0,0,-0.7277014757264236,-0.6858939875998223,0.9982521339365441,-0.0590988755488295,0,0.0,0.0,0.0,0.0,Train
2021-07-10,88,9517.401237432,108.15228678899999,720.0,12396.0,0.0,0.0,166764.0,31424.0,73.294592148,45.35,0.0,0.0,2416.282213026,336.387032802,0.1811764705882353,0,1,0,0,0,0,-0.7393922635959241,-0.673274892250183,0.9956284932063294,-0.09340183893100905,0,0.0,0.0,0.0,0.0,Train
2021-07-11,168,14635.803679998,87.11787904760715,791.0,9644.0,0.0,0.0,145322.0,128089.0,73.64548172,34.75,0.0,0.0,1929.386871097,648.355032296,0.18196078431372548,0,0,1,0,0,0,-0.7508642533989489,-0.6604565640279754,0.9918264497026016,-0.12759425406472188,0,0.0,0.0,0.0,0.0,Train
2021-07-12,129,10972.79255197,85.0604073796124,934.0,8985.0,0.0,0.0,86163.0,43492.0,76.549290925,25.83,0.0,0.0,1520.081839327,341.658669133,0.18274509803921568,0,0,0,0,0,0,-0.7621140503891487,-0.6474427960827475,0.9868505034357966,-0.16163565160110782,0,0.0,0.0,0.0,0.0,Train
2021-07-13,131,11337.397787075,86.54502127538169,900.0,8714.0,0.0,0.0,80349.0,76201.0,75.378635006,38.74,0.0,0.0,1251.813840681,543.355827696,0.18352941176470589,0,0,0,0,1,0,-0.7731383255706026,-0.6342374393978054,0.9807065438204117,-0.1954857409322303,0,0.0,0.0,0.0,0.0,Train
2021-07-14,98,8048.799024638,82.1306022922245,957.0,8499.0,0.0,0.0,39170.0,87996.0,71.547400753,29.08,0.0,0.0,614.476746163,868.377080903,0.1843137254901961,0,0,0,0,0,1,-0.7839338166829201,-0.620844401650647,0.973401842704431,-0.22910445787810024,0,0.0,0.0,0.0,0.0,Train
2021-07-15,98,8584.190605305,87.59378168678572,798.0,8102.0,0.0,0.0,42746.0,67136.0,72.632665127,30.71,0.0,0.0,781.654218902,739.543638223,0.18509803921568627,0,0,0,1,0,0,-0.7944973291665992,-0.6072676460566135,0.9649450457625344,-0.2624520121057191,0,0.0,0.0,0.0,0.0,Train
2021-07-16,86,8177.093941577,95.08248769275582,737.0,7686.0,0.0,0.0,68143.0,70442.0,60.453458559,26.6,0.0,0.0,966.594812082,729.171382782,0.18588235294117647,1,0,0,0,0,0,-0.8048257371083452,-0.593511190196115,0.9553461622632788,-0.29548893422398215,0,0.0,0.0,0.0,0.0,Train
2021-07-17,77,6003.795861583,77.97137482575324,781.0,6897.0,0.0,0.0,43168.0,60295.0,67.651959419,19.58,0.0,0.0,683.117094769,729.746318012,0.18666666666666668,0,1,0,0,0,0,-0.8149159841660791,-0.5795791048257612,0.9446165532223606,-0.3281761224987386,0,0.0,0.0,0.0,0.0,Train
2021-07-18,102,8215.09395638,80.5401368272549,815.0,10582.0,0.0,0.0,65547.0,113280.0,69.473812458,33.32,0.0,0.0,672.888890279,1042.537295733,0.18745098039215685,0,0,1,0,0,0,-0.8247650844733614,-0.5654755126737576,0.9327689179559782,-0.3604748891327019,0,0.0,0.0,0.0,0.0,Train
2021-07-19,116,9464.009073797,81.58628511893966,713.0,9856.0,0.0,0.0,45231.0,111578.0,74.856381835,36.12,0.0,0.0,708.436688761,1151.375393548,0.18823529411764706,0,0,0,0,0,0,-0.8343701235229537,-0.5512045872199277,0.9198172790502196,-0.3923470060554182,0,0.0,0.0,0.0,0.0,Train
2021-07-20,114,10005.594214518,87.76837030278948,859.0,6103.0,0.0,0.0,89077.0,108133.0,76.699362951,29.99,0.0,0.0,909.142375216,872.222387766,0.18901960784313726,0,0,0,0,1,0,-0.8437282590292712,-0.5367705514607103,0.9057769657642539,-0.42375475016912983,0,0.0,0.0,0.0,0.0,Train
2021-07-21,76,6116.80776879,80.48431274723684,1155.0,7817.0,0.0,0.0,73673.0,235347.0,72.073479512,20.41,0.0,0.0,794.354203739,880.625272611,0.18980392156862744,0,0,0,0,0,1,-0.8528367217694595,-0.522177676659508,0.8906645958869751,-0.4546609479969567,0,0.0,0.0,0.0,0.0,Train
2021-07-22,129,12079.2081307,93.63727233100776,899.0,9849.0,0.0,0.0,76013.0,145413.0,73.503650594,25.75,0.0,0.0,1013.301984225,1022.161556484,0.19058823529411764,0,0,0,1,0,0,-0.8616928164028521,-0.5074302810827518,0.8744980560685747,-0.48502901968055895,0,0.0,0.0,0.0,0.0,Train
2021-07-23,120,11614.790609455,96.78992174545833,998.0,7507.0,0.0,0.0,85453.0,117733.0,67.579047175,34.88,0.0,0.0,986.820807244,1175.79623071,0.19137254901960785,1,0,0,0,0,0,-0.8702939222685674,-0.49253272872205434,0.8572964806503138,-0.5148230222752145,0,0.0,0.0,0.0,0.0,Train
2021-07-24,124,10950.99553714,88.3144801382258,748.0,8125.0,0.0,0.0,72296.0,151400.0,71.41187805,19.59,0.0,0.0,1218.899770215,1554.6818724,0.19215686274509805,0,1,0,0,0,0,-0.8786374941610001,-0.4774894280028391,0.8390802290175676,-0.5440076922910431,0,0.0,0.0,0.0,0.0,Train
2021-07-25,179,15202.890098164,84.93234691711731,998.0,8232.0,0.0,0.0,100054.0,205760.0,70.622302305,37.53,0.0,0.0,1178.576247557,1607.591101863,0.19294117647058823,0,0,1,0,0,0,-0.886721063082993,-0.46230483047981086,0.8198708615029215,-0.5725484874300667,0,0.0,0.0,0.0,0.0,Train
2021-07-26,130,11253.215965161,86.56319973200769,1039.0,6732.0,0.0,0.0,55671.0,120067.0,70.129317414,28.65,0.0,0.0,697.313279076,845.621595183,0.19372549019607843,0,0,0,0,0,0,-0.8945422369764496,-0.4469834295196741,0.7996911138678691,-0.600411627469661,0,0.0,0.0,0.0,0.0,Train
2021-07-27,120,10650.360135188,88.75300112656667,831.0,6878.0,0.0,0.0,41999.0,190972.0,70.631999577,31.99,0.0,0.0,863.046263094,1403.311466441,0.19450980392156864,0,0,0,0,1,0,-0.9020987014301837,-0.43152975897147144,0.7785648703932891,-0.6275641342440474,0,0.0,0.0,0.0,0.0,Train
2021-07-28,119,11115.884639972,93.41079529388236,1031.0,7471.0,0.0,0.0,70747.0,146362.0,70.419492167,29.97,0.0,0.0,1281.756136161,1324.028845631,0.1952941176470588,0,0,0,0,0,1,-0.9093882203647925,-0.4159483918249421,0.756517135610563,-0.6539738706764888,0,0.0,0.0,0.0,0.0,Train
2021-07-29,125,11348.962516382,90.791700131056,848.0,6168.0,0.0,0.0,52480.0,80374.0,70.14246636,33.69,0.0,0.0,961.439688079,847.046360838,0.19607843137254902,0,0,0,1,0,0,-0.9164086366943458,-0.4002439388573056,0.733574004706797,-0.6796095788159788,0,0.0,0.0,0.0,0.0,Train
2021-07-30,69,5766.807257033,83.5769167685942,718.0,7275.0,0.0,0.0,36234.0,59994.0,63.504028029,19.41,0.0,0.0,599.615346113,577.064956707,0.19686274509803922,1,0,0,0,0,0,-0.9231578729647039,-0.38442104726885545,0.709762632639161,-0.7044409168334328,0,0.0,0.0,0.0,0.0,Train
2021-07-31,96,8272.007124863,86.16674088398958,703.0,6753.0,0.0,0.0,19795.0,30875.0,59.696589757,27.84,0.0,0.0,359.861352596,325.298717316,0.1976470588235294,0,1,0,0,0,0,-0.9296339319682695,-0.3684843993077793,0.6851112019949135,-0.72843849493357,0,0.0,0.0,0.0,0.0,Train
2021-08-01,128,11152.99251341,87.13275401101562,938.0,7148.0,0.0,0.0,16250.0,35279.0,68.80373461,35.03,0.0,0.0,281.543332479,283.692522163,0.1984313725490196,0,0,1,0,0,0,-0.9358348973349941,-0.35243871088460327,0.6596488896351408,-0.7515739101399981,0,0.0,0.0,0.0,0.0,Train
2021-08-02,83,6240.008605332,75.18082657026507,1150.0,8110.0,0.0,0.0,15401.0,29812.0,75.667313777,27.87,0.0,0.0,266.481575169,239.810229616,0.1992156862745098,0,0,0,0,0,0,-0.9417589340994617,-0.33628873017668287,0.6334058321617086,-0.7738197799123084,0,0.0,0.0,0.0,0.0,Train
2021-08-03,100,8369.992669438,83.69992669438,1211.0,6193.0,0.0,0.0,30087.0,36964.0,73.326774953,33.67,0.0,0.0,750.183882247,334.058066383,0.2,0,0,0,0,1,0,-0.9474042892438845,-0.32003923622313857,0.6064130902482765,-0.7951497745554202,0,0.0,0.0,0.0,0.0,Train
2021-08-04,89,7638.994245431,85.83139601607866,758.0,6591.0,0.0,0.0,34732.0,58054.0,75.426662367,21.58,0.0,0.0,826.457254462,406.906526483,0.2007843137254902,0,0,0,0,0,1,-0.9527692922168511,-0.30369503751065885,0.578702611877601,-0.8155386483827991,0,0.0,0.0,0.0,0.0,Train
2021-08-05,96,7120.005783356,74.16672690995834,602.0,7764.0,0.0,0.0,31533.0,54575.0,69.324418465,27.58,0.0,0.0,773.502907124,442.296520374,0.2015686274509804,0,0,0,1,0,0,-0.9578523554276669,-0.28726097055059635,0.5503071945286527,-0.8349622695966589,0,0.0,0.0,0.0,0.0,Train
2021-08-06,85,7217.008662876,84.9059842691294,1031.0,8074.0,0.0,0.0,35700.0,57165.0,69.998695146,33.29,0.0,0.0,838.624095201,546.061262033,0.2023529411764706,1,0,0,0,0,0,-0.9626519747161487,-0.2707418984477642,0.5212604463582784,-0.8533976488498011,0,0.0,0.0,0.0,0.0,Train
2021-08-07,103,9655.994624209,93.74752062338835,912.0,6779.0,0.0,0.0,51726.0,101259.0,66.543580883,32.25,0.0,0.0,1197.180786661,1182.571946561,0.20313725490196077,0,1,0,0,0,0,-0.9671667297977312,-0.2541427094613622,0.4915967464233612,-0.8708229664552752,0,0.0,0.0,0.0,0.0,Train
2021-08-08,143,11071.001031956,77.41958763605595,816.0,8768.0,0.0,0.0,41857.0,130291.0,73.424917978,33.66,0.0,0.0,831.898752308,1420.103930362,0.20392156862745098,0,0,1,0,0,0,-0.97139528468375,-0.23746831555846842,0.461351203990578,-0.8872175982116474,0,0.0,0.0,0.0,0.0,Train
2021-08-09,148,12961.527187252,87.57788640035136,827.0,7099.0,0.0,0.0,43888.0,116475.0,75.580300776,28.73,0.0,0.0,951.503080496,1194.483895065,0.20470588235294118,0,0,0,0,0,0,-0.9753363880767837,-0.2207236509605022,0.4305596169818739,-0.9025621398133328,0,0.0,0.0,0.0,0.0,Train
2021-08-10,128,9699.496066531,75.77731301977344,750.0,6182.0,0.0,0.0,18293.0,21166.0,71.999053852,33.82,0.0,0.0,443.093263958,290.43595383,0.2054901960784314,0,0,0,0,1,0,-0.9789888737409319,-0.20391367068311472,0.3992584296048835,-0.9168384298170765,0,0.0,0.0,0.0,0.0,Train
2021-08-11,114,9743.199606603,85.4666632158158,775.0,6517.0,0.0,0.0,31850.0,24444.0,72.3173355,22.62,0.0,0.0,596.351775582,311.46788164,0.20627450980392156,0,0,0,0,0,1,-0.9823516608469237,-0.18704334906991657,0.3674846892184069,-0.9300295711374187,0,0.0,0.0,0.0,0.0,Train
2021-08-12,100,7667.989101492,76.67989101492,943.0,7286.0,0.0,0.0,33657.0,29451.0,74.350279704,31.98,0.0,0.0,616.441051471,366.19669432,0.20705882352941177,0,0,0,1,0,0,-0.9854237542919524,-0.17011767832049052,0.3352760024840169,-0.9421199510456922,0,0.0,0.0,0.0,0.0,Train
2021-08-13,88,7488.002277561,85.09093497228409,712.0,5483.0,0.0,0.0,28576.0,23948.0,71.689631344,25.58,0.0,0.0,633.524339833,294.267396901,0.20784313725490197,1,0,0,0,0,0,-0.9882042449941422,-0.15314166701312007,0.30267049085568926,-0.9530952596488853,0,0.0,0.0,0.0,0.0,Train
2021-08-14,99,8183.508606973,82.66170310073737,990.0,5536.0,0.0,0.0,33882.0,37938.0,67.180530904,31.75,0.0,0.0,697.790596295,378.890061501,0.20862745098039215,0,1,0,0,0,0,-0.9906923101615609,-0.13612033862266704,0.2697067454601279,-0.962942506826501,0,0.0,0.0,0.0,0.0,Train
2021-08-15,108,8334.530199704,77.17157592318519,756.0,7322.0,0.0,0.0,35308.0,42677.0,71.554670478,27.97,0.0,0.0,705.627197827,446.640426535,0.20941176470588235,0,0,1,0,0,0,-0.9928872135356962,-0.11905873003404988,0.23642378142121298,-0.9716500376053585,0,0.0,0.0,0.0,0.0,Train
2021-08-16,85,6402.990498479,75.32929998210588,897.0,6617.0,0.0,0.0,31782.0,22384.0,74.649367723,28.87,0.0,0.0,783.998823187,285.983597501,0.21019607843137256,0,0,0,0,0,0,-0.994788305609327,-0.10196189005174576,0.2028609916826013,-0.9792075459541514,0,0.0,0.0,0.0,0.0,Train
2021-08-17,113,7946.003660065,70.31861646075221,804.0,7027.0,0.0,0.0,31262.0,16057.0,71.903532317,24.76,0.0,0.0,773.713134477,233.996585614,0.21098039215686273,0,0,0,0,1,0,-0.9963950238187231,-0.08483487790576538,0.16905810038314714,-0.9856060869814277,0,0.0,0.0,0.0,0.0,Train
2021-08-18,81,6510.487387328,80.37638749787655,910.0,8340.0,0.0,0.0,25861.0,17868.0,72.625646855,28.58,0.0,0.0,618.89841033,266.938990549,0.21176470588235294,0,0,0,0,0,1,-0.9977068927101168,-0.06768276175455162,0.13505511584034569,-0.9908380875225532,0,0.0,0.0,0.0,0.0,Train
2021-08-19,65,6555.495108862,100.85377090556923,624.0,7071.0,0.0,0.0,24154.0,14464.0,76.064305218,36.27,0.0,0.0,519.773276416,237.225628052,0.21254901960784314,0,0,0,1,0,0,-0.9987235240803972,-0.050510617185222886,0.10089228319740334,-0.9948973551031357,0,0.0,0.0,0.0,0.0,Train
2021-08-20,73,5511.997360297,75.50681315475343,735.0,5764.0,0.0,0.0,16471.0,11246.0,67.617098304,18.57,0.0,0.0,387.261733569,165.64277243,0.21333333333333335,1,0,0,0,0,0,-0.9994446170919858,-0.033323525711631344,0.06661003679003268,-0.9977790852682925,0,0.0,0.0,0.0,0.0,Train
2021-08-21,80,6285.980103213,78.5747512901625,1095.0,8479.0,0.0,0.0,16099.0,9560.0,70.865081162,39.12,0.0,0.0,394.799853925,143.761599952,0.21411764705882352,0,1,0,0,0,0,-0.9998699583618592,-0.016126573270657762,0.0322489522893041,-0.9994798672690922,0,0.0,0.0,0.0,0.0,Train
2021-08-22,95,6640.991372,69.90517233684211,594.0,7099.0,0.0,0.0,15420.0,7688.0,68.599856255,35.8,0.0,0.0,395.681479417,136.720017178,0.21490196078431373,0,0,1,0,0,0,-0.9999994220246925,0.001075151282798226,-0.0021503013227746654,-0.9999976880994382,0,3.258096538021482,2.5649493574615367,2.3978952727983707,2.1972245773362196,Train
2021-08-23,80,7182.936634923,89.78670793653751,772.0,5989.0,0.0,0.0,15405.0,7429.0,72.799129372,23.58,0.0,0.0,360.559322764,112.218250863,0.21568627450980393,0,0,0,0,0,0,-0.999832969770105,0.018276557681691223,-0.03654700988811993,-0.9993319348786156,0,2.9444389791664403,1.6094379124341003,1.3862943611198906,2.4849066497880004,Train
2021-08-24,66,5029.591478193,76.20593148777272,730.0,6297.0,0.0,0.0,16867.0,7485.0,69.589187009,22.53,0.0,0.0,348.497928623,103.044616733,0.2164705882352941,0,0,0,0,1,0,-0.9993706508539969,0.03547255575312556,-0.07090046226091157,-0.9974833955766828,0,2.833213344056216,1.3862943611198906,1.9459101490553132,2.70805020110221,Train
2021-08-25,84,10389.003467364,123.67861270671429,688.0,8502.0,0.0,0.0,26720.0,9732.0,73.688245156,35.59,0.0,0.0,505.893085334,177.513477566,0.2172549019607843,0,0,0,0,0,1,-0.9986126020839734,0.052658056924614005,-0.10516999849234956,-0.9944542580818482,0,5.726847747587197,5.117993812416755,5.303304908059076,5.2832037287379885,Train
2021-08-26,151,15960.999745383,105.70198506876159,669.0,4859.0,0.0,0.0,35653.0,10260.0,74.295960923,48.59,0.0,0.0,728.551843188,193.907080012,0.21803921568627452,0,0,0,1,0,0,-0.9975590477788613,0.06982797572987089,-0.1393150579548309,-0.9902481076109372,0,8.557759153162898,4.727387818712341,5.963579343618446,6.045005314036012,Train
2021-08-27,118,10329.039339096,87.53423168725423,555.0,2403.0,0.0,0.0,154680.0,25868.0,71.403394513,28.77,0.0,0.0,2828.105872232,296.590108494,0.2188235294117647,1,0,0,0,0,0,-0.9962102997023297,0.0869772313136861,-0.17329522734857217,-0.9848699224660111,0,7.097548850614793,5.017279836814924,5.438079308923196,6.298949246855942,Train
2021-08-28,141,14848.508614229,105.30857173212057,788.0,2989.0,0.0,0.0,150980.0,61460.0,65.60155395,32.11,0.0,0.0,2953.650153161,610.104049997,0.2196078431372549,0,1,0,0,0,0,-0.9945667569706337,0.1041007489354256,-0.20707028853384077,-0.9783260681421669,0,8.10892415597534,4.663439094112067,5.926926025970411,6.423246963533519,Train
2021-08-29,136,13814.001080165,101.57353735415441,524.0,1806.0,0.0,0.0,156899.0,79816.0,66.146072191,22.19,0.0,0.0,2530.517573465,618.517861272,0.2203921568627451,0,0,1,0,0,0,-0.9926289059345095,0.121193461470736,-0.2406002661322256,-0.9706242897934825,0,7.655390644826152,4.948759890378168,5.921578419643816,6.270988431858299,Train
2021-08-30,117,11402.002487735,97.45301271568377,622.0,2150.0,0.0,0.0,164040.0,82209.0,62.71494149,16.25,0.0,0.0,2510.266457827,525.183164253,0.2211764705882353,0,0,0,0,0,0,-0.9903973200352558,0.1382503109109819,-0.2738454748405547,-0.9617737030660337,0,6.570882962339584,4.736198448394496,5.755742213586912,6.056784013228625,Train
2021-08-31,122,11351.01150364,93.04107789868853,594.0,2950.0,0.0,0.0,139682.0,75433.0,62.750987778,21.53,0.0,0.0,2522.219114778,607.172696461,0.22196078431372548,0,0,0,0,1,0,-0.9878726596350429,0.15526624985999563,-0.30676656640150596,-0.9517847833088269,0,6.313548046277095,6.013715156042802,5.749392985908253,6.082218910376446,Train
2021-09-01,106,10119.016864271,95.46242324783962,625.0,4790.0,0.0,0.0,157024.0,98193.0,75.340940807,19.24,0.0,0.0,2657.551591541,751.581976467,0.2227450980392157,0,0,0,0,0,1,-0.9850556718215013,0.172236243027682,-0.3393245761752893,-0.9406693531754186,0,6.19644412779452,5.003946305945459,5.846438775057724,6.57507584059962,Train
2021-09-02,137,13484.794878265,98.42915969536496,943.0,5941.0,0.0,0.0,114920.0,57897.0,77.379350515,23.63,0.0,0.0,2600.618750345,571.900332014,0.2235294117647059,0,0,0,1,0,0,-0.981947190186646,0.18915526872004093,-0.37148096925728835,-0.9284405686308982,0,6.1675164908883415,5.308267697401205,5.541263545158426,6.251903883165888,Train
2021-09-03,112,12129.500950742,108.299115631625,734.0,6661.0,0.0,0.0,128729.0,54855.0,68.482463168,40.85,0.0,0.0,2552.291926508,516.43162741,0.22431372549019607,1,0,0,0,0,0,-0.9785481345802031,0.20601832032517084,-0.40319768608708534,-0.9151129033807907,0,6.093569770045136,4.584967478670572,5.560681631015528,6.20050917404269,Train
2021-09-04,109,10671.027189846,97.89933201693577,865.0,8639.0,0.0,0.0,133925.0,58086.0,74.710050598,39.15,0.0,0.0,2578.443219285,563.030479805,0.22509803921568627,0,1,0,0,0,0,-0.9748595108374125,0.22282040779479959,-0.4344371874948622,-0.9007021317403184,0,6.1092475827643655,4.02535169073515,5.575949103146316,6.008813185442595,Train
2021-09-05,132,11322.008446449,85.77279126097727,842.0,7688.0,0.0,0.0,151083.0,78287.0,73.666643804,38.44,0.0,0.0,2511.924729769,621.91802469,0.22588235294117648,0,0,1,0,0,0,-0.9708824104813836,0.23955655912092708,-0.46516249913190355,-0.8852253099642835,0,6.156978985585555,4.290459441148391,5.58724865840025,6.126869184114185,Train
2021-09-06,168,14192.001199558,84.47619761641667,584.0,8651.0,0.0,0.0,183612.0,81291.0,77.495550609,36.77,0.0,0.0,2777.432163955,629.685511216,0.22666666666666666,0,0,0,0,0,0,-0.9666180104000972,0.2562218218071163,-0.49533725523256594,-0.8687007560596847,0,6.206575926724928,5.521460917862246,5.793013608384144,6.298949246855942,Train
2021-09-07,131,12256.996857057,93.56486150425191,835.0,5543.0,0.0,0.0,211150.0,80152.0,77.063045307,24.08,0.0,0.0,2881.110707312,738.234799648,0.22745098039215686,0,0,0,0,1,0,-0.9620675724981452,0.27281126433401914,-0.5249257416559593,-0.8511480281049478,0,6.342121418721152,4.7535901911063645,5.697093486505405,5.996452088619021,Train
2021-09-08,127,12132.999305771,95.53542760449606,614.0,5932.0,0.0,0.0,215079.0,63028.0,77.866280485,36.81,0.0,0.0,2669.825730005,597.162600086,0.22823529411764706,0,0,0,0,0,1,-0.957232443323312,0.28931997761869527,-0.5538929381563792,-0.8325879011014353,0,6.07993319509559,4.442651256490317,5.645446897643238,6.616065185132817,Train
2021-09-09,137,13295.991149397,97.05103028756933,689.0,3225.0,0.0,0.0,219247.0,69346.0,74.53010923,36.77,0.0,0.0,2815.601956271,645.80326804,0.22901960784313727,0,0,0,1,0,0,-0.9521140536681102,0.3057430764672831,-0.5822045598324479,-0.8130423423846421,0,6.230481447578482,5.043425116919247,5.552959584921617,6.091309882077698,Train
2021-09-10,119,13394.998024657,112.56300861056302,725.0,5601.0,0.0,0.0,206618.0,84126.0,74.472648947,23.65,0.0,0.0,2981.556769893,771.415744794,0.22980392156862745,1,0,0,0,0,0,-0.9467139181463862,0.3220757010206104,-0.6098270977059321,-0.7925344856241648,0,5.981414211254481,4.624972813284271,5.389071729816501,6.156978985585555,Train
2021-09-11,130,14102.01629156,108.47704839661537,871.0,6896.0,0.0,0.0,192039.0,95924.0,74.701347215,32.73,0.0,0.0,3023.554603755,882.559682837,0.23058823529411765,0,1,0,0,0,0,-0.9410336347451197,0.3383130181923076,-0.6367278583821979,-0.7710886034432227,0,5.963579343618446,4.430816798843313,5.393627546352361,6.19644412779452,Train
2021-09-12,170,15227.014034892,89.57067079348235,732.0,7992.0,0.0,0.0,207092.0,109850.0,69.759303107,32.87,0.0,0.0,3020.903830675,772.643431427,0.23137254901960785,0,0,1,0,0,0,-0.9350748843515574,0.3544502230989869,-0.6628750027453377,-0.7487300786901568,0,6.182084906716632,5.375278407684165,5.648974238161206,6.289715570908998,Train
2021-09-13,141,13959.002981346,99.00002114429788,789.0,8700.0,0.0,0.0,156374.0,76774.0,72.473145844,31.85,0.0,0.0,2473.802814917,564.873423494,0.23215686274509803,0,0,0,0,0,0,-0.9288394302558068,0.3704825404820963,-0.6882375836422284,-0.7254853743958638,0,6.073044534100405,4.5217885770490405,5.342334251964811,5.998936561946683,Train
2021-09-14,146,12230.974074079,83.77379502793836,854.0,7747.0,0.0,0.0,163591.0,75930.0,77.975845749,30.12,0.0,0.0,2706.445462672,694.390668533,0.23294117647058823,0,0,0,0,1,0,-0.9223291176290545,0.3864052261209853,-0.7127855825108473,-0.7013820024527804,0,6.1092475827643655,5.337538079701318,5.583496308781699,6.523562306149512,Train
2021-09-15,127,11794.019057829,92.86629179392914,838.0,8254.0,0.0,0.0,157813.0,86570.0,83.668902003,32.73,0.0,0.0,2877.934869753,874.278285498,0.23372549019607844,0,0,0,0,0,1,-0.9155458729775467,0.40221356823680365,-0.7364899449095569,-0.6764484910524362,0,6.192362489474872,4.584967478670572,5.568344503761097,6.249975242259483,Train
2021-09-16,132,12141.986916988,91.98474937112121,863.0,7390.0,0.0,0.0,146094.0,53409.0,84.33841939,31.81,0.0,0.0,2869.624829324,674.806405916,0.23450980392156862,0,0,0,1,0,0,-0.9084917035725082,0.41790288888678667,-0.7593226149052589,-0.6507143509201561,0,6.035481432524756,5.135798437050262,5.4680601411351315,6.444131256700441,Train
2021-09-17,107,10285.40536362,96.12528377214954,554.0,6085.0,0.0,0.0,147911.0,62615.0,72.215081285,30.17,0.0,0.0,2800.44390333,700.069657762,0.23529411764705882,1,0,0,0,0,0,-0.9011686968561569,0.4334685453485363,-0.7812565682797488,-0.6242100403868479,0,5.953243334287785,4.532599493153256,5.356586274672012,5.877735781779639,Train
2021-09-18,107,10535.489978953,98.46252316778505,995.0,7156.0,0.0,0.0,134685.0,44674.0,72.817675286,20.82,0.0,0.0,2995.962213715,698.425983675,0.23607843137254902,0,1,0,0,0,0,-0.8935790198239952,0.4489059314938798,-0.8022658445149573,-0.5969669293392242,0,5.973809611869261,4.174387269895637,5.303304908059076,5.940171252720432,Train
2021-09-19,170,15790.998374501,92.88822573235882,809.0,6311.0,0.0,0.0,170206.0,64601.0,74.083284807,29.69,0.0,0.0,3063.255591402,819.184198104,0.23686274509803923,0,0,1,0,0,0,-0.8857249183835637,0.4642104791518923,-0.8223255775192096,-0.5690172620911411,0,6.259581464064923,5.4510384535657,5.5093883366279774,6.008813185442595,Train
2021-09-20,126,10648.50487458,84.51194344904762,814.0,5755.0,0.0,0.0,163857.0,54752.0,75.343756703,32.67,0.0,0.0,2760.083235589,823.143298466,0.2376470588235294,0,0,0,0,0,0,-0.8776087166898392,0.4793776594606945,-0.8414120250581577,-0.5403941192199728,0,6.150602768446279,4.68213122712422,5.342334251964811,6.093569770045136,Train
2021-09-21,145,13388.012316563,92.3311194245724,734.0,4935.0,0.0,0.0,177160.0,71731.0,75.062505727,19.96,0.0,0.0,2799.14999369,1064.563533034,0.2384313725490196,0,0,0,0,1,0,-0.8692328164574792,0.49440298420761813,-0.8595025968555411,-0.5111313784132033,0,6.19644412779452,5.4638318050256105,5.4680601411351315,6.645090969505644,Train
2021-09-22,139,13156.991567471,94.65461559331654,715.0,4274.0,0.0,0.0,197294.0,93361.0,72.929784074,15.69,0.0,0.0,3250.489616484,1668.431861595,0.23921568627450981,0,0,0,0,0,1,-0.8605996962501181,0.5092820071573356,-0.876575881330507,-0.4812636743715911,0,6.244166900663736,4.634728988229636,5.60947179518496,6.100318952020064,Train
2021-09-23,110,10140.98731367,92.19079376063637,977.0,8352.0,0.0,0.0,157385.0,71287.0,68.728450226,41.05,0.0,0.0,3048.656729868,1410.51793614,0.24,0,0,0,1,0,0,-0.8517119107469189,0.5240103253675756,-0.8926116709398649,-0.4508263578163351,0,6.091309882077698,5.673323267171493,5.5254529391317835,6.0112671744041615,Train
2021-09-24,90,9303.002242397,103.36669158218889,801.0,6588.0,0.0,0.0,163244.0,80736.0,70.902203654,31.48,0.0,0.0,2924.449993255,1565.640376846,0.2407843137254902,1,0,0,0,0,0,-0.8425720899866032,0.5385835804920232,-0.9075909860952637,-0.4198554536487849,0,6.0063531596017325,4.543294782270004,5.204006687076795,5.831882477283517,Train
2021-09-25,125,11591.000810618,92.72800648494399,975.0,6639.0,0.0,0.0,180594.0,75237.0,76.290821253,31.84,0.0,0.0,3034.979859411,1455.184295996,0.2415686274509804,0,1,0,0,0,0,-0.8331829385891785,0.5529974600700271,-0.9214960976269942,-0.3883876183121974,0,6.1092475827643655,5.3706380281276624,5.1298987149230735,5.6937321388027,Train
2021-09-26,135,12344.998255374,91.44443152128888,646.0,6201.0,0.0,0.0,175925.0,118480.0,69.191409897,35.55,0.0,0.0,3013.827215234,1798.339574091,0.24235294117647058,0,0,1,0,0,0,-0.8235472349556007,0.5672476988027229,-0.9343105477678196,-0.3564600964060307,0,6.171700597410915,4.465908118654584,5.805134968916488,5.846438775057724,Train
2021-09-27,138,11703.185975872,84.80569547733333,576.0,6204.0,0.0,0.0,126244.0,73335.0,70.130725932,19.13,0.0,0.0,2969.078698062,1555.773645938,0.24313725490196078,0,0,0,0,0,0,-0.8136678304455991,0.5813300798152042,-0.9460191696320084,-0.32411067660409654,0,6.1779441140506,4.543294782270004,5.342334251964811,5.926926025970411,Train
2021-09-28,142,10812.001604207,76.14085636765493,590.0,8824.0,0.0,0.0,169242.0,86453.0,71.473898712,34.22,0.0,0.0,3707.163450924,1750.117645624,0.24392156862745099,0,0,0,0,1,0,-0.8035476485339116,0.5952404359043674,-0.9566081051665098,-0.29137764692875745,0,6.218600119691729,5.918893854273146,5.429345628954441,6.246106765481563,Train
2021-09-29,137,12354.011239443,90.17526452148175,612.0,6108.0,0.0,0.0,175333.0,107951.0,57.235136778,37.89,0.0,0.0,3466.843175824,1990.390170732,0.2447058823529412,0,0,0,0,0,1,-0.7931896839451843,0.6089746507720486,-0.9660648215530205,-0.25829974943412287,0,6.175867270105761,4.969813299576001,5.497168225293202,6.368187186350492,Train
2021-09-30,118,9818.99790722,83.21184667135593,584.0,5449.0,0.0,0.0,201762.0,89227.0,65.159237085,20.52,0.0,0.0,3330.863049086,1765.459354933,0.24549019607843137,0,0,0,1,0,0,-0.7825970017677834,0.6225286602431057,-0.9743781260415392,-0.22491613435184774,0,6.175867270105761,4.584967478670572,6.118097198041348,6.220590170099739,Train
2021-10-01,124,10600.00857046,85.48394008435484,918.0,8496.0,0.0,0.0,213812.0,102414.0,72.857396182,24.17,0.0,0.0,3075.174763797,1337.607307627,0.24627450980392157,1,0,0,0,0,0,-0.7717727365467837,0.6358984534680745,-0.9815381791978468,-0.19126631375382222,0,6.059123195581797,5.501258210544727,5.393627546352361,6.045005314036012,Train
2021-10-02,148,13820.993921057,93.38509406119594,938.0,8306.0,0.0,0.0,183980.0,88350.0,73.892834243,34.89,0.0,0.0,2849.182822283,1414.677437122,0.24705882352941178,0,1,0,0,0,0,-0.7607200913564104,0.6490800741100398,-0.9875365065492301,-0.15739011478661072,0,6.028278520230698,4.454347296253507,5.4510384535657,5.986452005284438,Train
2021-10-03,137,13732.70036855,100.23868882153285,812.0,8649.0,0.0,0.0,182666.0,110410.0,71.1612549,35.91,0.0,0.0,2770.390651069,1361.665979923,0.24784313725490195,0,0,1,0,0,0,-0.7494423368521953,0.6620696215153815,-0.9923660086146721,-0.12332763253295889,0,6.180016653652572,4.382026634673881,5.375278407684165,5.783825182329737,Train
2021-10-04,131,10428.007002475,79.60310688912215,772.0,8013.0,0.0,0.0,139903.0,89469.0,69.326640289,35.43,0.0,0.0,2198.573144616,1098.400097568,0.24862745098039216,0,0,0,0,0,0,-0.7379428103031386,0.6748632518680403,-0.9960209693076331,-0.08911918255618792,0,6.546785410760524,5.278114659230518,5.659482215759621,5.955837369464831,Train
2021-10-05,136,11861.010643273,87.21331355347795,680.0,5932.0,0.0,0.0,213343.0,82699.0,73.825550071,21.4,0.0,0.0,3178.612737995,1166.12476527,0.24941176470588236,0,0,0,0,1,0,-0.7262249146041543,0.6874571793269664,-0.9984970627014779,-0.054805253183622435,0,6.345636360828596,4.770684624465665,5.641907070938114,6.066108090103747,Train
2021-10-06,102,8971.010862005,87.95108688240195,720.0,9044.0,0.0,0.0,190322.0,58803.0,74.39727504,26.41,0.0,0.0,2863.876758479,1043.343002227,0.25019607843137254,0,0,0,0,0,1,-0.7142921172691032,0.699847677146407,-0.9997913581495419,-0.020426457585556834,0,6.18826412308259,4.3694478524670215,6.073044534100405,5.7899601708972535,Train
2021-10-07,126,10207.998816251,81.01586362103968,941.0,7801.0,0.0,0.0,199781.0,80755.0,75.803897371,20.39,0.0,0.0,2881.566617929,1314.300344132,0.25098039215686274,0,0,0,1,0,0,-0.7021479494046978,0.7120310787787131,-0.9999023237537765,0.01397651429355571,0,6.2166061010848646,5.831882477283517,5.41610040220442,5.820082930352362,Train
2021-10-08,120,11107.487771794,92.56239809828334,638.0,8970.0,0.0,0.0,234967.0,75177.0,63.930343518,23.31,0.0,0.0,3004.46699752,1262.44390319,0.25176470588235295,1,0,0,0,0,0,-0.6897960046655887,0.7240037789593305,-0.9988298281778684,0.04836294389478229,0,5.971261839790462,4.6443908991413725,5.480638923341991,6.115892125483034,Train
2021-10-09,109,10205.992450267,93.63295825933028,696.0,9756.0,0.0,0.0,260086.0,119854.0,71.295836851,34.88,0.0,0.0,3365.116789159,1715.277407692,0.25254901960784315,0,1,0,0,0,0,-0.6772399381909491,0.7357622347736527,-0.996575140802686,0.08269213223823901,0,6.1224928095143865,4.219507705176107,5.5053315359323625,6.257667587882639,Train
2021-10-10,145,12260.499165153,84.55516665622758,809.0,7417.0,0.0,0.0,287916.0,88731.0,70.564806732,40.62,0.0,0.0,3585.789708781,1501.096381017,0.25333333333333335,0,0,1,0,0,0,-0.6644834655228552,0.7473029667054297,-0.9931409302238695,0.11692344809347308,0,6.285998094508865,6.0063531596017325,5.583496308781699,6.222576268071369,Train
2021-10-11,126,10859.98242568,86.19033671174603,603.0,6031.0,0.0,0.0,267934.0,75941.0,71.742804443,36.01,0.0,0.0,3386.798036557,1253.375874515,0.2541176470588235,0,0,0,0,0,0,-0.6515303615068021,0.75862255966641,-0.9885312610933433,0.15101637606963153,0,6.236369590203704,4.927253685157205,6.248042874508429,6.447305862541213,Train
2021-10-12,160,13352.010050703,83.45006281689375,811.0,5670.0,0.0,0.0,239343.0,110693.0,77.161673292,23.86,0.0,0.0,3311.463418895,1629.968112626,0.2549019607843137,0,0,0,0,1,0,-0.6383844591746642,0.769717664006921,-0.9827515893084885,0.1849305645685428,0,6.251903883165888,5.8944028342648505,5.5053315359323625,6.297109319933935,Train
2021-10-13,139,11378.009617929,81.85618430164747,666.0,5705.0,0.0,0.0,208069.0,109620.0,72.541815227,22.92,0.0,0.0,3404.84900758,1568.261499166,0.2556862745098039,0,0,0,0,0,1,-0.6250496486104377,0.7805849965070866,-0.9758087555546684,0.2186258735439368,0,6.302618975744905,4.912654885736052,5.594711379601839,6.428105272684596,Train
2021-10-14,126,11265.997959879,89.4126822212619,733.0,5284.0,0.0,0.0,227751.0,106018.0,73.450389575,36.03,0.0,0.0,3484.888107566,1587.454576336,0.2564705882352941,0,0,0,1,0,0,-0.6115298757991053,0.7912213413483807,-0.9677109772087535,0.25206242201026163,0,6.259581464064923,4.882801922586371,5.645446897643238,6.522092798170152,Train
2021-10-15,119,11671.992827387,98.08397333938655,992.0,3762.0,0.0,0.0,104713.0,91773.0,74.544557124,22.45,0.0,0.0,1730.981976508,1269.849461583,0.2572549019607843,1,0,0,0,0,0,-0.5978291414589552,0.801623551065242,-0.9584678386132249,0.28520063524489725,0,6.137727054086234,4.532599493153256,5.480638923341991,6.218600119691729,Train
2021-10-16,119,11145.985323356,93.66374221307564,789.0,5288.0,0.0,0.0,59142.0,150968.0,71.535828345,35.56,0.0,0.0,1021.33579164,1890.229605701,0.2580392156862745,0,1,0,0,0,0,-0.5839514998576998,0.8117885474764613,-0.9480902797323661,0.31800129162788576,0,6.150602768446279,4.127134385045092,5.638354669333745,6.429719478039138,Train
2021-10-17,139,13181.00671658,94.82738645021583,972.0,5513.0,0.0,0.0,44459.0,141081.0,70.286285803,25.73,0.0,0.0,908.591279979,1726.385814619,0.25882352941176473,0,0,1,0,0,0,-0.5699010576127624,0.821713322596059,-0.936590583203982,0.3504255690637097,0,6.07993319509559,4.204692619390966,5.564520407322694,6.077642243349034,Train
2021-10-18,116,10229.999520467,88.18965103850861,982.0,4724.0,0.0,0.0,46261.0,140962.0,76.675410433,27.27,0.0,0.0,994.359460888,1685.685664597,0.2596078431372549,0,0,0,0,0,0,-0.5556819724760489,0.8313949395234058,-0.9239823598019431,0.3824350909302552,0,6.118097198041348,4.7535901911063645,5.655991810819852,6.29156913955832,Train
2021-10-19,126,10152.998964227,80.57935685894444,656.0,6365.0,0.0,0.0,62428.0,127652.0,73.605158158,36.99,0.0,0.0,1302.348969833,1555.804895349,0.2603921568627451,0,0,0,0,1,0,-0.5412984521036173,0.8408305333122887,-0.9102805323268018,0.41399197150045597,0,6.066108090103747,5.3230099791384085,5.564520407322694,6.326149473155099,Train
2021-10-20,120,9932.986908063,82.774890900525,885.0,6083.0,0.0,0.0,63697.0,126162.0,77.565831008,31.34,0.0,0.0,1116.13661889,1627.168054778,0.2611764705882353,0,0,0,0,0,1,-0.5267547528105542,0.8500173118187018,-0.895501317943504,0.44505886078298396,0,6.115892125483034,5.937536205082426,5.541263545158426,6.111467339502679,Train
2021-10-21,140,10834.006701608,77.38576215434286,665.0,7592.0,0.0,0.0,59942.0,105775.0,68.349496464,30.51,0.0,0.0,933.823089185,1339.217918678,0.2619607843137255,0,0,0,1,0,0,-0.5120551783114646,0.8589525565270845,-0.8796622089871292,0.47559898872882833,0,6.1675164908883415,5.204006687076795,5.568344503761097,6.236369590203704,Train
2021-10-22,113,8593.001513049,76.04426117742477,655.0,3992.0,0.0,0.0,40581.0,102772.0,71.925208623,33.23,0.0,0.0,747.834709395,1386.509179957,0.2627450980392157,1,0,0,0,0,0,-0.4972040784469378,0.8676336233547726,-0.8627819522593745,0.5055762087514626,0,5.983936280687191,4.6913478822291435,5.342334251964811,5.998936561946683,Train
2021-10-23,131,11090.005228962,84.65652846535878,714.0,5193.0,0.0,0.0,36068.0,126000.0,68.134997969,24.81,0.0,0.0,629.026105045,1696.754891226,0.2635294117647059,0,1,0,0,0,0,-0.4822058478963526,0.8760579434344281,-0.8448805268402667,0.5349550405091192,0,5.942799375126701,4.6913478822291435,5.777652323222656,6.142037405587356,Train
2021-10-24,162,12158.99996942,75.05555536679012,804.0,6178.0,0.0,0.0,44273.0,153638.0,68.330100607,33.05,0.0,0.0,638.850427378,1841.397138206,0.2643137254901961,0,0,1,0,0,0,-0.46706492487743034,0.8842230238742036,-0.8259791204413983,0.5637007118984807,0,6.297109319933935,6.368187186350492,5.823045895483019,5.84354441703136,Train
2021-10-25,121,10008.989256253,82.71891947316529,681.0,5900.0,0.0,0.0,28152.0,141957.0,72.250426991,29.58,0.0,0.0,662.372277262,1769.186822266,0.26509803921568625,0,0,0,0,0,0,-0.451785789832884,0.8921264484954345,-0.8061001043286311,0.5917792002101544,0,6.154858094016418,5.14166355650266,5.820082930352362,5.564520407322694,Train
2021-10-26,137,10348.943355405,75.53973252120437,921.0,5724.0,0.0,0.0,22909.0,141247.0,61.581832152,27.87,0.0,0.0,577.404257927,1813.330292338,0.26588235294117646,0,0,0,0,1,0,-0.4363729641045924,0.8997658785476209,-0.7852670068439961,0.6191572723971441,0,6.1903154058531475,5.438079308923196,5.814130531825066,6.113682179832232,Train
2021-10-27,125,10369.013006713,82.95210405370399,722.0,5060.0,0.0,0.0,30088.0,189518.0,71.604336275,32.09,0.0,0.0,710.177655724,2343.15113688,0.26666666666666666,0,0,0,0,0,1,-0.42083100859565564,0.9071390534005044,-0.7635044855580851,0.6458025244087264,0,6.018593214496234,4.543294782270004,5.545177444479562,5.855071922202427,Train
2021-10-28,133,11548.999063599,86.83457942555638,798.0,5673.0,0.0,0.0,29318.0,184721.0,70.493138049,26.43,0.0,0.0,669.816172957,2462.962716404,0.26745098039215687,0,0,0,1,0,0,-0.4051645224207563,0.9142437912130223,-0.7408382980859317,0.6716834195431209,0,6.1463292576688975,5.356586274672012,5.817111159963204,5.730099782973575,Train
2021-10-29,127,10384.997316923,81.77163241671653,598.0,5137.0,0.0,0.0,68738.0,187350.0,69.03343871,26.6,0.0,0.0,1596.655003642,2321.455777083,0.26823529411764707,1,0,0,0,0,0,-0.3893781415452015,0.9210779895789526,-0.717295271600886,0.6967693257736101,0,5.869296913133774,4.51085950651685,5.159055299214529,5.934894195619588,Train
2021-10-30,142,12570.290280389,88.52317098865493,753.0,4908.0,0.0,0.0,79725.0,196222.0,65.753775503,29.86,0.0,0.0,2285.683038095,2679.850052818,0.2690196078431373,0,1,0,0,0,0,-0.37347653741307074,0.9276396261490467,-0.6929032710826029,0.7210305520038863,0,3.6109179126442243,1.0986122886681096,2.639057329615259,3.044522437723423,Train
2021-10-31,127,12666.011289429,99.73237235770866,748.0,4715.0,0.0,0.0,103448.0,154068.0,61.990760466,22.54,0.0,0.0,3366.792198027,1834.110441766,0.2698039215686274,0,0,1,0,0,0,-0.3574644155648614,0.9339267592294762,-0.6676911663366994,0.7444383832097442,0,3.1354942159291497,1.0986122886681096,1.791759469228055,1.6094379124341003,Train
2021-11-01,154,14822.982456261,96.25313283286363,828.0,5308.0,0.0,0.0,141278.0,145360.0,78.305046218,31.26,0.0,0.0,3560.098640255,1825.984028547,0.27058823529411763,0,0,0,0,0,0,-0.34134651424503615,0.9399375283564133,-0.641688797825113,0.7669651144255266,0,2.772588722239781,1.3862943611198906,2.1972245773362196,2.0794415416798357,Train
2021-11-02,168,12908.210952088,76.8345890005238,951.0,4689.0,0.0,0.0,158855.0,169632.0,74.078328898,25.68,0.0,0.0,3663.711844145,2027.530703544,0.27137254901960783,0,0,0,0,1,0,-0.3251276029999093,0.9456701548465688,-0.6149269413476359,0.7885840835350667,0,1.9459101490553132,0.0,1.791759469228055,1.6094379124341003,Train
2021-11-03,124,10573.995502135,85.27415727528225,769.0,4756.0,0.0,0.0,122041.0,183492.0,75.223177226,26.5,0.0,0.0,3298.468772874,2702.622289471,0.27215686274509804,0,0,0,0,0,1,-0.30881248126625377,0.9511229423235357,-0.587437271616382,0.8092697028283593,0,1.9459101490553132,1.0986122886681096,2.0794415416798357,0.0,Train
2021-11-04,141,11593.180709114,82.22113978095035,1036.0,4430.0,0.0,0.0,113104.0,196219.0,73.930872739,22.42,0.0,0.0,3076.228955281,2919.357627419,0.27294117647058824,0,0,0,1,0,0,-0.29240597695107734,0.9562942772197719,-0.5592523247663436,0.828997489286572,0,2.1972245773362196,0.0,1.0986122886681096,0.0,Train
2021-11-05,103,9185.999135139,89.18445762270873,776.0,5045.0,0.0,0.0,123901.0,217619.0,71.135490689,19.97,0.0,0.0,3080.09156798,2456.142042282,0.27372549019607845,1,0,0,0,0,0,-0.27591294500296043,0.9611826292540837,-0.5304054598463659,0.8477440935595867,0,2.302585092994046,0.0,1.791759469228055,0.6931471805599453,Train
2021-11-06,123,11875.999832052,96.5528441630244,814.0,6109.0,0.0,0.0,118081.0,285366.0,68.172251898,32.0,0.0,0.0,2923.675052131,2947.046441145,0.27450980392156865,0,1,0,0,0,0,-0.2593382659754056,0.9657865518844574,-0.5009308193361626,0.8654873276017396,0,1.0986122886681096,0.0,0.0,0.0,Train
2021-11-07,167,14847.001960359,88.90420335544312,941.0,8235.0,0.0,0.0,134406.0,281136.0,77.468754532,35.88,0.0,0.0,2987.876411932,2926.628633195,0.2752941176470588,0,0,1,0,0,0,-0.2426868445825954,0.9701046827361175,-0.4708632887360563,0.8822061909330864,0,1.6094379124341003,0.0,0.0,0.0,Train
2021-11-08,133,10977.9891205,82.54127158270677,1112.0,7501.0,0.0,0.0,127101.0,215829.0,75.187745445,25.33,0.0,0.0,3091.446175701,2587.68605513,0.276078431372549,0,0,0,0,0,0,-0.22596360824801906,0.974135744004672,-0.4402384552773285,0.8978808954950716,0,1.3862943611198906,0.0,0.6931471805599453,1.3862943611198906,Train
2021-11-09,320,30417.882090296,95.055881532175,785.0,6011.0,0.0,0.0,172037.0,395170.0,75.074387453,16.1,0.0,0.0,4310.633445502,5100.752941573,0.2768627450980392,0,0,0,0,1,0,-0.20917350564635637,0.9778785428342386,-0.40909256580197667,0.9124928890712274,0,1.6094379124341003,0.6931471805599453,0.0,0.0,Train
2021-11-10,280,27152.304483879,96.97251601385358,876.0,7032.0,0.0,0.0,161821.0,439221.0,78.696917202,30.94,0.0,0.0,4043.33924242,5632.770816953,0.2776470588235294,0,0,0,0,0,1,-0.19232150523909483,0.9813319716704275,-0.3774624838618108,0.9260248772451376,0,1.0986122886681096,0.0,0.6931471805599453,0.0,Train
2021-11-11,334,28182.206458255,84.37786364747006,725.0,6563.0,0.0,0.0,181284.0,545991.0,55.980229038,38.1,0.0,0.0,4079.197723786,7036.567778513,0.2784313725490196,0,0,0,1,0,0,-0.17541259380427843,0.9844950085880858,-0.345385646087603,0.9384608438697104,0,1.0986122886681096,0.6931471805599453,1.0986122886681096,0.6931471805599453,Train
2021-11-12,245,22811.994134791,93.11018014200408,534.0,5154.0,0.0,0.0,169916.0,484480.0,58.363014206,44.86,0.0,0.0,4104.109863707,7083.631905782,0.2792156862745098,1,0,0,0,0,0,-0.15845177496083632,0.9873667175937016,-0.3129000178799537,0.949786070023521,0,1.9459101490553132,0.0,0.0,0.0,Train
2021-11-13,227,22217.996709909,97.8766374885859,629.0,4269.0,0.0,0.0,202538.0,449778.0,37.819639691,19.18,0.0,0.0,4761.082374984,6769.415770209,0.28,0,1,0,0,0,0,-0.14144406768794202,0.9899462489023779,-0.2800440484743445,0.9599871514317777,0,1.0986122886681096,0.6931471805599453,0.0,0.6931471805599453,Train
2021-11-14,325,31417.013844715,96.66773490681538,661.0,5603.0,0.0,0.0,147031.0,502392.0,60.421385623,22.4,0.0,0.0,3922.964229431,6969.371320938,0.2807843137254902,0,0,1,0,0,0,-0.12439450483979998,0.9922328391893008,-0.2468566254334839,0.9690520143313219,0,1.0986122886681096,0.0,0.0,0.0,Train
2021-11-15,237,22763.472074551,96.04840537785232,481.0,6595.0,0.0,0.0,143865.0,402820.0,32.570096038,37.5,0.0,0.0,3906.718090631,5219.454232507,0.2815686274509804,0,0,0,0,0,0,-0.10730813165636247,0.9942258118156161,-0.21337702862092797,0.9769699297608415,0,0.6931471805599453,0.0,0.0,0.0,Train
2021-11-16,272,26229.004378375,96.43016315579044,365.0,4885.0,0.0,0.0,134692.0,338218.0,37.499621697,27.9,0.0,0.0,3991.448570004,5076.283044538,0.2823529411764706,0,0,0,0,1,0,-0.09019000427034513,0.9959245770286599,-0.179644883710313,0.9837315262594303,0,0.0,0.6931471805599453,0.0,0.0,Train
2021-11-17,182,16917.996285877,92.95602354877474,329.0,5072.0,0.0,0.0,130500.0,332794.0,19.72201213,23.71,0.0,0.0,3712.266555993,4760.745911132,0.2831372549019608,0,0,0,0,0,1,-0.07304518821104743,0.9973286321364752,-0.14570011528535065,0.9893288009584253,0,0.0,0.0,0.0,0.0,Train
2021-11-18,266,26069.004272695,98.00377546125941,239.0,5144.0,0.0,0.0,139429.0,325856.0,16.23238505,28.42,0.0,0.0,3923.118950099,4813.889064167,0.283921568627451,0,0,0,1,0,0,-0.05587875690537313,0.9984375616565666,-0.11158289958600157,0.9937551290534204,0,0.0,0.0,0.6931471805599453,0.0,Train
2021-11-19,191,19208.194141651,100.56646147461258,205.0,4003.0,0.0,0.0,125365.0,258262.0,10.850638814,16.62,0.0,0.0,3461.977294666,3881.857392042,0.2847058823529412,1,0,0,0,0,0,-0.03869579017652689,0.9992510374388481,-0.07733361695682096,0.9970052716452285,0,5.648974238161206,4.3694478524670215,4.553876891600541,5.733341276897746,Train
2021-11-20,155,15927.990248901,102.76122741226452,231.0,5979.0,0.0,0.0,125728.0,234121.0,10.942533254,40.49,0.0,0.0,3410.655174047,3244.894139751,0.28549019607843135,0,1,0,0,0,0,-0.021501372740813793,0.999768818762748,-0.04299280405372191,0.9990753819405211,0,6.198478716492308,4.6443908991413725,5.389071729816501,6.306275286948016,Train
2021-11-21,187,18261.993544561,97.657719489631,354.0,10243.0,0.0,0.0,113105.0,244210.0,25.772669919,56.97,0.0,0.0,3312.513807271,3303.083709771,0.28627450980392155,0,0,1,0,0,0,-0.004300592702981974,0.9999907524084426,-0.008601105865714402,0.9999630098048061,0,6.274762021241939,5.752572638825633,5.420534999272286,6.208590026096629,Train
2021-11-22,519,31158.603188612,60.035844294050094,331.0,7238.0,0.0,0.0,123388.0,227053.0,25.364990414,48.05,0.0,0.0,3515.575074617,2880.41563135,0.28705882352941176,0,0,0,0,0,0,0.012901459949419653,0.9999167727021953,0.02580077239154065,0.9996671046623471,0,6.52649485957079,7.8328075165248645,6.171700597410915,7.215239978730097,Train
2021-11-23,303,24220.463218796,79.93552217424423,344.0,5071.0,0.0,0.0,122245.0,231806.0,24.593598364,25.14,0.0,0.0,3688.172135173,2958.282596621,0.28784313725490196,0,0,0,0,1,0,0.0300996948522586,0.9995469015357913,0.06017211345349579,0.9981880167396018,0,6.335054251498059,6.956545443151569,5.87493073085203,6.994849985833071,Train
2021-11-24,207,20928.693776482,101.10480085257005,320.0,4503.0,0.0,0.0,104035.0,248968.0,15.696951336,29.77,0.0,0.0,3285.717249789,3141.718858946,0.28862745098039216,0,0,0,0,0,1,0.04728902277113235,0.9988812483600598,0.09447223619871195,0.9955274966507026,0,6.274762021241939,6.008813185442595,5.805134968916488,6.507277712385012,Train
2021-11-25,190,18826.393585681,99.08628202989999,517.0,6028.0,0.0,0.0,113932.0,237619.0,54.790848975,36.29,0.0,0.0,3792.64910502,3546.909934912,0.28941176470588237,0,0,0,1,0,0,0.0644643571073618,0.9979200101524843,0.12866054379810374,0.991688693325469,1,6.359573868672378,5.337538079701318,5.659482215759621,6.352629396319567,Train
2021-11-26,655,59054.001324741,90.15878064845954,1238.0,3932.0,0.0,0.0,102524.0,210299.0,125.619838856,37.79,0.0,0.0,4367.206582324,4045.965213605,0.2901960784313726,1,0,0,0,0,0,0.08162061540319052,0.9966634713589159,0.1626965717643897,0.986676150282409,1,6.677083461247136,7.532088143541722,6.0867747269123065,7.186901020411631,Train
2021-11-27,290,25279.801134697,87.17172805067932,1190.0,5215.0,0.0,0.0,78605.0,150869.0,152.162029823,18.66,0.0,0.0,3662.205840146,2915.047961943,0.2909803921568627,0,1,0,0,0,0,0.09875272084577376,0.9951120038093987,0.1965400358449362,0.9804958002511134,1,6.293419278846481,7.61085279039525,5.762051382780177,7.122866658599083,Train
2021-11-28,229,18145.191561629,79.23664437392576,1231.0,5488.0,0.0,0.0,59118.0,124430.0,150.64245106,37.78,0.0,0.0,2895.450793053,2101.330812213,0.2917647058823529,0,0,1,0,0,0,0.11585560376947847,0.9932660666081418,0.2301508797012426,0.9731549581504192,1,6.302618975744905,7.215239978730097,5.7430031878094825,6.413458957167357,Train
2021-11-29,503,40621.476845965,80.75840327229622,1210.0,3809.0,0.0,0.0,75850.0,142566.0,150.010024284,34.92,0.0,0.0,3488.76542068,2506.073999212,0.29254901960784313,0,0,0,0,0,0,0.13292420315609124,0.9911262059976611,0.26348932231871813,0.9646623124306364,1,6.714170529909472,7.496097345175956,6.016157159698354,6.912742820493176,Train
2021-11-30,198,16548.401995145,83.57778785426767,1314.0,2712.0,0.0,0.0,89770.0,180264.0,149.533575772,21.46,0.0,0.0,3367.747707242,2745.338831359,0.29333333333333333,0,0,0,0,1,0,0.14995346813244534,0.9886930551971383,0.29651590509054826,0.9550279147901034,0,6.349138991379798,6.148468295917647,5.846438775057724,6.440946540632921,Train
2021-12-01,133,12931.600683973,97.23008033062406,699.0,3413.0,0.0,0.0,85131.0,192808.0,91.092916551,20.75,0.0,0.0,2910.881526375,2648.316643292,0.29411764705882354,0,0,0,0,0,1,0.16693835946505886,0.9859673342150412,0.3291915385199928,0.9442631682782295,0,6.453624998892692,5.572154032177765,5.634789603169249,6.2422232654551655,Train
2021-12-02,133,18320.39537333,137.74733363406014,720.0,5909.0,0.0,0.0,90507.0,158908.0,91.614014861,33.75,0.0,0.0,3047.526618523,2303.383212484,0.29490196078431374,0,0,0,1,0,0,0.18387385105132759,0.9829498496360606,0.36147754848581176,0.9323808137991084,0,6.137727054086234,6.478509642208569,5.2832037287379885,6.09807428216624,Train
2021-12-03,136,13257.694742232,97.4830495752353,759.0,4789.0,0.0,0.0,84724.0,153332.0,81.58099726,27.94,0.0,0.0,3116.84215877,2245.147698519,0.29568627450980395,1,0,0,0,0,0,0.20075493140682357,0.9796414943824304,0.39333572201604594,0.9193949150316831,0,6.19644412779452,5.501258210544727,5.308267697401205,6.448889394146858,Train
2021-12-04,125,10783.794161975,86.27035329579999,906.0,5643.0,0.0,0.0,77290.0,145346.0,73.799130767,26.84,0.0,0.0,3071.50706811,2044.599793798,0.2964705882352941,0,1,0,0,0,0,0.21757660514828173,0.9760432474496961,0.4247283525160183,0.9053208417842974,0,6.144185634125646,5.1647859739235145,5.19295685089021,6.656726524178391,Train
2021-12-05,187,16652.608864777,89.05138430362032,873.0,5668.0,0.0,0.0,80967.0,152444.0,70.566501609,45.29,0.0,0.0,2964.033121721,1984.566513432,0.2972549019607843,0,0,1,0,0,0,0.2343338944718038,0.9721561736170159,0.4556182843969648,0.890175251803355,0,6.26530121273771,5.942799375126701,5.6937321388027,6.484635235635252,Train
2021-12-06,167,16608.641639839,99.45294395113173,805.0,4812.0,0.0,0.0,84493.0,146228.0,77.003063159,40.02,0.0,0.0,3009.200817642,1662.946883034,0.2980392156862745,0,0,0,0,0,0,0.2510218406258827,0.9679814231320734,0.4859689570525489,0.8739760710575879,0,6.327936783729195,5.342334251964811,5.41610040220442,6.418364935936212,Train
2021-12-07,151,14364.688662691,95.13038849464239,938.0,5150.0,0.0,0.0,86141.0,153779.0,77.30896852,37.56,0.0,0.0,2980.969870943,1634.205624525,0.2988235294117647,0,0,0,0,1,0,0.26763550537876646,0.9635202313707026,0.515744448131128,0.8567424725213045,0,6.272877006546167,5.932245187448011,5.3981627015177525,6.222576268071369,Train
2021-12-08,138,13721.235331831,99.42924153500725,820.0,4806.0,0.0,0.0,94000.0,179321.0,78.756646262,29.87,0.0,0.0,3129.361834054,1775.133365129,0.2996078431372549,0,0,0,0,0,1,0.2841699724797683,0.9587739184713191,0.5449095160526287,0.8384948534816955,0,6.280395838960195,5.365976015021851,5.3981627015177525,6.444131256700441,Train
2021-12-09,182,19917.309084708,109.4357642016923,992.0,4771.0,0.0,0.0,78444.0,135337.0,79.293154788,33.23,0.0,0.0,2858.149196006,1623.815744733,0.3003921568627451,0,0,0,1,0,0,0.3006203491140572,0.9537438889442712,0.5734296417196509,0.8192548113970847,0,6.154858094016418,5.043425116919247,5.552959584921617,6.576469569048224,Train
2021-12-10,167,15246.891954392,91.29875421791617,919.0,4787.0,0.0,0.0,79685.0,140417.0,78.130012215,38.08,0.0,0.0,3002.405526758,1822.141304736,0.30117647058823527,1,0,0,0,0,0,0.31698176735052785,0.9484316312562208,0.601271069373482,0.7990451183346716,0,6.144185634125646,5.762051382780177,5.198497031265826,6.263398262591624,Train
2021-12-11,148,14193.004768806,95.89868087031081,1225.0,5276.0,0.0,0.0,81558.0,149865.0,69.856672371,26.42,0.0,0.0,3073.079167201,1888.510598973,0.30196078431372547,0,1,0,0,0,0,0.333249385582294,0.9428387173896835,0.6284008465466204,0.7778896940180471,0,6.115892125483034,4.882801922586371,5.342334251964811,6.602587892189336,Train
2021-12-12,232,19837.998994396,85.50861635515517,554.0,3395.0,0.0,0.0,72825.0,155536.0,75.206375126,33.79,0.0,0.0,2857.168065794,1967.858648844,0.3027450980392157,0,0,1,0,0,0,0.34941838995939767,0.936966802377855,0.6547868630645504,0.7558135775163646,0,6.333279628139691,6.0063531596017325,5.66988092298052,6.135564891081739,Train
2021-12-13,163,14764.200434824,90.57791677806135,761.0,3492.0,0.0,0.0,77540.0,155357.0,74.569389809,19.02,0.0,0.0,3008.271312599,1836.983929953,0.3035294117647059,0,0,0,0,0,0,0.3654839958133118,0.9308176238148561,0.6803978890506115,0.7328428976086702,0,6.163314804034641,5.14166355650266,5.54907608489522,6.263398262591624,Train
2021-12-14,156,13319.801393872,85.38334226841026,885.0,5582.0,0.0,0.0,70105.0,134344.0,79.113668391,27.78,0.0,0.0,2815.7242279,2022.488143552,0.3043137254901961,0,0,0,0,1,0,0.3814414490727919,0.9243930013415553,0.7052036118889403,0.7090048418584973,0,6.326149473155099,6.278521424165844,5.278114659230518,6.472346294500901,Train
2021-12-15,142,11268.806972282,79.35779557945071,840.0,4403.0,0.0,0.0,69049.0,136259.0,71.521512526,35.81,0.0,0.0,2661.519442064,2109.676841138,0.3050980392156863,0,0,0,0,0,1,0.3972860276706894,0.9176948361071039,0.7291746721017913,0.6843276244352885,0,6.013715156042802,5.953243334287785,5.2574953720277815,6.142037405587356,Train
2021-12-16,135,11480.792881303,85.04291023187407,876.0,4302.0,0.0,0.0,65424.0,162349.0,74.283422319,37.25,0.0,0.0,2615.274284008,2394.275438747,0.3058823529411765,0,0,0,1,0,0,0.4130130429412807,0.9107251102063585,0.7522826980987227,0.6588404527207676,0,5.996452088619021,5.342334251964811,5.204006687076795,5.83773044716594,Train
2021-12-17,106,9354.191744687,88.24709193100942,688.0,3483.0,0.0,0.0,74148.0,149794.0,69.271403875,27.99,0.0,0.0,2724.103463543,2327.171835808,0.30666666666666664,1,0,0,0,0,0,0.42861784100772643,0.9034858860933442,0.7745003397565637,0.6325734927397506,0,5.8289456176102075,5.204006687076795,5.087596335232384,6.013715156042802,Train
2021-12-18,121,10622.600993745,87.79009085739669,926.0,5422.0,0.0,0.0,82623.0,170759.0,65.525398486,24.69,0.0,0.0,2836.837586804,2431.332734113,0.30745098039215685,0,1,0,0,0,0,0.4440958041592176,0.8959793059709459,0.7958013007903698,0.6055578334563557,0,6.0330862217988015,4.605170185988092,5.0689042022202315,6.059123195581797,Train
2021-12-19,110,10847.007732021,98.60916120019091,684.0,5406.0,0.0,0.0,86319.0,177986.0,67.806303777,32.2,0.0,0.0,2796.022744572,2365.266297378,0.30823529411764705,0,0,1,0,0,0,0.459442352217446,0.8882075911569887,0.8161603698771169,0.5778254499778006,0,6.089044875446846,5.424950017481403,5.384495062789089,5.82600010738045,Train
2021-12-20,88,7975.806854136,90.634168797,1024.0,4810.0,0.0,0.0,79993.0,174224.0,77.844114329,21.82,0.0,0.0,2655.309034326,2287.595550555,0.30901960784313726,0,0,0,0,0,0,0.47465294389193496,0.8801730414269229,0.8355534504952139,0.5494091657094393,0,5.857933154483459,4.770684624465665,5.056245805348308,5.820082930352362,Train
2021-12-21,98,9727.19139429,99.2570550437755,719.0,4954.0,0.0,0.0,90576.0,185158.0,68.025976105,28.82,0.0,0.0,2869.084807153,2512.708036287,0.30980392156862746,0,0,0,0,1,0,0.48972307812389554,0.8718780343332758,0.8539575894446066,0.5203426135057138,0,5.971261839790462,4.962844630259907,5.225746673713202,5.749392985908253,Train
2021-12-22,83,6498.203130402,78.29160398074698,619.0,5653.0,0.0,0.0,88236.0,182177.0,64.10979429,24.05,0.0,0.0,2772.831022754,2316.414979534,0.31058823529411766,0,0,0,0,0,1,0.5046482954181526,0.8633250245021008,0.87135100401364,0.490660195863106,0,5.966146739123692,4.5217885770490405,5.043425116919247,5.497168225293202,Train
2021-12-23,94,7965.403055736,84.73833038017021,623.0,6027.0,0.0,0.0,85723.0,193372.0,60.512655508,23.74,0.0,0.0,2831.085490543,2341.778412214,0.31137254901960787,0,0,0,1,0,0,0.5194241791627843,0.854516542906612,0.8877131077605742,0.4603970442021356,0,5.968707559985366,4.543294782270004,5.099866427824199,5.472270673671475,Train
2021-12-24,105,8805.799710393,83.8647591466,599.0,4078.0,0.0,0.0,91887.0,199520.0,62.788291459,32.17,0.0,0.0,2802.313534015,2404.188858934,0.312156862745098,1,0,0,0,0,0,0.5340463569360717,0.8454551961182272,0.9030245348792224,0.4295889772866198,0,5.976350909297934,4.897839799950911,4.74493212836325,5.583496308781699,Train
2021-12-25,97,9235.4074665,95.21038625257732,661.0,6131.0,0.0,0.0,96362.0,216008.0,61.378856381,22.82,0.0,0.0,2931.203847762,2528.259414463,0.3129411764705882,0,1,0,0,0,0,0.5485105018003605,0.8361436655352456,0.9172671631198608,0.39827245882943335,0,6.220590170099739,4.394449154672439,4.564348191467836,6.063785208687608,Train
2021-12-26,140,12408.61202717,88.63294305121428,925.0,3538.0,0.0,0.0,84659.0,183006.0,62.140736978,32.64,0.0,0.0,2783.024971916,2222.511110713,0.3137254901960784,0,0,1,0,0,0,0.5628123335824821,0.8265847065893737,0.9304241352383132,0.366484554334882,0,6.371611847231857,4.276666119016055,5.365976015021851,6.018593214496234,Train
2021-12-27,104,8714.59948969,83.79422586240383,994.0,4048.0,0.0,0.0,78736.0,171705.0,64.187612297,18.69,0.0,0.0,2450.283998729,1756.742925726,0.31450980392156863,0,0,0,0,0,0,0.576947620140316,0.8167811479303533,0.9424798789477854,0.3342628872288514,0,6.210600077024653,4.574710978503383,5.1298987149230735,5.8888779583328805,Train
2021-12-28,114,8359.202310481,73.32633605685088,718.0,5353.0,0.0,0.0,83893.0,171983.0,67.233214903,27.2,0.0,0.0,2616.996397774,1742.471827423,0.31529411764705884,0,0,0,0,1,0,0.5909121786151564,0.8067358905889147,0.9534201253498682,0.30164559432857885,0,6.274762021241939,4.499809670330265,5.1647859739235145,5.796057750765372,Train
2021-12-29,155,11353.786541843,73.2502357538258,815.0,5789.0,0.0,0.0,79987.0,159832.0,60.219860677,24.98,0.0,0.0,2583.75843873,1730.883684084,0.31607843137254904,0,0,0,0,0,1,0.6047018766694813,0.796451907118319,0.9632319258228698,0.268671280704815,0,6.257667587882639,6.180016653652572,5.332718793265369,6.040254711277414,Train
2021-12-30,114,9224.410262427,80.91587949497368,717.0,5724.0,0.0,0.0,86221.0,177906.0,57.618554971,23.25,0.0,0.0,2616.978870707,1859.112718971,0.3168627450980392,0,0,0,1,0,0,0.6183126337097825,0.7859322407147274,0.9719036673475078,0.2353789739897446,0,6.214608098422191,5.19295685089021,5.327876168789581,5.872117789475416,Train
2021-12-31,144,12352.80181691,85.78334595076389,456.0,5563.0,0.0,0.0,97679.0,227940.0,46.364270352,29.65,0.0,0.0,2572.007008485,1836.961165919,0.3176470588235294,1,0,0,0,0,0,0.6317404220940747,0.775180004316675,0.9794250862518059,0.2018080781848007,0,6.156978985585555,6.056784013228625,5.153291594497779,5.83773044716594,Train
2022-01-01,137,12816.99509641,93.5547087329197,798.0,6179.0,0.0,0.0,125189.0,317670.0,73.673637886,35.62,0.0,0.0,2697.931933168,2234.413354189,0.3184313725490196,0,1,0,0,0,0,0.6449812683237445,0.7641983796838971,0.9857872803589409,0.16799832702298775,0,6.2422232654551655,5.099866427824199,5.1647859739235145,6.210600077024653,Train
2022-01-02,208,14622.982003666,70.30279809454808,1082.0,5582.0,0.0,0.0,118274.0,362130.0,74.136725875,33.43,0.0,0.0,2793.19947404,2370.983412759,0.3192156862745098,0,0,1,0,0,0,0.6580312542193658,0.7529906164558017,0.9909827195236494,0.1339897369409766,0,6.327936783729195,6.535241271013659,5.262690188904886,5.986452005284438,Train
2022-01-03,132,11151.018188727,84.47741052065908,826.0,4771.0,0.0,0.0,127762.0,333712.0,75.317793655,19.22,0.0,0.0,2842.748236497,2209.83381141,0.32,0,0,0,0,0,0,0.6708865180801582,0.7415600311898435,0.9950052545447351,0.09982255971656324,0,6.437751649736401,5.407171771460119,5.19295685089021,6.161207321695077,Train
2022-01-04,148,12315.8031873,83.21488640067568,852.0,6220.0,0.0,0.0,121567.0,354486.0,74.518752546,26.1,0.0,0.0,2750.914228193,2469.913620697,0.3207843137254902,0,0,0,0,1,0,0.683543255826725,0.7299100063801018,0.9978501244431209,0.06553723482760074,0,6.42648845745769,6.22455842927536,5.209486152841421,5.918893854273146,Train
2022-01-05,134,11348.197348578,84.68803991476119,876.0,4767.0,0.0,0.0,119487.0,381259.0,75.884103728,40.48,0.0,0.0,2650.768602161,2661.949628211,0.3215686274509804,0,0,0,0,0,1,0.6959977221267386,0.7180439894563502,0.9995139620968313,0.031174341588782392,0,6.436150368369428,4.948759890378168,5.117993812416755,5.929589143389895,Train
2022-01-06,194,12994.602845085,66.98248889219073,696.0,5278.0,0.0,0.0,118714.0,363154.0,77.2518166,21.55,0.0,0.0,2829.380936624,2501.985727584,0.32235294117647056,0,0,0,1,0,0,0.7082462315032488,0.7059654917639009,0.9999947982262414,-0.003225448877107192,0,6.398594934535208,6.226536669287466,5.488937726156687,6.444131256700441,Train
2022-01-07,134,12533.388150871,93.5327473945597,705.0,5812.0,0.0,0.0,114909.0,402817.0,73.509123959,22.47,0.0,0.0,2674.35274357,2637.03723072,0.32313725490196077,1,0,0,0,0,0,0.7202851594252706,0.6936780875245466,0.9992920637248697,-0.037621421776574855,0,6.311734809152915,4.9344739331306915,5.147494476813453,5.981414211254481,Train
2022-01-08,139,13197.194445997,94.94384493523022,880.0,7850.0,0.0,0.0,112380.0,322895.0,69.46104892,31.65,0.0,0.0,2861.570742323,2619.855265824,0.323921568627451,0,1,0,0,0,0,0.7321109433803457,0.6811854127788853,0.9974065903329598,-0.0719728668345193,0,6.320768294250582,4.6443908991413725,5.176149732573829,6.634633357861686,Train
2022-01-09,173,13553.807643731,78.34570892330058,709.0,9188.0,0.0,0.0,108250.0,341019.0,72.586073875,36.63,0.0,0.0,2740.602958051,2618.40905269,0.3247058823529412,0,0,1,0,0,0,0.7437200839287408,0.6684911643103645,0.9943406096530519,-0.10623912647794644,0,6.464588303689961,5.891644211825771,5.236441962829949,6.061456918928017,Train
2022-01-10,131,10954.391257711,83.621307310771,666.0,5964.0,0.0,0.0,117023.0,361870.0,75.979178345,25.45,0.0,0.0,2820.495118782,2623.476417966,0.3254901960784314,0,0,0,0,0,0,0.7551091457389965,0.655599098551335,0.9900977505087094,-0.14037964395735386,0,6.424869023905388,5.10594547390058,5.288267030694535,6.175867270105761,Train
2022-01-11,138,11554.992321232,83.73182841472465,797.0,6772.0,0.0,0.0,109538.0,293407.0,65.853606915,35.04,0.0,0.0,2656.753947623,2157.613398527,0.3262745098039216,0,0,0,0,1,0,0.7662747586044899,0.6425130304714689,0.9846830346495282,-0.17435401134873857,0,6.311734809152915,5.53338948872752,5.332718793265369,5.860786223465865,Train
2022-01-12,133,10628.75167234,79.91542610781956,746.0,6020.0,0.0,0.0,89542.0,195158.0,71.781673513,20.01,0.0,0.0,2533.983851122,1587.980099116,0.3270588235294118,0,0,0,0,0,1,0.7772136184407363,0.6292368324488463,0.9781028708075103,-0.20812201737948507,0,6.293419278846481,4.7535901911063645,5.123963979403259,6.082218910376446,Train
2022-01-13,178,11013.581252722,61.87405198158427,697.0,7047.0,0.0,0.0,85816.0,203222.0,73.369235563,28.69,0.0,0.0,2428.594386523,1750.143274016,0.32784313725490194,0,0,0,1,0,0,0.7879224882631226,0.6157744331240536,0.970365047111836,-0.2416436950215011,0,6.304448802421981,6.476972362889683,5.4680601411351315,5.963579343618446,Train
2022-01-14,127,11340.987530227,89.29911441123622,914.0,8087.0,0.0,0.0,87051.0,204338.0,63.919975655,24.09,0.0,0.0,2521.871654505,1665.875377508,0.32862745098039214,1,0,0,0,0,0,0.7983981991447763,0.6021298162376434,0.9614787218710191,-0.27487936879524355,0,6.226536669287466,4.983606621708336,5.241747015059643,5.8289456176102075,Train
2022-01-15,106,9477.592611585,89.41125105268868,667.0,9105.0,0.0,0.0,82677.0,230586.0,67.771705283,34.12,0.0,0.0,2416.733348226,1868.941458335,0.32941176470588235,0,1,0,0,0,0,0.8086376511543126,0.5883070194512693,0.9514544127333379,-0.30778970172872777,0,6.3561076606958915,4.6443908991413725,5.087596335232384,6.375024819828097,Train
2022-01-16,132,12563.605325403,95.17882822275,891.0,9533.0,0.0,0.0,84065.0,263232.0,71.182314401,40.86,0.0,0.0,2497.64348013,1893.964532171,0.33019607843137255,0,0,1,0,0,0,0.8186378142731426,0.5743101331528911,0.9403039842384007,-0.34033574191581695,0,6.373319789577012,4.6913478822291435,5.424950017481403,6.0112671744041615,Train
2022-01-17,121,9056.996585561,74.85121145091736,812.0,8260.0,0.0,0.0,70284.0,58164.0,70.75803247,29.49,0.0,0.0,2039.751455552,414.235272087,0.33098039215686276,0,0,0,0,0,0,0.8283957292921138,0.5601432992463508,0.9280406337745429,-0.37247896861882634,0,6.333279628139691,4.624972813284271,5.53338948872752,6.694562058521095,Train
2022-01-18,451,32789.218168534,72.70336622734811,1136.0,7740.0,0.0,0.0,90118.0,54880.0,72.995303031,25.65,0.0,0.0,2412.21,787.0,0.33176470588235296,0,0,0,0,1,0,0.8379085086871813,0.545810709925725,0.9146788759587118,-0.40418133786075217,0,6.401917196727186,7.6251071482389,5.765191102784844,6.440946540632921,Train
2022-01-19,276,20650.817303143,74.82180182298188,761.0,6910.0,0.0,0.0,110664.0,37168.0,68.123618226,37.45,0.0,0.0,2571.78,566.39,0.3325490196078431,0,0,0,0,0,1,0.847173337473877,0.5313166064347815,0.9002345254572965,-0.4354053274532549,0,6.255750041753367,6.398594934535208,5.793013608384144,6.840546529288687,Train
2022-01-20,194,13221.2017363,68.15052441391752,886.0,6487.0,0.0,0.0,101614.0,58429.0,71.445477762,27.82,0.0,0.0,2447.13,755.8,0.3333333333333333,0,0,0,1,0,0,0.8561874740403054,0.5166652778119326,0.8847246782682624,-0.466113981407037,0,6.206575926724928,5.697093486505405,5.579729825986222,6.16541785423142,Train
2022-01-21,141,9439.000774868,66.94326790686524,652.0,7561.0,0.0,0.0,71367.0,58186.0,68.694641981,35.54,0.0,0.0,1519.09,857.99,0.3341176470588235,1,0,0,0,0,0,0.8649482509584342,0.5018610596210326,0.8681676914867171,-0.4962709536721089,0,6.169610732491456,6.040254711277414,5.3981627015177525,5.736572297479192,Train
2022-01-22,167,10485.792965664,62.78917943511378,676.0,7731.0,0.0,0.0,45951.0,37442.0,66.345767269,34.06,0.0,0.0,844.48,614.18,0.3349019607843137,0,1,0,0,0,0,0.8734530757734247,0.4869083326684233,0.8505831615778885,-0.5258405511561121,0,6.210600077024653,5.676753802268282,5.641907070938114,6.175867270105761,Train
2022-01-23,174,11831.604843903,67.99772898794828,917.0,6329.0,0.0,0.0,48856.0,53827.0,72.693291594,32.1,0.0,0.0,900.75,757.02,0.33568627450980393,0,0,1,0,0,0,0.8816994317707848,0.4718115217065765,0.8319919011831955,-0.5547877759698494,0,6.289715570908998,5.220355825078325,5.68697535633982,5.814130531825066,Train
2022-01-24,187,14266.148092976,76.28956199452406,647.0,3981.0,0.0,0.0,58457.0,66630.0,69.633660837,30.41,0.0,0.0,1099.73,842.65,0.33647058823529413,0,0,0,0,0,0,0.8896848787211044,0.45657509412473846,0.8124159144868894,-0.5830783668499725,0,6.171700597410915,4.727387818712341,5.54907608489522,5.765191102784844,Train
2022-01-25,184,13244.018912959,71.97836365738587,935.0,5396.0,0.0,0.0,64544.0,49943.0,70.275035351,16.74,0.0,0.0,1231.86,729.16,0.33725490196078434,0,0,0,0,1,0,0.8974070536021568,0.44120355862696276,0.7918783711724181,-0.6106788397098085,0,6.173786103901937,6.3080984415095305,5.389071729816501,5.823045895483019,Train
2022-01-26,155,11166.603155293,72.04260100189032,971.0,5895.0,0.0,0.0,85923.0,51610.0,73.687274899,31.52,0.0,0.0,1539.2,730.91,0.3380392156862745,0,0,0,0,0,1,0.9048636712981575,0.4257014638979058,0.7704035789993182,-0.6375565272703599,0,6.089044875446846,5.4116460518550396,5.356586274672012,6.042632833682381,Train
2022-01-27,150,10346.503791778,68.97669194518666,707.0,5361.0,0.0,0.0,67280.0,64009.0,69.51130728,25.11,0.0,0.0,1268.85,1002.5,0.3388235294117647,0,0,0,1,0,0,0.912052525275964,0.41007339725680436,0.748016955033124,-0.6636796177245262,0,6.042632833682381,5.5053315359323625,5.393627546352361,5.568344503761097,Train
2022-01-28,151,9961.796645673,65.97216321637748,840.0,6482.0,0.0,0.0,78807.0,54981.0,68.932695098,23.88,0.0,0.0,1726.59,899.32,0.3396078431372549,1,0,0,0,0,0,0.9189714882380281,0.39432398330000645,0.7247449955623085,-0.6890171923888325,0,5.963579343618446,4.948759890378168,5.099866427824199,5.752572638825633,Train
2022-01-29,147,9499.005092423,64.61908226138095,783.0,5588.0,0.0,0.0,89984.0,62646.0,59.600343875,30.99,0.0,0.0,1782.21,940.02,0.3403921568627451,0,1,0,0,0,0,0.9256185127518922,0.3784578825324888,0.7006152447379053,-0.7135392622980498,0,6.018593214496234,4.6913478822291435,5.308267697401205,6.093569770045136,Train
2022-01-30,314,22962.599680458,73.12929834540763,677.0,6180.0,0.0,0.0,99044.0,105438.0,66.837229022,31.13,0.0,0.0,1491.65,1253.8,0.3411764705882353,0,0,1,0,0,0,0.9319916318560635,0.36247978998872715,0.6756562619728741,-0.7372168036994565,0,6.345636360828596,7.4377951216719325,5.8522024797744745,6.248042874508429,Train
2022-01-31,175,13814.399893438,78.93942796250286,744.0,5336.0,0.0,0.0,96760.0,111038.0,65.055768113,24.82,0.0,0.0,1430.82,1327.12,0.3419607843137255,0,0,0,0,0,0,0.9380889596420647,0.3463944338433696,0.6498975881398573,-0.7600217924046628,0,6.192362489474872,6.1675164908883415,5.652489180268651,5.648974238161206,Train
2022-02-01,265,16272.528159365,61.4057666391132,1154.0,6564.0,0.0,0.0,109270.0,94008.0,83.244680701,23.47,0.0,0.0,1820.47,1327.29,0.3427450980392157,0,0,0,0,1,0,0.9439086918125081,0.3302065740120864,0.6233697106072773,-0.7819272369584009,0,6.0844994130751715,6.7912214627261855,5.488937726156687,5.641907070938114,Train
2022-02-02,175,12415.46403385,70.94550876485714,986.0,6717.0,0.0,0.0,110948.0,99931.0,82.642143417,35.63,0.0,0.0,1837.81,1427.44,0.34352941176470586,0,0,0,0,0,1,0.9494491062150135,0.31392100074304014,0.5961040271552042,-0.8029072105849764,0,6.111467339502679,5.5909869805108565,5.60947179518496,5.918893854273146,Train
2022-02-03,1082,85017.248761352,78.5741670622477,1080.0,7467.0,0.0,0.0,149254.0,126071.0,83.414187625,30.43,0.0,0.0,1835.36,1433.81,0.34431372549019607,0,0,0,1,0,0,0.9547085633518225,0.29754253319937163,0.568132808813668,-0.8229368818746017,0,6.150602768446279,6.601230118728877,5.877735781779639,5.726847747587197,Train
2022-02-04,1078,122454.467871099,113.59412603998052,1135.0,7058.0,0.0,0.0,168221.0,106327.0,82.501581784,39.39,0.0,0.0,1919.53,1326.46,0.34509803921568627,1,0,0,0,0,0,0.9596855068649522,0.2810760180331286,0.539489161667411,-0.8419925441732807,0,5.981414211254481,5.605802066295998,5.683579767338681,5.53338948872752,Train
2022-02-05,187,14259.600316619,76.25454714769519,854.0,7273.0,0.0,0.0,109561.0,92717.0,81.510078913,38.81,0.0,0.0,1852.7,1445.59,0.3458823529411765,0,1,0,0,0,0,0.9643784639967451,0.264526327951073,0.5102069876723101,-0.8600516436414427,0,6.07073772800249,5.918893854273146,5.521460917862246,6.226536669287466,Train
2022-02-06,215,16993.205238823,79.03816390150233,900.0,7018.0,0.0,0.0,100347.0,114566.0,81.588523122,33.74,0.0,0.0,1536.15,1650.27,0.3466666666666667,0,0,1,0,0,0,0.968786046025684,0.24789836027275647,0.48032094452978846,-0.8770928059481573,0,6.104793232414985,5.616771097666572,5.68697535633982,5.545177444479562,Train
2022-02-07,159,12002.999839388,75.49056502759748,910.0,5130.0,0.0,0.0,115022.0,109443.0,86.040887449,17.03,0.0,0.0,1823.26,1465.42,0.3474509803921569,0,0,0,0,0,0,0.9729069486773348,0.23119703548133497,0.44986640466678224,-0.8930958615692847,0,6.259581464064923,5.730099782973575,5.953243334287785,5.69035945432406,Train
2022-02-08,190,13492.39801733,71.01262114384211,840.0,5336.0,0.0,0.0,112679.0,76850.0,79.635198777,40.81,0.0,0.0,2157.56,1208.27,0.34823529411764703,0,0,0,0,1,0,0.9767399525103048,0.21442729576751102,0.4188794133697436,-0.9080418696596647,0,5.942799375126701,6.461468176353717,5.659482215759621,5.666426688112432,Train
2022-02-09,120,8069.659362573,67.247161354775,698.0,4377.0,0.0,0.0,114208.0,75759.0,85.373187219,34.18,0.0,0.0,2313.55,1199.6,0.34901960784313724,0,0,0,0,0,1,0.9802839232770918,0.19759410356706691,0.3873966461222887,-0.9219131404710544,0,6.329720905522696,6.20050917404269,5.736572297479192,6.7912214627261855,Train
2022-02-10,155,10983.794244869,70.86318867657418,766.0,3987.0,0.0,0.0,118347.0,81083.0,75.777079159,17.21,0.0,0.0,2255.94,1275.98,0.34980392156862744,0,0,0,1,0,0,0.9835378122597296,0.18070244009239297,0.3554553651969341,-0.9346932562893102,0,6.126869184114185,6.021023349349527,5.69035945432406,5.926926025970411,Train
2022-02-11,193,14337.395908626,74.28702543329534,1043.0,5482.0,0.0,0.0,119381.0,84674.0,80.427421853,31.59,0.0,0.0,1961.28,1288.58,0.35058823529411764,1,0,0,0,0,0,0.9865006565801178,0.1637573038584739,0.3230933755523487,-0.9463670908660069,0,6.313548046277095,6.597145701886651,5.8289456176102075,5.375278407684165,Train
2022-02-12,145,10072.399010541,69.46482076235172,682.0,6176.0,0.0,0.0,91303.0,97395.0,78.983085314,25.52,0.0,0.0,1387.93,1537.57,0.35137254901960785,0,1,0,0,0,0,0.9891715794849547,0.14676370920373963,0.2903489800882674,-0.9569208273215203,0,6.259581464064923,5.942799375126701,5.707110264748875,6.073044534100405,Train
2022-02-13,216,14611.204678361,67.64446610352314,883.0,7449.0,0.0,0.0,77664.0,86470.0,82.856100273,31.83,0.0,0.0,1582.24,1413.04,0.35215686274509805,0,0,1,0,0,0,0.9915497906051816,0.12972668480625182,0.25726093431108676,-0.9663419744983588,0,6.261491684321042,6.118097198041348,5.541263545158426,4.927253685157205,Train
2022-02-14,174,12032.998980268,69.15516655326437,785.0,6549.0,0.0,0.0,89453.0,98114.0,77.686981545,28.52,0.0,0.0,1582.72,1390.82,0.35294117647058826,0,0,0,0,0,0,0.993634586189866,0.11265127219562909,0.22386840046373174,-0.9746193817454125,0,6.359573868672378,6.023447592961033,5.720311776607412,5.356586274672012,Train
2022-02-15,156,10842.397523665,69.50254822862179,782.0,5558.0,0.0,0.0,90026.0,107971.0,81.374605627,36.52,0.0,0.0,1521.78,1550.1,0.3537254901960784,0,0,0,0,1,0,0.9954253493144537,0.09554252426117808,0.19021090117413572,-0.9817432521156044,0,6.29156913955832,5.662960480135946,5.455321115357702,5.438079308923196,Train
2022-02-16,178,12502.498139128,70.23875359060673,869.0,6165.0,0.0,0.0,74151.0,112745.0,79.17962743,20.41,0.0,0.0,1333.74,1656.69,0.3545098039215686,0,0,0,0,0,1,0.9969215500633253,0.07840550375666766,0.156328272677186,-0.9877051539613263,0,6.282266746896006,5.429345628954441,5.66988092298052,5.209486152841421,Train
2022-02-17,135,9579.006849148,70.95560628998518,1103.0,8718.0,0.0,0.0,55791.0,150939.0,81.257315503,41.96,0.0,0.0,980.26,2015.91,0.3552941176470588,0,0,0,1,0,0,0.9981227456866077,0.06124528180217061,0.12226061766546514,-0.9924980309139454,0,6.139884552226255,5.365976015021851,5.493061443340548,4.912654885736052,Train
2022-02-18,196,15049.589710223,76.7836209705255,999.0,6795.0,0.0,0.0,61883.0,132029.0,75.110845386,25.44,0.0,0.0,1156.59,1905.44,0.356078431372549,1,0,0,0,0,0,0.9990285807311906,0.044066936383449135,0.08804825782465771,-0.9961162102355541,0,6.169610732491456,5.3612921657094255,5.420534999272286,4.8283137373023015,Train
2022-02-19,190,13689.306229962,72.04898015769473,1084.0,7386.0,0.0,0.0,74805.0,127106.0,77.524677675,31.77,0.0,0.0,1347.0,1829.37,0.3568627450980392,0,1,0,0,0,0,0.9996387871459109,0.026875550849280297,0.05373168610970562,-0.9985554095330955,0,6.300785794663244,6.126869184114185,5.3981627015177525,5.7899601708972535,Train
2022-02-20,177,13234.392308928,74.77057801654237,1201.0,7838.0,0.0,0.0,89264.0,128938.0,78.100835315,36.82,0.0,0.0,1393.2,1616.52,0.35764705882352943,0,0,1,0,0,0,0.999953184360873,0.009676212407230897,0.019351518818325447,-0.9998127418269003,0,6.19644412779452,5.62040086571715,5.4510384535657,4.882801922586371,Train
2022-02-21,237,20481.597464636,86.42024246681856,1006.0,6793.0,0.0,0.0,67814.0,150137.0,82.027991168,35.75,0.0,0.0,1262.57,1706.3,0.35843137254901963,0,0,0,0,0,0,0.999971679340883,-0.00752598938174598,-0.015051552481532364,-0.9998867189676517,0,6.352629396319567,7.348587530927593,5.713732805509369,4.718498871295094,Train
2022-02-22,199,19126.784363386,96.11449428837186,1161.0,6212.0,0.0,0.0,60890.0,130177.0,80.726229733,31.67,0.0,0.0,1230.02,1780.35,0.3592156862745098,0,0,0,0,1,0,0.9996942666129788,-0.024725964109382385,-0.049436809113255716,-0.998777253397723,0,6.315358001522335,6.699500340161678,5.602118820879701,6.180016653652572,Train
2022-02-23,142,11835.984170285,83.35200119919014,954.0,5913.0,0.0,0.0,64534.0,125658.0,79.219940323,26.24,0.0,0.0,1237.04,1756.43,0.36,0,0,0,0,0,1,0.9991210282680496,-0.041918622026437195,-0.08376355348526729,-0.9964856582548094,0,6.161207321695077,5.993961427306569,5.429345628954441,4.997212273764115,Train
2022-02-24,180,20502.9839641,113.90546646722223,1205.0,6282.0,0.0,0.0,61472.0,144864.0,82.306163158,19.2,0.0,0.0,1154.84,1921.99,0.3607843137254902,0,0,0,1,0,0,0.9982521339365441,-0.0590988755488295,-0.11799115725973859,-0.9930146458177279,0,6.180016653652572,6.373319789577012,5.4510384535657,4.962844630259907,Train
2022-02-25,144,13361.806291003,92.79032146529862,955.0,6872.0,0.0,0.0,62449.0,158704.0,75.091965559,26.97,0.0,0.0,1150.94,1974.71,0.3615686274509804,1,0,0,0,0,0,0.9970878407382744,-0.07626164076313564,-0.15207910943934577,-0.9883683242962289,0,6.1070228877422545,5.823045895483019,5.3230099791384085,5.049856007249537,Train
2022-02-26,132,9788.198776423,74.15302103350757,1019.0,8182.0,0.0,0.0,66357.0,146917.0,71.396847595,34.16,0.0,0.0,1140.41,1947.4,0.3623529411764706,0,1,0,0,0,0,0.9956284932063294,-0.09340183893100905,-0.18598706431516163,-0.9825521929686117,0,6.186208623900494,5.62040086571715,5.3706380281276624,5.796057750765372,Train
2022-02-27,164,13860.015330646,84.5122886015,981.0,8893.0,0.0,0.0,53809.0,188892.0,72.878716806,45.17,0.0,0.0,896.94,2167.6,0.3631372549019608,0,0,1,0,0,0,0.9938745231851225,-0.11051439799205079,-0.21967488921888068,-0.9755731356729092,0,6.214608098422191,5.484796933490655,5.60947179518496,5.5053315359323625,Train
2022-02-28,199,15243.297789225,76.59948637801507,930.0,2262.0,0.0,0.0,80051.0,181017.0,69.8495436,11.18,0.0,0.0,1183.24,1800.27,0.36392156862745095,0,0,0,0,0,0,0.9918264497026016,-0.12759425406472188,-0.25310271202292967,-0.9674394126593344,0,6.278521424165844,6.590301048196686,5.666426688112432,5.288267030694535,Train
2022-03-01,145,11383.098949874,78.5041306887862,1044.0,0.0,0.0,0.0,69321.0,149607.0,73.702849748,0.0,0.0,0.0,1080.29,1667.35,0.36470588235294116,0,0,0,0,1,0,0.9894848788166606,-0.1446363529448202,-0.28623096833217826,-0.9581606508136428,0,6.139884552226255,5.583496308781699,5.4638318050256105,5.6131281063880705,Train
2022-03-02,166,13784.601543576,83.03976833479518,869.0,0.0,0.0,0.0,49935.0,168896.0,69.278701449,0.0,0.0,0.0,725.79,1873.54,0.36549019607843136,0,0,0,0,0,1,0.9868505034357966,-0.16163565160110782,-0.3190204483114526,-0.9477478322629705,0,6.222576268071369,5.517452896464707,5.58724865840025,5.575949103146316,Train
2022-03-03,140,11768.20507743,84.05860769592857,934.0,0.0,0.0,0.0,62488.0,148344.0,75.887470789,0.0,0.0,0.0,1026.72,1643.53,0.36627450980392157,0,0,0,1,0,0,0.9839241031140683,-0.17858711966761825,-0.3514323430933722,-0.9362132813776476,0,6.236369590203704,5.723585101952381,5.572154032177765,6.052089168924417,Train
2022-03-04,143,11020.834132189,77.06877015516784,862.0,0.0,0.0,0.0,89293.0,110947.0,73.357508672,0.0,0.0,0.0,1427.29,1359.52,0.36705882352941177,1,0,0,0,0,0,0.9807065438204117,-0.1954857409322303,-0.3834282907116399,-0.9235706501843539,0,6.095824562432225,5.303304908059076,5.056245805348308,5.805134968916488,Train
2022-03-05,144,11507.014377534,79.90982206620833,1191.0,0.0,0.0,0.0,73871.0,126404.0,73.27015039,0.0,0.0,0.0,1143.14,1633.09,0.367843137254902,0,1,0,0,0,0,0.9771987776823877,-0.21232651482103562,-0.41497042150535474,-0.9098349022079051,0,6.013715156042802,5.799092654460526,5.272999558563747,6.234410725718371,Train
2022-03-06,174,14063.309098016,80.82361550583907,878.0,0.0,0.0,0.0,74778.0,136330.0,71.731642773,0.0,0.0,0.0,1096.38,1734.54,0.3686274509803922,0,0,1,0,0,0,0.973401842704431,-0.22910445787810024,-0.44602140294068493,-0.8950222947607636,0,6.061456918928017,5.247024072160486,5.313205979041787,6.466144724237619,Train
2022-03-07,151,11273.594294412,74.65956486365563,842.0,0.0,0.0,0.0,73202.0,124869.0,70.459244724,0.0,0.0,0.0,1278.83,1547.39,0.36941176470588233,0,0,0,0,0,0,0.9693168624606878,-0.24581460524014417,-0.4765444837967782,-0.8791503597012642,0,6.093569770045136,5.438079308923196,5.488937726156687,6.091309882077698,Train
2022-03-08,155,12068.898775892,77.86386307027097,1009.0,0.0,0.0,0.0,95676.0,105645.0,75.745016125,0.0,0.0,0.0,1555.17,1308.51,0.37019607843137253,0,0,0,0,1,0,0.9649450457625344,-0.2624520121057191,-0.5065035376636446,-0.8622378826833189,0,6.061456918928017,6.0063531596017325,5.37989735354046,5.886104031450156,Train
2022-03-09,131,10804.099610597,82.47404282898474,996.0,0.0,0.0,0.0,87307.0,114017.0,83.199239521,0.0,0.0,0.0,1247.68,1582.72,0.37098039215686274,0,0,0,0,0,1,0.9602876863008663,-0.2790117551984668,-0.5358631057005588,-0.8443048809221416,0,6.1070228877422545,5.384495062789089,5.529429087511423,5.83773044716594,Train
2022-03-10,139,11144.192718575,80.17404833507193,1158.0,0.0,0.0,0.0,94420.0,92241.0,73.86619584,0.0,0.0,0.0,1442.6,1437.46,0.37176470588235294,0,0,0,1,0,0,0.9553461622632788,-0.29548893422398215,-0.5645884386042955,-0.8253725795023503,0,6.025865973825314,5.799092654460526,5.308267697401205,5.91350300563827,Train
2022-03-11,108,8600.2004524,79.63148567037037,843.0,0.0,0.0,0.0,85436.0,95320.0,72.002655458,0.0,0.0,0.0,1537.68,1497.48,0.37254901960784315,1,0,0,0,0,0,0.9501219359262361,-0.3118786733199007,-0.5926455377376204,-0.8054633862564373,0,5.993961427306569,5.313205979041787,5.262690188904886,6.180016653652572,Train
2022-03-12,156,12563.602632293,80.53591430957052,904.0,0.0,0.0,0.0,80663.0,135077.0,70.006804929,0.0,0.0,0.0,1448.47,1962.4,0.37333333333333335,0,1,0,0,0,0,0.9446165532223606,-0.3281761224987386,-0.6200011953692753,-0.7846008652433858,0,6.246106765481563,5.267858159063328,5.375278407684165,6.222576268071369,Train
2022-03-13,250,15477.589752081,61.910359008324,1327.0,0.0,0.0,0.0,69778.0,160070.0,70.763066765,0.0,0.0,0.0,1184.88,2119.49,0.37411764705882355,0,0,1,0,0,0,0.9388316432829672,-0.3443764590830847,-0.6466230339778838,-0.762809708858793,0,6.2285110035911835,7.353081920515432,5.5909869805108565,6.311734809152915,Train
2022-03-14,182,11383.396360743,62.54613385023626,1639.0,0.0,0.0,0.0,85598.0,132690.0,71.392870748,0.0,0.0,0.0,1586.24,1750.49,0.3749019607843137,0,0,0,0,0,0,0.9327689179559782,-0.3604748891327019,-0.6724795445732231,-0.7401157086095325,0,6.284134161070802,6.411818267709897,5.480638923341991,6.335054251498059,Train
2022-03-15,209,13485.193143069,64.52245522999522,1191.0,0.0,0.0,0.0,89014.0,132298.0,73.090483876,0.0,0.0,0.0,1901.43,2025.86,0.3756862745098039,0,0,0,0,1,0,0.9264301712993565,-0.3764666488631432,-0.6975401239895528,-0.7165457245875096,0,0.0,0.0,0.0,8.330863613224745,Train
2022-03-16,161,11452.709908309,71.13484415098758,938.0,0.0,0.0,0.0,104160.0,118549.0,72.277075761,0.0,0.0,0.0,1899.74,1909.46,0.3764705882352941,0,0,0,0,0,1,0.9198172790502196,-0.3923470060554182,-0.7217751111067896,-0.6921276536786992,0,0.0,0.0,0.0,8.243282523048375,Train
2022-03-17,172,12137.005353627,70.56398461411047,1011.0,0.0,0.0,0.0,109034.0,95597.0,73.232117036,0.0,0.0,0.0,1958.66,1496.77,0.3772549019607843,0,0,0,1,0,0,0.9129321980697749,-0.4081112614563451,-0.7451558219567395,-0.6668903965450215,0,0.0,0.0,0.0,8.281723990411392,Train
2022-03-18,180,13329.396064355,74.05220035752778,976.0,0.0,0.0,0.0,153180.0,121009.0,71.415790569,0.0,0.0,0.0,2920.64,1853.24,0.3780392156862745,1,0,0,0,0,0,0.9057769657642539,-0.42375475016912983,-0.7676545836727677,-0.6408638234181967,0,6.111467339502679,5.568344503761097,5.278114659230518,6.093569770045136,Train
2022-03-19,139,11147.093967234,80.19492062758273,1047.0,0.0,0.0,0.0,127578.0,118348.0,71.431749018,0.0,0.0,0.0,2257.15,1926.32,0.3788235294117647,0,1,0,0,0,0,0.8983536994820138,-0.43927284303377956,-0.7892447672427557,-0.6140787387460409,0,6.066108090103747,5.4638318050256105,5.278114659230518,6.309918278226516,Train
2022-03-20,174,12643.80433174,72.66554213643678,1305.0,0.0,0.0,0.0,97293.0,117495.0,69.140782578,0.0,0.0,0.0,1777.15,1871.88,0.3796078431372549,0,0,1,0,0,0,0.8906645958869751,-0.4546609479969567,-0.8099008190265968,-0.5865668447330172,0,6.102558594613569,6.023447592961033,5.4680601411351315,6.063785208687608,Train
2022-03-21,192,11615.092587608,60.49527389379167,662.0,0.0,0.0,0.0,125874.0,95454.0,74.223168232,0.0,0.0,0.0,2170.52,1380.48,0.3803921568627451,0,0,0,0,0,0,0.8827119303085995,-0.46991451147082713,-0.8295982910008727,-0.5583607038182677,0,6.137727054086234,6.2422232654551655,5.389071729816501,5.796057750765372,Train
2022-03-22,172,10871.187932705,63.204581004098834,896.0,0.0,0.0,0.0,98267.0,102593.0,72.742875861,0.0,0.0,0.0,1930.57,1711.34,0.3811764705882353,0,0,0,0,1,0,0.8744980560685747,-0.48502901968055895,-0.8483138696949906,-0.5294937001354318,0,6.2422232654551655,6.156978985585555,5.4510384535657,5.2574953720277815,Train
2022-03-23,181,11895.99355505,65.72372129861878,969.0,0.0,0.0,0.0,95646.0,109404.0,71.439093109,0.0,0.0,0.0,1596.74,2106.33,0.3819607843137255,0,0,0,0,0,1,0.8660254037844392,-0.4999999999999992,-0.8660254037844377,-0.5000000000000016,0,6.115892125483034,5.537334267018537,5.488937726156687,5.814130531825066,Train
2022-03-24,151,10142.911723849,67.17160082019205,1157.0,0.0,0.0,0.0,106146.0,99921.0,70.393022503,0.0,0.0,0.0,1872.82,1792.1,0.3827450980392157,0,0,0,1,0,0,0.8572964806503138,-0.5148230222752145,-0.8827119303085991,-0.46991451147082797,0,6.298949246855942,6.386879319362645,5.407171771460119,5.497168225293202,Train
2022-03-25,137,10444.997898168,76.24086057056934,786.0,0.0,0.0,0.0,105129.0,147489.0,69.67925953,0.0,0.0,0.0,2047.31,2758.15,0.3835294117647059,1,0,0,0,0,0,0.848313869694991,-0.5294937001354311,-0.8983536994820134,-0.43927284303378045,0,6.156978985585555,5.44673737166631,5.267858159063328,5.375278407684165,Train
2022-03-26,171,12126.599817733,70.91578840779532,869.0,0.0,0.0,0.0,63171.0,164049.0,65.560841403,0.0,0.0,0.0,1287.24,3514.87,0.3843137254901961,0,1,0,0,0,0,0.8390802290175676,-0.5440076922910431,-0.9129321980697738,-0.40811126145634763,0,6.280395838960195,5.3230099791384085,5.087596335232384,5.703782474656201,Train
2022-03-27,178,13459.599045836,75.61572497660674,973.0,0.0,0.0,0.0,58803.0,215221.0,69.784732979,0.0,0.0,0.0,1025.78,3836.16,0.38509803921568625,0,0,1,0,0,0,0.8295982910008742,-0.5583607038182655,-0.9264301712993567,-0.37646664886314246,0,6.434546518787453,5.365976015021851,5.493061443340548,5.666426688112432,Train
2022-03-28,183,12312.405590939,67.28090486851913,884.0,0.0,0.0,0.0,117583.0,210157.0,68.618554049,0.0,0.0,0.0,2031.62,2621.69,0.38588235294117645,0,0,0,0,0,0,0.8198708615029215,-0.5725484874300667,-0.9388316432829669,-0.3443764590830856,0,6.315358001522335,5.545177444479562,5.424950017481403,5.342334251964811,Train
2022-03-29,197,14372.800362578,72.95837747501523,898.0,0.0,0.0,0.0,119838.0,123327.0,64.462712405,0.0,0.0,0.0,2319.76,2012.05,0.38666666666666666,0,0,0,0,1,0,0.8099008190265954,-0.5865668447330193,-0.9501219359262363,-0.3118786733199,0,6.214608098422191,6.413458957167357,5.135798437050262,5.003946305945459,Train
2022-03-30,163,12710.600613787,77.9791448698589,747.0,0.0,0.0,0.0,82722.0,161439.0,65.561989189,0.0,0.0,0.0,1587.37,2588.41,0.38745098039215686,0,0,0,0,0,1,0.7996911138678691,-0.600411627469661,-0.9602876863008665,-0.27901175519846605,0,6.20455776256869,5.69035945432406,5.075173815233827,5.209486152841421,Train
2022-03-31,191,15179.411240649,79.47335728088481,881.0,0.0,0.0,0.0,91789.0,179800.0,61.440211287,0.0,0.0,0.0,1630.37,2750.11,0.38823529411764707,0,0,0,1,0,0,0.7892447672427563,-0.6140787387460401,-0.9693168624606876,-0.24581460524014512,0,6.19644412779452,6.380122536899765,5.159055299214529,5.117993812416755,Train
2022-04-01,174,14061.596239068,80.81377148889655,708.0,0.0,0.0,0.0,138363.0,177219.0,72.457469664,0.0,0.0,0.0,2048.47,2449.09,0.38901960784313727,1,0,0,0,0,0,0.7785648703932891,-0.6275641342440474,-0.977198777682387,-0.21232651482103831,0,6.251903883165888,7.796469243086058,5.10594547390058,6.513230110912307,Train
2022-04-02,143,11237.192842689,78.58176813069231,815.0,0.0,0.0,0.0,139338.0,151108.0,74.686193654,0.0,0.0,0.0,2189.7,2322.63,0.3898039215686275,0,1,0,0,0,0,0.7676545836727673,-0.6408638234181974,-0.9839241031140682,-0.17858711966761923,0,6.137727054086234,6.246106765481563,5.19295685089021,6.171700597410915,Train
2022-04-03,211,16394.797276241,77.70046102483886,688.0,0.0,0.0,0.0,153162.0,184785.0,74.431712252,0.0,0.0,0.0,2138.57,2510.31,0.3905882352941176,0,0,1,0,0,0,0.756517135610563,-0.6539738706764888,-0.9894848788166603,-0.14463635294482202,0,6.249975242259483,6.483107351457199,5.209486152841421,5.170483995038151,Train
2022-04-04,161,12427.000489243,77.18633844250311,581.0,0.0,0.0,0.0,168703.0,143200.0,74.587153583,0.0,0.0,0.0,2503.38,1544.19,0.39137254901960783,0,0,0,0,0,0,0.7451558219567401,-0.6668903965450207,-0.9938745231851226,-0.11051439799205,0,6.2285110035911835,6.2166061010848646,5.147494476813453,5.393627546352361,Train
2022-04-05,133,10709.800883113,80.52481867002255,730.0,0.0,0.0,0.0,132664.0,154696.0,75.942722024,0.0,0.0,0.0,2056.93,1713.57,0.39215686274509803,0,0,0,0,1,0,0.733574004706797,-0.6796095788159788,-0.9970878407382744,-0.07626164076313574,0,6.210600077024653,6.481577129276431,5.081404364984463,5.170483995038151,Train
2022-04-06,141,10746.806199474,76.21848368421277,945.0,0.0,0.0,0.0,118300.0,133619.0,75.993544721,0.0,0.0,0.0,2035.83,1687.34,0.39294117647058824,0,0,0,0,0,1,0.7217751111067904,-0.6921276536786986,-0.9991210282680495,-0.04191862202643906,0,6.159095388491933,5.645446897643238,5.159055299214529,5.017279836814924,Train
2022-04-07,174,12301.402788693,70.69771717639655,732.0,0.0,0.0,0.0,115033.0,166456.0,76.88107386,0.0,0.0,0.0,2033.26,1881.78,0.39372549019607844,0,0,0,1,0,0,0.709762632639161,-0.7044409168334328,-0.999971679340883,-0.0075259893817451835,0,6.12029741895095,6.3561076606958915,5.2574953720277815,5.4638318050256105,Train
2022-04-08,135,11052.603344582,81.87113588579258,685.0,0.0,0.0,0.0,109237.0,201595.0,75.71232878,0.0,0.0,0.0,1658.18,2121.74,0.39450980392156865,1,0,0,0,0,0,0.6975401239895522,-0.7165457245875103,-0.9996387871459109,0.026875550849280207,0,6.100318952020064,5.541263545158426,5.1647859739235145,5.0238805208462765,Train
2022-04-09,148,12120.805319802,81.89733324190541,796.0,0.0,0.0,0.0,119242.0,190016.0,67.626449642,0.0,0.0,0.0,1681.82,2271.33,0.3952941176470588,0,1,0,0,0,0,0.6851112019949135,-0.72843849493357,-0.9981227456866079,0.06124528180216964,0,6.12029741895095,6.030685260261263,5.313205979041787,5.948034989180646,Train
2022-04-10,161,12629.603856569,78.44474445073912,860.0,0.0,0.0,0.0,157796.0,155663.0,75.414936005,0.0,0.0,0.0,2191.13,1789.81,0.396078431372549,0,0,1,0,0,0,0.6724795445732251,-0.7401157086095307,-0.995425349314454,0.09554252426117534,0,6.282266746896006,5.37989735354046,5.351858133476067,5.0369526024136295,Train
2022-04-11,130,9447.400675035,72.67231288488462,905.0,0.0,0.0,0.0,179941.0,166570.0,78.519404848,0.0,0.0,0.0,2394.29,1653.79,0.3968627450980392,0,0,0,0,0,0,0.6596488896351408,-0.7515739101399981,-0.9915497906051816,0.12972668480625174,0,6.2324480165505225,5.638354669333745,5.117993812416755,5.25227342804663,Train
2022-04-12,176,14256.548956999,81.00311907385796,838.0,0.0,0.0,0.0,125096.0,203200.0,77.805380279,0.0,0.0,0.0,1861.35,2001.7,0.3976470588235294,0,0,0,0,1,0,0.6466230339778846,-0.7628097088587924,-0.9865006565801182,0.16375730385847118,0,6.226536669287466,5.627621113690637,5.4510384535657,5.153291594497779,Train
2022-04-13,196,16022.397695871,81.74692701975,1121.0,0.0,0.0,0.0,144733.0,237356.0,75.577500872,0.0,0.0,0.0,1809.94,2277.69,0.3984313725490196,0,0,0,0,0,1,0.6334058321617086,-0.7738197799123084,-0.9802839232770918,0.1975941035670668,0,6.364750756851911,6.573680166960646,5.198497031265826,5.267858159063328,Train
2022-04-14,157,13912.102422935,88.61211734353503,1021.0,0.0,0.0,0.0,125591.0,218734.0,72.233845141,0.0,0.0,0.0,1680.99,2326.63,0.3992156862745098,0,0,0,1,0,0,0.6200011953692774,-0.7846008652433841,-0.9729069486773351,0.231197035481334,0,6.182084906716632,5.556828061699537,5.153291594497779,4.955827057601261,Train
2022-04-15,195,16920.198933477,86.7702509409077,1214.0,0.0,0.0,0.0,87666.0,269865.0,70.126087028,0.0,0.0,0.0,1284.95,3037.4,0.4,1,0,0,0,0,0,0.6064130902482765,-0.7951497745554202,-0.9643784639967455,0.2645263279510712,0,6.208590026096629,5.472270673671475,5.030437921392435,5.231108616854587,Train
2022-04-16,208,18680.208625642,89.80869531558655,768.0,0.0,0.0,0.0,66079.0,325088.0,72.416693878,0.0,0.0,0.0,943.94,3904.04,0.40078431372549017,0,1,0,0,0,0,0.5926455377376226,-0.8054633862564357,-0.9547085633518235,0.29754253319936813,0,6.359573868672378,5.2832037287379885,5.187385805840755,6.091309882077698,Train
2022-04-17,226,19537.491482219,86.44907735495133,695.0,0.0,0.0,0.0,94598.0,378623.0,76.560210985,0.0,0.0,0.0,1280.55,4394.96,0.4015686274509804,0,0,1,0,0,0,0.578702611877601,-0.8155386483827991,-0.9439086918125085,0.33020657401208553,0,6.46302945692067,5.3981627015177525,5.3230099791384085,6.236369590203704,Train
2022-04-18,253,21656.751289178,85.59980746710671,742.0,0.0,0.0,0.0,106838.0,415131.0,73.43,0.0,0.0,0.0,1395.17,4774.9,0.4023529411764706,0,0,0,0,0,0,0.5645884386042949,-0.8253725795023508,-0.9319916318560629,0.3624797899887287,0,6.6039438246004725,5.69035945432406,5.220355825078325,5.700443573390686,Train
2022-04-19,242,21160.013625023,87.43807283067355,968.0,0.0,0.0,0.0,88449.0,390955.0,74.778064705,0.0,0.0,0.0,1249.67,4697.54,0.4031372549019608,0,0,0,0,1,0,0.5503071945286527,-0.8349622695966589,-0.9189714882380278,0.3943239833000072,0,6.559615237493242,6.423246963533519,5.25227342804663,5.733341276897746,Train
2022-04-20,262,22628.553651013,86.36852538554581,1009.0,0.0,0.0,0.0,130966.0,291076.0,73.310265302,0.0,0.0,0.0,2041.94,3558.58,0.403921568627451,0,0,0,0,0,1,0.5358631057005582,-0.8443048809221421,-0.9048636712981579,0.425701463897905,0,6.434546518787453,6.486160788944089,5.272999558563747,5.5134287461649825,Train
2022-04-21,256,22707.998901246,88.70312070799218,1687.0,0.0,0.0,0.0,118895.0,338984.0,231.405657147,0.0,0.0,0.0,1893.86,4310.84,0.4047058823529412,0,0,0,1,0,0,0.5212604463582784,-0.8533976488498011,-0.8896848787211052,0.4565750941247368,0,6.423246963533519,6.118097198041348,5.37989735354046,5.480638923341991,Train
2022-04-22,257,23022.004636912,89.57978457942411,2057.0,0.0,0.0,0.0,94892.0,466959.0,219.585548133,0.0,0.0,0.0,1295.04,5830.8,0.4054901960784314,1,0,0,0,0,0,0.5065035376636455,-0.8622378826833185,-0.8734530757734243,0.486908332668424,0,6.415096959171596,5.602118820879701,5.3471075307174685,5.971261839790462,Train
2022-04-23,305,27196.405917534,89.16854399191476,2080.0,0.0,0.0,0.0,138930.0,557252.0,219.283826446,0.0,0.0,0.0,1810.38,6494.23,0.40627450980392155,0,1,0,0,0,0,0.4915967464233612,-0.8708229664552752,-0.8561874740403063,0.516665277811931,0,6.6320017773956295,5.517452896464707,5.497168225293202,6.329720905522696,Train
2022-04-24,419,36405.398808309,86.88639333725298,2297.0,0.0,0.0,0.0,199078.0,582722.0,227.464532703,0.0,0.0,0.0,2450.33,6439.08,0.40705882352941175,0,0,1,0,0,0,0.47654448379677755,-0.8791503597012645,-0.8379085086871808,0.5458107099257257,0,6.77078942390898,5.666426688112432,5.6937321388027,6.251903883165888,Train
2022-04-25,286,25206.695224614,88.13529798816083,1327.0,0.0,0.0,0.0,374824.0,489295.0,227.89,0.0,0.0,0.0,4493.01,5000.87,0.40784313725490196,0,0,0,0,0,0,0.461351203990578,-0.8872175982116474,-0.8186378142731447,0.5743101331528881,0,6.744059186311348,5.926926025970411,5.43372200355424,5.926926025970411,Train
2022-04-26,356,30682.693362731,86.18734090654775,2214.0,0.0,0.0,0.0,449056.0,403169.0,224.03327835,0.0,0.0,0.0,5131.96,3808.01,0.40862745098039216,0,0,0,0,1,0,0.44602140294068743,-0.8950222947607623,-0.7983981991447774,0.602129816237642,0,6.7912214627261855,6.26530121273771,5.6240175061873385,5.8664680569332965,Train
2022-04-27,316,27225.095026059,86.15536400651582,2180.0,0.0,0.0,0.0,295625.0,379824.0,230.180718199,0.0,0.0,0.0,3824.44,5307.93,0.40941176470588236,0,0,0,0,0,1,0.4305596169818739,-0.9025621398133328,-0.7772136184407381,0.6292368324488441,0,6.706862336602747,6.635946555686647,5.402677381872279,5.529429087511423,Train
2022-04-28,295,25536.994519364,86.56608311648814,1836.0,0.0,0.0,0.0,151639.0,515623.0,207.728657536,0.0,0.0,0.0,1963.78,6465.55,0.41019607843137257,0,0,0,1,0,0,0.4149704215053556,-0.9098349022079046,-0.7551091457389965,0.6555990985513349,0,6.522092798170152,6.2324480165505225,5.579729825986222,5.198497031265826,Train
2022-04-29,250,23617.804310428,94.471217241712,1796.0,0.0,0.0,0.0,125949.0,399608.0,185.00775014,0.0,0.0,0.0,1542.09,5537.72,0.4109803921568628,1,0,0,0,0,0,0.3992584296048835,-0.9168384298170765,-0.7321109433803463,0.6811854127788846,0,6.421622267806518,6.175867270105761,5.159055299214529,5.0369526024136295,Train
2022-04-30,300,28281.10058558,94.27033528526667,1087.0,0.0,0.0,0.0,262060.0,421234.0,170.171335022,0.0,0.0,0.0,2919.45,5097.32,0.4117647058823529,0,1,0,0,0,0,0.3834282907116408,-0.9235706501843535,-0.7082462315032508,0.7059654917638989,0,6.439350371100098,6.633318433280377,5.501258210544727,5.796057750765372,Train
2022-05-01,335,29274.659044181,87.38704192292836,1644.0,0.0,0.0,0.0,239807.0,556248.0,170.503177307,0.0,0.0,0.0,2596.0,5408.53,0.4125490196078431,0,0,1,0,0,0,0.3674846892184069,-0.9300295711374187,-0.683543255826725,0.7299100063801018,0,6.630683385642372,6.257667587882639,5.598421958998375,5.575949103146316,Train
2022-05-02,325,26917.002238991,82.82154535074154,1290.0,0.0,0.0,0.0,203770.0,509696.0,182.023327921,0.0,0.0,0.0,2415.12,5286.9,0.41333333333333333,0,0,0,0,0,0,0.35143234309337473,-0.9362132813776466,-0.6580312542193666,0.7529906164558011,0,6.739336627357174,6.495265555937008,5.783825182329737,6.253828811575473,Train
2022-05-03,306,27284.609071649,89.16538912303595,1138.0,0.0,0.0,0.0,122444.0,509717.0,185.766191278,0.0,0.0,0.0,1607.32,5355.69,0.41411764705882353,0,0,0,0,1,0,0.3352760024840169,-0.9421199510456922,-0.6317404220940748,0.775180004316675,0,6.617402977974478,6.236369590203704,5.648974238161206,6.054439346269371,Train
2022-05-04,285,24537.186327523,86.09539062288772,1425.0,0.0,0.0,0.0,206575.0,390676.0,179.132429891,0.0,0.0,0.0,2991.25,4450.31,0.41490196078431374,0,0,0,0,0,1,0.3190204483114535,-0.9477478322629702,-0.604701876669482,0.7964519071183185,0,6.591673732008658,6.507277712385012,5.389071729816501,6.173786103901937,Train
2022-05-05,187,15832.403704808,84.66526045351873,1186.0,0.0,0.0,0.0,165377.0,263939.0,173.956210524,0.0,0.0,0.0,2895.05,3121.3,0.41568627450980394,0,0,0,1,0,0,0.30267049085568926,-0.9530952596488853,-0.5769476201403175,0.8167811479303522,0,6.42648845745769,6.453624998892692,5.153291594497779,6.0473721790462776,Train
2022-05-06,203,16949.596958462,83.49555151951724,1387.0,0.0,0.0,0.0,168574.0,279781.0,177.718906126,0.0,0.0,0.0,2881.09,3291.84,0.4164705882352941,1,0,0,0,0,0,0.2862309683321809,-0.958160650813642,-0.5485105018003629,0.8361436655352441,0,6.461468176353717,6.648984550024776,5.153291594497779,6.137727054086234,Train
2022-05-07,219,19789.99844534,90.36528970474886,1529.0,0.0,0.0,0.0,128926.0,361479.0,178.592463365,0.0,0.0,0.0,2060.72,4606.61,0.4172549019607843,0,1,0,0,0,0,0.2697067454601279,-0.962942506826501,-0.519424179162785,0.8545165429066116,0,6.376726947898627,6.037870919922137,5.1298987149230735,6.061456918928017,Train
2022-05-08,237,21363.497738747,90.14134066981856,1613.0,0.0,0.0,0.0,137843.0,415413.0,169.561108305,0.0,0.0,0.0,2044.14,4742.82,0.4180392156862745,0,0,1,0,0,0,0.2531027120229306,-0.9674394126593342,-0.4897230781238972,0.8718780343332749,0,6.478509642208569,6.795705775173515,5.655991810819852,5.802118375377063,Train
2022-05-09,226,19236.794473673,85.11855961802212,1394.0,0.0,0.0,0.0,147470.0,421570.0,178.893419414,0.0,0.0,0.0,2082.39,4326.45,0.4188235294117647,0,0,0,0,0,0,0.23642378142121298,-0.9716500376053585,-0.4594423522174453,0.888207591156989,0,6.364750756851911,6.226536669287466,5.455321115357702,5.517452896464707,Train
2022-05-10,192,17593.491027524,91.63276576835416,1363.0,0.0,0.0,0.0,121623.0,414099.0,182.133072865,0.0,0.0,0.0,1750.27,4355.26,0.4196078431372549,0,0,0,0,1,0,0.21967488921888165,-0.9755731356729089,-0.42861784100772654,0.9034858860933441,0,6.452048954437226,5.697093486505405,5.375278407684165,5.726847747587197,Train
2022-05-11,222,17607.500591691,79.31306572833785,1445.0,0.0,0.0,0.0,182957.0,332926.0,177.274989825,0.0,0.0,0.0,2513.91,3401.21,0.4203921568627451,0,0,0,0,0,1,0.2028609916826013,-0.9792075459541514,-0.3972860276706911,0.9176948361071031,0,6.437751649736401,6.349138991379798,5.170483995038151,5.953243334287785,Train
2022-05-12,246,22010.400597638,89.47317316113008,1801.0,0.0,0.0,0.0,138736.0,348098.0,182.126378447,0.0,0.0,0.0,2023.83,3741.89,0.4211764705882353,0,0,0,1,0,0,0.18598706431516085,-0.9825521929686118,-0.3654839958133111,0.9308176238148564,0,6.324358962381311,6.054439346269371,5.272999558563747,5.918893854273146,Train
2022-05-13,193,16692.007251888,86.48708420667357,1582.0,726.0,0.0,0.0,102131.0,360718.0,169.964103142,7.27,0.0,0.0,1633.51,4178.7,0.42196078431372547,1,0,0,0,0,0,0.16905810038314714,-0.9856060869814277,-0.3332493855822941,0.9428387173896835,0,6.257667587882639,6.293419278846481,5.159055299214529,6.198478716492308,Train
2022-05-14,203,17900.603041655,88.18031055002463,1472.0,5445.0,0.0,0.0,114994.0,315025.0,162.408790681,104.13,0.0,0.0,1982.71,4149.11,0.42274509803921567,0,1,0,0,0,0,0.15207910943934674,-0.9883683242962288,-0.3006203491140599,0.9537438889442704,0,6.20455776256869,5.765191102784844,5.123963979403259,5.929589143389895,Train
2022-05-15,211,18207.998529973,86.29383189560663,1676.0,15732.0,0.0,0.0,111946.0,371697.0,174.516272314,399.99,0.0,0.0,1981.16,4538.86,0.4235294117647059,0,0,1,0,0,0,0.13505511584034569,-0.9908380875225532,-0.26763550537876996,0.9635202313707016,0,6.396929655216146,5.846438775057724,5.4680601411351315,6.161207321695077,Train
2022-05-16,211,17786.297160021,84.295247203891,1553.0,16818.0,0.0,0.0,108058.0,348736.0,178.175349479,251.28,0.0,0.0,2180.68,3965.07,0.4243137254901961,0,0,0,0,0,0,0.1179911572597378,-0.993014645817728,-0.23433389447180475,0.9721561736170157,0,6.403574197934815,5.755742213586912,5.225746673713202,5.8998973535824915,Train
2022-05-17,226,18104.663288534,80.10912959528319,1655.0,10761.0,0.0,0.0,79444.0,280314.0,174.57599778,114.47,0.0,0.0,1748.76,3375.79,0.4250980392156863,0,0,0,0,1,0,0.10089228319740334,-0.9948973551031357,-0.20075493140682626,0.97964149438243,0,6.304448802421981,6.261491684321042,5.117993812416755,5.703782474656201,Train
2022-05-18,197,16247.095512752,82.47256605457868,1498.0,9687.0,0.0,0.0,66035.0,240214.0,171.434290088,102.13,0.0,0.0,1508.75,3225.86,0.4258823529411765,0,0,0,0,0,1,0.08376355348526826,-0.9964856582548093,-0.16693835946505894,0.9859673342150412,0,6.082218910376446,5.659482215759621,5.1647859739235145,5.501258210544727,Train
2022-05-19,178,14755.705914842,82.89722424068539,2118.0,9268.0,0.0,0.0,56438.0,259777.0,175.91639075,92.38,0.0,0.0,1279.99,3398.64,0.4266666666666667,0,0,0,1,0,0,0.06661003679003268,-0.9977790852682925,-0.1329242031560922,0.991126205997661,0,6.150602768446279,6.1092475827643655,5.1298987149230735,5.572154032177765,Train
2022-05-20,179,15726.150980922,87.85559207218995,1793.0,11740.0,0.0,0.0,71552.0,210799.0,163.160705307,101.52,0.0,0.0,1616.26,2950.15,0.42745098039215684,1,0,0,0,0,0,0.04943680911325847,-0.9987772533977229,-0.09875272084577562,0.9951120038093985,0,6.118097198041348,5.455321115357702,5.0238805208462765,5.497168225293202,Train
2022-05-21,248,21145.00370745,85.2621117235887,1841.0,10207.0,0.0,0.0,56769.0,252949.0,169.369617019,99.74,0.0,0.0,1240.02,3741.09,0.42823529411764705,0,1,0,0,0,0,0.0322489522893041,-0.9994798672690922,-0.0644643571073619,0.9979200101524843,0,6.1070228877422545,6.703188113240863,5.187385805840755,5.552959584921617,Train
2022-05-22,232,20913.600075418,90.14482791128448,1475.0,9115.0,0.0,0.0,39100.0,346294.0,166.866347335,99.26,0.0,0.0,720.69,4506.76,0.42901960784313725,0,0,1,0,0,0,0.015051552481533344,-0.9998867189676517,-0.030099694852259582,0.9995469015357913,0,6.2166061010848646,5.707110264748875,5.3471075307174685,5.783825182329737,Train
2022-05-23,185,16448.19379216,88.9091556332973,1649.0,13779.0,0.0,0.0,54464.0,354426.0,176.545194068,91.06,0.0,0.0,874.0,4124.51,0.42980392156862746,0,0,0,0,0,0,-0.0021503013227746654,-0.9999976880994382,0.004300592702983659,0.9999907524084426,0,6.182084906716632,5.605802066295998,5.278114659230518,5.993961427306569,Train
2022-05-24,222,19062.202247711,85.86577589059009,1792.0,11245.0,0.0,0.0,48785.0,298506.0,174.10473545,92.99,0.0,0.0,723.84,4087.5,0.43058823529411766,0,0,0,0,1,0,-0.01935151881832447,-0.9998127418269003,0.03869579017652769,0.999251037438848,0,6.159095388491933,6.298949246855942,5.288267030694535,5.921578419643816,Train
2022-05-25,147,11934.596635739,81.18773221591157,1729.0,12418.0,0.0,0.0,46406.0,317435.0,162.70929704,56.5,0.0,0.0,693.13,4024.4,0.43137254901960786,0,0,0,0,0,1,-0.03654700988811993,-0.9993319348786156,0.07304518821104557,0.9973286321364754,0,6.077642243349034,5.541263545158426,5.123963979403259,5.420534999272286,Train
2022-05-26,179,15280.205033949,85.36427393267597,1509.0,12583.0,0.0,0.0,46678.0,286056.0,167.216597791,111.72,0.0,0.0,614.62,3889.96,0.432156862745098,0,0,0,1,0,0,-0.05373168610970464,-0.9985554095330955,0.10730813165635973,0.9942258118156163,0,5.986452005284438,5.209486152841421,4.948759890378168,5.926926025970411,Train
2022-05-27,239,19128.901499111,80.03724476615481,1701.0,13207.0,0.0,0.0,63431.0,230884.0,164.94162598,82.95,0.0,0.0,1057.2,3828.91,0.4329411764705882,1,0,0,0,0,0,-0.07090046226091157,-0.9974833955766828,0.14144406768794104,0.9899462489023781,0,6.161207321695077,6.784457062637643,5.056245805348308,5.8888779583328805,Train
2022-05-28,218,18843.594341893,86.43850615547248,1939.0,15924.0,0.0,0.0,55981.0,266299.0,160.692280863,150.14,0.0,0.0,948.92,4336.61,0.4337254901960784,0,1,0,0,0,0,-0.08804825782465496,-0.9961162102355543,0.1754125938042766,0.9844950085880861,0,6.0473721790462776,6.678342114654332,4.997212273764115,5.988961416889864,Train
2022-05-29,229,20223.002725552,88.31005557009607,1556.0,12360.0,0.0,0.0,60902.0,306146.0,164.712029409,111.25,0.0,0.0,999.46,4427.23,0.4345098039215686,0,0,1,0,0,0,-0.10516999849234956,-0.9944542580818482,0.20917350564635714,0.9778785428342384,0,6.246106765481563,6.214608098422191,5.2832037287379885,5.973809611869261,Train
2022-05-30,254,21036.599325114,82.82125718548818,1627.0,10337.0,0.0,0.0,84460.0,337609.0,159.654105759,116.7,0.0,0.0,1137.33,4039.86,0.43529411764705883,0,0,0,0,0,0,-0.12226061766546593,-0.9924980309139453,0.24268684458259532,0.9701046827361175,0,6.361302477572996,6.2766434893416445,5.181783550292085,6.169610732491456,Train
2022-05-31,211,18213.997089378,86.32226108709953,3170.0,8753.0,0.0,0.0,55108.0,358379.0,296.926475494,56.8,0.0,0.0,731.97,4201.52,0.43607843137254904,0,0,0,0,1,0,-0.1393150579548309,-0.9902481076109372,0.27591294500295865,0.9611826292540843,0,6.248042874508429,5.8998973535824915,5.117993812416755,6.139884552226255,Train
2022-06-01,192,16618.705573383,86.55575819470312,1422.0,10086.0,0.0,0.0,62892.0,319376.0,166.541525197,123.17,0.0,0.0,918.33,3913.67,0.43686274509803924,0,0,0,0,0,1,-0.15632827267718502,-0.9877051539613265,0.30881248126625455,0.9511229423235353,0,6.180016653652572,5.676753802268282,5.135798437050262,5.730099782973575,Train
2022-06-02,185,16352.102976707,88.38974582003783,1372.0,10781.0,0.0,0.0,62116.0,302867.0,152.601566798,122.39,0.0,0.0,1038.6,3962.62,0.4376470588235294,0,0,0,1,0,0,-0.17329522734857217,-0.9848699224660111,0.34134651424503604,0.9399375283564134,0,6.139884552226255,5.537334267018537,5.272999558563747,5.58724865840025,Train
2022-06-03,207,17792.795569979,85.95553415448792,1222.0,8746.0,0.0,0.0,58214.0,291687.0,146.5903498,86.49,0.0,0.0,1051.1,4185.76,0.4384313725490196,1,0,0,0,0,0,-0.19021090117413475,-0.9817432521156045,0.37347653741306985,0.927639626149047,0,5.921578419643816,5.945420608606575,4.890349128221754,5.459585514144159,Train
2022-06-04,226,20459.899254154,90.53052767324779,2069.0,10185.0,0.0,0.0,59041.0,285437.0,153.63124222,100.15,0.0,0.0,1030.55,4506.87,0.4392156862745098,0,1,0,0,0,0,-0.20707028853384077,-0.9783260681421669,0.40516452242075296,0.9142437912130239,0,4.553876891600541,4.02535169073515,3.332204510175204,3.5553480614894135,Train
2022-06-05,269,24515.750423982,91.13661867651301,1666.0,11526.0,0.0,0.0,67260.0,306292.0,156.641067528,113.37,0.0,0.0,1060.9,4671.93,0.44,0,0,1,0,0,0,-0.22386840046373077,-0.9746193817454127,0.43637296410459153,0.8997658785476214,0,3.6635616461296463,2.639057329615259,2.0794415416798357,1.3862943611198906,Train
2022-06-06,254,20680.996003187,81.42124410703543,1722.0,8454.0,0.0,0.0,130385.0,299306.0,166.91492164,95.62,0.0,0.0,1897.6,3756.35,0.4407843137254902,0,0,0,0,0,0,-0.2406002661322256,-0.9706242897934825,0.4670649248774287,0.8842230238742044,0,3.4011973816621555,2.5649493574615367,1.9459101490553132,1.3862943611198906,Train
2022-06-07,242,21753.00585497,89.88845394615703,1781.0,10429.0,0.0,0.0,145563.0,245466.0,161.045108662,86.7,0.0,0.0,2489.96,3288.48,0.4415686274509804,0,0,0,0,1,0,-0.25726093431108754,-0.9663419744983586,0.49720407844693776,0.8676336233547726,0,2.8903717578961645,1.6094379124341003,1.0986122886681096,0.6931471805599453,Train
2022-06-08,239,21184.981656064,88.64009061114643,2182.0,8406.0,0.0,0.0,136576.0,207011.0,164.969208287,62.57,0.0,0.0,2687.1,3336.21,0.4423529411764706,0,0,0,0,0,1,-0.2738454748405547,-0.9617737030660337,0.5267547528105533,0.8500173118187022,0,5.641907070938114,6.593044534142437,4.68213122712422,5.537334267018537,Train
2022-06-09,234,21259.296712658,90.85169535323932,2155.0,6551.0,0.0,0.0,108285.0,262794.0,152.985426819,41.99,0.0,0.0,2011.59,4328.03,0.44313725490196076,0,0,0,1,0,0,-0.2903489800882665,-0.9569208273215206,0.5556819724760473,0.8313949395234068,0,6.035481432524756,6.008813185442595,5.214935757608986,6.023447592961033,Train
2022-06-10,246,21337.595277966,86.73819218685365,1824.0,8507.0,0.0,0.0,117370.0,267077.0,152.622245426,72.11,0.0,0.0,2083.52,4501.81,0.44392156862745097,1,0,0,0,0,0,-0.30676656640150596,-0.9517847833088269,0.5839514998577003,0.8117885474764609,0,6.1070228877422545,6.300785794663244,4.890349128221754,6.082218910376446,Train
2022-06-11,227,20520.89795044,90.40043149973569,2004.0,12317.0,0.0,0.0,114347.0,289908.0,160.863201701,126.86,0.0,0.0,1906.38,4889.28,0.4447058823529412,0,1,0,0,0,0,-0.3230933755523461,-0.9463670908660078,0.6115298757991046,0.7912213413483813,0,6.111467339502679,5.786897381366708,5.19295685089021,6.0014148779611505,Train
2022-06-12,243,21197.797541833,87.23373474005349,2244.0,14657.0,0.0,0.0,147462.0,307740.0,158.984517227,121.31,0.0,0.0,2203.02,4772.14,0.4454901960784314,0,0,1,0,0,0,-0.3393245761752893,-0.9406693531754186,0.6383844591746649,0.7697176640069205,0,6.251903883165888,6.003887067106539,5.214935757608986,5.918893854273146,Train
2022-06-13,234,19694.404306323,84.1641209671923,1773.0,12585.0,0.0,0.0,141740.0,359813.0,149.106984631,106.33,0.0,0.0,2152.07,4354.36,0.4462745098039216,0,0,0,0,0,0,-0.35545536519693316,-0.9346932562893105,0.6644834655228551,0.7473029667054297,0,6.349138991379798,5.955837369464831,5.25227342804663,6.09807428216624,Train
2022-06-14,217,18412.39505975,84.84974681912443,1757.0,10648.0,0.0,0.0,151610.0,249778.0,142.606377247,77.1,0.0,0.0,2576.41,3573.32,0.4470588235294118,0,0,0,0,1,0,-0.37148096925728835,-0.9284405686308982,0.689796004665588,0.7240037789593312,0,6.214608098422191,6.230481447578482,5.332718793265369,5.986452005284438,Train
2022-06-15,264,22566.595872504,85.4795298200909,1543.0,13834.0,0.0,0.0,161810.0,249994.0,175.252207662,153.14,0.0,0.0,2663.6,3178.97,0.44784313725490194,0,0,0,0,0,1,-0.38739664612228614,-0.9219131404710555,0.714292117269102,0.6998476771464084,0,6.333279628139691,6.013715156042802,5.204006687076795,5.594711379601839,Train
2022-06-16,247,21973.300641777,88.96073134322673,1747.0,11963.0,0.0,0.0,147757.0,287379.0,165.987287608,90.29,0.0,0.0,2611.69,3765.89,0.44862745098039214,0,0,0,1,0,0,-0.40319768608708534,-0.9151129033807907,0.7379428103031385,0.6748632518680404,0,6.3080984415095305,6.877296071497429,5.4510384535657,5.666426688112432,Train
2022-06-17,253,20102.705184536,79.45733274520158,1816.0,12430.0,0.0,0.0,140110.0,240127.0,162.284417841,125.57,0.0,0.0,2593.66,3432.87,0.44941176470588234,1,0,0,0,0,0,-0.4188794133697427,-0.9080418696596652,0.7607200913564097,0.6490800741100404,0,6.400257445308821,6.192362489474872,5.062595033026967,6.1224928095143865,Train
2022-06-18,278,25014.202970563,89.97914737612591,1593.0,12685.0,0.0,0.0,159602.0,248157.0,163.354859927,123.63,0.0,0.0,2897.46,4005.96,0.45019607843137255,0,1,0,0,0,0,-0.4344371874948622,-0.9007021317403184,0.7825970017677816,0.6225286602431078,0,6.322565239927284,6.093569770045136,5.3471075307174685,6.363028103540465,Train
2022-06-19,318,27921.510034664,87.80349067504402,1508.0,12663.0,0.0,0.0,147199.0,304739.0,157.295843246,97.39,0.0,0.0,2315.52,4405.86,0.45098039215686275,0,0,1,0,0,0,-0.4498664046667798,-0.8930958615692859,0.8035476485339095,0.5952404359043703,0,6.424869023905388,6.335054251498059,5.3981627015177525,6.300785794663244,Train
2022-06-20,286,25573.605580957,89.41820133201747,1715.0,13520.0,0.0,0.0,143560.0,296965.0,171.862717746,99.77,0.0,0.0,2147.8,4258.18,0.45176470588235296,0,0,0,0,0,0,-0.46516249913190355,-0.8852253099642835,0.8235472349556001,0.5672476988027237,0,6.568077911411976,5.87493073085203,5.402677381872279,6.234410725718371,Train
2022-06-21,268,21437.002350006,79.98881473882837,1593.0,12278.0,0.0,0.0,111939.0,274038.0,161.428647137,91.98,0.0,0.0,1887.37,4412.72,0.45254901960784316,0,0,0,0,1,0,-0.48032094452978913,-0.8770928059481569,0.8425720899866036,0.5385835804920225,0,6.523562306149512,5.7430031878094825,5.308267697401205,6.0867747269123065,Train
2022-06-22,276,21369.101689453,77.42428148352536,1555.0,11061.0,0.0,0.0,88861.0,247256.0,150.190104764,85.56,0.0,0.0,1756.22,4544.79,0.4533333333333333,0,0,0,0,0,1,-0.49533725523256594,-0.8687007560596847,0.860599696250118,0.5092820071573357,0,6.437751649736401,6.257667587882639,5.25227342804663,6.484635235635252,Train
2022-06-23,254,21091.903134328,83.03898871782677,1614.0,13586.0,0.0,0.0,84897.0,311146.0,155.705292304,115.24,0.0,0.0,1663.75,5231.21,0.4541176470588235,0,0,0,1,0,0,-0.5102069876723092,-0.8600516436414433,0.8776087166898383,0.47937765946069616,0,6.375024819828097,5.8888779583328805,5.272999558563747,6.059123195581797,Train
2022-06-24,225,19533.601707557,86.81600758914223,1325.0,12708.0,0.0,0.0,97619.0,317006.0,153.739900251,83.97,0.0,0.0,1775.61,4972.98,0.4549019607843137,1,0,0,0,0,0,-0.5249257416559593,-0.8511480281049478,0.893579019823994,0.44890593149388225,0,6.368187186350492,6.3784261836515865,5.2832037287379885,5.7899601708972535,Train
2022-06-25,324,27552.504512266,85.0385941736605,1360.0,16607.0,0.0,0.0,109252.0,351199.0,143.73062271,102.09,0.0,0.0,1828.63,5269.75,0.4556862745098039,0,1,0,0,0,0,-0.5394891616674117,-0.8419925441732803,0.9084917035725081,0.4179028888867867,0,6.327936783729195,5.820082930352362,5.327876168789581,6.180016653652572,Train
2022-06-26,327,29069.101728351,88.89633556070642,1148.0,17122.0,0.0,0.0,97197.0,414917.0,146.48,136.0,0.0,0.0,1474.13,5906.76,0.45647058823529413,0,0,1,0,0,0,-0.5538929381563792,-0.8325879011014353,0.9223291176290538,0.38640522612098704,0,6.434546518787453,5.942799375126701,5.3706380281276624,6.338594078203183,Train
2022-06-27,308,25938.600041522,84.21623390104546,1288.0,14148.0,0.0,0.0,123044.0,444769.0,145.8,86.94,0.0,0.0,1878.37,5905.35,0.45725490196078433,0,0,0,0,0,0,-0.5681328088136672,-0.8229368818746022,0.9350748843515577,0.3544502230989861,0,6.429719478039138,6.056784013228625,5.501258210544727,5.918893854273146,Train
2022-06-28,302,24582.094564491,81.39766412083112,1439.0,14419.0,0.0,0.0,102973.0,362459.0,149.832146583,126.23,0.0,0.0,1838.5,5456.76,0.45803921568627454,0,0,0,0,1,0,-0.5822045598324479,-0.8130423423846421,0.9467139181463858,0.3220757010206113,0,6.51471269087253,6.650279048587422,5.318119993844216,5.71042701737487,Train
2022-06-29,292,22445.199998576,76.86712328279452,1752.0,13097.0,0.0,0.0,80437.0,393690.0,148.262723136,104.88,0.0,0.0,1377.18,5882.99,0.4588235294117647,0,0,0,0,0,1,-0.5961040271552034,-0.8029072105849769,0.9572324433233115,0.28931997761869704,0,6.447305862541213,6.063785208687608,5.1647859739235145,5.736572297479192,Train
2022-06-30,279,23725.402860455,85.03728623818996,1419.0,10539.0,0.0,0.0,110323.0,381839.0,147.528161063,81.25,0.0,0.0,1755.36,5419.95,0.4596078431372549,0,0,0,1,0,0,-0.6098270977059321,-0.7925344856241648,0.9666180104000964,0.25622182180711894,0,6.423246963533519,6.821107472256465,5.236441962829949,6.472346294500901,Train
2022-07-01,245,22586.198494777,92.18856528480408,1756.0,14636.0,0.0,0.0,102655.0,495092.0,153.286491967,114.89,0.0,0.0,1533.81,5653.77,0.4603921568627451,1,0,0,0,0,0,-0.6233697106072765,-0.7819272369584016,0.9748595108374123,0.22282040779480056,0,6.470799503782602,6.023447592961033,5.3981627015177525,6.267200548541362,Train
2022-07-02,327,27196.001475022,83.16820022942508,1999.0,15024.0,0.0,0.0,110451.0,449721.0,161.09854428,103.58,0.0,0.0,1647.18,5998.87,0.4611764705882353,0,1,0,0,0,0,-0.6367278583821979,-0.7710886034432227,0.9819471901866463,0.1891552687200393,0,6.432940092739179,6.476972362889683,5.19295685089021,6.363028103540465,Train
2022-07-03,262,24405.097497647,93.14922709025572,1387.0,12908.0,0.0,0.0,161028.0,409420.0,145.89535886,110.78,0.0,0.0,2457.47,5448.14,0.4619607843137255,0,0,1,0,0,0,-0.6498975881398565,-0.7600217924046635,0.9878726596350431,0.15526624985999482,0,6.428105272684596,5.786897381366708,5.14166355650266,5.7745515455444085,Train
2022-07-04,281,23227.594123578,82.66047730810676,1518.0,11832.0,0.0,0.0,165289.0,511617.0,155.976084412,105.42,0.0,0.0,2300.33,5737.06,0.4627450980392157,0,0,0,0,0,0,-0.6628750027453377,-0.7487300786901568,0.9926289059345094,0.12119346147073698,0,6.546785410760524,5.993961427306569,5.351858133476067,6.068425588244111,Train
2022-07-05,303,26044.797483308,85.95642733765017,1451.0,14058.0,0.0,0.0,169298.0,473867.0,157.28509734,101.47,0.0,0.0,2186.35,5147.85,0.46352941176470586,0,0,0,0,1,0,-0.6756562619728733,-0.7372168036994572,0.9962102997023295,0.08697723131368795,0,6.591673732008658,5.996452088619021,5.62040086571715,5.8888779583328805,Train
2022-07-06,289,24457.299025919,84.62733226961592,1437.0,13016.0,0.0,0.0,187141.0,371982.0,158.508695894,92.83,0.0,0.0,2614.23,4644.08,0.46431372549019606,0,0,0,0,0,1,-0.6882375836422284,-0.7254853743958638,0.9986126020839734,0.05265805692461321,0,6.542471960506805,5.8805329864007,5.4680601411351315,5.713732805509369,Train
2022-07-07,324,26353.200696428,81.33703918650617,1741.0,11655.0,0.0,0.0,253327.0,289046.0,163.415215416,103.71,0.0,0.0,3756.73,3864.15,0.46509803921568627,0,0,0,1,0,0,-0.7006152447379046,-0.7135392622980505,0.999832969770105,0.018276557681692205,0,6.5722825426940075,6.723832440821209,5.342334251964811,5.5254529391317835,Train
2022-07-08,304,24580.104318353,80.8556063103717,2036.0,9829.0,0.0,0.0,224923.0,316675.0,243.94054579,65.18,0.0,0.0,3383.36,4030.47,0.46588235294117647,1,0,0,0,0,0,-0.7127855825108473,-0.7013820024527804,0.9998699583618592,-0.016126573270655895,0,6.315358001522335,5.934894195619588,5.247024072160486,5.8944028342648505,Train
2022-07-09,314,28642.002866234,91.2165696376879,2236.0,12279.0,0.0,0.0,223619.0,363181.0,354.572102501,101.7,0.0,0.0,3390.97,5063.14,0.4666666666666667,0,1,0,0,0,0,-0.7247449955623079,-0.6890171923888332,0.9987235240803974,-0.05051061718521924,0,6.198478716492308,5.662960480135946,5.0106352940962555,5.605802066295998,Train
2022-07-10,334,27089.096511224,81.10507937492216,2372.0,13799.0,0.0,0.0,202479.0,383545.0,259.427108372,94.08,0.0,0.0,3327.07,4941.3,0.4674509803921569,0,0,1,0,0,0,-0.7364899449095569,-0.6764484910524362,0.9963950238187232,-0.0848348779057644,0,6.495265555937008,6.459904454377535,5.442417710521793,5.942799375126701,Train
2022-07-11,292,22982.101984376,78.70582871361644,2163.0,12802.0,0.0,0.0,199825.0,396022.0,302.524158544,75.01,0.0,0.0,3256.09,4781.08,0.4682352941176471,0,0,0,0,0,0,-0.7480169550331223,-0.6636796177245283,0.9928872135356964,-0.11905873003404802,0,6.464588303689961,6.606650186198215,5.4510384535657,6.045005314036012,Train
2022-07-12,442,36184.49704462,81.86537792900452,1970.0,13600.0,0.0,0.0,208512.0,268602.0,262.37266963,114.31,0.0,0.0,3364.72,3841.61,0.46901960784313723,0,0,0,0,1,0,-0.7593226149052589,-0.6507143509201561,0.9882042449941423,-0.15314166701311996,0,6.481577129276431,7.650168700845001,5.241747015059643,6.626717749249025,Train
2022-07-13,467,39288.998628891,84.13061804901713,1967.0,12924.0,0.0,0.0,96935.0,334735.0,261.786099971,80.23,0.0,0.0,1955.59,4746.28,0.46980392156862744,0,0,0,0,0,1,-0.7704035789993177,-0.6375565272703607,0.9823516608469238,-0.1870433490699156,0,6.466144724237619,7.350516171833998,5.220355825078325,6.79346613258001,Train
2022-07-14,257,20893.699447501,81.29844142996498,1721.0,11996.0,0.0,0.0,152711.0,306992.0,252.352489548,86.0,0.0,0.0,2568.69,4100.83,0.47058823529411764,0,0,0,1,0,0,-0.7812565682797488,-0.6242100403868479,0.9753363880767842,-0.22072365096049953,0,6.338594078203183,6.324358962381311,5.313205979041787,5.993961427306569,Train
2022-07-15,232,19826.399791926,85.45861979278449,2283.0,12334.0,0.0,0.0,112769.0,331337.0,273.742236646,97.63,0.0,0.0,1959.48,4642.0,0.47137254901960784,1,0,0,0,0,0,-0.7918783711724176,-0.6106788397098093,0.9671667297977312,-0.25414270946136214,0,6.278521424165844,5.8522024797744745,5.198497031265826,6.139884552226255,Train
2022-07-16,288,23861.604491197,82.8527933722118,2237.0,13499.0,0.0,0.0,200108.0,301092.0,262.292889649,77.98,0.0,0.0,3258.08,4448.82,0.47215686274509805,0,1,0,0,0,0,-0.8022658445149573,-0.5969669293392242,0.9578523554276671,-0.2872609705505954,0,6.313548046277095,6.784457062637643,5.231108616854587,5.568344503761097,Train
2022-07-17,319,26467.7995033,82.97115831755487,2084.0,14533.0,0.0,0.0,183271.0,334294.0,250.352638983,132.41,0.0,0.0,2888.01,4500.25,0.47294117647058825,0,0,1,0,0,0,-0.81241591448689,-0.5830783668499718,0.9474042892438843,-0.32003923622313935,0,6.398594934535208,6.202535517187923,5.41610040220442,6.025865973825314,Train
2022-07-18,257,20349.599529635,79.18132112698444,1919.0,12317.0,0.0,0.0,126965.0,380703.0,252.147294584,78.72,0.0,0.0,2150.1,4359.47,0.47372549019607846,0,0,0,0,0,0,-0.8223255775192096,-0.5690172620911411,0.9358348973349941,-0.3524387108846032,0,6.375024819828097,6.0063531596017325,5.25227342804663,6.173786103901937,Train
2022-07-19,295,23278.698940237,78.91084386521018,1737.0,13917.0,0.0,0.0,135899.0,320203.0,257.773477979,90.82,0.0,0.0,2349.48,3545.2,0.4745098039215686,0,0,0,0,1,0,-0.831991901183195,-0.5547877759698502,0.9231578729647043,-0.38442104726885457,0,6.39024066706535,6.311734809152915,6.659293919683638,5.963579343618446,Train
2022-07-20,259,21586.455379992,83.34538756753668,2000.0,15157.0,0.0,0.0,162161.0,262123.0,240.106808927,99.49,0.0,0.0,2844.25,3100.61,0.4752941176470588,0,0,0,0,0,1,-0.8414120250581577,-0.5403941192199728,0.9093882203647936,-0.4159483918249396,0,6.318968113746434,5.8522024797744745,5.60947179518496,5.459585514144159,Train
2022-07-21,277,21740.901642107,78.48700953829243,1918.0,14637.0,0.0,0.0,148646.0,285944.0,243.894614688,119.38,0.0,0.0,2839.79,3580.0,0.476078431372549,0,0,0,1,0,0,-0.8505831615778889,-0.5258405511561114,0.8945422369764496,-0.44698342951967407,0,6.405228458030842,6.415096959171596,5.53338948872752,5.602118820879701,Train
2022-07-22,246,20291.600030729,82.48617898670325,2153.0,14295.0,0.0,0.0,126003.0,267521.0,247.615117612,75.1,0.0,0.0,2530.92,4165.81,0.4768627450980392,1,0,0,0,0,0,-0.8595025968555411,-0.5111313784132033,0.878637494161001,-0.47748942800283745,0,6.282266746896006,5.905361848054571,5.337538079701318,5.4510384535657,Train
2022-07-23,272,20560.200258839,75.58897153984925,2044.0,16703.0,0.0,0.0,133579.0,284345.0,253.66,113.89,0.0,0.0,2659.8,4409.79,0.4776470588235294,0,1,0,0,0,0,-0.8681676914867166,-0.4962709536721097,0.8616928164028536,-0.5074302810827495,0,6.293419278846481,5.802118375377063,5.267858159063328,6.2766434893416445,Train
2022-07-24,314,25869.693234565,82.38755807186305,1890.0,16102.0,0.0,0.0,170010.0,303049.0,250.772832001,128.07,0.0,0.0,3009.19,4159.71,0.47843137254901963,0,0,1,0,0,0,-0.876575881330507,-0.4812636743715911,0.8437282590292712,-0.5367705514607103,0,6.432940092739179,6.745236349484362,5.521460917862246,5.973809611869261,Train
2022-07-25,257,20851.093074878,81.13265787890273,1950.0,12309.0,0.0,0.0,152050.0,427144.0,247.807273185,106.62,0.0,0.0,2464.44,4826.15,0.4792156862745098,0,0,0,0,0,0,-0.8847246782682611,-0.46611398140703947,0.8247650844733625,-0.5654755126737561,0,6.576469569048224,6.22455842927536,5.5093883366279774,6.0844994130751715,Train
2022-07-26,319,26322.798202907,82.51660878654232,1720.0,11773.0,0.0,0.0,212617.0,340890.0,262.472602167,97.7,0.0,0.0,3193.0,4071.86,0.48,0,0,0,0,1,0,-0.8926116709398649,-0.4508263578163351,0.8048257371083447,-0.5935111901961156,0,6.56244409369372,6.923628628138427,5.332718793265369,6.104793232414985,Train
2022-07-27,258,21313.653603316,82.61106047796899,1519.0,11031.0,0.0,0.0,203072.0,289483.0,235.732672181,85.76,0.0,0.0,2813.44,3501.31,0.4807843137254902,0,0,0,0,0,1,-0.9002345254572961,-0.4354053274532558,0.7839338166829207,-0.6208444016506462,0,6.498282149476434,6.150602768446279,5.365976015021851,6.137727054086234,Train
2022-07-28,316,25762.908449667,81.52819129641456,1797.0,12483.0,0.0,0.0,175618.0,404327.0,235.212793166,96.27,0.0,0.0,2663.14,4819.27,0.4815686274509804,0,0,0,1,0,0,-0.9075909860952637,-0.4198554536487849,0.7621140503891499,-0.647442796082746,0,6.598509028614515,7.0431599159883405,5.424950017481403,6.3561076606958915,Train
2022-07-29,275,22089.799420554,80.3265433474691,1871.0,13584.0,0.0,0.0,210697.0,334560.0,231.439968541,113.45,0.0,0.0,3092.89,4404.08,0.4823529411764706,1,0,0,0,0,0,-0.9146788759587107,-0.4041813378607547,0.7393922635959259,-0.6732748922501809,0,6.467698726104354,6.161207321695077,5.2832037287379885,6.059123195581797,Train
2022-07-30,298,22821.910737461,76.58359307872819,1904.0,11506.0,0.0,0.0,206327.0,326002.0,227.707651926,107.13,0.0,0.0,3199.64,4181.04,0.4831372549019608,0,1,0,0,0,0,-0.9214960976269942,-0.3883876183121974,0.7157953492826649,-0.6983101158835577,0,6.489204931325317,6.077642243349034,5.2574953720277815,6.343880434126331,Train
2022-07-31,338,24258.403895315,71.77042572578402,1671.0,6716.0,0.0,0.0,199040.0,350770.0,221.799022463,70.47,0.0,0.0,2953.06,4450.97,0.483921568627451,0,0,1,0,0,0,-0.9280406337745426,-0.37247896861882723,0.6913512362094087,-0.7225188358733095,0,6.61472560020376,6.912742820493176,5.3612921657094255,6.423246963533519,Train
2022-08-01,261,20000.601988911,76.63065896134482,2027.0,11471.0,0.0,0.0,181515.0,415399.0,259.808210779,74.65,0.0,0.0,2623.83,4582.45,0.48470588235294115,0,0,0,0,0,0,-0.9343105477678196,-0.3564600964060307,0.6660888558609768,-0.7458723993404065,0,6.71174039505618,6.137727054086234,5.583496308781699,6.173786103901937,Train
2022-08-02,248,19472.607981063,78.51858056880242,1797.0,13168.0,0.0,0.0,177542.0,308983.0,262.041295695,79.68,0.0,0.0,2886.37,3440.37,0.48549019607843136,0,0,0,0,1,0,-0.9403039842384003,-0.34033574191581784,0.6400381082043509,-0.7683431655492197,0,6.598509028614515,5.961005339623274,5.4510384535657,6.135564891081739,Train
2022-08-03,307,24300.29483288,79.15405483022802,1929.0,12385.0,0.0,0.0,144444.0,347257.0,259.184554092,133.21,0.0,0.0,2274.08,3874.54,0.48627450980392156,0,0,0,0,0,1,-0.9460191696320084,-0.32411067660409654,0.6132298262997516,-0.7899045386224695,0,6.618738983517219,6.68586094706836,5.44673737166631,6.3080984415095305,Train
2022-08-04,250,20431.000772183,81.724003088732,2245.0,10312.0,0.0,0.0,41601.0,425815.0,257.730190356,68.85,0.0,0.0,736.36,5203.85,0.48705882352941177,0,0,0,1,0,0,-0.9514544127333381,-0.307789701728727,0.5856957398073505,-0.8105309990194826,0,6.513230110912307,6.218600119691729,5.429345628954441,6.142037405587356,Train
2022-08-05,308,25590.101680015,83.08474571433442,2173.0,13809.0,0.0,0.0,77929.0,398199.0,258.895254358,113.93,0.0,0.0,1317.05,4573.26,0.48784313725490197,1,0,0,0,0,0,-0.9566081051665098,-0.29137764692875745,0.55746843743279,-0.8301981337405206,0,6.461468176353717,6.280395838960195,5.25227342804663,6.35088571671474,Train
2022-08-06,278,23047.401145723,82.90432066806835,2028.0,12048.0,0.0,0.0,151793.0,343497.0,260.062224079,119.21,0.0,0.0,2069.43,3845.46,0.4886274509803922,0,1,0,0,0,0,-0.9614787218710188,-0.2748793687952445,0.5285813283559281,-0.848882665221456,0,6.4425401664681985,5.805134968916488,5.247024072160486,6.056784013228625,Train
2022-08-07,330,27091.80318164,82.09637327769697,1891.0,11754.0,0.0,0.0,133259.0,434586.0,259.02787799,110.07,0.0,0.0,1832.25,4331.55,0.4894117647058824,0,0,1,0,0,0,-0.9660648215530205,-0.25829974943412287,0.49906860268853165,-0.8665624788845387,0,6.52795791762255,5.82600010738045,5.5093883366279774,6.415096959171596,Train
2022-08-08,294,22928.681939811,77.9887140809898,2118.0,10284.0,0.0,0.0,159112.0,397029.0,255.952741489,68.01,0.0,0.0,2792.6,3612.61,0.49019607843137253,0,0,0,0,0,0,-0.9703650471118362,-0.24164369502150035,0.46896519100763273,-0.8832166493127123,0,6.590301048196686,5.934894195619588,5.6240175061873385,6.102558594613569,Train
2022-08-09,300,23759.755733471,79.19918577823667,1859.0,13143.0,0.0,0.0,182026.0,370392.0,267.786480894,99.93,0.0,0.0,2970.7,3493.21,0.49098039215686273,0,0,0,0,1,0,-0.9743781260415392,-0.22491613435184774,0.4383067230125209,-0.8988254650164431,0,6.516193076042964,6.568077911411976,5.4116460518550396,6.037870919922137,Train
2022-08-10,284,20290.82616738,71.44657101190141,1941.0,14842.0,0.0,0.0,181973.0,356246.0,247.539174632,101.74,0.0,0.0,2971.63,3477.28,0.49176470588235294,0,0,0,0,0,1,-0.9781028708075101,-0.20812201737948605,0.40712948535425164,-0.9133704517637858,0,6.595780513961311,6.129050210060545,5.720311776607412,6.0473721790462776,Train
2022-08-11,402,35125.626266208,87.37717976668657,2263.0,13195.0,0.0,0.0,146124.0,338637.0,219.547182918,117.65,0.0,0.0,3232.95,3177.94,0.49254901960784314,0,0,0,1,0,0,-0.9815381791978468,-0.19126631375382222,0.37547037868762145,-0.9268343944460489,0,6.60934924316738,6.639875833826536,5.43372200355424,6.238324625039508,Train
2022-08-12,288,24921.406880386,86.53266277911806,1654.0,12682.0,0.0,0.0,132391.0,431004.0,199.313386849,102.26,0.0,0.0,2369.89,4407.6,0.49333333333333335,1,0,0,0,0,0,-0.984683034649528,-0.17435401134873954,0.3433668739963902,-0.9392013574532072,0,6.481577129276431,6.148468295917647,5.3981627015177525,6.2422232654551655,Train
2022-08-13,333,25311.008283285,76.00903388373874,2062.0,13478.0,0.0,0.0,131952.0,493547.0,212.930113092,115.56,0.0,0.0,1827.82,4943.47,0.49411764705882355,0,1,0,0,0,0,-0.9875365065492301,-0.15739011478661072,0.31085696824350373,-0.950456703534915,0,6.455198563340122,6.688354713946762,5.43372200355424,6.220590170099739,Train
2022-08-14,350,27437.994641758,78.39427040502285,1935.0,12253.0,0.0,0.0,146692.0,528315.0,247.635338775,116.38,0.0,0.0,1864.57,5020.72,0.4949019607843137,0,0,1,0,0,0,-0.9900977505087093,-0.14037964395735483,0.27797913939878105,-0.9605871111248125,0,6.618738983517219,6.173786103901937,5.5134287461649825,6.326149473155099,Train
2022-08-15,336,25564.413466632,76.08456388878571,2311.0,11275.0,0.0,0.0,157827.0,529340.0,232.472756176,92.01,0.0,0.0,1987.4,5131.39,0.4956862745098039,0,0,0,0,0,0,-0.9923660086146721,-0.12332763253295889,0.2447723008972588,-0.9695805901076309,0,6.652863029353347,6.3473892096560105,5.700443573390686,6.405228458030842,Train
2022-08-16,356,27210.808388781,76.43485502466572,2477.0,11602.0,0.0,0.0,124131.0,506659.0,269.411161747,97.35,0.0,0.0,1630.02,5419.77,0.4964705882352941,0,0,0,0,1,0,-0.9943406096530518,-0.10623912647794741,0.21127575558217981,-0.9774264960104054,0,6.637258031284457,6.9363427358340495,5.541263545158426,6.490723534502507,Train
2022-08-17,361,28892.209481163,80.03382127745984,1926.0,11867.0,0.0,0.0,105506.0,513944.0,266.280085387,101.2,0.0,0.0,1442.15,5512.97,0.4972549019607843,0,0,0,0,0,1,-0.9960209693076331,-0.08911918255618792,0.17752914918703638,-0.9841155426010337,0,6.643789733147672,6.364750756851911,5.327876168789581,6.548219102762372,Train
2022-08-18,382,33336.701411855,87.26885186349476,1954.0,12979.0,0.0,0.0,133342.0,460449.0,244.980917668,111.12,0.0,0.0,1777.57,5160.74,0.4980392156862745,0,0,0,1,0,0,-0.9974065903329596,-0.07197286683452027,0.14357242341181403,-0.9896398128792409,0,6.511745329644728,6.85751406254539,5.267858159063328,6.650279048587422,Train
2022-08-19,378,29875.202448741,79.03492711307143,1773.0,16669.0,0.0,0.0,177408.0,435697.0,234.244847194,90.23,0.0,0.0,2727.89,4920.55,0.4988235294117647,1,0,0,0,0,0,-0.9984970627014779,-0.054805253183622435,0.10944576864891564,-0.993992768446958,0,6.648984550024776,6.161207321695077,5.501258210544727,6.525029657843462,Train
2022-08-20,360,30455.600346197,84.59888985054722,2274.0,14767.0,0.0,0.0,160565.0,419520.0,213.860428584,94.47,0.0,0.0,2743.96,5030.82,0.4996078431372549,0,1,0,0,0,0,-0.9992920637248696,-0.0376214217765776,0.07518957641475997,-0.9971692572470177,0,6.595780513961311,5.991464547107982,5.318119993844216,6.300785794663244,Train
2022-08-21,424,34388.397881605,81.10471198491746,2238.0,14424.0,0.0,0.0,138331.0,518117.0,264.993272593,105.71,0.0,0.0,2221.02,5862.18,0.5003921568627451,0,0,1,0,0,0,-0.9997913581495419,-0.020426457585556834,0.040844391543295756,-0.9991655196610109,0,6.70808408385307,6.343880434126331,5.602118820879701,6.665683717782408,Train
2022-08-22,367,28543.193397209,77.7743689297248,2146.0,7950.0,0.0,0.0,172813.0,581267.0,242.58020756,87.27,0.0,0.0,2445.53,6254.19,0.5011764705882353,0,0,0,0,0,0,-0.9999947982262414,-0.003225448877108172,0.006450864198105686,-0.9999791929590823,0,0.0,0.0,0.0,9.235130540783402,Train
2022-08-23,344,25579.597236292,74.35929429154652,1863.0,10005.0,0.0,0.0,121129.0,454208.0,215.001943647,92.13,0.0,0.0,1820.8,6303.78,0.5019607843137255,0,0,0,0,1,0,-0.9999023237537765,0.01397651429355571,-0.027950298240208452,-0.9996093140964041,0,0.0,0.0,0.0,9.118444357271645,Train
2022-08-24,299,24636.196168332,82.39530491080937,1746.0,13615.0,0.0,0.0,110037.0,462150.0,221.62692799,96.77,0.0,0.0,1480.24,5701.95,0.5027450980392156,0,0,0,0,0,1,-0.9995139620968313,0.031174341588781414,-0.062318379354325874,-0.998056320853012,0,0.0,0.0,0.0,9.042276686928927,Train
2022-08-25,322,24411.405374584,75.81181793349069,1930.0,15113.0,0.0,0.0,134932.0,598423.0,214.735574737,91.02,0.0,0.0,1759.56,5071.88,0.5035294117647059,0,0,0,1,0,0,-0.9988298281778684,0.04836294389478229,-0.09661270188120256,-0.9953220513156603,0,0.0,0.0,0.0,9.11679862756782,Train
2022-08-26,276,21653.596949661,78.45506141181522,1874.0,14018.0,0.0,0.0,144950.0,512625.0,222.319000574,108.76,0.0,0.0,1883.9,4575.68,0.504313725490196,1,0,0,0,0,0,-0.9978501244431208,0.06553723482760153,-0.13079267585676044,-0.9914097417023037,0,0.0,0.0,0.0,9.01322999770879,Train
2022-08-27,308,24887.811650628,80.80458328125974,1816.0,14348.0,0.0,0.0,126255.0,493391.0,246.191853943,94.31,0.0,0.0,1816.33,5143.33,0.5050980392156863,0,1,0,0,0,0,-0.996575140802686,0.08269213223823901,-0.16481784665719476,-0.9863240225317872,0,6.375024819828097,6.135564891081739,5.308267697401205,5.966146739123692,Train
2022-08-28,343,27439.602612417,79.99884143561808,2044.0,13846.0,0.0,0.0,152524.0,496588.0,235.367911958,99.72,0.0,0.0,2036.19,5187.82,0.5058823529411764,0,0,1,0,0,0,-0.9950052545447352,0.09982255971656227,-0.19864794288017015,-0.9800709131432667,0,6.573680166960646,5.891644211825771,5.545177444479562,6.2166061010848646,Train
2022-08-29,265,20837.196436028,78.63092994727548,1744.0,12733.0,0.0,0.0,103251.0,495919.0,268.811732059,97.68,0.0,0.0,1475.46,5361.76,0.5066666666666667,0,0,0,0,0,0,-0.9931409302238695,0.11692344809347308,-0.23224292400906835,-0.9726578145718658,0,6.62273632394984,6.023447592961033,5.356586274672012,6.12029741895095,Train
2022-08-30,320,23591.400262224,73.72312581945,1877.0,11049.0,0.0,0.0,35523.0,514367.0,257.797580564,75.18,0.0,0.0,584.99,6057.33,0.5074509803921569,0,0,0,0,1,0,-0.9909827195236492,0.13398973694097738,-0.2655630278040563,-0.9640935007889754,0,6.490723534502507,6.635946555686647,5.402677381872279,5.929589143389895,Train
2022-08-31,313,23329.50054437,74.53514550916933,1872.0,12128.0,0.0,0.0,54564.0,542557.0,256.477886431,84.01,0.0,0.0,864.55,5755.13,0.508235294117647,0,0,0,0,0,1,-0.9885312610933433,0.15101637606963153,-0.2985688173637189,-0.9543881083175912,0,6.499787040655854,6.115892125483034,5.476463551931511,6.504288173536645,Train
2022-09-01,281,21341.550515732,75.94857834780072,1857.0,15099.0,0.0,0.0,88968.0,423198.0,269.319476855,104.56,0.0,0.0,1235.69,4758.26,0.5090196078431373,0,0,0,1,0,0,-0.9857872803589411,0.16799832702298678,-0.33122122780168434,-0.9435531242349552,0,6.464588303689961,6.075346031088684,5.327876168789581,6.3080984415095305,Train
2022-09-02,263,18162.904891489,69.06047487258175,1898.0,14675.0,0.0,0.0,121477.0,450926.0,282.85047756,99.63,0.0,0.0,1807.33,5112.14,0.5098039215686274,1,0,0,0,0,0,-0.9827515893084885,0.1849305645685428,-0.36348161248290295,-0.93160137257672,0,6.369900982828227,5.6131281063880705,5.332718793265369,6.115892125483034,Train
2022-09-03,248,16666.603353079,67.20404577854436,1827.0,15773.0,0.0,0.0,102389.0,438030.0,282.806082373,104.45,0.0,0.0,1423.34,5005.67,0.5105882352941177,0,1,0,0,0,0,-0.9794250862518065,0.201808078184798,-0.39531178876491413,-0.918546999158717,0,6.295266001439646,5.537334267018537,5.181783550292085,5.942799375126701,Train
2022-09-04,263,18637.096350712,70.86348422323954,2105.0,14734.0,0.0,0.0,112321.0,454655.0,271.139675903,113.34,0.0,0.0,1568.26,5065.94,0.5113725490196078,0,0,1,0,0,0,-0.9758087555546684,0.2186258735439368,-0.42667408318992256,-0.9044054548343011,0,6.487684018484611,6.07993319509559,5.214935757608986,6.315358001522335,Train
2022-09-05,331,24637.704905713,74.43415379369486,2066.0,13671.0,0.0,0.0,112028.0,408015.0,286.829444231,105.14,0.0,0.0,1479.53,4417.34,0.5121568627450981,0,0,0,0,0,0,-0.9719036673475081,0.23537897398974364,-0.4575313760742511,-0.8891934772070712,0,6.651571873589727,5.934894195619588,5.6131281063880705,6.021023349349527,Train
2022-09-06,261,17337.800168811,66.4283531372069,1988.0,10253.0,0.0,0.0,120703.0,293516.0,278.506393337,83.65,0.0,0.0,1544.11,2944.32,0.5129411764705882,0,0,0,0,1,0,-0.9677109772087535,0.25206242201026163,-0.487847145442311,-0.8729290708206415,0,6.419994928147142,6.326149473155099,5.44673737166631,5.703782474656201,Train
2022-09-07,236,17058.653264058,72.28242908499153,1744.0,15510.0,0.0,0.0,123754.0,267736.0,246.359783814,88.92,0.0,0.0,1716.46,2829.2,0.5137254901960784,0,0,0,0,0,1,-0.9632319258228705,0.26867128070481233,-0.5175855102531869,-0.8556314858488718,0,6.26530121273771,5.739792912179234,5.41610040220442,5.68697535633982,Train
2022-09-08,232,15113.592122961,65.14479363345258,1633.0,17773.0,0.0,0.0,73108.0,296444.0,214.965748773,119.95,0.0,0.0,1039.09,3247.53,0.5145098039215686,0,0,0,1,0,0,-0.9584678386132249,0.28520063524489725,-0.5467112728685909,-0.8373211953118141,0,6.293419278846481,6.180016653652572,5.231108616854587,5.783825182329737,Train
2022-09-09,244,18936.705385565,77.6094483014959,2001.0,16169.0,0.0,0.0,70018.0,261191.0,216.852183367,123.39,0.0,0.0,1025.99,3262.05,0.5152941176470588,1,0,0,0,0,0,-0.953420125349868,0.3016455943285796,-0.5751899607119796,-0.8180198708443159,0,6.159095388491933,5.66988092298052,5.272999558563747,5.958424693029782,Train
2022-09-10,284,21560.494207787,75.91723312601056,1453.0,18244.0,0.0,0.0,65236.0,314707.0,215.738198652,112.81,0.0,0.0,1081.87,4150.58,0.516078431372549,0,1,0,0,0,0,-0.9480902797323661,0.31800129162788576,-0.6029878670694719,-0.7977503570459927,0,6.248042874508429,6.440946540632921,5.231108616854587,5.857933154483459,Train
2022-09-11,363,30589.200644577,84.26777037073553,2218.0,15602.0,0.0,0.0,126103.0,414931.0,251.868642421,111.01,0.0,0.0,1769.75,4947.05,0.5168627450980392,0,0,1,0,0,0,-0.9424798789477857,0.33426288722885045,-0.6300720909843687,-0.7765366444428656,0,6.673297967767654,5.863631175598097,5.54907608489522,6.003887067106539,Train
2022-09-12,269,20340.901903752,75.6167357016803,2245.0,0.0,5254.0,0.0,170886.0,357281.0,231.307242336,0.0,19.47,0.0,2334.59,3901.4,0.5176470588235295,0,0,0,0,0,0,-0.936590583203982,0.3504255690637097,-0.6564105761979343,-0.7544038410927505,0,6.673297967767654,5.8998973535824915,5.3706380281276624,6.008813185442595,Train
2022-09-13,260,21883.210832915,84.16619551121154,1584.0,0.0,14294.0,0.0,160026.0,371778.0,231.932009211,0.0,97.18,0.0,2315.98,4223.43,0.5184313725490196,0,0,0,0,1,0,-0.9304241352383129,0.3664845543348827,-0.6819721490904634,-0.7313781428679248,0,6.331501849893691,6.236369590203704,5.2832037287379885,6.338594078203183,Train
2022-09-14,287,25511.726021396,88.89103143343554,1455.0,0.0,14721.0,0.0,131612.0,369657.0,196.8,0.0,92.04,0.0,1970.15,4141.29,0.5192156862745098,0,0,0,0,0,1,-0.9239823598019431,0.3824350909302552,-0.7067265555776158,-0.7074868024503349,0,6.1903154058531475,5.6937321388027,5.278114659230518,6.493753839851687,Train
2022-09-15,354,29570.90529544,83.5336307780791,1982.0,0.0,14417.0,0.0,130089.0,400921.0,341.27953174,0.0,97.87,0.0,2123.59,4542.14,0.52,0,0,0,1,0,0,-0.9172671631198612,0.39827245882943246,-0.7306444969184904,-0.6827580970759161,0,6.285998094508865,6.680854678790215,5.209486152841421,6.135564891081739,Train
2022-09-16,256,18658.301119373,72.88398874755079,1945.0,0.0,15680.0,0.0,132676.0,400204.0,318.349205443,0.0,98.38,0.0,2187.53,4936.54,0.5207843137254902,1,0,0,0,0,0,-0.9102805323268018,0.41399197150045597,-0.7536976643929144,-0.6572212950663313,0,6.20050917404269,5.814130531825066,5.135798437050262,6.159095388491933,Train
2022-09-17,321,23311.906193966,72.62276072886604,1946.0,0.0,15463.0,0.0,100452.0,392855.0,351.846923244,0.0,96.305074198,0.0,1724.52,5035.93,0.5215686274509804,0,1,0,0,0,0,-0.9030245348792221,0.42958897728662054,-0.7758587728069825,-0.6309066211876708,0,6.336825731146441,6.444131256700441,5.123963979403259,6.124683390894205,Train
2022-09-18,341,26982.498557195,79.12756175130498,2219.0,0.0,13817.0,0.0,120958.0,428192.0,307.012386853,0.0,96.44,0.0,1946.4,5159.49,0.5223529411764706,0,0,1,0,0,0,-0.895501317943504,0.44505886078298396,-0.7971015927871932,-0.603845220877105,0,6.447305862541213,6.073044534100405,5.438079308923196,6.257667587882639,Train
2022-09-19,386,27459.31484343,71.13812135603627,2338.0,0.0,12588.0,0.0,111433.0,417569.0,277.850714767,0.0,97.57,0.0,1839.76,4891.2,0.5231372549019608,0,0,0,0,0,0,-0.8877131077605754,0.4603970442021332,-0.8174009818249174,-0.576069123379878,0,6.553933404025811,7.179307969504034,5.420534999272286,6.171700597410915,Train
2022-09-20,318,22925.697646699,72.0933888260975,2393.0,0.0,16163.0,0.0,93583.0,334684.0,277.208187144,0.0,99.26,0.0,1509.11,4053.65,0.523921568627451,0,0,0,0,1,0,-0.8796622089871292,0.47559898872882833,-0.8367329140344918,-0.5476112038402317,0,6.423246963533519,6.688354713946762,5.313205979041787,5.902633333401366,Train
2022-09-21,327,23406.486938848,71.57947076100307,1931.0,0.0,16107.0,0.0,89344.0,297040.0,275.192512113,0.0,96.358532542,0.0,1443.01,3846.379829856,0.5247058823529411,0,0,0,0,0,1,-0.8713510040136405,0.49066019586310516,-0.8550745085896923,-0.5185051443911586,0,6.4425401664681985,6.842683282238422,5.442417710521793,6.192362489474872,Train
2022-09-22,340,25316.203752969,74.45942280285,2415.0,0.0,9361.0,0.0,69796.0,316280.0,264.487725276,0.0,96.38,0.0,1036.81,4734.025429253,0.5254901960784314,0,0,0,1,0,0,-0.8627819522593745,0.5055762087514626,-0.8724040568049599,-0.4887853942889951,0,6.459904454377535,6.54534966033442,5.497168225293202,6.163314804034641,Train
2022-09-23,204,16855.907083838,82.6269955090098,1929.0,0.0,14082.0,0.0,67472.0,329069.0,243.942435731,0.0,95.36,0.0,996.64,4700.227655937,0.5262745098039215,1,0,0,0,0,0,-0.8539575894446081,0.5203426135057114,-0.8887010478292894,-0.45848712914009165,0,6.371611847231857,5.87493073085203,5.209486152841421,5.7430031878094825,Train
2022-09-24,300,22541.615437075,75.13871812358333,2195.0,0.0,12055.0,0.0,84067.0,296641.0,244.656053768,0.0,98.53,0.0,1285.863887724,4675.304746898,0.5270588235294118,0,1,0,0,0,0,-0.8448805268402667,0.5349550405091192,-0.9039461929224017,-0.42764620926777314,0,6.315358001522335,6.434546518787453,5.0369526024136295,5.66988092298052,Train
2022-09-25,287,21869.597696715,76.20068883872823,1902.0,0.0,10145.0,0.0,111229.0,296006.0,242.328591071,0.0,97.03,0.0,1607.89,4319.899437947,0.527843137254902,0,0,1,0,0,0,-0.8355534504952145,0.5494091657094384,-0.9181214482844368,-0.39629913726891763,0,6.4457198193855785,5.8664680569332965,5.3471075307174685,5.780743515792329,Train
2022-09-26,276,21953.199724251,79.54057871105435,1811.0,0.0,13141.0,0.0,134030.0,288499.0,246.343162023,0.0,96.48,0.0,1940.81,3682.625736701,0.5286274509803922,0,0,0,0,0,0,-0.8259791204413983,0.5637007118984807,-0.9312100364121944,-0.3644830148102921,0,6.439350371100098,5.755742213586912,5.402677381872279,5.66988092298052,Train
2022-09-27,280,20150.7047216,71.96680257714286,1705.0,0.0,12623.0,0.0,106147.0,296999.0,236.482614724,0.0,94.559048985,0.0,1486.95,3919.543503465,0.5294117647058824,0,0,0,0,1,0,-0.8161603698771164,0.5778254499778013,-0.943196465956587,-0.33223549871590297,0,6.432940092739179,6.293419278846481,5.407171771460119,6.163314804034641,Train
2022-09-28,262,20928.40692853,79.87941575774809,1623.0,0.0,11595.0,0.0,97778.0,276653.0,233.948280914,0.0,95.103392486,0.0,1450.460834812,3959.590834812,0.5301960784313725,0,0,0,0,0,1,-0.8061001043286311,0.5917792002101544,-0.9540665500578387,-0.2995947563972601,0,6.411818267709897,5.966146739123692,5.517452896464707,6.967909201801884,Train
2022-09-29,283,21826.811231761,77.12654145498587,1483.0,0.0,13223.0,0.0,92292.0,262959.0,233.246985221,0.0,92.26091218,0.0,1399.2,3754.76,0.5309803921568628,0,0,0,1,0,0,-0.7958013007903715,0.6055578334563535,-0.9638074231367304,-0.2665994206792945,0,6.401917196727186,6.327936783729195,5.43372200355424,7.123672785204607,Train
2022-09-30,294,22254.499533962,75.69557664612925,1569.0,0.0,10944.0,0.0,64825.0,342168.0,221.530495124,0.0,95.81,0.0,1010.1,4581.49,0.5317647058823529,1,0,0,0,0,0,-0.7852670068439961,0.6191572723971441,-0.9724075561219964,-0.23328854407545724,0,6.432940092739179,5.739792912179234,5.351858133476067,6.97354301952014,Train
2022-10-01,304,24373.89695613,80.17729261884868,1814.0,0.0,13906.0,0.0,58361.0,560436.0,256.14845246,0.0,117.571136922,0.0,789.74,6128.35,0.5325490196078432,0,1,0,0,0,0,-0.7745003397565632,0.6325734927397513,-0.9798567700958665,-0.19970155256606367,0,6.369900982828227,5.634789603169249,5.262690188904886,6.763884908562435,Train
2022-10-02,406,32062.699393665,78.97216599424877,2052.0,0.0,11978.0,0.0,105110.0,587983.0,264.332918636,0.0,118.672093636,0.0,1355.9,6602.47,0.5333333333333333,0,0,1,0,0,0,-0.7635044855580851,0.6458025244087264,-0.9861462483415948,-0.1658781989346326,0,6.53813982376767,5.857933154483459,5.2574953720277815,6.754604099487962,Train
2022-10-03,349,27716.203663772,79.41605634318626,2086.0,0.0,12160.0,0.0,115296.0,626632.0,267.498996685,0.0,120.831333367,0.0,1458.16,6202.1,0.5341176470588235,0,0,0,0,0,0,-0.7522826980987245,0.6588404527207655,-0.9912685467787253,-0.13185851571739346,0,6.5998704992128365,5.986452005284438,5.521460917862246,6.660575149839686,Train
2022-10-04,324,24061.296776576,74.26326165609876,2218.0,0.0,9520.0,0.0,98495.0,501129.0,260.296617356,0.0,114.617533796,0.0,1236.39,4907.36,0.5349019607843137,0,0,0,0,1,0,-0.7408382980859317,0.6716834195431209,-0.9952176027737291,-0.09768276782171961,0,6.492239835020471,6.2285110035911835,5.631211781821365,6.616065185132817,Train
2022-10-05,246,18933.503088204,76.96545970814634,2174.0,0.0,8250.0,0.0,124408.0,441168.0,256.872459695,0.0,117.231781199,0.0,1680.72,4930.65,0.5356862745098039,0,0,0,0,0,1,-0.729174672101792,0.6843276244352877,-0.9979887423155983,-0.06339140486951159,0,6.495265555937008,5.641907070938114,5.575949103146316,6.366470447731438,Train
2022-10-06,267,18888.896784632,70.74493177764795,2028.0,0.0,6862.0,0.0,102376.0,407142.0,261.313118292,0.0,113.571830081,0.0,1434.49,4359.95,0.5364705882352941,0,0,0,1,0,0,-0.717295271600886,0.6967693257736101,-0.9995786855478958,-0.02902501332197777,0,6.522092798170152,6.278521424165844,5.424950017481403,6.715383386334681,Train
2022-10-07,201,15596.796716678,77.59600356556219,2301.0,0.0,7374.0,0.0,87766.0,358259.0,257.924040124,0.0,91.61934311,0.0,1290.75,4115.94,0.5372549019607843,1,0,0,0,0,0,-0.7052036118889422,0.7090048418584954,-0.9999855506507186,0.00537573155758024,0,6.311734809152915,5.680172609017068,5.429345628954441,6.51471269087253,Train
2022-10-08,259,19587.916859341,75.62902262293822,2060.0,0.0,10703.0,0.0,81789.0,402789.0,224.206504617,0.0,80.674299789,0.0,1220.49,4700.45,0.5380392156862746,0,1,0,0,0,0,-0.6929032710826029,0.7210305520038863,-0.9992088560679752,0.039770113846058074,0,6.255750041753367,6.580639137284949,5.37989735354046,6.839476438228843,Train
2022-10-09,288,21995.201982128,76.37222910461111,2307.0,0.0,10363.0,0.0,83415.0,408267.0,294.265237347,0.0,96.303279956,0.0,1303.01,5196.02,0.5388235294117647,0,0,1,0,0,0,-0.6803978890506109,0.7328428976086707,-0.997249521077345,0.07411742515094516,0,6.375024819828097,5.940171252720432,5.267858159063328,6.546785410760524,Train
2022-10-10,310,23066.395865291,74.4077285977129,2431.0,0.0,10152.0,0.0,88630.0,384662.0,272.193584651,0.0,102.498154558,0.0,1378.46,4568.43,0.5396078431372549,0,0,0,0,0,0,-0.6676911663366994,0.7444383832097442,-0.9941098647022418,0.10837701279187577,0,6.466144724237619,6.637258031284457,5.318119993844216,6.56244409369372,Train
2022-10-11,267,20574.500030646,77.05805254923595,1964.0,0.0,9672.0,0.0,93126.0,325333.0,251.47,0.0,91.67,0.0,1564.71,4070.03,0.5403921568627451,0,0,0,0,1,0,-0.6547868630645511,0.755813577516364,-0.9897936029670719,0.14250832791616946,0,6.282266746896006,5.831882477283517,5.3706380281276624,7.007600613951853,Train
2022-10-12,245,17888.95297483,73.01613459114286,2061.0,0.0,10656.0,0.0,83231.0,326988.0,271.254196786,0.0,99.337853447,0.0,1429.17,4225.91,0.5411764705882353,0,0,0,0,0,1,-0.641688797825113,0.7669651144255266,-0.9843058444990329,0.17647097349152244,0,6.331501849893691,5.91350300563827,5.231108616854587,7.1284959456800365,Train
2022-10-13,251,19480.997131347,77.61353438783667,2335.0,0.0,10457.0,0.0,85462.0,315786.0,262.541735525,0.0,81.597374618,0.0,1423.92,4211.18,0.5419607843137255,0,0,0,1,0,0,-0.6284008465466198,0.7778896940180475,-0.9776530844816642,0.21022475211898328,0,6.180016653652572,5.583496308781699,5.236441962829949,7.110696122978827,Train
2022-10-14,315,21213.301303158,67.34381366081905,2110.0,0.0,10161.0,0.0,109459.0,313405.0,262.629780431,0.0,75.991790714,0.0,1768.68,3923.69,0.5427450980392157,1,0,0,0,0,0,-0.6149269413476359,0.7885840835350667,-0.9698431969672945,0.24372971360968226,0,6.298949246855942,6.373319789577012,5.337538079701318,7.103322062526113,Train
2022-10-15,308,22725.202786455,73.7831259300487,1847.0,0.0,8326.0,0.0,101107.0,334067.0,258.95822815,0.0,101.167204145,0.0,1638.84,4278.43,0.5435294117647059,0,1,0,0,0,0,-0.6012710693734842,0.7990451183346701,-0.9608854255574985,0.27694620226893363,0,6.280395838960195,5.780743515792329,5.19295685089021,7.101675971619444,Train
2022-10-16,343,26247.495232742,76.52330971644898,1877.0,0.0,10402.0,0.0,104030.0,356662.0,257.418671455,0.0,97.264615553,0.0,1508.14,4432.43,0.5443137254901961,0,0,1,0,0,0,-0.587437271616382,0.8092697028283593,-0.9507903724625834,0.309834903831802,0,6.318968113746434,5.771441123130016,5.267858159063328,7.108244139731541,Train
2022-10-17,334,23420.796206475,70.12214433076348,1862.0,0.0,10660.0,0.0,126187.0,351886.0,254.848223509,0.0,88.768468153,0.0,1673.191428074,4247.554807513,0.5450980392156862,0,0,0,0,0,0,-0.5734296417196532,0.8192548113970831,-0.9395699859530627,0.34235689199454045,0,6.565264970035361,5.986452005284438,5.351858133476067,6.212606095751519,Train
2022-10-18,291,22498.407884836,77.3141164427354,2172.0,0.0,10562.0,0.0,119893.0,339406.0,247.358884007,0.0,78.831618478,0.0,1862.094533188,4127.563764603,0.5458823529411765,0,0,0,0,1,0,-0.5592523247663436,0.828997489286572,-0.9272375462179548,0.37447367448688024,0,6.343880434126331,6.313548046277095,5.308267697401205,5.545177444479562,Train
2022-10-19,276,20003.797478746,72.4775270969058,2277.0,0.0,8783.0,0.0,102047.0,349553.0,262.714158003,0.0,43.75959135,0.0,1693.681490274,4226.548444885,0.5466666666666666,0,0,0,0,0,1,-0.544909516052628,0.838494853481696,-0.9138076496466604,0.40614723863058144,0,6.3561076606958915,5.998936561946683,5.351858133476067,6.028278520230698,Train
2022-10-20,308,23028.503473944,74.76786842189611,1537.0,0.0,10323.0,0.0,104936.0,336228.0,247.257761923,0.0,103.893456944,0.0,1727.927257969,4254.476289845,0.5474509803921569,0,0,0,1,0,0,-0.5304054598463659,0.8477440935595867,-0.8992961915530263,0.4373400963303304,0,6.263398262591624,6.447305862541213,5.318119993844216,6.20455776256869,Train
2022-10-21,293,23713.504636935,80.93346292469283,1968.0,0.0,11261.0,0.0,122825.0,379619.0,240.307681331,0.0,106.454771044,0.0,1911.253226165,5190.321404661,0.548235294117647,1,0,0,0,0,0,-0.5157444481311303,0.8567424725213031,-0.8837203473619991,0.46801532844383165,0,6.366470447731438,5.891644211825771,5.214935757608986,6.0063531596017325,Train
2022-10-22,362,27597.299257765,76.23563330874309,1814.0,0.0,11311.0,0.0,131243.0,410014.0,246.593502298,0.0,104.144016008,0.0,1857.36,5703.45,0.5490196078431373,0,1,0,0,0,0,-0.5009308193361626,0.8654873276017396,-0.8670985522812102,0.4981366284784018,0,6.236369590203704,6.57507584059962,5.318119993844216,5.940171252720432,Train
2022-10-23,381,29409.7946118,77.19106197322834,1887.0,0.0,11666.0,0.0,164949.0,461856.0,244.989156361,0.0,113.09093388,0.0,2300.9,6039.71,0.5498039215686275,0,0,1,0,0,0,-0.48596895705254817,0.8739760710575882,-0.8494504794814798,0.5276683455625172,0,6.484635235635252,6.052089168924417,5.3706380281276624,6.573680166960646,Train
2022-10-24,324,24648.404714492,76.07532319287654,2015.0,0.0,13693.0,0.0,141990.0,434150.0,241.207683198,0.0,90.328023655,0.0,2090.2817573,5838.120449986,0.5505882352941176,0,0,0,0,0,0,-0.4708632887360563,0.8822061909330864,-0.8307970168121246,0.5565755266413305,0,6.373319789577012,5.857933154483459,5.4510384535657,6.2166061010848646,Train
2022-10-25,338,26856.198958087,79.45620993516864,1596.0,0.0,10433.0,0.0,137982.0,413404.0,249.193610831,0.0,64.510614145,0.0,1854.010091768,5464.760191691,0.5513725490196079,0,0,0,0,1,0,-0.4556182843969656,0.8901752518033546,-0.8111602420785626,0.5848239578463315,0,6.400257445308821,6.499787040655854,5.438079308923196,5.934894195619588,Train
2022-10-26,330,24711.793415392,74.88422247088485,1948.0,0.0,12792.0,0.0,147537.0,465236.0,296.144710079,0.0,76.722035546,0.0,2058.118958465,5517.706144577,0.552156862745098,0,0,0,0,0,1,-0.4402384552773285,0.8978808954950716,-0.7905633969115495,0.6123802049900632,0,6.437751649736401,5.8664680569332965,5.44673737166631,6.124683390894205,Train
2022-10-27,369,28233.804718211,76.5143759301111,2197.0,0.0,15221.0,0.0,167785.0,517798.0,301.164708195,0.0,143.251912989,0.0,2225.952233237,5693.789121294,0.5529411764705883,0,0,0,1,0,0,-0.4247283525160176,0.9053208417842977,-0.769030859258918,0.6392116531380589,0,6.423246963533519,6.453624998892692,5.3981627015177525,6.3473892096560105,Train
2022-10-28,331,25809.396915135,77.97400880705437,3873.0,0.0,14409.0,0.0,127543.0,558775.0,572.222048138,0.0,106.552028361,0.0,1863.987569514,6324.342064619,0.5537254901960784,1,0,0,0,0,0,-0.40909256580197667,0.9124928890712274,-0.7465881145324138,0.6652865452111107,0,6.259581464064923,5.783825182329737,5.393627546352361,6.163314804034641,Train
2022-10-29,367,29027.894808917,79.09508122320709,5236.0,0.0,36150.0,0.0,188365.0,491014.0,691.021668008,0.0,361.20542633,0.0,2724.505661935,6494.611461679,0.5545098039215687,0,1,0,0,0,0,-0.3933357220160485,0.919394915031682,-0.7232617254437403,0.6905740195722276,0,6.345636360828596,5.488937726156687,5.356586274672012,6.226536669287466,Train
2022-10-30,436,33902.394414356,77.75778535402752,4918.0,0.0,45822.0,0.0,241127.0,478616.0,610.431148591,0.0,434.096328902,0.0,2979.143666459,5451.090178538,0.5552941176470588,0,0,1,0,0,0,-0.3774624838618108,0.9260248772451376,-0.6990793005655562,0.7150441465537445,0,6.431331081933479,6.473890696352274,5.365976015021851,6.192362489474872,Train
2022-10-31,392,30558.097214718,77.95432962938266,4097.0,0.0,27439.0,0.0,210717.0,579441.0,524.805333191,0.0,272.02,0.0,2536.96,6125.0597733,0.556078431372549,0,0,0,0,0,0,-0.36147754848581265,0.9323808137991081,-0.674069461654617,0.7386679638813739,0,6.418364935936212,5.84354441703136,5.501258210544727,6.274762021241939,Train
2022-11-01,428,33176.408188454,77.5149724029299,4556.0,0.0,23932.0,0.0,284916.0,614137.0,642.245902918,0.0,293.029247245,0.0,3485.89,6741.72,0.5568627450980392,0,0,0,0,1,0,-0.345385646087603,0.9384608438697104,-0.6482618097757141,0.761417510953298,0,6.444131256700441,6.862757913051401,5.545177444479562,6.126869184114185,Train
2022-11-02,409,31550.707843152,77.14109497103178,5090.0,0.0,27687.0,0.0,256161.0,549700.0,639.78406602,0.0,336.936733017,0.0,3329.65,7149.15,0.5576470588235294,0,0,0,0,0,1,-0.3291915385199954,0.9442631682782286,-0.6216868902665508,0.7832658619336769,0,6.490723534502507,6.0844994130751715,5.488937726156687,6.476972362889683,Train
2022-11-03,390,30995.288794067,79.47509947196667,4703.0,0.0,29890.0,0.0,258194.0,537337.0,634.466005869,0.0,318.28,0.0,3511.82,6921.7,0.5584313725490196,0,0,0,1,0,0,-0.3129000178799537,0.949786070023521,-0.5943761565849813,0.8041871576214493,0,6.343880434126331,6.263398262591624,5.342334251964811,6.444131256700441,Train
2022-11-04,369,30557.699247895,82.81219308372629,4875.0,0.0,24585.0,0.0,230963.0,539416.0,678.050259122,0.0,331.101369084,0.0,3550.59,7379.86,0.5592156862745098,1,0,0,0,0,0,-0.2965159050905475,0.9550279147901036,-0.5663619330814517,0.8241566360566669,0,6.324358962381311,5.963579343618446,5.220355825078325,6.343880434126331,Train
2022-11-05,377,31312.598221483,83.0572897121565,4003.0,0.0,29612.0,0.0,272905.0,479463.0,646.045661961,0.0,361.558061376,0.0,4077.03,7047.51,0.56,0,1,0,0,0,0,-0.2800440484743445,0.9599871514317777,-0.5376773767406173,0.843150661828198,0,6.393590753950631,5.877735781779639,5.2574953720277815,6.182084906716632,Train
2022-11-06,419,34726.594453103,82.87970036540096,5082.0,0.0,30487.0,0.0,285230.0,460172.0,755.24268247,0.0,334.596916457,0.0,3949.43,6981.33,0.5607843137254902,0,0,1,0,0,0,-0.26348932231871736,0.9646623124306366,-0.5083564379375104,0.8611467540480462,0,6.6320017773956295,6.977281341630747,5.44673737166631,6.520621127558696,Train
2022-11-07,465,39387.901045737,84.70516353921936,4450.0,0.0,26809.0,0.0,287807.0,464165.0,777.016136196,0.0,313.145275978,0.0,3949.92,6597.96,0.5615686274509804,0,0,0,0,0,0,-0.2468566254334839,0.9690520143313219,-0.4784338202547005,0.8781236129591853,0,6.703188113240863,6.90975328164481,5.579729825986222,6.519147287940395,Train
2022-11-08,647,52776.917461201,81.57174259845596,3968.0,0.0,25879.0,0.0,332176.0,504072.0,718.697728597,0.0,313.640662424,0.0,4243.647068782,6565.928462077,0.5623529411764706,0,0,0,0,1,0,-0.23015087970124354,0.973154958150419,-0.44794493940789154,0.8940611451454874,0,6.675823221634848,7.841885928984623,5.459585514144159,6.418364935936212,Train
2022-11-09,572,47750.107493402,83.47920890454895,5874.0,0.0,26686.0,0.0,323968.0,539486.0,704.455880087,0.0,191.510308743,0.0,4198.66645903,6925.665455974,0.5631372549019608,0,0,0,0,0,1,-0.21337702862092797,0.9769699297608415,-0.41692588132873015,0.9089404873138074,0,6.655440350367647,6.851184927493743,5.4638318050256105,7.426549072397305,Train
2022-11-10,645,56037.782730978,86.88028330384185,5085.0,0.0,27619.0,0.0,325882.0,527456.0,676.371503915,0.0,320.641596548,0.0,4149.025126309,7648.93283093,0.563921568627451,0,0,0,1,0,0,-0.19654003584493543,0.9804958002511135,-0.385413359454325,0.922744028620143,0,6.576469569048224,7.494986233950533,5.5053315359323625,6.949856455000773,Train
2022-11-11,543,47427.000348601,87.34254207845488,5386.0,0.0,29751.0,0.0,329446.0,554548.0,711.069174684,0.0,328.34624212,0.0,4459.225984081,8149.68087542,0.5647058823529412,1,0,0,0,0,0,-0.179644883710313,0.9837315262594303,-0.35344467127408813,0.9354554315134163,0,6.637258031284457,7.132497551660044,5.564520407322694,6.576469569048224,Train
2022-11-12,586,50687.800155354,86.49795248353925,4989.0,0.0,27473.0,0.0,314355.0,665876.0,709.353014826,0.0,315.008561258,0.0,4197.574701548,9262.211811909,0.5654901960784313,0,1,0,0,0,0,-0.16269657176439242,0.9866761502824085,-0.32105765418527266,0.9470596510722278,0,6.715383386334681,6.690842277418564,5.648974238161206,6.6320017773956295,Train
2022-11-13,540,47086.09950994,87.19648057396297,5524.0,0.0,23807.0,0.0,316682.0,779381.0,711.342409456,0.0,273.919656688,0.0,4268.12379915,9733.766783586,0.5662745098039216,0,0,1,0,0,0,-0.14570011528535065,0.9893288009584253,-0.28829064070952054,0.957542952811671,0,6.684611727667927,6.376726947898627,5.627621113690637,6.709304340258299,Train
2022-11-14,519,48196.284605222,92.8637468308709,5860.0,0.0,21109.0,0.0,350178.0,783749.0,673.909701797,0.0,218.52233028,0.0,4597.988818988,9433.413020114,0.5670588235294117,0,0,0,0,0,0,-0.1286605437981047,0.9916886933254689,-0.2551824131233734,0.9668929289391519,0,6.727431724850855,6.386879319362645,5.68697535633982,6.459904454377535,Train
2022-11-15,561,47229.002009893,84.18716935809805,4468.0,0.0,24914.0,0.0,335903.0,626568.0,646.914811574,0.0,322.189479272,0.0,4872.436725321,7889.841147033,0.567843137254902,0,0,0,0,1,0,-0.11158289958600157,0.9937551290534204,-0.2217721575564837,0.9750985130399605,0,6.727431724850855,6.75343791859778,5.605802066295998,6.665683717782408,Train
2022-11-16,501,42525.000079168,84.88023967897804,3907.0,0.0,24189.0,0.0,311864.0,668811.0,645.380289974,0.0,337.951599627,0.0,4429.75071938,8252.27804779,0.5686274509803921,0,0,0,0,0,1,-0.0944722361987147,0.9955274966507024,-0.18809941761180063,0.9821499931752286,0,6.690842277418564,6.317164686747284,5.529429087511423,6.594413459749778,Train
2022-11-17,461,40566.29907002,87.99631034711497,5077.0,0.0,26994.0,0.0,285580.0,607728.0,660.259353743,0.0,327.215374896,0.0,4261.382905752,7853.292385989,0.5694117647058824,0,0,0,1,0,0,-0.07733361695682096,0.9970052716452285,-0.15420404756268666,0.9880390233767514,0,6.647688373563329,6.85751406254539,5.420534999272286,6.577861357721047,Train
2022-11-18,456,40100.602798979,87.9399184188136,4903.0,0.0,39197.0,0.0,287070.0,700481.0,668.682239072,0.0,321.225818724,0.0,4110.673082723,8915.590465948,0.5701960784313725,1,0,0,0,0,0,-0.06017211345349499,0.9981880167396019,-0.12012616518234896,0.9927586335250794,0,6.677083461247136,6.335054251498059,5.342334251964811,6.483107351457199,Train
2022-11-19,561,48835.707879937,87.0511726915098,6846.0,0.0,25582.0,0.0,271268.0,673416.0,645.498572492,0.0,292.798491292,0.0,3642.231445274,9626.957228029,0.5709803921568627,0,1,0,0,0,0,-0.04299280405372191,0.9990753819405211,-0.08590610426133241,0.9963032375991966,0,6.733401891837359,7.277247726631484,5.356586274672012,6.483107351457199,Train
2022-11-20,501,45328.80795068,90.47666257620759,5023.0,0.0,21363.0,0.0,248990.0,690192.0,645.791149146,0.0,320.182307609,0.0,3403.376806917,9477.366938902,0.571764705882353,0,0,1,0,0,0,-0.02580077239154163,0.999667104662347,-0.05158436686940928,0.9986686402879997,0,6.860663671448287,6.522092798170152,5.648974238161206,6.439350371100098,Train
2022-11-21,511,42889.90331056,83.93327458035226,4894.0,0.0,19636.0,0.0,244909.0,659343.0,648.479884177,0.0,288.212900463,0.0,3747.364040822,8999.661025597,0.5725490196078431,0,0,0,0,0,0,-0.008601105865714402,0.9999630098048061,-0.017201575418259094,0.9998520419557736,0,6.77078942390898,6.767343125265392,5.53338948872752,6.833031732786201,Train
2022-11-22,489,40917.095106701,83.67504111799796,8953.0,0.0,20155.0,0.0,277302.0,633035.0,914.080458775,0.0,258.269120059,0.0,4046.893018794,8884.356493111,0.5733333333333334,0,0,0,0,1,0,0.0086011058657152,0.9999630098048061,0.017201575418260687,0.9998520419557735,0,6.697034247666484,6.318968113746434,5.605802066295998,6.601230118728877,Train
2022-11-23,437,39788.804967843,91.04989695158582,8989.0,0.0,45148.0,0.0,190335.0,540602.0,1112.58631146,0.0,754.644222418,0.0,2749.504987222,7542.890640783,0.5741176470588235,0,0,0,0,0,1,0.02580077239154065,0.9996671046623471,0.05158436686940732,0.9986686402879998,0,6.71295620067707,6.093569770045136,5.54907608489522,6.490723534502507,Train
2022-11-24,602,53325.297415208,88.58022826446512,7966.0,0.0,35844.0,0.0,251858.0,632478.0,1113.952148134,0.0,653.93968362,0.0,3571.17229304,9239.568745891,0.5749019607843138,0,0,0,1,0,0,0.04299280405372093,0.9990753819405213,0.08590610426133045,0.9963032375991967,1,6.682108597449809,6.063785208687608,5.645446897643238,6.917705609835305,Train
2022-11-25,1510,128583.291356593,85.15449758714769,8448.0,0.0,30315.0,0.0,265818.0,548290.0,1089.52086767,0.0,572.441968502,0.0,4897.068449988,11225.328635021,0.5756862745098039,1,0,0,0,0,0,0.06017211345349579,0.9981880167396018,0.12012616518235054,0.9927586335250793,1,7.247080584585756,7.631431664576906,6.075346031088684,7.7488913372555315,Train
2022-11-26,910,73909.793737653,81.21955355786044,8598.0,0.0,30070.0,0.0,313103.0,667063.0,996.725401621,0.0,575.106607432,0.0,5762.580779671,13075.055671827,0.5764705882352941,0,1,0,0,0,0,0.07733361695682177,0.9970052716452283,0.15420404756268824,0.9880390233767511,1,6.9411900550683745,7.832014180505469,5.857933154483459,7.436617265234227,Train
2022-11-27,738,61984.605702428,83.9899806265962,8945.0,0.0,36005.0,0.0,306218.0,645931.0,1036.937483174,0.0,661.385140052,0.0,5762.869147027,11243.053608032,0.5772549019607843,0,0,1,0,0,0,0.09447223619871195,0.9955274966507026,0.18809941761179522,0.9821499931752296,1,6.956545443151569,7.160845906664299,5.834810737062605,7.0192966537150445,Train
2022-11-28,1180,99478.179359579,84.30354183015169,7443.0,0.0,36731.0,0.0,254984.0,486340.0,1152.433827738,0.0,701.549004248,0.0,5385.236660329,9468.57073968,0.5780392156862745,0,0,0,0,0,0,0.1115828995860006,0.9937551290534206,0.22177215755648177,0.975098513039961,1,7.097548850614793,7.493317248862145,5.998936561946683,7.1853870155804165,Train
2022-11-29,632,56410.205555716,89.25665436031012,7497.0,0.0,21050.0,0.0,169796.0,395807.0,922.234309608,0.0,268.38713206,0.0,3251.144796019,6845.444211763,0.5788235294117647,0,0,0,0,1,0,0.12866054379810374,0.991688693325469,0.25518241312337153,0.9668929289391525,0,6.744059186311348,7.090076835776092,5.762051382780177,6.5638555265321274,Train
2022-11-30,403,32589.48903917,80.8672184594789,7671.0,0.0,31346.0,0.0,143037.0,396207.0,670.682457941,0.0,537.285532088,0.0,2246.8,5156.85,0.5796078431372549,0,0,0,0,0,1,0.1457001152853479,0.9893288009584257,0.28829064070951527,0.9575429528116727,0,6.586171654854675,6.906754778648554,5.616771097666572,6.371611847231857,Train
2022-12-01,372,32068.555335164,86.20579391173119,8038.0,0.0,34471.0,0.0,141572.0,408875.0,834.935296434,0.0,625.872472246,0.0,2017.22,4847.02,0.5803921568627451,0,0,0,1,0,0,0.1626965717643897,0.986676150282409,0.32105765418526744,0.9470596510722296,0,6.612041034833092,6.293419278846481,5.662960480135946,6.278521424165844,Train
2022-12-02,270,24051.695267945,89.08035284424075,8186.0,0.0,27223.0,0.0,114884.0,288338.0,727.498806627,0.0,491.212382806,0.0,1730.59,3301.46,0.5811764705882353,1,0,0,0,0,0,0.17964488371031379,0.9837315262594302,0.35344467127408963,0.9354554315134157,0,6.561030665896573,6.391917113392602,5.605802066295998,6.008813185442595,Train
2022-12-03,353,28386.014181336,80.41363790746742,8709.0,0.0,36272.0,0.0,106874.0,208769.0,836.992005351,0.0,591.098626551,0.0,1536.2,2500.05,0.5819607843137254,0,1,0,0,0,0,0.1965400358449362,0.9804958002511134,0.3854133594543265,0.9227440286201424,0,6.666956792429207,7.16703787691222,5.652489180268651,6.823286122355687,Train
2022-12-04,347,28970.60559474,83.48877693008644,8789.0,0.0,30089.0,0.0,57549.0,213115.0,831.026627863,0.0,631.564329645,0.0,926.08,3318.94,0.5827450980392157,0,0,1,0,0,0,0.213377028620927,0.9769699297608417,0.4169258813287284,0.9089404873138082,0,6.5998704992128365,6.2878585601617845,5.641907070938114,6.587550014824796,Train
2022-12-05,336,26078.69510067,77.61516399008929,8168.0,0.0,36319.0,0.0,67327.0,204444.0,831.960545264,0.0,595.615473755,0.0,1057.27,2923.54,0.5835294117647059,0,0,0,0,0,0,0.2301508797012426,0.9731549581504192,0.44794493940788976,0.8940611451454883,0,6.576469569048224,6.78897174299217,5.6131281063880705,6.6039438246004725,Train
2022-12-06,317,25941.897742759,81.8356395670631,7327.0,0.0,35471.0,0.0,128529.0,177812.0,692.093371685,0.0,616.032990334,0.0,1705.92,2282.06,0.5843137254901961,0,0,0,0,1,0,0.2468566254334847,0.9690520143313217,0.4784338202547019,0.8781236129591845,0,6.513230110912307,6.113682179832232,5.5254529391317835,6.246106765481563,Train
2022-12-07,333,30716.412027862,92.24147756114715,7294.0,0.0,38901.0,0.0,86105.0,117911.0,652.342629709,0.0,709.695393556,0.0,1231.7,1988.5,0.5850980392156863,0,0,0,0,0,1,0.26348932231871813,0.9646623124306364,0.5083564379375117,0.8611467540480454,0,6.542471960506805,6.369900982828227,5.5254529391317835,6.759255270663693,Train
2022-12-08,335,33492.793379765,99.97848770079104,5681.0,0.0,36482.0,0.0,179723.0,206345.0,467.803542141,0.0,612.200025832,0.0,2688.41,2884.55,0.5858823529411765,0,0,0,1,0,0,0.28004404847434183,0.9599871514317785,0.5376773767406127,0.843150661828201,0,6.432940092739179,6.016157159698354,5.407171771460119,6.8885724595653635,Train
2022-12-09,335,33099.605275164,98.8047918661612,6180.0,0.0,31761.0,0.0,247255.0,242740.0,499.234175065,0.0,630.882602543,0.0,3606.89,3623.75,0.5866666666666667,1,0,0,0,0,0,0.29651590509054826,0.9550279147901034,0.566361933081453,0.824156636056666,0,6.406879986069314,6.71295620067707,5.459585514144159,6.456769655572163,Train
2022-12-10,381,39861.500353393,104.62336050759318,5664.0,0.0,30086.0,0.0,200018.0,240880.0,594.284469212,0.0,614.432267244,0.0,2853.69,4175.47,0.5874509803921568,0,1,0,0,0,0,0.3129000178799544,0.9497860700235207,0.5943761565849826,0.8041871576214484,0,6.386879319362645,5.948034989180646,5.389071729816501,6.647688373563329,Train
2022-12-11,468,44932.091469289,96.00874245574573,5910.0,0.0,30274.0,0.0,254998.0,313650.0,615.009854923,0.0,600.640397684,0.0,3690.24,4663.62,0.5882352941176471,0,0,1,0,0,0,0.3291915385199928,0.9442631682782295,0.6216868902665464,0.7832658619336802,0,6.501289670540389,6.525029657843462,5.655991810819852,6.587550014824796,Train
2022-12-12,401,39735.400386535,99.09077403125936,5377.0,0.0,32714.0,0.0,211294.0,322847.0,576.692624531,0.0,489.386467401,0.0,3141.58,5077.9,0.5890196078431372,0,0,0,0,0,0,0.3453856460876004,0.9384608438697114,0.64826180977571,0.7614175109533017,0,6.416732282512326,6.137727054086234,5.4116460518550396,6.46302945692067,Train
2022-12-13,360,38940.102753719,108.1669520936639,3359.0,0.0,29809.0,0.0,179247.0,312846.0,393.774169359,0.0,615.674620115,0.0,2800.36,5227.7,0.5898039215686275,0,0,0,0,1,0,0.36147754848581176,0.9323808137991084,0.6740694616546156,0.7386679638813752,0,6.436150368369428,5.749392985908253,5.4638318050256105,6.295266001439646,Train
2022-12-14,412,42906.147565391,104.14113486745389,3733.0,0.0,28370.0,0.0,128625.0,316482.0,428.201114184,0.0,600.604201482,0.0,2123.14,6109.98,0.5905882352941176,0,0,0,0,0,1,0.3774624838618099,0.926024877245138,0.6990793005655548,0.7150441465537458,0,6.391917113392602,5.697093486505405,5.662960480135946,6.745236349484362,Train
2022-12-15,355,35745.805480061,100.69240980298872,3598.0,0.0,33535.0,0.0,104747.0,291584.0,527.871025894,0.0,527.001737513,0.0,1982.3,6304.91,0.5913725490196079,0,0,0,1,0,0,0.39333572201604594,0.9193949150316831,0.7232617254437366,0.6905740195722316,0,6.3561076606958915,5.442417710521793,5.680172609017068,6.059123195581797,Train
2022-12-16,473,49364.497702645,104.36468858910148,3640.0,0.0,32060.0,0.0,163296.0,385554.0,426.405457762,0.0,452.832332143,0.0,3011.02,7758.35,0.592156862745098,1,0,0,0,0,0,0.4090925658019742,0.9124928890712286,0.7465881145324101,0.6652865452111149,0,6.380122536899765,6.230481447578482,5.598421958998375,6.1779441140506,Train
2022-12-17,473,49446.800982605,104.53869129514798,4458.0,0.0,33843.0,0.0,156288.0,435230.0,635.354129984,0.0,556.986865619,0.0,2746.99,8821.02,0.5929411764705882,0,1,0,0,0,0,0.4247283525160183,0.9053208417842974,0.7690308592589191,0.6392116531380577,0,6.415096959171596,5.476463551931511,5.796057750765372,6.364750756851911,Train
2022-12-18,519,55245.395307618,106.44584837691329,5082.0,0.0,37295.0,0.0,163933.0,548168.0,817.566176558,0.0,515.96815002,0.0,3000.09,11987.0,0.5937254901960785,0,0,1,0,0,0,0.44023845527732763,0.897880895495072,0.7905633969115483,0.6123802049900647,0,6.434546518787453,5.402677381872279,5.823045895483019,6.375024819828097,Train
2022-12-19,453,46157.595388114,101.89314655212804,5899.0,0.0,45895.0,0.0,137820.0,387302.0,732.101607536,0.0,536.989530258,0.0,2593.41,7494.66,0.5945098039215686,0,0,0,0,0,0,0.4556182843969648,0.890175251803355,0.8111602420785614,0.5848239578463331,0,6.424869023905388,5.786897381366708,5.5909869805108565,6.073044534100405,Train
2022-12-20,309,28754.498465048,93.05662933672492,4274.0,0.0,34775.0,0.0,116706.0,382260.0,469.506710297,0.0,575.217937954,0.0,2024.3,6137.07,0.5952941176470589,0,0,0,0,1,0,0.47086328873605704,0.882206190933086,0.8307970168121255,0.5565755266413291,0,6.338594078203183,5.66988092298052,5.634789603169249,6.135564891081739,Train
2022-12-21,275,25772.305453982,93.71747437811636,4444.0,0.0,34786.0,0.0,104275.0,328382.0,470.572588124,0.0,549.441131292,0.0,1834.37,5052.22,0.596078431372549,0,0,0,0,0,1,0.4859689570525489,0.8739760710575879,0.8494504794814807,0.5276683455625159,0,6.240275845170769,5.44673737166631,5.627621113690637,5.955837369464831,Train
2022-12-22,234,22395.202152019,95.7059921026453,4350.0,0.0,36810.0,0.0,84864.0,274652.0,349.954233743,0.0,513.760473449,0.0,1267.03,4126.17,0.5968627450980392,0,0,0,1,0,0,0.5009308193361601,0.865487327601741,0.8670985522812075,0.49813662847840656,0,6.2324480165505225,5.41610040220442,5.308267697401205,6.12029741895095,Train
2022-12-23,188,18052.202567684,96.02235408342553,5204.0,0.0,38803.0,0.0,83810.0,291803.0,394.703737947,0.0,463.316234575,0.0,1289.64,4101.33,0.5976470588235294,1,0,0,0,0,0,0.515744448131128,0.8567424725213045,0.8837203473619966,0.46801532844383653,0,6.073044534100405,5.488937726156687,5.14166355650266,5.924255797414532,Train
2022-12-24,218,20118.594408713,92.28713031519725,5937.0,0.0,30380.0,0.0,90436.0,321436.0,517.681148792,0.0,221.015722548,0.0,1250.09,4095.04,0.5984313725490196,0,1,0,0,0,0,0.530405459846365,0.8477440935595871,0.8992961915530254,0.43734009633033216,0,6.150602768446279,5.955837369464831,5.272999558563747,6.073044534100405,Train
2022-12-25,194,17231.599602122,88.82267836145361,7346.0,0.0,50578.0,0.0,63572.0,273131.0,680.593177602,0.0,720.276815549,0.0,856.52,3194.34,0.5992156862745098,0,0,1,0,0,0,0.5449095160526287,0.8384948534816955,0.913807649646661,0.40614723863057994,0,6.42648845745769,5.572154032177765,5.181783550292085,7.034387929915503,Train
2022-12-26,247,22852.60489243,92.52066758068827,9648.0,0.0,52486.0,0.0,59584.0,281158.0,952.45537015,0.0,643.207672672,0.0,759.17,3112.31,0.6,0,0,0,0,0,0,0.5592523247663413,0.8289974892865736,0.9272375462179528,0.37447367448688534,0,6.428105272684596,5.641907070938114,5.278114659230518,6.687108607866515,Train
2022-12-27,270,23441.901308036,86.82185669642962,8887.0,0.0,42391.0,0.0,82457.0,298455.0,951.804100621,0.0,564.27415553,0.0,1031.46,3015.91,0.6007843137254902,0,0,0,0,1,0,0.5734296417196509,0.8192548113970847,0.9395699859530608,0.3423568919945456,0,6.444131256700441,5.720311776607412,5.298317366548036,6.570882962339584,Train
2022-12-28,291,24635.890076294,84.65941606973882,9192.0,0.0,45117.0,0.0,86176.0,282771.0,837.046810744,0.0,431.430454978,0.0,965.66,2927.28,0.6015686274509804,0,0,0,0,0,1,0.5874372716163813,0.8092697028283599,0.9507903724625828,0.30983490383180384,0,6.326149473155099,6.568077911411976,5.308267697401205,6.171700597410915,Train
2022-12-29,278,23297.500290497,83.80395787948561,5791.0,0.0,39785.0,0.0,93852.0,251525.0,533.5152305,0.0,561.981619591,0.0,1114.6,2760.25,0.6023529411764705,0,0,0,1,0,0,0.601271069373482,0.7990451183346716,0.9608854255574969,0.2769462022689389,0,6.413458957167357,6.0844994130751715,5.2574953720277815,6.1463292576688975,Train
2022-12-30,251,21755.404128128,86.67491684513148,6812.0,0.0,37802.0,0.0,91874.0,248091.0,564.496119196,0.0,496.423753927,0.0,1097.84,2809.67,0.6031372549019608,1,0,0,0,0,0,0.6149269413476337,0.7885840835350685,0.969843196967293,0.24372971360968762,0,6.3784261836515865,5.83773044716594,5.267858159063328,6.0063531596017325,Train
2022-12-31,265,19309.195060523,72.86488702084151,3622.0,0.0,22532.0,0.0,119812.0,269181.0,427.168271613,0.0,269.222645499,0.0,1209.33,2764.85,0.6039215686274509,0,1,0,0,0,0,0.6284008465466204,0.7778896940180471,0.9776530844816645,0.2102247521189817,0,6.311734809152915,6.405228458030842,5.14166355650266,5.945420608606575,Train
2023-01-01,279,21028.398647852,75.37060447258781,6765.0,0.0,46485.0,0.0,154630.0,482905.0,647.588672281,0.0,643.85778572,0.0,1147.5,3074.27,0.6047058823529412,0,0,1,0,0,0,0.6416887978251137,0.7669651144255262,0.9843058444990332,0.17647097349152085,0,6.3784261836515865,5.840641657373398,5.3706380281276624,5.749392985908253,Train
2023-01-02,384,28241.604196906,73.54584426277604,5650.0,0.0,42779.0,0.0,141919.0,519314.0,622.048395948,0.0,585.037699078,0.0,1087.1,2964.23,0.6054901960784314,0,0,0,0,0,0,0.6547868630645504,0.7558135775163646,0.9897936029670716,0.1425083279161714,0,6.593044534142437,5.934894195619588,5.231108616854587,6.35088571671474,Train
2023-01-03,252,18950.607614504,75.20082386707936,5556.0,0.0,40174.0,0.0,158680.0,497536.0,524.536029972,0.0,505.573024191,0.0,1254.79,2860.71,0.6062745098039216,0,0,0,0,1,0,0.6676911663366988,0.7444383832097448,0.9941098647022416,0.10837701279187772,0,6.566672429803241,5.863631175598097,5.3230099791384085,5.8998973535824915,Train
2023-01-04,333,25196.302908067,75.66457329749849,5548.0,0.0,39362.0,0.0,154567.0,526390.0,595.433956241,0.0,547.024821609,0.0,1282.08,3357.03,0.6070588235294118,0,0,0,0,0,1,0.6803978890506115,0.7328428976086702,0.9972495210773451,0.07411742515094356,0,6.543911845564792,6.516193076042964,5.2574953720277815,5.908082938168931,Train
2023-01-05,298,23190.200655206,77.81946528592619,5968.0,0.0,43613.0,0.0,124387.0,505176.0,482.291952878,0.0,496.370232249,0.0,1052.12,3590.79,0.6078431372549019,0,0,0,1,0,0,0.6929032710826034,0.7210305520038858,0.9992088560679753,0.03977011384605648,0,6.507277712385012,5.968707559985366,5.262690188904886,6.142037405587356,Train
2023-01-06,273,19798.338545585,72.52138661386446,5477.0,0.0,37653.0,0.0,128909.0,497523.0,537.174202611,0.0,554.68115209,0.0,1125.57,3611.66,0.6086274509803922,1,0,0,0,0,0,0.7052036118889403,0.7090048418584973,0.9999855506507186,0.005375731557585752,0,6.472346294500901,6.257667587882639,5.198497031265826,5.855071922202427,Train
2023-01-07,280,22179.094619644,79.2110522130143,5413.0,0.0,44157.0,0.0,106511.0,431652.0,537.970010041,0.0,602.778302797,0.0,958.26,3864.19,0.6094117647058823,0,1,0,0,0,0,0.7172952716008841,0.6967693257736121,0.9995786855478959,-0.02902501332197226,0,6.447305862541213,5.8944028342648505,5.198497031265826,6.2285110035911835,Train
2023-01-08,319,24433.400954084,76.59373339838245,5941.0,0.0,47174.0,0.0,101411.0,487415.0,629.631912038,0.0,595.292999127,0.0,912.89,4310.52,0.6101960784313726,0,0,1,0,0,0,0.7291746721017913,0.6843276244352885,0.9979887423155984,-0.06339140486950963,0,6.450470422144176,5.777652323222656,5.231108616854587,6.0330862217988015,Train
2023-01-09,263,19614.697900908,74.5806003836806,6194.0,0.0,54053.0,0.0,105273.0,566347.0,564.417785274,0.0,619.923269924,0.0,1005.28,4308.337466197,0.6109803921568627,0,0,0,0,0,0,0.7408382980859298,0.6716834195431229,0.9952176027737296,-0.09768276782171412,0,6.434546518787453,5.872117789475416,5.3706380281276624,5.877735781779639,Train
2023-01-10,300,21541.212628848,71.80404209616,5500.0,0.0,43383.0,0.0,124797.0,434156.0,574.561339183,0.0,391.582880925,0.0,1253.07,3956.14,0.611764705882353,0,0,0,0,1,0,0.7522826980987227,0.6588404527207676,0.991268546778726,-0.131858515717388,0,6.499787040655854,6.455198563340122,5.3230099791384085,6.253828811575473,Train
2023-01-11,256,20975.796582185,81.93670539916016,4624.0,0.0,46498.0,0.0,95446.0,471129.0,521.765283754,0.0,537.061569508,0.0,997.29,4075.83,0.6125490196078431,0,0,0,0,0,1,0.7635044855580857,0.6458025244087259,0.9861462483415946,-0.16587819893463418,0,6.410174881966167,6.008813185442595,5.181783550292085,5.905361848054571,Train
2023-01-12,296,20170.498849755,68.14357719511824,5018.0,0.0,44914.0,0.0,99806.0,489788.0,516.967960876,0.0,601.848178733,0.0,1025.46,4039.42,0.6133333333333333,0,0,0,1,0,0,0.7745003397565637,0.6325734927397506,0.9798567700958661,-0.19970155256606523,0,6.35088571671474,6.616065185132817,5.375278407684165,5.863631175598097,Train
2023-01-13,253,20351.356480608,80.44014419212648,5054.0,0.0,47185.0,0.0,84200.0,476058.0,441.696882096,0.0,598.359814976,0.0,872.11,4297.28,0.6141176470588235,1,0,0,0,0,0,0.7852670068439955,0.6191572723971449,0.9724075561219968,-0.23328854407545532,0,6.38856140554563,6.0473721790462776,5.198497031265826,5.717027701406222,Train
2023-01-14,280,20161.823208058,72.00651145734999,5605.0,0.0,50313.0,0.0,82221.0,487353.0,501.854634683,0.0,586.518158439,0.0,864.54,4443.06,0.6149019607843137,0,1,0,0,0,0,0.7958013007903698,0.6055578334563557,0.963807423136732,-0.2665994206792892,0,6.408528791059498,6.593044534142437,5.153291594497779,5.777652323222656,Train
2023-01-15,272,20286.103615127,74.58126329090808,5102.0,0.0,52423.0,0.0,103170.0,509736.0,493.706292043,0.0,598.991260844,0.0,1038.01,4554.63,0.615686274509804,0,0,1,0,0,0,0.8061001043286317,0.5917792002101537,0.9540665500578382,-0.2995947563972616,0,6.502790045915623,6.210600077024653,5.176149732573829,5.707110264748875,Train
2023-01-16,326,24016.600815185,73.67055464780675,5701.0,0.0,52433.0,0.0,108306.0,501186.0,603.303172633,0.0,561.211086338,0.0,1061.95,4201.71,0.6164705882352941,0,0,0,0,0,0,0.8161603698771169,0.5778254499778006,0.9431964659565865,-0.33223549871590446,0,6.52795791762255,6.535241271013659,5.327876168789581,5.700443573390686,Train
2023-01-17,257,18810.195472252,73.19142207101945,5508.0,0.0,49348.0,0.0,134441.0,515001.0,478.793012138,0.0,577.331505737,0.0,1215.02,3944.86,0.6172549019607844,0,0,0,0,1,0,0.8259791204413978,0.5637007118984815,0.9312100364121951,-0.36448301481029033,0,6.424869023905388,6.148468295917647,5.384495062789089,5.998936561946683,Train
2023-01-18,266,19311.803882918,72.60076647713534,5710.0,0.0,48550.0,0.0,125716.0,516933.0,539.775384716,0.0,540.383857958,0.0,1222.73,3786.21,0.6180392156862745,0,0,0,0,0,1,0.8355534504952139,0.5494091657094393,0.9181214482844375,-0.3962991372689158,0,6.410174881966167,6.583409222158765,5.187385805840755,6.021023349349527,Train
2023-01-19,251,18707.794164858,74.53304448150598,6066.0,0.0,47585.0,0.0,91230.0,459065.0,480.030705495,0.0,512.988492391,0.0,927.14,3848.99,0.6188235294117647,0,0,0,1,0,0,0.844880526840267,0.5349550405091186,0.9039461929224011,-0.4276462092677746,0,6.416732282512326,6.021023349349527,5.081404364984463,6.113682179832232,Train
2023-01-20,231,18890.201516536,81.77576414084848,5144.0,0.0,35886.0,0.0,80835.0,432696.0,514.19687314,0.0,528.745881962,0.0,848.02,3848.4,0.6196078431372549,1,0,0,0,0,0,0.8539575894446066,0.5203426135057138,0.8887010478292919,-0.45848712914008677,0,6.270988431858299,5.786897381366708,5.123963979403259,5.5093883366279774,Train
2023-01-21,342,24507.401056023,71.65906741527193,4658.0,0.0,44668.0,0.0,74042.0,411595.0,486.695885655,0.0,549.589813277,0.0,776.57,4008.11,0.6203921568627451,0,1,0,0,0,0,0.862781952259373,0.5055762087514649,0.8724040568049626,-0.48878539428899026,0,6.278521424165844,7.00033446027523,5.135798437050262,5.438079308923196,Train
2023-01-22,357,29320.40477291,82.12998535829131,5311.0,0.0,40080.0,0.0,63706.0,485593.0,589.025803021,0.0,537.738857502,0.0,630.47,4514.19,0.6211764705882353,0,0,1,0,0,0,0.87135100401364,0.490660195863106,0.8550745085896934,-0.5185051443911569,0,6.302618975744905,6.249975242259483,5.214935757608986,5.796057750765372,Train
2023-01-23,312,23921.80899772,76.67246473628205,5473.0,0.0,41368.0,0.0,87889.0,508234.0,445.303072112,0.0,512.50728821,0.0,844.65,4577.36,0.6219607843137255,0,0,0,0,0,0,0.8796622089871288,0.4755989887288292,0.8367329140344929,-0.54761120384023,0,6.440946540632921,5.976350909297934,5.351858133476067,6.052089168924417,Train
2023-01-24,292,22703.501643707,77.75171795790068,4435.0,0.0,47626.0,0.0,130749.0,454045.0,498.178682061,0.0,506.294586752,0.0,1264.31,4201.39,0.6227450980392157,0,0,0,0,1,0,0.8877131077605742,0.4603970442021356,0.8174009818249205,-0.5760691233798736,0,6.335054251498059,6.3818160174060985,5.5134287461649825,5.572154032177765,Train
2023-01-25,286,23429.901667864,81.92273310441958,5758.0,0.0,52323.0,0.0,117640.0,503076.0,448.276054546,0.0,548.097723483,0.0,1175.24,4426.54,0.6235294117647059,0,0,0,0,0,1,0.8955013179435027,0.44505886078298645,0.7971015927871965,-0.6038452208771006,0,6.364750756851911,6.025865973825314,5.497168225293202,6.368187186350492,Train
2023-01-26,379,25663.394119969,67.71344094978629,4433.0,0.0,37170.0,0.0,96163.0,623899.0,462.328816791,0.0,575.362811372,0.0,942.97,4945.68,0.624313725490196,0,0,0,1,0,0,0.9030245348792224,0.4295889772866198,0.7758587728069815,-0.630906621187672,0,6.473890696352274,7.024649030453636,5.3981627015177525,5.877735781779639,Train
2023-01-27,292,22091.100492155,75.65445374025686,5307.0,0.0,48959.0,0.0,128476.0,587784.0,451.015585745,0.0,524.563697758,0.0,1195.19,4774.67,0.6250980392156863,1,0,0,0,0,0,0.9102805323268022,0.41399197150045525,0.7536976643929134,-0.6572212950663325,0,6.2878585601617845,6.535241271013659,5.472270673671475,5.877735781779639,Train
2023-01-28,355,26516.994328275,74.69575867119718,4388.0,0.0,48034.0,0.0,146796.0,706375.0,521.7385294,0.0,544.962769326,0.0,1288.53,5975.22,0.6258823529411764,0,1,0,0,0,0,0.9172671631198608,0.39827245882943335,0.7306444969184918,-0.6827580970759146,0,6.504288173536645,6.1463292576688975,5.5053315359323625,6.013715156042802,Train
2023-01-29,454,34304.800868889,75.56123539402863,4751.0,0.0,42236.0,0.0,156470.0,772031.0,643.324044056,0.0,539.494288067,0.0,1273.67,6259.87,0.6266666666666667,0,0,1,0,0,0,0.9239823598019428,0.38243509093025607,0.7067265555776171,-0.7074868024503335,0,6.694562058521095,6.455198563340122,5.655991810819852,6.118097198041348,Train
2023-01-30,328,24397.206485529,74.38172709002744,4356.0,0.0,41887.0,0.0,230602.0,666261.0,507.672762129,0.0,532.717534168,0.0,2055.94,5099.79,0.6274509803921569,0,0,0,0,0,0,0.9304241352383132,0.366484554334882,0.6819721490904623,-0.7313781428679259,0,6.539585955617669,6.2166061010848646,5.58724865840025,6.035481432524756,Train
2023-01-31,405,36753.69580709,90.74986619034568,4685.0,0.0,41248.0,0.0,445099.0,449542.0,540.721401363,0.0,465.617185801,0.0,3727.84,3320.98,0.6282352941176471,0,0,0,0,1,0,0.9365905832039811,0.35042556906371225,0.6564105761979384,-0.7544038410927468,0,6.699500340161678,6.720220155135295,5.659482215759621,6.274762021241939,Train
2023-02-01,377,28808.883878017,76.41613760747215,4564.0,0.0,51089.0,0.0,391424.0,543424.0,607.513034189,0.0,642.30328346,0.0,2976.04,3486.5,0.6290196078431373,0,0,0,0,0,1,0.9424798789477854,0.3342628872288514,0.6300720909843701,-0.7765366444428644,0,6.601230118728877,6.858565034791365,5.537334267018537,6.163314804034641,Train
2023-02-02,349,29637.656626328,84.92165222443553,5554.0,0.0,53749.0,0.0,374622.0,514469.0,639.448644522,0.0,624.971510274,0.0,3130.64,3945.44,0.6298039215686274,0,0,0,1,0,0,0.9480902797323665,0.31800129162788504,0.6029878670694707,-0.7977503570459936,0,6.630683385642372,6.375024819828097,5.6937321388027,6.333279628139691,Train
2023-02-03,368,29247.000827852,79.4755457278587,4718.0,0.0,54335.0,0.0,273096.0,534679.0,524.98504934,0.0,591.744551762,0.0,2438.34,4677.69,0.6305882352941177,1,0,0,0,0,0,0.9534201253498682,0.30164559432857885,0.5751899607119783,-0.8180198708443168,0,6.480044561926653,6.16541785423142,5.641907070938114,6.400257445308821,Train
2023-02-04,415,33611.19711224,80.99083641503614,5053.0,0.0,51843.0,0.0,304407.0,551367.0,572.071331017,0.0,605.092180692,0.0,2770.93,5175.73,0.6313725490196078,0,1,0,0,0,0,0.9584678386132242,0.2852006352448999,0.5467112728685954,-0.8373211953118112,0,6.525029657843462,6.777646593635117,5.796057750765372,6.304448802421981,Train
2023-02-05,439,35993.906273168,81.99067488193167,5421.0,0.0,44049.0,0.0,295659.0,637347.0,716.845866175,0.0,620.959835862,0.0,2724.15,5778.76,0.6321568627450981,0,0,1,0,0,0,0.9632319258228698,0.268671280704815,0.5175855102531915,-0.8556314858488691,0,6.704414354964107,6.26530121273771,5.8805329864007,6.654152520183219,Train
2023-02-06,359,30539.739106133,85.06891115914485,5462.0,0.0,57264.0,0.0,246966.0,674390.0,627.349965746,0.0,325.563223722,0.0,2199.03,5872.15,0.6329411764705882,0,0,0,0,0,0,0.9677109772087533,0.2520624220102626,0.4878471454423127,-0.8729290708206406,0,6.720220155135295,6.212606095751519,5.739792912179234,6.493753839851687,Train
2023-02-07,449,32187.999473835,71.68819481923163,5402.0,0.0,77493.0,0.0,244936.0,615936.0,614.576081975,0.0,735.908443038,0.0,2165.06,5744.91,0.6337254901960784,0,0,0,0,1,0,0.9719036673475078,0.2353789739897446,0.45753137607425287,-0.8891934772070703,0,6.590301048196686,7.242082359256962,5.91350300563827,6.439350371100098,Train
2023-02-08,355,27218.503085193,76.6718396766,5094.0,0.0,60390.0,0.0,245055.0,622374.0,592.540464872,0.0,795.700619397,0.0,2219.38,5860.08,0.6345098039215686,0,0,0,0,0,1,0.9758087555546677,0.2186258735439395,0.42667408318992756,-0.9044054548342987,0,6.520621127558696,6.295266001439646,5.780743515792329,6.520621127558696,Train
2023-02-09,390,29164.391976979,74.7804922486641,5051.0,0.0,64499.0,0.0,237941.0,554572.0,592.311158833,0.0,689.904454856,0.0,2367.63,6087.61,0.6352941176470588,0,0,0,1,0,0,0.9794250862518059,0.2018080781848007,0.39531178876491924,-0.9185469991587147,0,6.606650186198215,6.625392368007956,5.602118820879701,6.756932389247553,Train
2023-02-10,309,25478.898504934,82.45598221661488,4229.0,0.0,57037.0,0.0,147135.0,572879.0,536.985406549,0.0,660.713744493,0.0,1672.74,6397.07,0.636078431372549,1,0,0,0,0,0,0.9827515893084883,0.18493056456854376,0.3634816124829048,-0.9316013725767194,0,6.456769655572163,6.304448802421981,5.5134287461649825,6.717804695023691,Train
2023-02-11,441,36280.893400797,82.26959954829252,4864.0,0.0,63543.0,0.0,165500.0,629652.0,540.987415167,0.0,654.709963389,0.0,1794.32,6520.32,0.6368627450980392,0,1,0,0,0,0,0.9857872803589409,0.16799832702298775,0.33122122780168617,-0.9435531242349545,0,6.580639137284949,6.816735880594968,5.5909869805108565,6.6895992691789665,Train
2023-02-12,381,30380.495558144,79.73883348594227,5097.0,0.0,66792.0,0.0,168585.0,688238.0,536.715000334,0.0,646.289402592,0.0,1736.42,6534.05,0.6376470588235295,0,0,1,0,0,0,0.9885312610933431,0.15101637606963247,0.29856881736372076,-0.9543881083175907,0,6.617402977974478,6.267200548541362,5.598421958998375,6.486160788944089,Train
2023-02-13,357,27702.8909755,77.59913438515406,4020.0,0.0,56321.0,0.0,125613.0,624451.0,496.524943018,0.0,659.974138361,0.0,1191.34,5185.36,0.6384313725490196,0,0,0,0,0,0,0.9909827195236494,0.1339897369409766,0.2655630278040547,-0.9640935007889758,0,6.541029999189903,6.159095388491933,5.5909869805108565,6.5337888379333435,Train
2023-02-14,382,30024.402054383,78.59791113712828,3376.0,0.0,43910.0,0.0,173335.0,750992.0,470.600956314,0.0,649.455916053,0.0,1438.81,5277.9,0.6392156862745098,0,0,0,0,1,0,0.9931409302238694,0.11692344809347405,0.23224292400907026,-0.9726578145718654,0,6.448889394146858,6.849066282633458,5.5134287461649825,6.6320017773956295,Train
2023-02-15,290,20905.451098788,72.08776240961379,3879.0,0.0,47829.0,0.0,171154.0,540495.0,517.689866893,0.0,611.077932954,0.0,1797.79,4773.1,0.64,0,0,0,0,0,1,0.9950052545447351,0.09982255971656324,0.19864794288017207,-0.9800709131432663,0,6.519147287940395,6.133398042996649,5.659482215759621,6.354370040797351,Train
2023-02-16,306,25193.895562042,82.33299203281699,4121.0,0.0,50432.0,0.0,110328.0,716345.0,512.818627846,0.0,581.593772051,0.0,1144.49,6007.1,0.6407843137254902,0,0,0,1,0,0,0.9965751408026858,0.08269213223824176,0.1648178466572002,-0.9863240225317863,0,6.345636360828596,6.436150368369428,5.517452896464707,6.4967749901858625,Train
2023-02-17,319,25717.007025671,80.61757688298118,3968.0,0.0,51601.0,0.0,146265.0,668177.0,499.741184582,0.0,559.558481898,0.0,1415.53,5606.69,0.6415686274509804,1,0,0,0,0,0,0.9978501244431209,0.06553723482760074,0.13079267585675886,-0.9914097417023038,0,6.419994928147142,6.056784013228625,5.564520407322694,6.331501849893691,Train
2023-02-18,405,30590.697579906,75.53258661705185,4495.0,0.0,53513.0,0.0,213277.0,596044.0,479.838346142,0.0,596.949289946,0.0,2066.22,5530.73,0.6423529411764706,0,1,0,0,0,0,0.9988298281778684,0.04836294389478327,0.09661270188120452,-0.9953220513156601,0,6.448889394146858,6.620073206530356,5.545177444479562,6.206575926724928,Train
2023-02-19,342,27483.594649196,80.36138786314619,4364.0,0.0,42273.0,0.0,161272.0,602518.0,583.950021582,0.0,586.058847668,0.0,1565.31,5896.23,0.6431372549019608,0,0,1,0,0,0,0.9995139620968313,0.031174341588782392,0.06231837935432783,-0.9980563208530119,0,6.543911845564792,6.008813185442595,5.733341276897746,6.298949246855942,Train
2023-02-20,342,27300.80135882,79.82690455795321,4109.0,0.0,52076.0,0.0,152182.0,627888.0,487.224246287,0.0,563.187433149,0.0,1404.82,5669.72,0.643921568627451,0,0,0,0,0,0,0.9999023237537764,0.013976514293558466,0.02795029824021396,-0.999609314096404,0,6.595780513961311,6.54534966033442,5.762051382780177,6.363028103540465,Train
2023-02-21,336,26940.399930072,80.17976169664286,3583.0,0.0,46125.0,0.0,152076.0,699311.0,488.654360484,0.0,504.262902834,0.0,1327.79,5605.21,0.6447058823529411,0,0,0,0,1,0,0.9999947982262414,-0.003225448877107192,-0.006450864198103727,-0.9999791929590823,0,6.504288173536645,5.973809611869261,5.616771097666572,6.20050917404269,Train
2023-02-22,333,24256.398067156,72.8420362377057,3566.0,0.0,47465.0,0.0,166819.0,806861.0,459.753185291,0.0,609.016755049,0.0,1304.77,5483.54,0.6454901960784314,0,0,0,0,0,1,0.9997913581495419,-0.020426457585555856,-0.0408443915432938,-0.999165519661011,0,6.472346294500901,6.683360945766275,5.726847747587197,6.391917113392602,Train
2023-02-23,245,18402.597145933,75.11264141197142,3649.0,0.0,58093.0,0.0,161467.0,694166.0,424.016944678,0.0,619.959051702,0.0,1339.8,5489.22,0.6462745098039215,0,0,0,1,0,0,0.9992920637248697,-0.037621421776574855,-0.07518957641475447,-0.9971692572470181,0,6.309918278226516,6.095824562432225,5.5093883366279774,6.169610732491456,Train
2023-02-24,294,24115.10681272,82.02417283238096,3464.0,0.0,50903.0,0.0,150910.0,514180.0,417.69,0.0,596.8,0.0,1404.99,4693.94,0.6470588235294118,1,0,0,0,0,0,0.9984970627014779,-0.05480525318362323,-0.10944576864891722,-0.9939927684469579,0,6.343880434126331,5.749392985908253,5.420534999272286,5.916202062607435,Train
2023-02-25,421,34813.499117729,82.69239695422566,4142.0,0.0,52923.0,0.0,224634.0,517458.0,457.872472295,0.0,594.515035911,0.0,2403.9,5396.6,0.647843137254902,0,1,0,0,0,0,0.9974065903329598,-0.0719728668345193,-0.1435724234118121,-0.9896398128792411,0,6.576469569048224,6.42648845745769,5.501258210544727,6.375024819828097,Train
2023-02-26,453,37020.701519657,81.72340291315011,4044.0,0.0,41254.0,0.0,274626.0,325418.0,509.822197733,0.0,588.184496186,0.0,4088.66,3374.64,0.6486274509803922,0,0,1,0,0,0,0.9960209693076331,-0.08911918255618693,-0.17752914918703444,-0.9841155426010341,0,6.6039438246004725,5.863631175598097,5.717027701406222,5.869296913133774,Train
2023-02-27,360,29173.304030685,81.03695564079167,3498.0,0.0,43349.0,0.0,343533.0,305949.0,446.241766723,0.0,521.678692898,0.0,4548.21,2580.15,0.6494117647058824,0,0,0,0,0,0,0.9943406096530519,-0.10623912647794644,-0.2112757555821779,-0.9774264960104058,0,6.508769136971682,5.5909869805108565,5.648974238161206,5.7899601708972535,Train
2023-02-28,385,30897.744464862,80.25388172691429,4104.0,0.0,46211.0,0.0,381971.0,430690.0,377.232162594,0.0,579.932554269,0.0,3862.51,3572.76,0.6501960784313725,0,0,0,0,1,0,0.992366008614672,-0.12332763253295968,-0.24477230089726035,-0.9695805901076305,0,6.45833828334479,6.699500340161678,5.66988092298052,5.91350300563827,Train
2023-03-01,370,29211.197901289,78.9491835169973,4271.0,0.0,37719.0,0.0,565594.0,326542.0,527.361493376,0.0,597.319736172,0.0,5500.6,2758.89,0.6509803921568628,0,0,0,0,0,1,0.9900977505087094,-0.14037964395735386,-0.27797913939877916,-0.9605871111248131,0,6.573680166960646,5.8805329864007,5.648974238161206,5.963579343618446,Train
2023-03-02,458,36358.594574386,79.38557767333188,3983.0,0.0,44414.0,0.0,662183.0,274906.0,510.09847755,0.0,556.933376544,0.0,6608.19,2556.52,0.6517647058823529,0,0,0,1,0,0,0.9875365065492302,-0.15739011478660975,-0.31085696824350184,-0.9504567035349156,0,6.684611727667927,6.403574197934815,5.752572638825633,6.548219102762372,Train
2023-03-03,395,31701.996376753,80.25821867532404,4979.0,0.0,39985.0,0.0,589626.0,273671.0,516.70489341,0.0,545.370477467,0.0,6137.02,2549.94,0.6525490196078432,1,0,0,0,0,0,0.9846830346495282,-0.17435401134873857,-0.3433668739963884,-0.9392013574532079,0,6.652863029353347,5.746203190540153,5.703782474656201,6.045005314036012,Train
2023-03-04,487,40460.405197732,83.08091416372073,4065.0,0.0,37371.0,0.0,690085.0,291308.0,594.259743851,0.0,557.15,0.0,7382.49,2872.69,0.6533333333333333,0,1,0,0,0,0,0.981538179197847,-0.19126631375382125,-0.3754703786876197,-0.9268343944460496,0,6.74993119378857,6.60934924316738,5.579729825986222,6.126869184114185,Train
2023-03-05,535,43476.000664763,81.26355264441682,4714.0,0.0,41064.0,0.0,664202.0,404265.0,646.49725584,0.0,555.986439041,0.0,6541.95,3631.56,0.6541176470588236,0,0,1,0,0,0,0.9781028708075103,-0.20812201737948507,-0.40712948535424986,-0.9133704517637866,0,6.810142450115136,6.137727054086234,5.8289456176102075,6.22455842927536,Train
2023-03-06,404,35666.797400612,88.28415198171287,4156.0,0.0,48375.0,0.0,485313.0,563177.0,529.263252616,0.0,559.722196695,0.0,4659.11,4799.29,0.6549019607843137,0,0,0,0,0,0,0.9743781260415397,-0.22491613435184504,-0.43830672301251594,-0.8988254650164456,0,6.742880635791903,6.023447592961033,5.963579343618446,6.161207321695077,Train
2023-03-07,426,33273.202853281,78.1061099842277,3693.0,0.0,39382.0,0.0,290078.0,650065.0,568.691567144,0.0,361.93,0.0,2759.73,6453.75,0.6556862745098039,0,0,0,0,1,0,0.970365047111836,-0.2416436950215011,-0.4689651910076341,-0.8832166493127115,0,6.6052979209482015,6.853299093186078,5.75890177387728,6.398594934535208,Train
2023-03-08,373,30116.596541379,80.74154568734316,3946.0,0.0,47386.0,0.0,344308.0,601638.0,461.427066778,0.0,697.61911098,0.0,3290.52,6145.39,0.6564705882352941,0,0,0,0,0,1,0.9660648215530208,-0.25829974943412193,-0.4990686026885299,-0.8665624788845396,0,6.620073206530356,6.171700597410915,5.655991810819852,6.133398042996649,Train
2023-03-09,371,29866.595705757,80.50295338478976,4149.0,0.0,44176.0,0.0,354026.0,596278.0,425.999079496,0.0,559.86196266,0.0,3354.98,6040.16,0.6572549019607843,0,0,0,1,0,0,0.9614787218710191,-0.27487936879524355,-0.5285813283559265,-0.848882665221457,0,6.648984550024776,6.4692503167957724,5.700443573390686,6.206575926724928,Train
2023-03-10,387,30881.795389227,79.79792090239535,3622.0,0.0,42606.0,0.0,382066.0,535313.0,466.171121285,0.0,577.832646919,0.0,3773.58,5885.71,0.6580392156862745,1,0,0,0,0,0,0.9566081051665106,-0.29137764692875484,-0.5574684374327854,-0.8301981337405238,0,6.601230118728877,6.07993319509559,5.700443573390686,6.175867270105761,Train
2023-03-11,482,38162.599955774,79.17551858044398,4066.0,0.0,37495.0,0.0,475288.0,592814.0,528.086069805,0.0,590.97624621,0.0,4076.27,6193.84,0.6588235294117647,0,1,0,0,0,0,0.9514544127333379,-0.30778970172872777,-0.5856957398073518,-0.8105309990194816,0,6.787844982309579,6.9363427358340495,5.713732805509369,6.082218910376446,Train
2023-03-12,546,44109.693326593,80.7869841146392,3634.0,0.0,41898.0,0.0,443265.0,573456.0,573.594073558,0.0,591.587451709,0.0,3927.61,6761.32,0.659607843137255,0,0,1,0,0,0,0.9460191696320087,-0.3241106766040956,-0.6132298262997501,-0.7899045386224707,0,6.769641976852503,5.981414211254481,5.777652323222656,6.345636360828596,Train
2023-03-13,419,33192.205237992,79.21767359902626,3720.0,0.0,44238.0,0.0,441831.0,636113.0,546.932836686,0.0,532.171580466,0.0,3963.77,6240.54,0.6603921568627451,0,0,0,0,0,0,0.9403039842384007,-0.34033574191581695,-0.6400381082043495,-0.7683431655492209,0,6.729824070489475,6.115892125483034,5.768320995793772,6.054439346269371,Train
2023-03-14,434,32705.995814574,75.35943736076958,3610.0,0.0,39218.0,0.0,435707.0,617822.0,480.70711644,0.0,601.723268807,0.0,3811.97,5916.13,0.6611764705882353,0,0,0,0,1,0,0.9343105477678194,-0.3564600964060315,-0.666088855860978,-0.7458723993404055,0,6.68586094706836,6.795705775173515,5.820082930352362,5.929589143389895,Train
2023-03-15,425,34050.497662621,80.11881802969647,3978.0,0.0,41018.0,0.0,457480.0,627535.0,518.094471907,0.0,597.992221004,0.0,3753.08,5937.65,0.6619607843137255,0,0,0,0,0,1,0.9280406337745429,-0.37247896861882634,-0.6913512362094074,-0.7225188358733108,0,6.660575149839686,6.251903883165888,5.703782474656201,6.38856140554563,Train
2023-03-16,439,34483.104314575,78.54921256167427,3605.0,0.0,39053.0,0.0,442731.0,585033.0,510.359176646,0.0,547.56660669,0.0,3766.06,5992.25,0.6627450980392157,0,0,0,1,0,0,0.9214960976269946,-0.3883876183121965,-0.7157953492826635,-0.6983101158835592,0,6.70073110954781,6.428105272684596,5.739792912179234,6.129050210060545,Train
2023-03-17,429,35391.40280544,82.49744243692307,2936.0,0.0,39785.0,0.0,425802.0,611285.0,453.581545945,0.0,557.025789457,0.0,3597.25,6119.84,0.6635294117647059,1,0,0,0,0,0,0.9146788759587118,-0.40418133786075217,-0.7393922635959223,-0.673274892250185,0,6.663132695990803,6.22455842927536,5.54907608489522,6.042632833682381,Train
2023-03-18,439,36261.29880665,82.59976949123006,3201.0,0.0,36130.0,0.0,422730.0,603298.0,472.19,0.0,539.01,0.0,3580.8,6614.68,0.6643137254901961,0,1,0,0,0,0,0.907590986095264,-0.419855453648784,-0.7621140503891487,-0.6474427960827475,0,6.71295620067707,5.796057750765372,5.69035945432406,5.765191102784844,Train
2023-03-19,606,47565.185751119,78.49040552989935,3573.0,0.0,35163.0,0.0,417319.0,651507.0,582.520892141,0.0,539.683775565,0.0,3614.54,7000.17,0.6650980392156862,0,0,1,0,0,0,0.9002345254572965,-0.4354053274532549,-0.7839338166829195,-0.6208444016506478,0,6.806829360392176,6.9167150203536085,5.768320995793772,5.840641657373398,Train
2023-03-20,432,34306.795050066,79.41387743070834,3409.0,0.0,35812.0,0.0,428818.0,631908.0,453.81694265,0.0,563.733215349,0.0,3564.81,6410.21,0.6658823529411765,0,0,0,0,0,0,0.8926116709398654,-0.45082635781633423,-0.8048257371083435,-0.5935111901961172,0,6.796823718274855,6.403574197934815,5.855071922202427,5.942799375126701,Train
2023-03-21,470,37181.198614564,79.1089332224766,3091.0,486.0,40418.0,0.0,467374.0,598770.0,409.531130335,1.0,546.977989624,0.0,3951.7,6079.32,0.6666666666666666,0,0,0,0,1,0,0.8847246782682624,-0.466113981407037,-0.8247650844733594,-0.5654755126737606,0,6.744059186311348,7.1693500166706,5.902633333401366,5.831882477283517,Train
2023-03-22,442,34838.098865328,78.81922820209955,3117.0,815.0,38697.0,0.0,407484.0,609281.0,431.619258272,0.16,528.649458612,0.0,3439.45,6410.99,0.6674509803921569,0,0,0,0,0,1,0.8765758813305067,-0.4812636743715918,-0.8437282590292721,-0.536770551460709,0,6.694562058521095,6.375024819828097,5.877735781779639,6.300785794663244,Train
2023-03-23,462,37063.30233047,80.22359811790042,3550.0,803.0,42339.0,0.0,478929.0,591281.0,433.23813271,0.98,540.324218435,0.0,3767.13,6089.86,0.668235294117647,0,0,0,1,0,0,0.8681676914867171,-0.4962709536721089,-0.8616928164028526,-0.5074302810827511,0,6.734591659972948,6.504288173536645,5.905361848054571,5.968707559985366,Train
2023-03-24,402,32447.596317873,80.71541372605225,3255.0,625.0,49777.0,0.0,478982.0,574439.0,420.143267512,0.34,609.224980289,0.0,3664.28,6128.33,0.6690196078431373,1,0,0,0,0,0,0.8595025968555415,-0.5111313784132024,-0.8786374941610001,-0.47748942800283917,0,6.71901315438526,6.095824562432225,5.840641657373398,6.3080984415095305,Train
2023-03-25,514,39847.085916271,77.52351345578015,4344.0,2576.0,49339.0,0.0,357021.0,593680.0,429.228132766,4.92,699.929810413,0.0,3028.74,7042.05,0.6698039215686274,0,1,0,0,0,0,0.8505831615778885,-0.5258405511561121,-0.8945422369764503,-0.4469834295196726,0,6.740519359606223,6.620073206530356,5.736572297479192,6.769641976852503,Train
2023-03-26,520,41801.300613807,80.38711656501346,4246.0,3685.0,41752.0,0.0,375580.0,648466.0,450.650745967,4.87,618.690960501,0.0,3348.53,7324.16,0.6705882352941176,0,0,1,0,0,0,0.8414120250581583,-0.540394119219972,-0.9093882203647928,-0.41594839182494137,0,6.828712071641684,6.284134161070802,5.7899601708972535,6.723832440821209,Train
2023-03-27,407,33043.507365491,81.18797878499018,3152.0,679.0,50050.0,0.0,418904.0,665288.0,415.584868131,0.63,619.580429427,0.0,3519.58,6379.25,0.6713725490196079,0,0,0,0,0,0,0.8319919011831955,-0.5547877759698494,-0.9231578729647035,-0.38442104726885634,0,6.760414691083428,6.253828811575473,5.87493073085203,6.778784897685177,Train
2023-03-28,340,26983.203245643,79.3623624871853,3636.0,308.0,44991.0,0.0,383995.0,531800.0,405.246770976,0.24,621.660007995,0.0,3503.89,5200.94,0.672156862745098,0,0,0,0,1,0,0.8223255775192102,-0.5690172620911403,-0.9358348973349935,-0.35243871088460504,0,6.74993119378857,6.222576268071369,5.717027701406222,6.542471960506805,Train
2023-03-29,377,28583.601759645,75.81857230675067,3476.0,876.0,41317.0,0.0,330557.0,466954.0,387.546022583,2.22,613.31758325,0.0,3200.28,5126.05,0.6729411764705883,0,0,0,0,0,1,0.8124159144868894,-0.5830783668499725,-0.9474042892438849,-0.3200392362231378,0,6.659293919683638,6.3818160174060985,5.733341276897746,6.555356891810665,Train
2023-03-30,356,27745.098384126,77.93566961833146,2580.0,797.0,48702.0,0.0,320140.0,418793.0,371.823285685,1.29,623.408893849,0.0,3180.25,5129.17,0.6737254901960784,0,0,0,1,0,0,0.802265844514958,-0.5969669293392235,-0.9578523554276666,-0.2872609705505973,0,6.553933404025811,5.998936561946683,5.545177444479562,6.594413459749778,Train
2023-03-31,396,30787.903567943,77.7472312321793,3136.0,1626.0,41292.0,0.0,373104.0,423359.0,340.607719027,3.0,579.641647993,0.0,3389.28,4983.03,0.6745098039215687,1,0,0,0,0,0,0.7918783711724181,-0.6106788397098085,-0.9671667297977308,-0.254142709461364,0,6.5722825426940075,6.159095388491933,5.5093883366279774,6.501289670540389,Train
2023-04-01,437,34175.998970278,78.20594730040732,3872.0,3757.0,40630.0,0.0,390978.0,495543.0,411.252217837,11.97,671.401955489,0.0,3203.63,5432.59,0.6752941176470588,0,1,0,0,0,0,0.7812565682797505,-0.6242100403868457,-0.975336388076783,-0.2207236509605049,0,6.715383386334681,5.910796644040527,5.655991810819852,6.519147287940395,Train
2023-04-02,438,34028.496363341,77.69063096653197,3878.0,3236.0,42822.0,0.0,393925.0,557570.0,445.395982585,7.12,689.47415975,0.0,3233.03,5862.68,0.676078431372549,0,0,1,0,0,0,0.7704035789993182,-0.6375565272703599,-0.9823516608469235,-0.18704334906991754,0,6.7226297948554485,6.278521424165844,5.627621113690637,6.620073206530356,Train
2023-04-03,422,33466.789612883,79.30518865612086,3610.0,882.0,44903.0,0.0,425761.0,563373.0,428.762899699,0.55,663.704886775,0.0,3442.82,5302.38,0.6768627450980392,0,0,0,0,0,0,0.7593226149052594,-0.6507143509201553,-0.988204244994142,-0.1531416670131219,0,6.709304340258299,6.0473721790462776,5.918893854273146,6.51471269087253,Train
2023-04-04,385,30337.304059229,78.79819236163377,3740.0,484.0,43373.0,0.0,515033.0,467688.0,481.087409271,0.28,590.890349588,0.0,4225.18,4313.0,0.6776470588235294,0,0,0,0,1,0,0.748016955033124,-0.6636796177245262,-0.9928872135356958,-0.1190587300340535,0,6.642486801367256,6.236369590203704,5.602118820879701,6.597145701886651,Train
2023-04-05,333,25579.599601262,76.8156144182042,3897.0,1972.0,38772.0,0.0,425432.0,455784.0,514.652871528,4.1,673.16,0.0,4148.64,4441.89,0.6784313725490196,0,0,0,0,0,1,0.7364899449095564,-0.6764484910524368,-0.9963950238187234,-0.08483487790576281,0,6.660575149839686,5.940171252720432,5.521460917862246,6.4967749901858625,Train
2023-04-06,379,28860.396678823,76.14880390190766,4905.0,627.0,43009.0,0.0,392876.0,461697.0,480.97622895,0.53,595.611348691,0.0,3634.44,4524.56,0.6792156862745098,0,0,0,1,0,0,0.7247449955623085,-0.6890171923888325,-0.9987235240803973,-0.0505106171852212,0,6.641182169740591,6.5638555265321274,5.602118820879701,6.654152520183219,Train
2023-04-07,377,29883.703721139,79.26711862371089,3310.0,1143.0,40793.0,0.0,358766.0,496506.0,497.493597805,3.34,645.605897351,0.0,2945.27,4961.24,0.68,1,0,0,0,0,0,0.712785582510848,-0.7013820024527797,-0.9998699583618592,-0.016126573270657852,0,6.610696044717759,6.246106765481563,5.459585514144159,6.38856140554563,Train
2023-04-08,398,30838.399085201,77.48341478693719,3859.0,1405.0,39507.0,0.0,376893.0,441367.0,498.462816553,1.63,653.13284542,0.0,3207.94,4637.11,0.6807843137254902,0,1,0,0,0,0,0.7006152447379053,-0.7135392622980498,-0.999832969770105,0.018276557681690245,0,6.617402977974478,6.548219102762372,5.575949103146316,6.398594934535208,Train
2023-04-09,408,31916.952806471,78.22782550605638,3732.0,1567.0,36888.0,0.0,425049.0,510263.0,513.340347185,3.84,643.165476034,0.0,3604.21,4815.64,0.6815686274509803,0,0,1,0,0,0,0.6882375836422279,-0.7254853743958644,-0.9986126020839733,0.052658056924614796,0,6.690842277418564,5.971261839790462,5.71042701737487,6.419994928147142,Train
2023-04-10,340,25981.701304242,76.41676854188823,3147.0,438.0,47216.0,0.0,372549.0,523322.0,474.79,0.52,591.77,0.0,3183.65,4801.78,0.6823529411764706,0,0,0,0,0,0,0.6756562619728741,-0.7372168036994565,-0.9962102997023297,0.08697723131368601,0,6.556778356158042,6.023447592961033,5.739792912179234,6.453624998892692,Train
2023-04-11,355,26414.205653501,74.40621310845353,3524.0,392.0,44840.0,0.0,320555.0,455415.0,480.889148384,0.28,626.008220988,0.0,2797.31,4580.43,0.6831372549019608,0,0,0,0,1,0,0.6628750027453385,-0.7487300786901562,-0.9926289059345096,0.12119346147073502,0,6.542471960506805,6.182084906716632,5.634789603169249,6.507277712385012,Train
2023-04-12,314,22798.998686264,72.60827607090445,4196.0,274.0,49604.0,0.0,301718.0,376835.0,489.631980185,0.0,560.040610956,0.0,2818.9,4087.83,0.683921568627451,0,0,0,0,0,1,0.6498975881398573,-0.7600217924046628,-0.9878726596350433,0.1552662498599929,0,6.530877627725885,5.996452088619021,5.517452896464707,6.3784261836515865,Train
2023-04-13,363,25463.80545369,70.14822439033058,4549.0,2613.0,42350.0,0.0,226073.0,380229.0,478.810670919,4.4,658.587397051,0.0,2259.62,4434.59,0.6847058823529412,0,0,0,1,0,0,0.6367278583821974,-0.7710886034432233,-0.981947190186646,0.18915526872004085,0,6.423246963533519,6.338594078203183,5.552959584921617,6.874198495453294,Train
2023-04-14,310,24157.699763216,77.92806375230967,3813.0,553.0,48108.0,0.0,250602.0,400005.0,481.151987484,0.68,561.588859135,0.0,2417.5,4537.14,0.6854901960784314,1,0,0,0,0,0,0.6233697106072773,-0.7819272369584009,-0.9748595108374127,0.22282040779479864,0,6.439350371100098,5.736572297479192,5.579729825986222,6.419994928147142,Train
2023-04-15,330,25661.604099846,77.7624366662,3896.0,886.0,45627.0,0.0,293364.0,446121.0,485.279844283,0.83,618.794877447,0.0,2734.61,5141.27,0.6862745098039216,0,1,0,0,0,0,0.6098270977059344,-0.7925344856241631,-0.9666180104000979,0.2562218218071136,0,6.45833828334479,5.777652323222656,5.365976015021851,6.437751649736401,Train
2023-04-16,435,31265.992440431,71.87584469064598,3667.0,2020.0,45806.0,0.0,286851.0,492659.0,495.548112972,3.94,641.654385265,0.0,2649.2,5291.38,0.6870588235294117,0,0,1,0,0,0,0.5961040271552042,-0.8029072105849764,-0.957232443323312,0.28931997761869516,0,6.6240652277998935,6.359573868672378,5.579729825986222,6.484635235635252,Train
2023-04-17,375,27333.40017825,72.889067142,3808.0,656.0,35417.0,0.0,260489.0,518495.0,486.271169406,0.59,607.646981833,0.0,2265.72,5046.61,0.687843137254902,0,0,0,0,0,0,0.5822045598324487,-0.8130423423846416,-0.9467139181463865,0.32207570102060945,0,6.612041034833092,6.049733455231958,5.634789603169249,6.556778356158042,Train
2023-04-18,338,26952.39467208,79.74081263928994,3619.0,383.0,41687.0,0.0,280453.0,439083.0,472.675873883,0.15,727.064515309,0.0,2498.2,4311.62,0.6886274509803921,0,0,0,0,1,0,0.568132808813668,-0.8229368818746017,-0.9350748843515584,0.3544502230989843,0,6.46302945692067,5.749392985908253,5.552959584921617,6.47543271670409,Train
2023-04-19,310,22593.307614221,72.88163746522903,4015.0,413.0,41464.0,0.0,285003.0,386363.0,480.136812866,0.87,556.803118138,0.0,2603.03,3937.67,0.6894117647058824,0,0,0,0,0,1,0.5538929381563814,-0.8325879011014339,-0.9223291176290559,0.38640522612098194,0,6.532334292222349,6.3561076606958915,5.6240175061873385,6.455198563340122,Train
2023-04-20,346,24592.699469838,71.07716609779769,3860.0,721.0,42915.0,0.0,265671.0,352392.0,470.737896193,1.01,725.351819699,0.0,2467.28,3384.41,0.6901960784313725,0,0,0,1,0,0,0.539489161667411,-0.8419925441732807,-0.9084917035725074,0.4179028888867882,0,6.419994928147142,6.431331081933479,5.308267697401205,6.821107472256465,Train
2023-04-21,300,22650.704580947,75.50234860315666,3812.0,3509.0,34545.0,0.0,281952.0,341427.0,428.920296298,6.34,482.577375682,0.0,2581.19,3160.47,0.6909803921568628,1,0,0,0,0,0,0.5249257416559601,-0.8511480281049474,-0.8935790198239949,0.44890593149388053,0,6.327936783729195,5.780743515792329,5.087596335232384,6.472346294500901,Train
2023-04-22,344,25020.998128835,72.73545967684593,4018.0,1466.0,40239.0,0.0,303854.0,376759.0,451.102956656,1.84,440.986704362,0.0,2513.49,3690.35,0.691764705882353,0,1,0,0,0,0,0.5102069876723101,-0.8600516436414427,-0.8776087166898392,0.47937765946069444,0,6.46302945692067,6.643789733147672,5.093750200806762,6.70196036600254,Train
2023-04-23,359,26740.399625307,74.48579282815321,3536.0,1259.0,47809.0,0.0,253975.0,382383.0,460.737619245,2.23,455.340902882,0.0,3368.15,3524.15,0.6925490196078431,0,0,1,0,0,0,0.4953372552325668,-0.8687007560596842,-0.860599696250119,0.509282007157334,0,6.415096959171596,6.0014148779611505,5.081404364984463,6.487684018484611,Train
2023-04-24,307,22266.496118365,72.52930331714984,3590.0,1709.0,36992.0,0.0,287089.0,530777.0,439.125998537,1.66,487.677721067,0.0,2205.0,4140.98,0.6933333333333334,0,0,0,0,0,0,0.48032094452978846,-0.8770928059481573,-0.8425720899866027,0.5385835804920238,0,6.561030665896573,5.860786223465865,5.424950017481403,6.464588303689961,Train
2023-04-25,338,26435.397696345,78.21123578800297,3343.0,1114.0,36345.0,0.0,313113.0,405641.0,423.86931114,1.42,445.221010096,0.0,2333.85,3474.66,0.6941176470588235,0,0,0,0,1,0,0.4651624991319044,-0.8852253099642831,-0.8235472349556012,0.5672476988027221,0,6.466144724237619,6.588926477533519,5.37989735354046,6.411818267709897,Train
2023-04-26,299,22605.201847872,75.60268176545819,3575.0,1119.0,38187.0,0.0,297564.0,399837.0,423.248867028,0.47,541.762151977,0.0,2210.25,3594.46,0.6949019607843138,0,0,0,0,0,1,0.44986640466678224,-0.8930958615692847,-0.8035476485339127,0.5952404359043658,0,6.415096959171596,6.054439346269371,5.267858159063328,6.805722553416985,Train
2023-04-27,253,18266.298406925,72.1988079325099,3054.0,1287.0,36830.0,0.0,247747.0,315057.0,406.67639429,3.79,420.708532094,0.0,1978.39,3031.22,0.6956862745098039,0,0,0,1,0,0,0.4344371874948631,-0.900702131740318,-0.7825970017677828,0.6225286602431063,0,6.336825731146441,6.327936783729195,5.170483995038151,6.618738983517219,Train
2023-04-28,307,21985.005731244,71.6123965187101,3615.0,1678.0,34641.0,0.0,310080.0,267770.0,410.093573979,1.77,481.8852136,0.0,2631.65,2782.43,0.6964705882352941,1,0,0,0,0,0,0.4188794133697436,-0.9080418696596647,-0.760720091356411,0.649080074110039,0,6.369900982828227,6.124683390894205,4.962844630259907,6.5722825426940075,Train
2023-04-29,339,24259.003338108,71.56048182332744,4074.0,1975.0,40506.0,0.0,250274.0,299832.0,401.343849755,1.81,448.410718193,0.0,2203.56,3636.63,0.6972549019607843,0,1,0,0,0,0,0.4031976860870862,-0.9151129033807902,-0.7379428103031398,0.674863251868039,0,6.364750756851911,6.840546529288687,4.997212273764115,6.659293919683638,Train
2023-04-30,387,28833.593566464,74.50540973246511,3224.0,4426.0,36673.0,0.0,264090.0,316489.0,399.301503728,6.8,481.890779927,0.0,2246.42,3940.21,0.6980392156862745,0,0,1,0,0,0,0.3873966461222887,-0.9219131404710544,-0.7142921172691058,0.6998476771464044,0,6.553933404025811,6.142037405587356,5.351858133476067,6.483107351457199,Train
2023-05-01,300,21973.399873082,73.24466624360666,3199.0,1312.0,32351.0,0.0,357675.0,348809.0,419.96015168,3.61,414.29994942,0.0,2716.48,3593.87,0.6988235294117647,0,0,0,0,0,0,0.37148096925728924,-0.9284405686308979,-0.6897960046655894,0.7240037789593299,0,6.546785410760524,6.037870919922137,5.424950017481403,6.483107351457199,Train
2023-05-02,306,21587.606543675,70.54773380285947,4243.0,971.0,41336.0,0.0,302090.0,311646.0,432.497011774,1.41,456.422256896,0.0,2585.42,3221.62,0.6996078431372549,0,0,0,0,1,0,0.3554553651969341,-0.9346932562893102,-0.6644834655228565,0.7473029667054284,0,6.525029657843462,5.961005339623274,5.198497031265826,6.333279628139691,Train
2023-05-03,319,23731.101491595,74.39216768525078,4061.0,1263.0,44750.0,0.0,306623.0,340199.0,399.76892851,1.56,468.006978535,0.0,2507.99,3583.6,0.7003921568627451,0,0,0,0,0,1,0.33932457617529027,-0.9406693531754182,-0.6383844591746664,0.7697176640069193,0,6.52649485957079,6.363028103540465,5.231108616854587,6.8308742346461795,Train
2023-05-04,296,21249.802102472,71.78987196781081,3701.0,1363.0,38179.0,0.0,268402.0,352544.0,409.259750665,1.01,492.034229677,0.0,2268.18,3588.91,0.7011764705882353,0,0,0,1,0,0,0.3230933755523487,-0.9463670908660069,-0.6115298757991089,0.791221341348378,0,6.29156913955832,6.530877627725885,4.983606621708336,6.71295620067707,Train
2023-05-05,308,22802.404041566,74.03377935573376,3649.0,1627.0,66280.0,0.0,215219.0,314261.0,358.295146814,3.23,488.819538553,0.0,1932.24,3201.02,0.7019607843137254,1,0,0,0,0,0,0.30676656640150524,-0.9517847833088271,-0.5839514998576991,0.8117885474764618,0,6.267200548541362,6.104793232414985,4.948759890378168,6.2166061010848646,Train
2023-05-06,322,23271.905475857,72.27299837222671,4097.0,3466.0,100382.0,0.0,250718.0,411898.0,484.088188493,7.36,513.18332832,0.0,2325.11,4143.75,0.7027450980392157,0,1,0,0,0,0,0.2903489800882674,-0.9569208273215203,-0.555681972476049,0.8313949395234057,0,6.309918278226516,6.645090969505644,4.852030263919617,6.22455842927536,Train
2023-05-07,357,23729.904946652,66.47032197941736,3969.0,2952.0,42734.0,0.0,235491.0,498753.0,485.941891202,3.31,469.376522981,0.0,2153.83,4883.6,0.7035294117647058,0,0,1,0,0,0,0.27384547484055566,-0.9617737030660334,-0.526754752810555,0.8500173118187012,0,6.431331081933479,6.150602768446279,5.075173815233827,6.714170529909472,Train
2023-05-08,339,24621.50718049,72.62981469171092,3872.0,2894.0,36559.0,0.0,229545.0,474719.0,416.631426413,4.65,517.562900633,0.0,1977.43,4419.91,0.7043137254901961,0,0,0,0,0,0,0.25726093431108676,-0.9663419744983588,-0.49720407844693637,0.8676336233547733,0,6.583409222158765,6.313548046277095,5.327876168789581,6.413458957167357,Train
2023-05-09,292,20580.200906711,70.48014009147603,3381.0,1434.0,40612.0,0.0,250403.0,434931.0,412.568015138,2.14,393.722904808,0.0,2179.47,3810.1,0.7050980392156863,0,0,0,0,1,0,0.24060026613222654,-0.9706242897934823,-0.46706492487743045,0.8842230238742035,0,6.4692503167957724,6.42648845745769,5.262690188904886,6.5722825426940075,Train
2023-05-10,262,21046.303704851,80.32940345362978,3746.0,1664.0,40667.0,0.0,246620.0,359615.0,467.813616588,2.02,459.511489086,0.0,2253.07,3507.66,0.7058823529411765,0,0,0,0,0,1,0.22386840046373174,-0.9746193817454125,-0.4363729641045933,0.8997658785476205,0,6.448889394146858,6.066108090103747,5.19295685089021,6.26530121273771,Train
2023-05-11,380,26357.695765597,69.36235727788684,3251.0,1312.0,35447.0,0.0,212825.0,346979.0,437.222271431,1.09,390.974071442,0.0,2021.24,3875.84,0.7066666666666667,0,0,0,1,0,0,0.20707028853384346,-0.9783260681421664,-0.405164522420758,0.9142437912130216,0,6.38856140554563,6.98100574072173,5.303304908059076,6.565264970035361,Train
2023-05-12,269,20318.500492293,75.53345907915613,3360.0,1849.0,38386.0,0.0,234459.0,304872.0,390.476239376,1.36,446.550385863,0.0,2185.16,3548.46,0.7074509803921568,1,0,0,0,0,0,0.19021090117413572,-0.9817432521156044,-0.37347653741307163,0.9276396261490464,0,6.270988431858299,6.133398042996649,4.897839799950911,6.261491684321042,Train
2023-05-13,318,24585.494973552,77.31287727532074,3728.0,3184.0,45452.0,0.0,287235.0,353582.0,481.872635093,6.7,539.585294318,0.0,2560.37,3767.69,0.7082352941176471,0,1,0,0,0,0,0.17329522734857314,-0.9848699224660109,-0.3413465142450379,0.9399375283564128,0,6.214608098422191,6.53813982376767,5.220355825078325,6.501289670540389,Train
2023-05-14,354,26047.38948102,73.5801962740678,3031.0,4052.0,37468.0,0.0,230852.0,449773.0,453.262838328,7.35,526.94971689,0.0,1964.63,4356.54,0.7090196078431372,0,0,1,0,0,0,0.156328272677186,-0.9877051539613263,-0.3088124812662564,0.9511229423235348,0,6.393590753950631,6.09807428216624,5.176149732573829,6.5638555265321274,Train
2023-05-15,330,26020.801037069,78.85091223354242,3750.0,2623.0,34741.0,0.0,280280.0,438687.0,464.603920782,3.9,536.004527189,0.0,2143.13,3954.41,0.7098039215686275,0,0,0,0,0,0,0.13931505795483362,-0.9902481076109367,-0.2759129450029639,0.9611826292540827,0,6.439350371100098,5.948034989180646,5.303304908059076,6.434546518787453,Train
2023-05-16,401,27008.098033719,67.35186542074564,3045.0,2847.0,35629.0,0.0,277782.0,397742.0,457.430830437,5.13,505.259226251,0.0,2198.9,3749.92,0.7105882352941176,0,0,0,0,1,0,0.12226061766546514,-0.9924980309139454,-0.24268684458259376,0.9701046827361179,0,6.453624998892692,6.501289670540389,5.332718793265369,6.51471269087253,Train
2023-05-17,270,19584.596218042,72.5355415483037,3210.0,1754.0,40233.0,0.0,235419.0,432576.0,434.425841635,2.71,490.511696106,0.0,1862.75,4011.96,0.7113725490196079,0,0,0,0,0,1,0.10516999849235054,-0.9944542580818482,-0.2091735056463591,0.9778785428342379,0,6.320768294250582,5.926926025970411,5.241747015059643,6.336825731146441,Train
2023-05-18,305,23467.601885501,76.94295700164263,3329.0,2004.0,51469.0,0.0,233666.0,440789.0,425.938054553,2.91,487.58992644,0.0,1870.14,3988.72,0.712156862745098,0,0,0,1,0,0,0.08804825782465771,-0.9961162102355541,-0.17541259380428204,0.9844950085880853,0,6.423246963533519,6.725033642166843,5.204006687076795,6.692083742506628,Train
2023-05-19,273,21288.893470225,77.98129476272894,3445.0,1375.0,37310.0,0.0,207729.0,390197.0,413.27878767,2.07,399.291597202,0.0,1688.47,3578.23,0.7129411764705882,1,0,0,0,0,0,0.07090046226091078,-0.9974833955766829,-0.14144406768793946,0.9899462489023784,0,6.326149473155099,5.937536205082426,5.075173815233827,6.309918278226516,Train
2023-05-20,299,22437.600186495,75.04214109195652,2811.0,5618.0,30739.0,0.0,237864.0,438317.0,447.098086402,10.19,444.667864317,0.0,2176.13,4481.62,0.7137254901960784,0,1,0,0,0,0,0.05373168610970562,-0.9985554095330955,-0.10730813165636167,0.9942258118156161,0,6.354370040797351,7.1204443723924875,4.962844630259907,6.278521424165844,Train
2023-05-21,289,22017.605151723,76.18548495405882,3212.0,2860.0,42338.0,0.0,185861.0,377248.0,494.784912579,3.58,493.145673867,0.0,1715.88,3879.37,0.7145098039215686,0,0,1,0,0,0,0.03654700988812091,-0.9993319348786156,-0.07304518821104752,0.9973286321364752,0,6.354370040797351,6.2766434893416445,5.003946305945459,6.3578422665081,Train
2023-05-22,282,22120.192830786,78.44040010917021,3209.0,2276.0,38407.0,0.0,209188.0,448615.0,453.551593462,3.76,455.986725619,0.0,1699.68,3887.3,0.7152941176470589,0,0,0,0,0,0,0.019351518818325447,-0.9998127418269003,-0.038695790176529646,0.999251037438848,0,6.345636360828596,5.996452088619021,5.327876168789581,6.361302477572996,Train
2023-05-23,341,24536.20749243,71.95368766108504,4073.0,2584.0,37130.0,0.0,241764.0,463090.0,443.419790335,2.95,511.148953792,0.0,2030.19,4272.04,0.716078431372549,0,0,0,0,1,0,0.0021503013227738687,-0.9999976880994382,-0.004300592702982066,0.9999907524084426,0,6.419994928147142,6.7661917146603505,5.308267697401205,6.210600077024653,Train
2023-05-24,236,20016.499006491,84.8156737563178,3531.0,1236.0,42105.0,0.0,221575.0,424244.0,423.593211035,2.3,379.368692426,0.0,1915.8,4126.26,0.7168627450980393,0,0,0,0,0,1,-0.015051552481532364,-0.9998867189676517,0.030099694852257622,0.9995469015357914,0,6.3784261836515865,6.082218910376446,5.049856007249537,6.267200548541362,Train
2023-05-25,262,21674.305701808,82.72635764048854,4080.0,2007.0,39234.0,0.0,222559.0,491514.0,435.113788373,2.97,466.677963545,0.0,1923.01,4094.1,0.7176470588235294,0,0,0,1,0,0,-0.03224895228930312,-0.9994798672690922,0.06446435710735994,0.9979200101524845,0,6.391917113392602,6.692083742506628,5.181783550292085,6.525029657843462,Train
2023-05-26,259,19800.800822598,76.4509684270193,3076.0,1479.0,36037.0,0.0,230671.0,426336.0,401.766754873,1.99,438.227875296,0.0,2172.57,4323.6,0.7184313725490196,1,0,0,0,0,0,-0.049436809113255716,-0.998777253397723,0.09875272084577014,0.995112003809399,0,6.22455842927536,5.8522024797744745,4.6443908991413725,6.2766434893416445,Train
2023-05-27,216,16699.799866322,77.31388827000926,2985.0,1830.0,41385.0,0.0,213928.0,368364.0,378.124928309,1.46,512.201482624,0.0,1977.65,4043.44,0.7192156862745098,0,1,0,0,0,0,-0.06661003679003169,-0.9977790852682925,0.13292420315609027,0.9911262059976612,0,6.061456918928017,5.5093883366279774,4.997212273764115,6.206575926724928,Train
2023-05-28,256,19523.199547919,76.2624982340586,3000.0,3992.0,37624.0,0.0,212810.0,413950.0,412.515686156,10.73,484.970250546,0.0,1960.42,4018.58,0.72,0,0,1,0,0,0,-0.08376355348526729,-0.9964856582548094,0.16693835946505703,0.9859673342150416,0,6.184148890937483,5.480638923341991,4.955827057601261,6.222576268071369,Train
2023-05-29,352,26801.618786385,76.14096246132102,2921.0,4616.0,34120.0,0.0,205052.0,411190.0,415.441144658,8.64,468.527891569,0.0,1916.89,3922.02,0.7207843137254902,0,0,0,0,0,0,-0.10089228319740061,-0.994897355103136,0.20075493140682088,0.979641494382431,0,6.455198563340122,6.678342114654332,5.062595033026967,6.645090969505644,Train
2023-05-30,296,22534.958094977,76.13161518573311,2655.0,1769.0,43209.0,0.0,186594.0,445666.0,370.167085176,2.92,449.74,0.0,1635.41,3783.72,0.7215686274509804,0,0,0,0,1,0,-0.11799115725973859,-0.9930146458177279,0.2343338944718063,0.9721561736170152,0,6.267200548541362,5.934894195619588,5.247024072160486,6.79346613258001,Train
2023-05-31,413,31924.373388872,77.298724912523,3351.0,2078.0,40808.0,40946.0,232628.0,393797.0,363.681404558,2.16,385.687210711,251.75,2084.2,3713.32,0.7223529411764706,0,0,0,0,0,1,-0.1350551158403447,-0.9908380875225533,0.26763550537876807,0.9635202313707022,0,6.2766434893416445,7.301822342137932,5.2574953720277815,6.70808408385307,Train
2023-06-01,325,25613.440814473,78.81058712145538,3398.0,1908.0,51776.0,116467.0,224734.0,460736.0,442.387513882,2.92,528.320941958,506.39,1809.11,4421.91,0.7231372549019608,0,0,0,1,0,0,-0.15207910943934577,-0.9883683242962289,0.300620349114058,0.953743888944271,0,6.393590753950631,6.298949246855942,5.231108616854587,6.410174881966167,Train
2023-06-02,273,20514.80437793,75.14580358216116,3717.0,383.0,40901.0,90399.0,228360.0,495058.0,437.595943255,0.97,514.707718491,525.85,1785.74,4928.68,0.7239215686274509,1,0,0,0,0,0,-0.16905810038314617,-0.9856060869814279,0.3332493855822923,0.9428387173896842,0,6.249975242259483,5.945420608606575,4.68213122712422,6.295266001439646,Train
2023-06-03,394,35644.321500838,90.46782106811675,4582.0,283.0,44652.0,67163.0,246720.0,460969.0,448.198045603,0.0,521.698499051,531.5,2067.75,5307.96,0.7247058823529412,0,1,0,0,0,0,-0.18598706431516163,-0.9825521929686117,0.36548399581331253,0.9308176238148559,0,6.336825731146441,6.854354502255021,4.74493212836325,6.77078942390898,Train
2023-06-04,367,31171.393891698,84.93567817901362,3600.0,444.0,32307.0,43724.0,272385.0,444255.0,472.473495158,0.41,517.320220051,429.32,2451.56,5266.25,0.7254901960784313,0,0,1,0,0,0,-0.20286099168260036,-0.9792075459541516,0.3972860276706893,0.9176948361071039,0,6.447305862541213,6.246106765481563,5.10594547390058,6.658011045870748,Train
2023-06-05,326,27094.463063103,83.11184988681902,2997.0,419.0,42089.0,51020.0,287269.0,470577.0,440.402317942,0.0,473.504501644,628.43,2692.78,5357.52,0.7262745098039216,0,0,0,0,0,0,-0.21967488921888068,-0.9755731356729092,0.42861784100772476,0.903485886093345,0,6.481577129276431,6.1224928095143865,5.225746673713202,6.579251212010101,Train
2023-06-06,302,24831.96409749,82.22504668043047,3508.0,434.0,40125.0,93310.0,317303.0,423999.0,493.241941137,1.77,496.16,529.09,3056.28,4537.32,0.7270588235294118,0,0,0,0,1,0,-0.23642378142121204,-0.9716500376053587,0.45944235221744356,0.8882075911569899,0,6.421622267806518,6.450470422144176,5.117993812416755,6.366470447731438,Train
2023-06-07,297,24719.849527107,83.23181658958586,2910.0,567.0,38101.0,146003.0,272047.0,459305.0,483.643493887,0.38,525.139909461,541.53,2664.51,4681.03,0.7278431372549019,0,0,0,0,0,1,-0.25310271202292967,-0.9674394126593344,0.4897230781238955,0.8718780343332758,0,6.434546518787453,5.996452088619021,5.093750200806762,6.787844982309579,Train
2023-06-08,376,30184.673638893,80.27838733748139,3916.0,588.0,37702.0,97055.0,253805.0,465753.0,454.193448765,0.86,541.247883436,525.67,2605.32,4986.39,0.7286274509803922,0,0,0,1,0,0,-0.26970674546012696,-0.9629425068265012,0.5194241791627834,0.8545165429066126,0,6.340359303727752,7.2399325913204695,4.997212273764115,6.779921907472252,Train
2023-06-09,351,30316.552812919,86.37194533595157,4528.0,417.0,37564.0,106415.0,200049.0,392433.0,483.702613807,0.3,473.446518365,521.91,2356.08,5312.39,0.7294117647058823,1,0,0,0,0,0,-0.28623096833217826,-0.9581606508136428,0.5485105018003582,0.8361436655352471,0,6.175867270105761,6.327936783729195,4.927253685157205,6.42648845745769,Train
2023-06-10,409,35461.682985179,86.70338138185575,4380.0,430.0,40512.0,86172.0,160045.0,341808.0,505.115045218,0.0,462.61,512.28,2051.39,5138.04,0.7301960784313726,0,1,0,0,0,0,-0.30267049085569003,-0.9530952596488851,0.5769476201403188,0.8167811479303513,0,6.293419278846481,6.915723448631314,4.787491742782046,6.773080375655535,Train
2023-06-11,513,41170.033756416,80.25347710802339,4668.0,622.0,36492.0,85963.0,209964.0,405581.0,523.736731687,1.85,528.292619955,520.54,2338.27,5721.5,0.7309803921568627,0,0,1,0,0,0,-0.3190204483114526,-0.9477478322629705,0.6047018766694805,0.7964519071183196,0,6.361302477572996,6.878326468291325,5.1647859739235145,6.9363427358340495,Train
2023-06-12,460,38338.803776133,83.34522560028913,4016.0,633.0,46820.0,35554.0,241168.0,441099.0,496.53255303,0.34,420.58,521.5,2484.89,5804.29,0.731764705882353,0,0,0,0,0,0,-0.3352760024840176,-0.9421199510456919,0.631740422094076,0.775180004316674,0,6.483107351457199,6.831953565565855,5.111987788356544,6.617402977974478,Train
2023-06-13,476,39154.799516138,82.2579821767605,4251.0,540.0,38746.0,19299.0,257243.0,464826.0,461.667175649,0.0,446.342530405,399.67,2571.54,6107.82,0.7325490196078431,0,0,0,0,1,0,-0.3514323430933722,-0.9362132813776476,0.6580312542193625,0.7529906164558047,0,6.371611847231857,6.22455842927536,5.0238805208462765,7.02197642307216,Train
2023-06-14,409,34504.838853301,84.36390917677507,4049.0,514.0,43663.0,20487.0,262040.0,445588.0,566.363695736,0.8,470.099170783,261.71,2668.3,6031.57,0.7333333333333333,0,0,0,0,0,1,-0.367484689218406,-0.930029571137419,0.6835432558267236,0.7299100063801032,0,6.300785794663244,6.1224928095143865,5.19295685089021,6.57507584059962,Train
2023-06-15,298,25648.408914823,86.06848629135236,4494.0,497.0,37950.0,15937.0,180142.0,369375.0,500.369016567,0.53,430.125373463,243.83,1956.67,5211.27,0.7341176470588235,0,0,0,1,0,0,-0.3834282907116399,-0.9235706501843539,0.7082462315032494,0.7059654917639003,0,6.385194398997726,6.037870919922137,4.941642422609304,6.826545223556594,Train
2023-06-16,344,28521.188785261,82.9104325152936,4355.0,366.0,43980.0,5508.0,138517.0,316368.0,478.616998737,0.32,464.737848039,129.43,2021.05,5539.14,0.7349019607843137,1,0,0,0,0,0,-0.39925842960488095,-0.9168384298170776,0.7321109433803425,0.6811854127788887,0,6.240275845170769,6.366470447731438,4.795790545596741,6.320768294250582,Train
2023-06-17,314,27747.780453346,88.36872755842676,3289.0,524.0,42831.0,6000.0,220714.0,302459.0,516.680238841,0.88,516.150512497,129.53,2650.2,4952.33,0.735686274509804,0,1,0,0,0,0,-0.41497042150535474,-0.9098349022079051,0.7551091457389952,0.6555990985513365,0,6.274762021241939,5.786897381366708,4.770684624465665,6.173786103901937,Train
2023-06-18,459,38962.135216574,84.88482617989979,3996.0,514.0,38520.0,6104.0,252105.0,371823.0,550.986144305,0.12,545.54930148,128.15,2572.93,5221.66,0.7364705882352941,0,0,1,0,0,0,-0.430559616981873,-0.9025621398133332,0.7772136184407369,0.6292368324488457,0,6.419994928147142,6.92461239604856,4.844187086458591,7.0192966537150445,Train
2023-06-19,328,26916.597029635,82.06279582205792,4285.0,675.0,40310.0,7017.0,284104.0,336592.0,568.70491765,0.0,504.4945006,127.56,2853.39,4599.37,0.7372549019607844,0,0,0,0,0,0,-0.44602140294068493,-0.8950222947607636,0.7983981991447741,0.6021298162376464,0,6.429719478039138,6.18826412308259,5.0689042022202315,6.5337888379333435,Train
2023-06-20,226,16715.400562553,73.96194939182743,3916.0,362.0,38377.0,7316.0,242343.0,253133.0,558.342181409,0.33,438.22251311,129.0,2155.35,3494.52,0.7380392156862745,0,0,0,0,1,0,-0.46135120399057555,-0.8872175982116486,0.8186378142731416,0.5743101331528927,0,6.322565239927284,6.035481432524756,4.948759890378168,6.259581464064923,Train
2023-06-21,257,19847.601719674,77.22802225554085,4105.0,565.0,44220.0,9047.0,198502.0,309019.0,535.249587256,0.3,543.206328827,126.65,1754.42,3867.28,0.7388235294117647,0,0,0,0,0,1,-0.4765444837967782,-0.8791503597012642,0.8379085086871817,0.5458107099257243,0,6.22455842927536,5.87493073085203,5.0106352940962555,6.118097198041348,Train
2023-06-22,202,15184.40042444,75.1702991308911,4016.0,633.0,45056.0,12465.0,223794.0,260408.0,500.783481156,0.61,462.966361655,128.59,2157.38,3381.55,0.7396078431372549,0,0,0,1,0,0,-0.49159674642336193,-0.8708229664552749,0.8561874740403072,0.5166652778119296,0,6.302618975744905,5.834810737062605,5.043425116919247,6.674561391814426,Train
2023-06-23,199,15547.808170881,78.12968930090955,4573.0,512.0,41948.0,15984.0,136686.0,260440.0,482.257566312,1.53,415.27,126.08,1728.0,3436.72,0.7403921568627451,1,0,0,0,0,0,-0.5065035376636446,-0.8622378826833189,0.8734530757734233,0.4869083326684257,0,6.175867270105761,5.480638923341991,4.941642422609304,6.131226489483141,Train
2023-06-24,318,20945.205819589,65.86542710562578,4350.0,565.0,49379.0,14874.0,159282.0,307829.0,462.185310055,0.61,510.44033668,124.03,1983.17,4183.0,0.7411764705882353,0,1,0,0,0,0,-0.5212604463582775,-0.8533976488498016,0.8896848787211044,0.4565750941247385,0,6.220590170099739,6.970730078143525,4.795790545596741,6.284134161070802,Train
2023-06-25,302,20736.204048725,68.66292731365894,4342.0,600.0,41539.0,12616.0,148071.0,241240.0,492.392786719,0.71,549.119107695,124.79,2066.58,3582.46,0.7419607843137255,0,0,1,0,0,0,-0.5358631057005588,-0.8443048809221416,0.9048636712981586,0.42570146389790353,0,6.182084906716632,6.037870919922137,4.997212273764115,6.336825731146441,Train
2023-06-26,273,20151.701374774,73.81575595155311,4185.0,302.0,36251.0,15916.0,111603.0,268746.0,477.80485586,0.0,505.893511508,122.46,1483.67,3483.97,0.7427450980392157,0,0,0,0,0,0,-0.5503071945286518,-0.8349622695966594,0.918971488238027,0.39432398330000895,0,6.297109319933935,6.248042874508429,5.123963979403259,6.244166900663736,Train
2023-06-27,263,20958.906403227,79.69165932785931,3592.0,320.0,42820.0,13257.0,140230.0,256478.0,437.267288545,0.01,438.958800818,121.26,1751.26,3144.99,0.7435294117647059,0,0,0,0,1,0,-0.5645884386042955,-0.8253725795023503,0.9319916318560635,0.36247978998872726,0,6.26530121273771,5.7430031878094825,5.030437921392435,6.1092475827643655,Train
2023-06-28,282,21300.901355047,75.53511118810994,3805.0,214.0,55554.0,9033.0,144789.0,208460.0,384.450864065,0.0,544.483540295,119.41,1818.31,3007.21,0.744313725490196,0,0,0,0,0,1,-0.5787026118775987,-0.8155386483828007,0.9439086918125067,0.33020657401209075,0,6.333279628139691,5.627621113690637,5.1298987149230735,6.9411900550683745,Train
2023-06-29,205,15686.505653371,76.51953977254146,3377.0,340.0,38107.0,10760.0,121092.0,148141.0,378.240222183,0.35,466.51110722,116.07,1667.18,2661.67,0.7450980392156863,0,0,0,1,0,0,-0.5926455377376204,-0.8054633862564373,0.954708563351822,0.2975425331993734,0,6.336825731146441,5.332718793265369,4.90527477843843,6.240275845170769,Train
2023-06-30,258,19295.900075162,74.79031036884497,2771.0,154.0,36523.0,10774.0,119651.0,177387.0,292.092905765,0.65,370.236603114,110.45,1549.82,2761.26,0.7458823529411764,1,0,0,0,0,0,-0.6064130902482757,-0.7951497745554208,0.9643784639967451,0.2645263279510731,0,6.0867747269123065,6.56244409369372,4.77912349311153,6.137727054086234,Train
2023-07-01,252,20855.188438874,82.75868428124603,3633.0,300.0,42069.0,10273.0,147875.0,220657.0,379.935934861,0.49,526.348291951,122.59,1539.09,2856.52,0.7466666666666667,0,1,0,0,0,0,-0.6200011953692753,-0.7846008652433858,0.9729069486773338,0.23119703548133935,0,6.1070228877422545,6.0112671744041615,5.0369526024136295,6.154858094016418,Train
2023-07-02,264,20951.808071092,79.36290936019697,3762.0,338.0,53163.0,11542.0,199395.0,271757.0,441.441797558,0.53,506.347714373,128.0,2060.14,3072.47,0.7474509803921568,0,0,1,0,0,0,-0.6334058321617079,-0.773819779912309,0.9802839232770915,0.19759410356706875,0,6.192362489474872,5.71042701737487,5.153291594497779,6.19644412779452,Train
2023-07-03,250,19097.887536203,76.391550144812,3505.0,270.0,50109.0,13369.0,200263.0,254716.0,405.196933406,0.0,454.553816568,128.21,2155.64,2893.88,0.7482352941176471,0,0,0,0,0,0,-0.6466230339778838,-0.762809708858793,0.9865006565801179,0.1637573038584731,0,6.212606095751519,5.7430031878094825,5.181783550292085,6.54965074223381,Train
2023-07-04,248,20462.202879319,82.5088825778992,3445.0,262.0,33897.0,13513.0,186082.0,293389.0,384.538352163,0.31,476.96,128.02,2132.8,3207.46,0.7490196078431373,0,0,0,0,1,0,-0.6596488896351387,-0.7515739101399999,0.9915497906051809,0.1297266848062572,0,6.089044875446846,5.337538079701318,5.093750200806762,6.131226489483141,Train
2023-07-05,209,15206.002932454,72.75599489212439,3539.0,272.0,47580.0,9576.0,183019.0,306862.0,346.964010211,0.51,486.6,124.45,2023.12,3242.2,0.7498039215686274,0,0,0,0,0,1,-0.6724795445732231,-0.7401157086095325,0.9954253493144535,0.09554252426118082,0,6.1675164908883415,5.564520407322694,4.983606621708336,6.150602768446279,Train
2023-07-06,298,20119.199823979,67.51409336905705,3695.0,273.0,47372.0,9766.0,178660.0,297778.0,330.549795067,0.45,495.552064855,124.3,2005.38,3240.77,0.7505882352941177,0,0,0,1,0,0,-0.6851112019949128,-0.7284384949335707,0.9981227456866077,0.06124528180217159,0,6.16541785423142,6.748759547491679,4.948759890378168,6.1903154058531475,Train
2023-07-07,257,19890.389071148,77.39451000446694,3731.0,219.0,38058.0,15200.0,148785.0,299727.0,342.292954138,0.35,415.705121257,121.72,1757.07,3481.71,0.7513725490196078,1,0,0,0,0,0,-0.6975401239895528,-0.7165457245875096,0.9996387871459109,0.026875550849278614,0,6.1070228877422545,6.39024066706535,5.0369526024136295,6.095824562432225,Train
2023-07-08,227,18946.09985085,83.4629949376652,3884.0,335.0,41347.0,13956.0,162714.0,265479.0,343.630337658,0.86,451.680292661,121.72,1951.12,3367.23,0.7521568627450981,0,1,0,0,0,0,-0.7097626326391603,-0.7044409168334335,0.999971679340883,-0.007525989381743224,0,6.059123195581797,5.703782474656201,4.941642422609304,6.082218910376446,Train
2023-07-09,261,21058.792448638,80.68502853884291,4020.0,312.0,50562.0,13832.0,152838.0,284655.0,440.517432628,0.0,498.881852538,121.82,1870.57,3712.75,0.7529411764705882,0,0,1,0,0,0,-0.7217751111067896,-0.6921276536786992,0.9991210282680496,-0.041918622026437105,0,6.135564891081739,5.749392985908253,5.135798437050262,6.473890696352274,Train
2023-07-10,207,17270.102517732,83.43044694556522,3653.0,341.0,43741.0,13058.0,158537.0,276126.0,355.32323866,0.0,514.438313431,126.55,1881.73,3530.26,0.7537254901960785,0,0,0,0,0,0,-0.7335740047067976,-0.6796095788159783,0.9970878407382743,-0.07626164076313732,0,6.091309882077698,5.746203190540153,5.153291594497779,6.198478716492308,Train
2023-07-11,362,25818.609151927,71.32212472908012,4642.0,287.0,42995.0,12685.0,146015.0,230249.0,606.795214651,0.36,497.108486408,125.24,1814.65,2978.66,0.7545098039215686,0,0,0,0,1,0,-0.7451558219567395,-0.6668903965450215,0.9938745231851228,-0.11051439799204806,0,6.20050917404269,7.430114138561801,5.170483995038151,7.4999765409521215,Train
2023-07-12,337,23639.401213438,70.14659113779821,3830.0,230.0,38099.0,14419.0,145268.0,247030.0,463.369875935,0.45,532.395903145,125.02,1798.68,2918.65,0.7552941176470588,0,0,0,0,0,1,-0.7565171356105624,-0.6539738706764896,0.9894848788166606,-0.14463635294482008,0,6.169610732491456,6.70073110954781,5.181783550292085,7.470224135899966,Train
2023-07-13,238,19405.802306644,81.53698448169747,3900.0,244.0,45162.0,12231.0,130297.0,274281.0,381.941291125,0.25,427.559228179,123.63,1496.98,3201.12,0.756078431372549,0,0,0,1,0,0,-0.7676545836727677,-0.6408638234181967,0.9839241031140679,-0.17858711966762078,0,6.133398042996649,5.814130531825066,5.0689042022202315,6.597145701886651,Train
2023-07-14,233,18178.887693968,78.02097722733048,3804.0,246.0,48407.0,11061.0,164370.0,302612.0,380.707734291,0.69,433.06,121.07,1839.17,3603.89,0.7568627450980392,1,0,0,0,0,0,-0.7785648703932875,-0.6275641342440497,0.9771987776823883,-0.21232651482103293,0,6.059123195581797,5.703782474656201,4.844187086458591,6.318968113746434,Train
2023-07-15,275,22716.207451722,82.60439073353454,4983.0,317.0,48187.0,12314.0,158266.0,323805.0,577.409475051,0.35,556.148265305,120.93,1760.62,4209.71,0.7576470588235295,0,1,0,0,0,0,-0.7892447672427557,-0.6140787387460409,0.9693168624606882,-0.24581460524014323,0,6.180016653652572,5.529429087511423,4.897839799950911,6.318968113746434,Train
2023-07-16,337,28729.296831419,85.25013896563502,6016.0,317.0,43926.0,15707.0,131214.0,374859.0,618.987800118,0.83,533.175202358,120.97,1571.44,4851.87,0.7584313725490196,0,0,1,0,0,0,-0.7996911138678674,-0.6004116274696631,0.9602876863008679,-0.2790117551984608,0,6.317164686747284,5.627621113690637,5.241747015059643,6.419994928147142,Train
2023-07-17,267,20884.798670119,78.2202197382734,5255.0,332.0,34555.0,16068.0,138501.0,454683.0,489.632113337,0.36,389.18954873,124.96,1471.97,4922.12,0.7592156862745097,0,0,0,0,0,0,-0.8099008190265968,-0.5865668447330172,0.9501219359262347,-0.3118786733199049,0,6.222576268071369,5.720311776607412,5.0106352940962555,6.29156913955832,Train
2023-07-18,233,18987.406217301,81.4910138081588,4100.0,405.0,38126.0,14022.0,159486.0,431552.0,521.233888993,0.84,480.037974442,124.24,1916.9,5094.96,0.76,0,0,0,0,1,0,-0.819870861502921,-0.5725484874300675,0.9388316432829675,-0.3443764590830838,0,6.150602768446279,5.556828061699537,5.147494476813453,6.115892125483034,Train
2023-07-19,244,20448.799311363,83.8065545547664,3653.0,335.0,40441.0,11875.0,254940.0,418516.0,542.918532773,0.69,502.155180315,123.78,2559.53,4352.76,0.7607843137254902,0,0,0,0,0,1,-0.8295982910008727,-0.5583607038182677,0.9264301712993588,-0.37646664886313735,0,6.198478716492308,6.100318952020064,4.727387818712341,6.4425401664681985,Train
2023-07-20,263,20087.106992491,76.37683267106844,4585.0,373.0,38988.0,11430.0,224472.0,294361.0,477.349715818,0.31,500.104541733,122.2,2455.2,3240.27,0.7615686274509804,0,0,0,1,0,0,-0.8390802290175681,-0.5440076922910424,0.9129321980697731,-0.4081112614563491,0,6.07993319509559,5.7745515455444085,4.718498871295094,6.093569770045136,Train
2023-07-21,260,19714.208315704,75.82387813732308,4587.0,350.0,39006.0,13074.0,250151.0,243313.0,457.590540002,0.0,467.056248059,120.17,2689.47,3129.38,0.7623529411764706,1,0,0,0,0,0,-0.8483138696949906,-0.5294937001354318,0.8983536994820143,-0.43927284303377867,0,6.095824562432225,6.008813185442595,4.8283137373023015,6.016157159698354,Train
2023-07-22,303,23689.091582396,78.18182040394719,4939.0,367.0,35152.0,12379.0,287692.0,239653.0,503.496085702,0.47,485.463950154,120.23,3078.27,3095.6,0.7631372549019608,0,1,0,0,0,0,-0.8572964806503143,-0.5148230222752138,0.8827119303085983,-0.4699145114708294,0,6.129050210060545,5.69035945432406,4.787491742782046,6.150602768446279,Train
2023-07-23,305,24862.306572221,81.51575925318362,4568.0,548.0,29143.0,12875.0,304060.0,278744.0,678.015035792,0.41,486.278726433,120.14,3124.21,3387.53,0.763921568627451,0,0,1,0,0,0,-0.8660254037844377,-0.5000000000000016,0.8660254037844405,-0.49999999999999684,0,6.208590026096629,5.703782474656201,4.68213122712422,6.280395838960195,Train
2023-07-24,308,22735.597561363,73.81687519923052,4576.0,452.0,42852.0,11999.0,312280.0,293961.0,555.591680696,1.27,431.525233495,123.57,3030.677590018,3294.697590018,0.7647058823529411,0,0,0,0,0,0,-0.8744980560685742,-0.48502901968055984,0.8483138696949916,-0.5294937001354302,0,6.26530121273771,5.840641657373398,4.912654885736052,6.230481447578482,Train
2023-07-25,297,22579.902619746,76.02660814729293,4099.0,429.0,36414.0,6807.0,310576.0,289056.0,499.214859918,0.57,437.804404883,66.01,2979.34,3411.22,0.7654901960784314,0,0,0,0,1,0,-0.8827119303085991,-0.46991451147082797,0.8295982910008738,-0.5583607038182661,0,6.2422232654551655,6.39024066706535,4.997212273764115,6.401917196727186,Train
2023-07-26,261,20578.599057213,78.84520711575861,4304.0,437.0,40228.0,16835.0,283394.0,282389.0,401.383899508,0.67,515.588647829,208.85,3081.01,3611.91,0.7662745098039215,0,0,0,0,0,1,-0.8906645958869747,-0.45466094799695755,0.809900819026598,-0.5865668447330157,0,6.144185634125646,5.929589143389895,4.74493212836325,6.09807428216624,Train
2023-07-27,259,19899.404513493,76.83167765827413,4365.0,342.0,40941.0,14295.0,244579.0,287586.0,532.380668941,0.01,415.794361231,118.78,2671.22,3965.51,0.7670588235294118,0,0,0,1,0,0,-0.8983536994820134,-0.43927284303378045,0.7892447672427569,-0.6140787387460394,0,6.182084906716632,5.793013608384144,5.123963979403259,6.093569770045136,Train
2023-07-28,298,24912.299734633,83.59832125715772,4480.0,534.0,34600.0,11092.0,242845.0,300589.0,561.272261665,1.55,530.524520115,105.03,2944.009707091,3844.431283034,0.7678431372549019,1,0,0,0,0,0,-0.9057769657642543,-0.4237547501691291,0.7676545836727667,-0.6408638234181979,0,6.212606095751519,6.212606095751519,4.927253685157205,6.20455776256869,Train
2023-07-29,400,32713.704584417,81.78426146104249,4740.0,674.0,43094.0,6817.0,268278.0,553816.0,611.411035155,0.76,538.006359516,76.86,2832.74096553,7067.506331474,0.7686274509803922,0,1,0,0,0,0,-0.9129321980697738,-0.40811126145634763,0.7451558219567431,-0.6668903965450174,0,6.405228458030842,6.016157159698354,4.927253685157205,6.541029999189903,Train
2023-07-30,415,34500.597745845,83.13397047191566,4252.0,760.0,42066.0,21645.0,327945.0,554251.0,608.390479334,0.83,564.761974236,157.2,2655.548409683,6563.992343384,0.7694117647058824,0,0,1,0,0,0,-0.9198172790502193,-0.3923470060554191,0.721775111106791,-0.6921276536786979,0,6.483107351457199,6.259581464064923,4.718498871295094,6.633318433280377,Train
2023-07-31,524,40056.41028129,76.44353107116413,3856.0,1022.0,37312.0,19162.0,582020.0,469638.0,549.716842822,2.85,462.611180942,99.06,4851.214312275,4706.898838665,0.7701960784313725,0,0,0,0,0,0,-0.9264301712993567,-0.37646664886314246,0.6975401239895517,-0.7165457245875109,0,6.661854740545311,7.1592919047975645,5.017279836814924,6.760414691083428,Train
2023-08-01,364,30559.497863299,83.95466445961263,4443.0,893.0,36539.0,27078.0,563254.0,660523.0,591.017487688,0.74,473.138905325,139.98,4324.751879198,5267.470523472,0.7709803921568628,0,0,0,0,1,0,-0.9327689179559784,-0.3604748891327012,0.6724795445732219,-0.7401157086095336,0,6.47543271670409,6.466144724237619,5.153291594497779,6.582025138892826,Train
2023-08-02,352,28925.892563514,82.1758311463466,5135.0,792.0,48468.0,25727.0,521588.0,786588.0,608.090819482,0.5,556.642643546,140.61,4110.604692878,6000.593078077,0.7717647058823529,0,0,0,0,0,1,-0.9388316432829669,-0.3443764590830856,0.6466230339778852,-0.7628097088587917,0,6.517671272912275,6.55250788703459,5.135798437050262,6.727431724850855,Train
2023-08-03,392,33221.994577383,84.74998616679336,3903.0,904.0,36591.0,19584.0,376527.0,736019.0,591.937680205,0.84,591.763494321,132.07,3668.335623359,6374.8511911,0.7725490196078432,0,0,0,1,0,0,-0.9446165532223592,-0.3281761224987429,0.6200011953692824,-0.7846008652433802,0,6.548219102762372,6.994849985833071,5.030437921392435,6.584791392385716,Train
2023-08-04,391,33513.104548929,85.71126483102046,4181.0,806.0,41181.0,19375.0,314600.0,828817.0,572.19041778,0.33,439.162117425,131.2,2915.957742021,7612.022181755,0.7733333333333333,1,0,0,0,0,0,-0.9501219359262363,-0.3118786733199,0.5926455377376192,-0.8054633862564382,0,6.584791392385716,6.93828448401696,4.787491742782046,6.697034247666484,Train
2023-08-05,452,41069.600865542,90.8619488175708,4209.0,1130.0,35599.0,21220.0,465446.0,1000958.0,584.915265338,0.0,633.450583146,129.97,4211.672994048,9499.135874956,0.7741176470588236,0,1,0,0,0,0,-0.9553461622632786,-0.29548893422398304,0.5645884386042972,-0.8253725795023492,0,6.661854740545311,6.665683717782408,4.48863636973214,6.642486801367256,Train
2023-08-06,534,46000.105846863,86.14252031247753,4622.0,1334.0,32151.0,23102.0,476190.0,1196582.0,712.047938898,1.09,581.72956182,127.28,4407.666660967,10262.738222321,0.7749019607843137,0,0,1,0,0,0,-0.9602876863008665,-0.27901175519846605,0.5358631057005574,-0.8443048809221425,0,6.950814768442584,6.732210706467206,5.0238805208462765,6.70808408385307,Train
2023-08-07,440,35425.709615778,80.51297639949546,5946.0,1148.0,42110.0,39171.0,514357.0,1292876.0,626.681791035,0.42,501.566385189,149.78,4562.534360188,9737.4868287,0.7756862745098039,0,0,0,0,0,0,-0.9649450457625336,-0.2624520121057218,0.5065035376636494,-0.8622378826833161,0,7.010311867307229,6.826545223556594,5.288267030694535,6.933423025730715,Train
2023-08-08,530,44502.796612669,83.96754077862076,5505.0,977.0,25766.0,28319.0,717062.0,1194149.0,651.125998497,1.85,458.620039444,156.94,5245.985124294,8807.253552278,0.7764705882352941,0,0,0,0,1,0,-0.9693168624606876,-0.24581460524014512,0.47654448379677994,-0.8791503597012632,0,6.967909201801884,7.180069874302796,5.337538079701318,6.8690144506657065,Train
2023-08-09,410,34759.593788125,84.77949704420732,4789.0,754.0,30622.0,25527.0,620422.0,1045394.0,606.505952767,2.34,341.103075351,156.57,4359.984967392,8150.899216869,0.7772549019607843,0,0,0,0,0,1,-0.9734018427044308,-0.2291044578781012,0.4460214029406867,-0.8950222947607627,0,6.871091294610546,6.794586580876499,5.0369526024136295,6.56244409369372,Train
2023-08-10,370,29469.80277268,79.64811560183783,4386.0,970.0,28504.0,19638.0,540174.0,948436.0,588.826951141,0.64,349.393321851,156.43,4669.516448287,8055.527204292,0.7780392156862745,0,0,0,1,0,0,-0.977198777682387,-0.21232651482103831,0.4149704215053598,-0.9098349022079028,0,6.790097235513905,6.742880635791903,5.176149732573829,6.54534966033442,Train
2023-08-11,474,40173.102321479,84.75338042506118,5770.0,1112.0,46431.0,18522.0,543730.0,933899.0,830.911036096,1.09,642.632471716,201.68,4553.356137111,8185.142506016,0.7788235294117647,1,0,0,0,0,0,-0.9807065438204114,-0.19548574093223126,0.3834282907116417,-0.9235706501843531,0,6.874198495453294,6.966024187106113,5.332718793265369,6.78105762593618,Train
2023-08-12,493,41741.103277541,84.66755228710142,7622.0,1125.0,56478.0,19085.0,685781.0,922415.0,1009.711835432,0.75,796.340432207,207.12,6428.441055718,8599.027627384,0.779607843137255,0,1,0,0,0,0,-0.9839241031140682,-0.17858711966761923,0.351432343093374,-0.9362132813776469,0,6.946013991099227,6.825460036255307,5.517452896464707,6.776506992372183,Train
2023-08-13,528,46280.900683686,87.65322099182954,10113.0,1011.0,42604.0,23326.0,570486.0,876298.0,1289.580712662,1.18,649.205357342,208.53,5686.375344569,8950.73789941,0.7803921568627451,0,0,1,0,0,0,-0.9868505034357962,-0.16163565160111054,0.3190204483114578,-0.9477478322629688,0,6.96979066990159,6.840546529288687,5.703782474656201,6.656726524178391,Train
2023-08-14,495,39401.197134244,79.59837804897778,9475.0,969.0,38784.0,22526.0,629126.0,1069407.0,1313.140885302,1.55,411.151642285,208.3,5284.044469048,9259.441631762,0.7811764705882352,0,0,0,0,0,0,-0.9894848788166603,-0.14463635294482202,0.28623096833218187,-0.9581606508136418,0,6.994849985833071,6.9782137426306985,5.783825182329737,6.93828448401696,Train
2023-08-15,495,44523.806569375,89.94708397853536,8567.0,855.0,43824.0,23045.0,700861.0,1025716.0,973.83535484,1.42,401.040260498,208.0,5628.307094867,8221.480824415,0.7819607843137255,0,0,0,0,1,0,-0.9918264497026016,-0.12759425406472197,0.25310271202292983,-0.9674394126593343,0,6.824373670043086,6.78105762593618,5.638354669333745,6.810142450115136,Train
2023-08-16,471,40364.295710196,85.69914163523566,8812.0,992.0,43544.0,26541.0,749984.0,938655.0,996.997028055,0.83,707.497940398,225.95,6182.944885198,8019.111301093,0.7827450980392157,0,0,0,0,0,1,-0.9938745231851226,-0.11051439799205,0.21967488921887912,-0.9755731356729096,0,6.898714534329988,6.704414354964107,5.723585101952381,7.1098794630722715,Train
2023-08-17,461,39404.828963315,85.476852415,8598.0,760.0,38894.0,23101.0,574853.0,973156.0,904.844273141,0.38,538.929293816,236.17,5050.034120306,8808.51705295,0.7835294117647059,0,0,0,1,0,0,-0.9956284932063293,-0.09340183893101002,0.18598706431516354,-0.9825521929686113,0,6.786716950605081,7.0192966537150445,5.799092654460526,7.099201743553092,Train
2023-08-18,444,39428.302388342,88.80248285662613,7893.0,674.0,32570.0,21012.0,503147.0,1121881.0,878.232418796,0.0,334.342321883,262.64,4324.462685055,10087.870186679,0.7843137254901961,1,0,0,0,0,0,-0.9970878407382744,-0.07626164076313574,0.15207910943934597,-0.9883683242962289,0,6.778784897685177,6.648984550024776,5.707110264748875,7.039660349862076,Train
2023-08-19,527,44838.787528136,85.08308828868311,8971.0,811.0,34693.0,29956.0,495130.0,991433.0,973.084653846,0.68,417.059300663,269.93,4202.916272641,9175.439343137,0.7850980392156863,0,1,0,0,0,0,-0.9982521339365442,-0.05909887554882782,0.11799115725973525,-0.9930146458177284,0,6.802394763324311,7.095064377287131,5.631211781821365,6.875232087276577,Train
2023-08-20,554,46850.406181841,84.56752018382852,10973.0,867.0,46739.0,31113.0,542624.0,1048554.0,1338.8262365,0.35,719.537237816,267.83,4455.656768681,9422.90641238,0.7858823529411765,0,0,1,0,0,0,-0.9991210282680495,-0.04191862202643906,0.08376355348527101,-0.9964856582548091,0,6.885509670034818,6.759255270663693,5.860786223465865,6.866933284461882,Train
2023-08-21,431,36132.101691102,83.83318257796287,9394.0,796.0,42194.0,24573.0,489221.0,1187391.0,1110.988360387,0.6,709.520968532,223.85,3924.676201783,9551.799349619,0.7866666666666666,0,0,0,0,0,0,-0.9996942666129788,-0.024725964109383363,0.04943680911325767,-0.9987772533977229,0,6.942156705699469,6.802394763324311,5.932245187448011,6.8690144506657065,Train
2023-08-22,372,31306.502350198,84.15726438225269,9678.0,692.0,41666.0,38077.0,594384.0,1157200.0,1086.550226418,1.11,526.747673808,299.06,4488.448759573,8784.165622214,0.7874509803921569,0,0,0,0,1,0,-0.999971679340883,-0.0075259893817451835,0.015051552481530771,-0.9998867189676517,0,6.8416154764775925,6.680854678790215,5.786897381366708,6.933423025730715,Train
2023-08-23,396,30573.891523983,77.20679677773485,8809.0,852.0,38250.0,30309.0,545172.0,972938.0,1027.275411692,0.51,572.609133175,310.96,4504.231320837,8596.981769378,0.788235294117647,0,0,0,0,0,1,-0.9999531843608731,0.009676212407229028,-0.01935151881832171,-0.9998127418269004,0,6.856461984594587,6.939253946041508,5.840641657373398,6.7661917146603505,Train
2023-08-24,462,36898.995484686,79.86795559455844,8814.0,845.0,37740.0,33077.0,531273.0,1023329.0,1064.431471829,0.01,517.84820701,314.39,4255.124222314,8449.743481228,0.7890196078431373,0,0,0,1,0,0,-0.9996387871459109,0.026875550849280207,-0.05373168610970544,-0.9985554095330955,0,6.8501261661455,7.2115567333138015,5.802118375377063,6.763884908562435,Train
2023-08-25,420,33619.498607676,80.04642525637144,10063.0,680.0,41725.0,35824.0,507091.0,831577.0,1157.738034055,0.56,531.484739013,310.77,4167.354225677,7226.177657547,0.7898039215686274,1,0,0,0,0,0,-0.9990285807311908,0.04406693638344549,-0.08804825782465045,-0.9961162102355547,0,6.807934943699926,6.854354502255021,5.683579767338681,6.739336627357174,Train
2023-08-26,474,36564.304053341,77.13988196907384,10217.0,804.0,46569.0,32138.0,498103.0,687329.0,1195.384302042,1.18,632.130955383,273.62,4579.482289164,6791.580468331,0.7905882352941176,0,1,0,0,0,0,-0.9981227456866079,0.06124528180216964,-0.1222606176654632,-0.9924980309139456,0,6.6895992691789665,6.996681488176539,5.627621113690637,7.24422751560335,Train
2023-08-27,510,43970.785640261,86.21722674560979,10879.0,930.0,43545.0,50688.0,504177.0,671853.0,1475.616671074,0.88,561.754826088,330.77,4670.719985813,6924.989841282,0.7913725490196079,0,0,1,0,0,0,-0.9969215500633254,0.07840550375666669,-0.15632827267718405,-0.9877051539613266,0,6.895682697747868,6.732210706467206,5.802118375377063,6.838405200847344,Train
2023-08-28,440,35970.805639185,81.75183099814772,8492.0,719.0,36274.0,30384.0,362078.0,757113.0,1132.099817172,1.51,350.552861829,294.77,3610.446846135,8221.60858095,0.792156862745098,0,0,0,0,0,0,-0.995425349314454,0.09554252426117534,-0.1902109011741303,-0.9817432521156054,0,6.834108738813838,6.582025138892826,5.8289456176102075,6.79794041297493,Train
2023-08-29,497,40699.493909406,81.89032979759759,7449.0,769.0,42572.0,22363.0,387469.0,706105.0,1069.2490555,1.47,636.533943713,277.94,4419.921961645,7516.187859349,0.7929411764705883,0,0,0,0,1,0,-0.9936345861898662,0.11265127219562723,-0.2238684004637281,-0.9746193817454134,0,6.694562058521095,7.528331766707247,5.814130531825066,6.582025138892826,Train
2023-08-30,543,46125.700081566,84.9460406658674,8084.0,664.0,43856.0,25590.0,534285.0,578918.0,961.625672162,0.34,542.650392986,313.66,6020.505449489,5762.485478517,0.7937254901960784,0,0,0,0,0,1,-0.9915497906051816,0.12972668480625174,-0.2572609343110866,-0.9663419744983588,0,6.679599185844383,7.018401799069201,5.802118375377063,6.837332814685591,Train
2023-08-31,630,51841.801248107,82.28857340969365,8064.0,932.0,48861.0,25227.0,445121.0,596115.0,1037.613024302,1.66,481.392269586,267.68,4452.385987383,5908.462434252,0.7945098039215687,0,0,0,1,0,0,-0.9891715794849546,0.14676370920374043,-0.290348980088269,-0.9569208273215198,0,6.635946555686647,7.4205789054108005,5.723585101952381,7.317212408359839,Train
2023-09-01,525,47120.402023676,89.7531467117638,9368.0,820.0,40206.0,34598.0,472090.0,682998.0,1046.775076726,0.0,479.720934502,317.63,4380.543150245,6807.779111648,0.7952941176470588,1,0,0,0,0,0,-0.9865006565801182,0.16375730385847118,-0.32309337555234346,-0.9463670908660087,0,6.8658910748834385,6.804614520062624,5.673323267171493,6.942156705699469,Train
2023-09-02,517,47680.400761788,92.22514654117602,9474.0,681.0,39785.0,31083.0,417209.0,807624.0,1242.133952037,0.02,577.015224325,299.85,3946.189041601,8184.438444461,0.796078431372549,0,1,0,0,0,0,-0.9835378122597298,0.18070244009239203,-0.35545536519693227,-0.934693256289311,0,6.664409020350408,6.486160788944089,5.5093883366279774,6.988413181999592,Train
2023-09-03,678,60271.00101797,88.89528173741887,9470.0,646.0,47662.0,35129.0,507094.0,798837.0,1364.589473698,0.0,745.266092234,321.02,4801.078117891,7710.466175584,0.7968627450980392,0,0,1,0,0,0,-0.9802839232770918,0.1975941035670668,-0.3873966461222885,-0.9219131404710545,0,6.7464121285733745,7.3777589082278725,5.849324779946859,7.445417556701687,Train
2023-09-04,845,76351.291251078,90.35655769358343,11440.0,844.0,40700.0,32044.0,1303.0,4134.0,1447.13797996,1.13,472.322419003,318.7,11.535317355,34.420443048,0.7976470588235294,0,0,0,0,0,0,-0.9767399525103051,0.2144272957675092,-0.41887941336974016,-0.9080418696596663,0,6.858565034791365,7.639642287858013,5.808142489980444,6.879355804460439,Train
2023-09-05,525,46590.290902254,88.74341124238856,10368.0,784.0,44941.0,23100.0,549610.0,822940.0,1364.760705693,0.36,373.065338174,315.97,4766.789599523,7176.163249799,0.7984313725490196,0,0,0,0,1,0,-0.9729069486773351,0.231197035481334,-0.44986640466678046,-0.8930958615692856,0,6.81783057145415,6.98100574072173,5.82600010738045,6.894670039433482,Train
2023-09-06,466,41814.795226364,89.73132022824893,9567.0,802.0,46434.0,25150.0,514844.0,750490.0,1326.840953098,0.82,739.109293807,316.78,4852.876741334,6952.324239842,0.7992156862745098,0,0,0,0,0,1,-0.9687860460256837,0.24789836027275722,-0.48032094452978985,-0.8770928059481565,0,6.703188113240863,6.539585955617669,5.71042701737487,6.741700694652055,Train
2023-09-07,363,30427.601346318,83.82259324054544,8006.0,745.0,46148.0,23378.0,470849.0,715689.0,1196.091465174,0.3,851.879816264,304.61,4820.977518595,6654.59531625,0.8,0,0,0,1,0,0,-0.9643784639967455,0.2645263279510712,-0.5102069876723069,-0.8600516436414446,0,6.762729506931879,6.428105272684596,5.683579767338681,6.717804695023691,Validation
2023-09-08,426,34988.403316566,82.13240215156338,9227.0,614.0,36827.0,21986.0,411815.0,614580.0,1115.91074219,0.18,561.309692701,271.23,4436.194613679,6051.502266411,0.8007843137254902,1,0,0,0,0,0,-0.9596855068649524,0.28107601803312854,-0.5394891616674108,-0.8419925441732808,0,6.6240652277998935,6.606650186198215,5.736572297479192,6.709304340258299,Validation
2023-09-09,400,31821.197482084,79.55299370521,8488.0,875.0,36014.0,18914.0,357713.0,599387.0,1129.978978471,1.08,555.712694777,212.23,3791.468854266,6456.348337757,0.8015686274509803,0,1,0,0,0,0,-0.9547085633518235,0.29754253319936813,-0.568132808813662,-0.8229368818746058,0,6.5998704992128365,6.2878585601617845,5.552959584921617,6.767343125265392,Validation
2023-09-10,430,34233.394736326,79.61254589843256,8665.0,1109.0,42124.0,7672.0,335862.0,597234.0,1122.263268488,0.62,665.981478664,87.02,3868.032339688,6551.782223932,0.8023529411764706,0,0,1,0,0,0,-0.9494491062150142,0.31392100074303836,-0.5961040271552012,-0.8029072105849786,0,6.633318433280377,6.546785410760524,5.641907070938114,8.142063283104147,Validation
2023-09-11,355,28423.398672597,80.06591175379437,8149.0,774.0,39969.0,11198.0,351666.0,587395.0,1088.805482508,0.32,555.112276493,153.17,3926.066825128,6212.770093033,0.8031372549019608,0,0,0,0,0,0,-0.9439086918125085,0.33020657401208553,-0.6233697106072758,-0.7819272369584022,0,6.556778356158042,6.300785794663244,5.69035945432406,6.70073110954781,Validation
2023-09-12,357,26651.199250352,74.65321918866107,8307.0,537.0,40402.0,9142.0,357974.0,420560.0,1050.370054578,0.93,704.221372257,140.94,3840.029375143,4529.494467291,0.803921568627451,0,0,0,0,1,0,-0.9380889596420661,0.3463944338433662,-0.6498975881398518,-0.7600217924046676,0,6.489204931325317,6.642486801367256,5.645446897643238,6.548219102762372,Validation
2023-09-13,368,31776.496255927,86.34917460849728,8642.0,657.0,47112.0,4062.0,317325.0,465671.0,1045.605629215,0.35,800.429745439,65.43,3247.83520168,5166.220809815,0.8047058823529412,0,0,0,0,0,1,-0.9319916318560629,0.3624797899887287,-0.6756562619728765,-0.7372168036994542,0,6.508769136971682,6.335054251498059,5.6937321388027,6.8001700683022,Validation
2023-09-14,384,29678.202510143,77.2869857034974,8306.0,638.0,39169.0,2091.0,353779.0,405060.0,1066.254397097,0.49,691.031529948,28.32,3493.656331075,4794.883291986,0.8054901960784314,0,0,0,1,0,0,-0.9256185127518927,0.3784578825324879,-0.7006152447379038,-0.7135392622980512,0,6.501289670540389,7.282073658093465,5.541263545158426,6.558197802812269,Validation
2023-09-15,499,35763.594073229,71.67052920486773,7675.0,557.0,33019.0,1793.0,325625.0,445113.0,910.525199988,0.01,544.797633484,29.73,3110.822314855,5180.82801586,0.8062745098039216,1,0,0,0,0,0,-0.9189714882380278,0.3943239833000072,-0.7247449955623096,-0.6890171923888313,0,6.432940092739179,7.384610383176974,5.71042701737487,7.535830462798367,Validation
2023-09-16,358,29413.093841727,82.15948000482402,8911.0,853.0,41735.0,2678.0,335276.0,505019.0,1043.4817912,0.31,548.079925201,25.97,3131.69430393,5600.705239914,0.8070588235294117,0,1,0,0,0,0,-0.9120525252759653,0.41007339725680186,-0.7480169550331204,-0.6636796177245303,0,6.453624998892692,6.400257445308821,5.655991810819852,6.846943139585379,Validation
2023-09-17,429,36195.391740048,84.3715425175944,8756.0,927.0,53989.0,5422.0,340382.0,623872.0,1104.733197558,2.54,897.830794747,70.23,3039.369772164,6619.871675131,0.807843137254902,0,0,1,0,0,0,-0.9048636712981579,0.425701463897905,-0.770403578999317,-0.6375565272703615,0,6.6052979209482015,6.371611847231857,5.641907070938114,6.674561391814426,Validation
2023-09-18,407,32100.905596762,78.87200392324816,7874.0,748.0,48824.0,10776.0,310656.0,559980.0,1103.40859456,1.92,668.796162781,175.19,2559.992599414,6176.025199466,0.8086274509803921,0,0,0,0,0,0,-0.8974070536021568,0.44120355862696264,-0.791878371172418,-0.6106788397098086,0,6.60934924316738,7.285506548522786,6.040254711277414,6.705639094860003,Validation
2023-09-19,342,28979.398784992,84.73508416664328,6251.0,472.0,37539.0,12157.0,297967.0,524620.0,768.835247894,0.31,421.614672047,221.84,2578.314918908,5804.135113684,0.8094117647058824,0,0,0,0,1,0,-0.8896848787211052,0.4565750941247368,-0.8124159144868873,-0.5830783668499755,0,6.436150368369428,6.326149473155099,5.908082938168931,6.561030665896573,Validation
2023-09-20,361,25730.391806761,71.2753235644349,7712.0,640.0,33590.0,7663.0,291225.0,528497.0,1062.942063704,0.0,694.42561788,83.32,2749.630412266,5599.593672092,0.8101960784313725,0,0,0,0,0,1,-0.8816994317707852,0.47181152170657564,-0.8319919011831944,-0.5547877759698511,0,6.428105272684596,7.045776576879511,5.877735781779639,6.543911845564792,Validation
2023-09-21,366,27581.000330322,75.35792439978688,6413.0,585.0,46091.0,21103.0,313914.0,545888.0,949.416636961,0.63,776.799293927,208.88,3059.830383821,5227.025957309,0.8109803921568628,0,0,0,1,0,0,-0.8734530757734243,0.486908332668424,-0.8505831615778893,-0.5258405511561107,0,6.501289670540389,6.51471269087253,5.91350300563827,6.51471269087253,Validation
2023-09-22,361,28747.389202714,79.63265707122991,6640.0,1535.0,35274.0,35082.0,300237.0,445980.0,899.715515087,1.48,595.700811205,286.81,2971.762437449,4296.494983664,0.8117647058823529,1,0,0,0,0,0,-0.8649482509584351,0.5018610596210309,-0.8681676914867152,-0.4962709536721121,0,6.683360945766275,6.184148890937483,5.726847747587197,6.663132695990803,Validation
2023-09-23,361,27904.295224212,77.29721668756787,7748.0,920.0,35474.0,16100.0,325993.0,597149.0,1046.2610081,0.95,367.75134466,120.69,2960.556887825,5548.149300312,0.8125490196078431,0,1,0,0,0,0,-0.8561874740403063,0.516665277811931,-0.8847246782682606,-0.46611398140704036,0,6.480044561926653,6.5337888379333435,5.552959584921617,6.650279048587422,Validation
2023-09-24,377,29670.402158315,78.70133198492042,10799.0,1251.0,44591.0,64517.0,311306.0,590616.0,1471.44305425,2.35,523.113225234,547.81,2790.809791219,5588.376851486,0.8133333333333334,0,0,1,0,0,0,-0.847173337473877,0.5313166064347815,-0.9002345254572964,-0.43540532745325505,0,6.566672429803241,6.322565239927284,5.840641657373398,6.473890696352274,Validation
2023-09-25,473,36765.000165132,77.727273076389,9270.0,952.0,49542.0,91851.0,334548.0,600676.0,1207.143388972,1.57,733.544415759,650.8,2814.658118612,5269.492195056,0.8141176470588235,0,0,0,0,0,0,-0.8379085086871808,0.5458107099257257,-0.9146788759587124,-0.4041813378607507,0,6.595780513961311,7.221835825288449,5.768320995793772,7.40184157874383,Validation
2023-09-26,343,37479.608807278,109.26999652267638,9209.0,423.0,61309.0,84388.0,389292.0,575851.0,1205.609944459,0.0,881.277538174,659.64,3112.882205837,4863.920033395,0.8149019607843138,0,0,0,0,1,0,-0.8283957292921144,0.56014329924635,-0.9280406337745423,-0.3724789686188281,0,6.498282149476434,6.593044534142437,5.908082938168931,6.673297967767654,Validation
2023-09-27,314,26722.003871732,85.10192315838216,8300.0,317.0,41261.0,74562.0,337921.0,534556.0,1121.205920322,0.41,597.628312636,649.95,2782.071744135,4649.99589452,0.8156862745098039,0,0,0,0,0,1,-0.8186378142731447,0.5743101331528881,-0.9403039842383982,-0.3403357419158238,0,6.483107351457199,6.376726947898627,5.786897381366708,6.493753839851687,Validation
2023-09-28,323,25372.697914885,78.55324431852941,7446.0,265.0,34254.0,39547.0,287191.0,434962.0,986.29675191,0.0,651.120601432,341.07,2658.982432615,4184.910126149,0.8164705882352942,0,0,0,1,0,0,-0.8086376511543116,0.5883070194512706,-0.9514544127333389,-0.30778970172872455,0,6.320768294250582,6.142037405587356,5.676753802268282,6.391917113392602,Validation
2023-09-29,302,24151.896382886,79.97316683074834,6587.0,642.0,46150.0,11157.0,266908.0,405738.0,926.746900723,0.0,627.326602984,115.16,2718.328857328,4065.025810867,0.8172549019607843,1,0,0,0,0,0,-0.7983981991447774,0.602129816237642,-0.9614787218710181,-0.2748793687952471,0,6.285998094508865,6.008813185442595,5.634789603169249,6.352629396319567,Validation
2023-09-30,381,28494.293374516,74.78817158665618,7474.0,789.0,45637.0,7072.0,261576.0,465669.0,975.105780596,0.33,701.276978727,81.63,2841.548607911,5761.48020205,0.8180392156862745,0,1,0,0,0,0,-0.7879224882631221,0.6157744331240541,-0.9703650471118365,-0.24164369502149957,0,6.253828811575473,7.156176637480615,5.752572638825633,6.369900982828227,Validation
2023-10-01,405,34995.702980272,86.40914316116543,10119.0,1091.0,40579.0,14394.0,320032.0,571297.0,1343.243299535,0.44,555.378239014,146.44,2947.471664228,5787.204355917,0.8188235294117647,0,0,1,0,0,0,-0.7772136184407381,0.6292368324488441,-0.9781028708075092,-0.2081220173794905,0,6.398594934535208,6.428105272684596,5.840641657373398,6.424869023905388,Validation
2023-10-02,377,29436.902520607,78.08196955068169,8146.0,601.0,33318.0,21869.0,342158.0,575358.0,871.658556804,0.4,380.052617678,254.96,3201.880841558,5409.400628111,0.8196078431372549,0,0,0,0,0,0,-0.7662747586044906,0.6425130304714681,-0.9846830346495279,-0.1743540113487405,0,6.502790045915623,6.416732282512326,5.726847747587197,6.716594773520978,Validation
2023-10-03,316,25004.897964935,79.12942393966772,7095.0,537.0,41623.0,22954.0,326136.0,567791.0,986.347878087,0.48,730.197025812,204.74,3129.19997745,5291.45474701,0.8203921568627451,0,0,0,0,1,0,-0.7551091457389965,0.6555990985513349,-0.9900977505087094,-0.14037964395735403,0,6.440946540632921,6.194405391104672,5.575949103146316,6.361302477572996,Validation
2023-10-04,309,25068.997194526,81.12944075898382,7951.0,724.0,44035.0,14117.0,372839.0,539360.0,1011.631682816,0.54,630.904224971,134.95,3502.763766312,4779.741498559,0.8211764705882353,0,0,0,0,0,1,-0.7437200839287426,0.6684911643103625,-0.9943406096530513,-0.10623912647795192,0,6.318968113746434,6.163314804034641,5.583496308781699,6.504288173536645,Validation
2023-10-05,371,26864.098078899,72.40996786765228,8656.0,485.0,45324.0,35580.0,335240.0,420455.0,761.336693008,0.01,696.130184161,273.8,3305.095634518,3755.313007459,0.8219607843137255,0,0,0,1,0,0,-0.7321109433803463,0.6811854127788846,-0.9974065903329596,-0.07197286683452125,0,6.439350371100098,7.347299700743164,5.75890177387728,7.995306620290822,Validation
2023-10-06,373,27361.602310979,73.35550217420644,8896.0,540.0,41871.0,26722.0,273616.0,437778.0,996.540914765,0.29,656.172436591,207.33,2751.597749184,4106.069263267,0.8227450980392157,1,0,0,0,0,0,-0.7202851594252713,0.693678087524546,-0.9992920637248697,-0.03762142177657681,0,6.322565239927284,7.496097345175956,5.594711379601839,7.963807953231451,Validation
2023-10-07,346,27373.597624288,79.11444400083236,7654.0,533.0,42503.0,20934.0,240145.0,472852.0,999.208343482,0.01,644.107249024,150.42,2442.9236764,4670.645083721,0.8235294117647058,0,1,0,0,0,0,-0.7082462315032508,0.7059654917638989,-0.9999947982262414,-0.003225448877112704,0,6.259581464064923,6.851184927493743,5.4680601411351315,6.741700694652055,Validation
2023-10-08,334,27098.206121469,81.13235365709282,8006.0,579.0,39649.0,37775.0,234779.0,574617.0,849.42770795,1.12,564.213058274,252.62,2316.386539441,5269.21640317,0.8243137254901961,0,0,1,0,0,0,-0.6959977221267399,0.718043989456349,-0.9995139620968314,0.03117434158877866,0,6.352629396319567,6.274762021241939,5.6240175061873385,6.651571873589727,Validation
2023-10-09,378,28798.798702201,76.1872981539709,6890.0,404.0,38349.0,29314.0,230419.0,572752.0,896.734391697,0.12,512.624098609,231.6,2235.086450396,5028.528488982,0.8250980392156863,0,0,0,0,0,0,-0.683543255826725,0.7299100063801018,-0.9978501244431209,0.06553723482760056,0,6.429719478039138,7.221835825288449,5.802118375377063,6.654152520183219,Validation
2023-10-10,642,43007.302258408,66.98956738069782,6740.0,446.0,45232.0,26748.0,245824.0,591710.0,758.228340404,0.77,783.541683166,227.81,2458.621336924,4575.811576858,0.8258823529411765,0,0,0,0,1,0,-0.6708865180801575,0.741560031189844,-0.995005254544735,0.09982255971656483,0,6.504288173536645,7.739359202689098,5.872117789475416,7.517520850603031,Validation
2023-10-11,532,43729.809180965,82.19888943790413,6638.0,370.0,44858.0,19246.0,244520.0,547320.0,638.406221749,0.64,667.800373213,218.08,2370.724210748,4470.681911103,0.8266666666666667,0,0,0,0,0,1,-0.6580312542193666,0.7529906164558011,-0.9909827195236496,0.13398973694097466,0,6.400257445308821,7.403670290012373,5.834810737062605,6.826545223556594,Validation
2023-10-12,345,26496.993854776,76.80288073848116,5494.0,430.0,39877.0,24870.0,244262.0,634502.0,617.190198033,0.74,492.70350514,216.09,2314.831049534,4876.948559755,0.8274509803921568,0,0,0,1,0,0,-0.6449812683237472,0.7641983796838948,-0.9857872803589421,0.16799832702298056,0,6.329720905522696,6.796823718274855,5.66988092298052,6.828712071641684,Validation
2023-10-13,297,23368.596755578,78.68214395817509,6169.0,355.0,44626.0,23075.0,209980.0,618282.0,627.288401309,1.21,657.916257058,201.38,1971.567255109,5049.251286055,0.8282352941176471,1,0,0,0,0,0,-0.6317404220940748,0.775180004316675,-0.9794250862518059,0.2018080781848005,0,6.302618975744905,6.289715570908998,5.683579767338681,6.569481420414296,Validation
2023-10-14,306,26317.405089925,86.00459179714052,8258.0,603.0,56548.0,26200.0,230047.0,568026.0,806.725062923,0.57,700.387036998,200.81,2248.181687676,5279.320036522,0.8290196078431372,0,1,0,0,0,0,-0.618312633709784,0.7859322407147263,-0.9719036673475087,0.23537897398974097,0,5.886104031450156,5.860786223465865,5.0106352940962555,6.135564891081739,Validation
2023-10-15,385,31250.904204347,81.17117975155065,10580.0,787.0,47473.0,21909.0,249746.0,616666.0,1253.850432418,1.04,717.488541269,196.86,2411.336853683,5470.613341892,0.8298039215686275,0,0,1,0,0,0,-0.604701876669482,0.7964519071183185,-0.9632319258228703,0.2686712807048131,0,6.508769136971682,6.7226297948554485,5.823045895483019,6.53813982376767,Validation
2023-10-16,328,29654.308164705,90.40947611190548,10071.0,489.0,41711.0,18847.0,284358.0,554203.0,1101.987184006,0.18,584.673471447,193.12,2552.720157418,4718.766928529,0.8305882352941176,0,0,0,0,0,0,-0.5909121786151558,0.8067358905889153,-0.9534201253498678,0.3016455943285804,0,6.473890696352274,6.349138991379798,5.87493073085203,6.551080335043404,Validation
2023-10-17,319,27814.799259657,87.19372808669905,9539.0,549.0,45530.0,16757.0,315362.0,522339.0,806.309622479,0.34,754.92596767,192.69,3047.643114394,4989.47166137,0.8313725490196079,0,0,0,0,1,0,-0.5769476201403175,0.8167811479303522,-0.9424798789477866,0.33426288722884784,0,6.338594078203183,5.991464547107982,5.700443573390686,7.181591944611865,Validation
2023-10-18,281,23602.296983758,83.99393944397865,8405.0,632.0,48548.0,15639.0,278730.0,452767.0,872.754574845,1.02,524.1827879,184.07,2653.863442616,5181.034937254,0.832156862745098,0,0,0,0,0,1,-0.5628123335824821,0.8265847065893737,-0.9304241352383132,0.3664845543348818,0,6.340359303727752,6.016157159698354,5.762051382780177,6.556778356158042,Validation
2023-10-19,296,24107.197003005,81.44323311826014,8709.0,718.0,58541.0,16453.0,294855.0,450027.0,911.225544421,1.17,716.773296464,183.96,2761.805736522,5018.397024841,0.8329411764705882,0,0,0,1,0,0,-0.5485105018003629,0.8361436655352441,-0.917267163119863,0.3982724588294283,0,6.3561076606958915,6.0473721790462776,5.71042701737487,6.726233402358747,Validation
2023-10-20,338,26510.206864719,78.43256468851774,9419.0,627.0,60903.0,16481.0,296859.0,396811.0,885.711314406,0.5,696.77084289,183.88,3064.21450746,4720.116531273,0.8337254901960784,1,0,0,0,0,0,-0.5340463569360725,0.8454551961182266,-0.9030245348792233,0.42958897728661805,0,6.210600077024653,6.684611727667927,5.697093486505405,7.158513997329321,Validation
2023-10-21,313,26197.595434236,83.69838796880511,10583.0,608.0,49323.0,22098.0,294880.0,374800.0,991.896215886,0.27,611.987052014,184.06,3017.296348455,4875.105622268,0.8345098039215686,0,1,0,0,0,0,-0.519424179162785,0.8545165429066116,-0.8877131077605751,0.4603970442021339,0,6.226536669287466,5.963579343618446,5.652489180268651,6.466144724237619,Validation
2023-10-22,345,27901.594965343,80.87418830534203,13333.0,663.0,60029.0,25234.0,243928.0,334137.0,1326.683233813,1.62,770.36894052,183.59,2679.453239332,4409.931395135,0.8352941176470589,0,0,1,0,0,0,-0.5046482954181549,0.8633250245020995,-0.8713510040136427,0.4906601958631012,0,6.413458957167357,5.934894195619588,5.83773044716594,6.543911845564792,Validation
2023-10-23,345,25981.197035703,75.30781749479131,9634.0,542.0,44535.0,23392.0,296001.0,441751.0,1046.054275841,0.71,548.141059951,188.22,3009.263824739,5263.223710767,0.836078431372549,0,0,0,0,0,0,-0.4897230781238972,0.8718780343332749,-0.8539575894446086,0.5203426135057105,0,6.431331081933479,6.834108738813838,5.966146739123692,6.480044561926653,Validation
2023-10-24,308,24387.003392851,79.17858244432142,9401.0,488.0,41525.0,22934.0,250820.0,405392.0,955.61844248,0.82,570.76814479,192.04,2572.20323009,5452.774886073,0.8368627450980393,0,0,0,0,1,0,-0.47465294389193585,0.8801730414269224,-0.835553450495215,0.5494091657094377,0,6.313548046277095,6.450470422144176,5.8111409929767,6.248042874508429,Validation
2023-10-25,323,25359.704816223,78.51301800688235,10105.0,422.0,41375.0,21428.0,239646.0,473532.0,984.140509441,0.32,542.804004259,188.8,2426.237841997,5459.973018304,0.8376470588235294,0,0,0,0,0,1,-0.4594423522174453,0.888207591156989,-0.8161603698771159,0.5778254499778019,0,6.448889394146858,6.966024187106113,5.808142489980444,6.405228458030842,Validation
2023-10-26,271,21451.806576265,79.15795784599631,9095.0,495.0,42693.0,22822.0,297653.0,389210.0,697.580875466,1.25,357.365981694,187.22,3501.681581995,4242.638090189,0.8384313725490196,0,0,0,1,0,0,-0.44409580415922006,0.8959793059709447,-0.7958013007903731,0.6055578334563513,0,6.192362489474872,6.210600077024653,5.638354669333745,6.434546518787453,Validation
2023-10-27,273,22374.709646328,81.95864339314285,8261.0,524.0,51826.0,19306.0,342580.0,410481.0,730.76748034,0.0,710.520241098,187.36,3866.172608406,4342.578781562,0.8392156862745098,1,0,0,0,0,0,-0.42861784100772654,0.9034858860933441,-0.7745003397565638,0.6325734927397505,0,6.182084906716632,6.129050210060545,5.58724865840025,6.398594934535208,Validation
2023-10-28,350,29929.703380277,85.51343822936285,10269.0,551.0,35826.0,19344.0,490624.0,451822.0,1045.266171258,0.52,683.654088721,184.65,4176.663674375,4686.563832136,0.84,0,1,0,0,0,0,-0.41301304294128083,0.9107251102063585,-0.7522826980987228,0.6588404527207674,0,6.148468295917647,6.171700597410915,5.58724865840025,6.47543271670409,Validation
2023-10-29,473,37746.298764305,79.80190013595137,12255.0,660.0,32726.0,22434.0,380182.0,582101.0,1237.25347712,1.54,379.1105579,183.5,3444.533063675,5879.438811248,0.8407843137254902,0,0,1,0,0,0,-0.3972860276706911,0.9176948361071031,-0.7291746721017939,0.6843276244352857,0,6.455198563340122,7.27931883541462,5.84354441703136,6.71295620067707,Validation
2023-10-30,359,28047.305406946,78.12619890514206,9328.0,553.0,47781.0,22659.0,329378.0,631766.0,1036.789891249,0.63,609.302978937,226.64,2767.805847105,5719.202054886,0.8415686274509804,0,0,0,0,0,0,-0.3814414490727928,0.9243930013415549,-0.7052036118889417,0.709004841858496,0,6.453624998892692,6.634633357861686,5.799092654460526,6.522092798170152,Validation
2023-10-31,311,25948.600487729,83.43601442999679,7263.0,486.0,43454.0,31295.0,388263.0,735237.0,805.961942589,0.55,639.353875676,325.06,2992.139716147,5993.788382884,0.8423529411764706,0,0,0,0,1,0,-0.3654839958133111,0.9308176238148564,-0.6803978890506103,0.7328428976086713,0,6.289715570908998,6.139884552226255,5.7745515455444085,6.664409020350408,Validation
2023-11-01,377,30768.70170341,81.61459337774535,7165.0,652.0,38607.0,34961.0,372256.0,900038.0,766.717172659,0.67,736.384205641,334.8,2699.629753162,6483.154652404,0.8431372549019608,0,0,0,0,0,1,-0.3494183899593994,0.9369668023778543,-0.6547868630645532,0.7558135775163621,0,6.548219102762372,7.285506548522786,6.115892125483034,6.535241271013659,Validation
2023-11-02,307,24766.99937448,80.67426506345278,8347.0,475.0,38949.0,20511.0,339281.0,971631.0,923.638747557,1.02,544.478800644,245.79,2568.014872499,7103.526832574,0.8439215686274509,0,0,0,1,0,0,-0.3332493855822941,0.9428387173896835,-0.6284008465466205,0.777889694018047,0,6.447305862541213,6.617402977974478,5.872117789475416,6.643789733147672,Validation
2023-11-03,374,29499.101503721,78.87460295112567,6992.0,446.0,34024.0,42146.0,353031.0,776228.0,823.095154872,0.72,490.865218444,440.97,2933.599754123,6429.741816796,0.8447058823529412,1,0,0,0,0,0,-0.3169817673505313,0.9484316312562195,-0.6012710693734877,0.7990451183346673,0,6.07993319509559,7.103322062526113,5.308267697401205,8.207401833376355,Validation
2023-11-04,336,27914.898474579,83.08005498386608,7384.0,616.0,39533.0,34394.0,402231.0,724049.0,844.387620982,1.21,550.910436889,330.32,3251.164408737,6426.896245312,0.8454901960784313,0,1,0,0,0,0,-0.3006203491140599,0.9537438889442704,-0.5734296417196554,0.8192548113970816,0,6.413458957167357,6.785587645007929,5.8944028342648505,6.519147287940395,Validation
2023-11-05,452,35095.096377292,77.64401853383185,10572.0,788.0,50449.0,36628.0,333583.0,736989.0,1329.128775832,0.48,748.896860151,352.86,2800.170537361,6477.37281062,0.8462745098039216,0,0,1,0,0,0,-0.2841699724797692,0.9587739184713189,-0.5449095160526304,0.8384948534816944,0,6.539585955617669,7.157735484249907,5.973809611869261,7.619233416226805,Validation
2023-11-06,373,31203.290981679,83.6549356077185,8984.0,847.0,45225.0,32465.0,393289.0,733161.0,1090.768379513,0.6,543.687621998,347.74,3363.816105751,5965.763216611,0.8470588235294118,0,0,0,0,0,0,-0.26763550537876996,0.9635202313707016,-0.5157444481311342,0.8567424725213008,0,6.525029657843462,6.591673732008658,5.934894195619588,6.811244378601294,Validation
2023-11-07,288,22524.601310135,78.21042121574652,8522.0,676.0,49452.0,28948.0,372440.0,676248.0,938.841040741,0.54,548.476211558,343.07,2936.555964689,5576.108370788,0.847843137254902,0,0,0,0,1,0,-0.25102184062588107,0.9679814231320737,-0.4859689570525459,0.8739760710575896,0,6.423246963533519,6.400257445308821,5.948034989180646,6.7357800142423265,Validation
2023-11-08,411,32448.501024477,78.95012414714598,8324.0,639.0,54418.0,28487.0,349480.0,593064.0,946.684762937,0.0,662.713171597,345.31,2815.177286967,5292.397941605,0.8486274509803922,0,0,0,0,0,1,-0.23433389447180475,0.9721561736170157,-0.4556182843969665,0.8901752518033541,0,6.472346294500901,7.4127640174265625,5.87493073085203,7.226936018493289,Validation
2023-11-09,351,29557.295592706,84.20881935243874,8167.0,585.0,52312.0,31824.0,346746.0,646380.0,949.979067951,1.44,666.582859478,345.01,2680.6449245,5559.942183832,0.8494117647058823,0,0,0,1,0,0,-0.21757660514828095,0.9760432474496963,-0.42472835251601687,0.9053208417842981,0,6.570882962339584,7.318539548567902,5.905361848054571,6.634633357861686,Validation
2023-11-10,563,48783.89948359,86.6499102728064,7698.0,682.0,63871.0,30311.0,340951.0,584891.0,657.547234664,1.47,913.918183725,340.68,2932.244392123,5434.695134614,0.8501960784313726,1,0,0,0,0,0,-0.20075493140682626,0.97964149438243,-0.393335722016051,0.9193949150316809,0,6.595780513961311,8.081165777725433,5.91350300563827,7.336936913707618,Validation
2023-11-11,492,42561.70334278,86.50752711947155,8006.0,889.0,62581.0,26888.0,398776.0,732419.0,761.082479224,0.74,918.962326445,326.84,3575.022050197,7257.613616479,0.8509803921568627,0,1,0,0,0,0,-0.18387385105132856,0.9829498496360605,-0.36147754848581354,0.9323808137991076,0,6.470799503782602,7.283448228756631,5.945420608606575,6.834108738813838,Validation
2023-11-12,522,47429.268841261,90.86066827827779,10635.0,1001.0,47622.0,26208.0,405332.0,895115.0,1320.595334612,0.94,603.575001146,333.08,4102.993432551,8694.770989703,0.851764705882353,0,0,1,0,0,0,-0.16693835946505894,0.9859673342150412,-0.32919153851999294,0.9442631682782295,0,6.654152520183219,6.823286122355687,6.159095388491933,6.61472560020376,Validation
2023-11-13,453,36186.897257856,79.88277540365563,9660.0,914.0,43839.0,23355.0,355286.0,903318.0,1013.524612607,1.38,561.387741849,315.84,3680.539193045,8594.646642565,0.8525490196078431,0,0,0,0,0,0,-0.1499534681324472,0.9886930551971381,-0.2965159050905518,0.9550279147901023,0,6.687108607866515,7.3343293503005365,6.102558594613569,6.928537818164665,Validation
2023-11-14,453,40138.882971803,88.60680567726932,8257.0,977.0,55736.0,18253.0,394385.0,957966.0,705.981512421,0.94,666.605754383,237.97,4181.323839194,8750.32270217,0.8533333333333334,0,0,0,0,1,0,-0.1329242031560922,0.991126205997661,-0.26348932231872,0.9646623124306358,0,6.593044534142437,6.654152520183219,6.104793232414985,6.678342114654332,Validation
2023-11-15,542,46111.939374262,85.07737891930259,8275.0,779.0,63542.0,10674.0,414570.0,917899.0,1021.137503424,1.34,688.454582089,159.42,4400.528195799,8367.266276939,0.8541176470588235,0,0,0,0,0,1,-0.11585560376947857,0.9932660666081418,-0.23015087970124276,0.9731549581504192,0,6.606650186198215,7.709756864454165,6.115892125483034,7.273786317844895,Validation
2023-11-16,440,37603.762174431,85.46309585097956,7699.0,761.0,55888.0,10244.0,384025.0,872718.0,890.801456309,1.61,786.759464285,147.0,4191.172839621,8579.630640532,0.8549019607843137,0,0,0,1,0,0,-0.09875272084577562,0.9951120038093985,-0.19654003584493987,0.9804958002511126,0,6.635946555686647,6.787844982309579,5.62040086571715,6.86171134048073,Validation
2023-11-17,470,40181.711753375,85.4930037305851,7880.0,855.0,48124.0,14887.0,376914.0,801197.0,870.459548294,1.05,572.58166498,224.5,4392.700271053,8122.699397809,0.855686274509804,1,0,0,0,0,0,-0.08162061540319238,0.9966634713589156,-0.1626965717643934,0.9866761502824083,0,6.498282149476434,7.247792581767846,5.7430031878094825,7.412160334945205,Validation
2023-11-18,468,43318.873982224,92.56169654321369,10627.0,942.0,48199.0,5339.0,384125.0,808593.0,1277.877550522,1.05,635.547673293,88.56,4489.922277051,8822.082199809,0.8564705882352941,0,1,0,0,0,0,-0.0644643571073619,0.9979200101524843,-0.1286605437981039,0.991688693325469,0,6.505784060128229,6.54965074223381,5.648974238161206,6.818924065275521,Validation
2023-11-19,582,49560.471722517,85.1554496950464,12485.0,1237.0,54534.0,5953.0,431508.0,702653.0,1447.291120379,1.89,758.040144429,83.77,5643.411903674,8206.637582138,0.8572549019607844,0,0,1,0,0,0,-0.04728902277113511,0.9988812483600596,-0.09447223619871745,0.9955274966507022,0,6.668228248417403,7.251344983372214,5.680172609017068,7.373374309910049,Validation
2023-11-20,460,39526.466768772,85.92710167124348,11190.0,1045.0,36288.0,7450.0,418564.0,639006.0,1325.193455849,0.78,441.641829497,104.61,5840.830485935,7892.93928459,0.8580392156862745,0,0,0,0,0,0,-0.030099694852259582,0.9995469015357913,-0.060172113453497746,0.9981880167396017,0,6.688354713946762,6.628041376179533,5.765191102784844,6.769641976852503,Validation
2023-11-21,470,42960.132488411,91.40453720938511,9076.0,881.0,35604.0,16723.0,386255.0,611916.0,1248.402939204,1.88,590.995942646,235.3,5584.160480042,7769.773746351,0.8588235294117647,0,0,0,0,1,0,-0.012901459949423296,0.9999167727021951,-0.025800772391547936,0.9996671046623469,0,6.637258031284457,7.438971592395862,5.786897381366708,6.697034247666484,Validation
2023-11-22,526,50023.52129237,95.10175150640684,6878.0,913.0,44647.0,31094.0,401559.0,540374.0,904.705227743,0.86,882.574713407,637.25,5881.280347696,7408.350913203,0.8596078431372549,0,0,0,0,0,1,0.004300592702983659,0.9999907524084426,0.008601105865717773,0.9999630098048061,0,6.628041376179533,6.68586094706836,5.68697535633982,6.559615237493242,Validation
2023-11-23,901,73718.3922075,81.81841532463929,5831.0,736.0,40675.0,48409.0,413858.0,430640.0,964.840764728,1.5,969.546944628,635.79,6575.271187248,6824.033077827,0.8603921568627451,0,0,0,1,0,0,0.02150137274081281,0.999768818762748,0.042992804053719955,0.9990753819405213,1,6.803505257608338,7.8804263442924,5.5909869805108565,7.21890970761906,Validation
2023-11-24,2051,172467.790699139,84.08961028724477,6216.0,1036.0,34945.0,43093.0,397041.0,475260.0,1080.618467458,0.0,1151.381176958,631.24,7985.11,10126.65,0.8611764705882353,1,0,0,0,0,0,0.03869579017652769,0.999251037438848,0.07733361695682256,0.9970052716452283,1,7.267525427828172,8.555451903533328,6.139884552226255,7.511524648390866,Validation
2023-11-25,1194,101336.579676058,84.87150726638023,6407.0,725.0,24517.0,44990.0,527735.0,661436.0,1024.11487357,2.33,422.821535238,634.95,9793.43,12098.42,0.8619607843137255,0,1,0,0,0,0,0.05587875690537393,0.9984375616565665,0.11158289958600315,0.9937551290534202,1,7.005789019253503,8.07402621612406,6.016157159698354,7.504942068396171,Validation
2023-11-26,1166,97679.464663292,83.77312578326931,6689.0,787.0,43207.0,30055.0,591431.0,778783.0,1007.019486964,3.11,999.780979693,445.04,9530.5,12736.38,0.8627450980392157,0,0,1,0,0,0,0.07304518821104557,0.9973286321364754,0.14570011528534693,0.9893288009584259,1,6.996681488176539,7.7702232041587855,6.040254711277414,7.293017679772782,Validation
2023-11-27,1794,148023.887683452,82.51052825164548,7990.0,807.0,27646.0,27716.0,477511.0,704034.0,1292.913236146,0.47,935.49410962,397.31,8051.1,12408.93,0.8635294117647059,0,0,0,0,0,0,0.09019000427034503,0.9959245770286599,0.1796448837103128,0.9837315262594303,1,7.255591274253665,8.389132521348719,6.2766434893416445,7.503289630675082,Validation
2023-11-28,595,48132.406013896,80.89480002335462,7223.0,639.0,20666.0,19439.0,388092.0,607426.0,936.59526901,0.96,405.509488882,324.98,5955.33,9438.96,0.864313725490196,0,0,0,0,1,0,0.10730813165635973,0.9942258118156163,0.2133770286209226,0.9769699297608427,0,6.771935555839602,7.313886831633462,6.003887067106539,6.78105762593618,Validation
2023-11-29,416,37160.148470142,89.32727997630288,6941.0,660.0,31780.0,16704.0,298204.0,492647.0,925.023147468,1.45,737.584697572,309.97,4101.95,7013.3,0.8650980392156863,0,0,0,0,0,1,0.12439450483979901,0.9922328391893009,0.24685662543348202,0.9690520143313225,0,6.659293919683638,7.210079628170788,5.891644211825771,6.610696044717759,Validation
2023-11-30,382,34813.534636861,91.13490742633769,7224.0,655.0,45349.0,16257.0,314690.0,433387.0,863.743491126,0.43,1008.491908423,299.68,3959.26,5552.01,0.8658823529411764,0,0,0,1,0,0,0.14144406768794104,0.9899462489023781,0.2800440484743426,0.9599871514317783,0,6.553933404025811,6.665683717782408,5.799092654460526,6.895682697747868,Validation
2023-12-01,424,35461.076775083,83.6346150355731,8354.0,628.0,29320.0,21787.0,346106.0,476121.0,871.528140955,0.78,662.306621842,338.09,4417.11,6003.63,0.8666666666666667,1,0,0,0,0,0,0.15845177496083448,0.9873667175937019,0.31290001787995014,0.9497860700235221,0,6.553933404025811,7.002155954403621,5.796057750765372,6.93828448401696,Validation
2023-12-02,482,42803.390413193,88.80371455019295,6534.0,865.0,40033.0,20582.0,372020.0,510222.0,930.403792179,2.23,797.756552683,325.88,4860.09,6859.89,0.8674509803921568,0,1,0,0,0,0,0.1754125938042766,0.9844950085880861,0.34538564608759953,0.9384608438697117,0,6.618738983517219,6.669498089857879,5.872117789475416,6.803505257608338,Validation
2023-12-03,518,48139.21498306,92.9328474576448,7678.0,801.0,41050.0,24950.0,331976.0,464528.0,963.604995922,1.5,834.889081834,321.93,4072.27,5778.81,0.8682352941176471,0,0,1,0,0,0,0.19232150523909475,0.9813319716704275,0.37746248386181064,0.9260248772451377,0,6.75343791859778,6.368187186350492,5.84354441703136,6.9930151229329605,Validation
2023-12-04,493,42886.460565942,86.99079222300608,7814.0,681.0,36868.0,29088.0,317312.0,464027.0,893.550315211,0.95,780.844831666,328.8,3713.35,4945.47,0.8690196078431373,0,0,0,0,0,0,0.20917350564635714,0.9778785428342384,0.40909256580197817,0.9124928890712268,0,6.687108607866515,6.816735880594968,5.905361848054571,6.646390514847729,Validation
2023-12-05,457,42420.45467331,92.82375202037198,6581.0,562.0,35662.0,29249.0,357492.0,497175.0,851.506205401,2.21,676.296762341,291.41,4386.91,5559.28,0.8698039215686274,0,0,0,0,1,0,0.22596360824801723,0.9741357440046724,0.4402384552773252,0.8978808954950732,0,6.683360945766275,6.380122536899765,5.831882477283517,6.661854740545311,Validation
2023-12-06,465,44890.576225127,96.53887360242365,7556.0,507.0,46127.0,28321.0,356021.0,425343.0,848.405061311,0.34,878.524846457,262.64,4532.72,5065.45,0.8705882352941177,0,0,0,0,0,1,0.24268684458259532,0.9701046827361175,0.47086328873605615,0.8822061909330865,0,6.688354713946762,6.333279628139691,5.831882477283517,6.5638555265321274,Validation
2023-12-07,526,45583.540453714,86.66072329603422,6758.0,640.0,42551.0,38860.0,366916.0,415461.0,864.480318598,1.04,978.87264023,362.44,4810.95,5026.15,0.8713725490196078,0,0,0,1,0,0,0.2593382659754055,0.9657865518844575,0.5009308193361623,0.8654873276017396,0,6.591673732008658,7.003065458786462,5.730099782973575,6.934397209928558,Validation
2023-12-08,464,42833.797374231,92.31421847894612,7733.0,765.0,37845.0,41562.0,456032.0,391402.0,877.542575585,0.25,871.223574457,313.78,5512.88,5061.98,0.8721568627450981,1,0,0,0,0,0,0.27591294500295865,0.9611826292540843,0.5304054598463627,0.8477440935595886,0,6.583409222158765,6.473890696352274,5.627621113690637,6.731018100482083,Validation
2023-12-09,529,48679.529691775,92.02179525855388,8116.0,911.0,39184.0,42364.0,552526.0,501913.0,873.793978416,1.42,832.308715713,320.0,6888.98,6804.04,0.8729411764705882,0,1,0,0,0,0,0.2924059769510764,0.9562942772197722,0.559252324766342,0.8289974892865731,0,6.663132695990803,6.405228458030842,5.616771097666572,6.842683282238422,Validation
2023-12-10,668,61696.716273817,92.36035370331886,8188.0,984.0,40330.0,47357.0,674122.0,509929.0,1025.873912781,2.65,850.729842947,311.21,8160.18,6325.33,0.8737254901960785,0,0,1,0,0,0,0.30881248126625455,0.9511229423235353,0.5874372716163834,0.8092697028283584,0,6.721425700790643,6.97914527506881,5.736572297479192,6.885509670034818,Validation
2023-12-11,540,49185.506056456,91.08427047491851,7796.0,747.0,33562.0,46910.0,602012.0,451144.0,949.947572339,1.23,629.744704165,319.94,7338.33,5460.92,0.8745098039215686,0,0,0,0,0,0,0.3251276029999075,0.9456701548465694,0.6149269413476329,0.788584083535069,0,6.721425700790643,6.721425700790643,5.746203190540153,6.761572768804055,Validation
2023-12-12,535,49754.909768107,92.99983134225607,7408.0,632.0,43487.0,48524.0,510296.0,469357.0,903.073691675,2.65,854.993059788,329.02,6845.47,6033.26,0.8752941176470588,0,0,0,0,1,0,0.34134651424503604,0.9399375283564134,0.6416887978251129,0.7669651144255268,0,6.648984550024776,6.498282149476434,5.717027701406222,7.062191632286556,Validation
2023-12-13,583,53112.52032199,91.10209317665523,7720.0,521.0,42763.0,60985.0,397881.0,564651.0,825.522206808,1.44,664.033140022,357.5,5438.7,7302.35,0.876078431372549,0,0,0,0,0,1,0.3574644155648588,0.9339267592294772,0.6676911663366953,0.7444383832097479,0,6.633318433280377,6.897704943128636,5.814130531825066,6.618738983517219,Validation
2023-12-14,629,60368.818755746,95.97586447654372,6834.0,717.0,42714.0,59308.0,386833.0,632431.0,845.170861507,1.2,889.229979758,350.95,4970.26,7842.38,0.8768627450980392,0,0,0,1,0,0,0.37347653741306985,0.927639626149047,0.6929032710826014,0.7210305520038877,0,6.608000625296087,6.361302477572996,5.765191102784844,7.093404625868766,Validation
2023-12-15,640,60195.625761425,94.05566525222656,7593.0,574.0,45689.0,27894.0,420978.0,624372.0,872.953326163,2.31,710.169761758,356.39,5285.56,8924.76,0.8776470588235294,1,0,0,0,0,0,0.3893781415452006,0.9210779895789529,0.7172952716008847,0.6967693257736114,0,6.652863029353347,6.771935555839602,5.8111409929767,6.821107472256465,Validation
2023-12-16,619,59764.59306892,96.55023112911148,6818.0,650.0,43534.0,19174.0,501151.0,591844.0,925.3505689,1.17,843.818676785,268.96,6547.25,9381.77,0.8784313725490196,0,1,0,0,0,0,0.40516452242075296,0.9142437912130239,0.7408382980859268,0.6716834195431263,0,6.648984550024776,6.366470447731438,5.717027701406222,6.7357800142423265,Validation
2023-12-17,771,73619.003360772,95.48508866507393,7055.0,812.0,42389.0,33875.0,626680.0,674162.0,1061.587798998,1.83,776.158984498,472.87,7634.46,10355.76,0.8792156862745099,0,0,1,0,0,0,0.42083100859565714,0.9071390534005037,0.7635044855580874,0.6458025244087239,0,6.796823718274855,6.418364935936212,5.83773044716594,6.736966958001855,Validation
2023-12-18,749,70186.466496671,93.70689785937383,10892.0,769.0,40092.0,34389.0,596625.0,745589.0,904.536739629,2.01,746.532768928,410.47,6470.85,9310.9,0.88,0,0,0,0,0,0,0.43637296410459153,0.8997658785476214,0.7852670068439949,0.6191572723971457,0,6.6895992691789665,6.999422467507961,5.869296913133774,6.745236349484362,Validation
2023-12-19,709,66160.310401837,93.31496530583499,10653.0,687.0,44771.0,31405.0,622624.0,793508.0,872.627296011,1.17,762.536450399,397.78,6614.63,9504.66,0.8807843137254902,0,0,0,0,1,0,0.4517857898328847,0.8921264484954342,0.8061001043286321,0.5917792002101531,0,6.715383386334681,6.950814768442584,5.953243334287785,6.9440872082295275,Validation
2023-12-20,485,43289.260646182,89.25620751790103,8812.0,597.0,42620.0,33678.0,315304.0,510378.0,821.938712951,1.7,764.900622784,372.37,3404.47,6149.0,0.8815686274509804,0,0,0,0,0,1,0.4670649248774287,0.8842230238742044,0.8259791204413962,0.5637007118984838,0,6.542471960506805,6.715383386334681,5.71042701737487,6.639875833826536,Validation
2023-12-21,328,28965.841589923,88.31049265220426,4588.0,795.0,35434.0,18010.0,244060.0,443378.0,451.702573491,2.49,647.540954802,203.76,2558.63,4866.79,0.8823529411764706,0,0,0,1,0,0,0.48220584789635257,0.8760579434344281,0.8448805268402666,0.5349550405091195,0,6.492239835020471,6.322565239927284,5.726847747587197,6.927557906278317,Validation
2023-12-22,294,24705.566013154,84.03253745970748,4336.0,694.0,45949.0,16538.0,268501.0,458228.0,447.703672965,0.56,683.967402555,208.77,2642.4,4685.56,0.8831372549019608,1,0,0,0,0,0,0.49720407844693776,0.8676336233547726,0.8627819522593744,0.5055762087514627,0,6.318968113746434,6.249975242259483,5.41610040220442,6.507277712385012,Validation
2023-12-23,282,24032.84535243,85.22285585968085,4075.0,794.0,42962.0,17338.0,343875.0,471507.0,416.886461481,1.15,768.763687652,205.58,3170.65,4802.21,0.883921568627451,0,1,0,0,0,0,0.512055178311463,0.8589525565270854,0.8796622089871274,0.47559898872883166,0,6.2766434893416445,6.150602768446279,5.365976015021851,6.423246963533519,Validation
2023-12-24,317,25815.989469936,81.4384525865489,4367.0,765.0,43671.0,18800.0,317342.0,424782.0,440.365639444,2.05,527.948929387,205.93,2881.43,4475.87,0.8847058823529412,0,0,1,0,0,0,0.5267547528105533,0.8500173118187022,0.8955013179435031,0.44505886078298573,0,6.284134161070802,6.522092798170152,5.159055299214529,6.440946540632921,Validation
2023-12-25,352,29340.991420322,83.35508926227841,4471.0,1428.0,57087.0,20911.0,341333.0,457124.0,428.853132842,4.93,933.802491422,206.99,2762.48,4086.11,0.8854901960784314,0,0,0,0,0,0,0.5412984521036179,0.8408305333122884,0.9102805323268025,0.4139919715004545,0,6.6320017773956295,6.320768294250582,5.308267697401205,7.146772179452637,Validation
2023-12-26,396,30512.946965096,77.05289637650506,4588.0,1561.0,48586.0,30066.0,343853.0,551045.0,451.498887295,4.71,493.011518625,202.98,2902.01,5206.02,0.8862745098039215,0,0,0,0,1,0,0.5556819724760473,0.8313949395234068,0.9239823598019417,0.3824350909302586,0,6.625392368007956,6.539585955617669,5.5093883366279774,7.148345743900068,Validation
2023-12-27,392,30361.595469257,77.45304966647194,4410.0,1295.0,55264.0,18519.0,323404.0,499843.0,423.9241633,3.72,722.855344713,198.8,2790.57,4510.77,0.8870588235294118,0,0,0,0,0,1,0.5699010576127609,0.82171332259606,0.9365905832039807,0.3504255690637132,0,6.598509028614515,6.410174881966167,5.655991810819852,6.80128303447162,Validation
2023-12-28,360,29710.999764316,82.53055490087777,4447.0,2085.0,55710.0,21574.0,351672.0,492283.0,400.904158533,2.73,705.878302025,203.51,2956.76,4474.39,0.8878431372549019,0,0,0,1,0,0,0.5839514998577003,0.8117885474764609,0.9480902797323667,0.31800129162788426,0,6.5722825426940075,6.2324480165505225,5.723585101952381,6.620073206530356,Validation
2023-12-29,377,28755.751300822,76.27520238944828,4351.0,1607.0,64372.0,22857.0,326042.0,468513.0,398.215904361,2.98,680.884515237,194.53,2785.95,4383.95,0.8886274509803922,1,0,0,0,0,0,0.5978291414589529,0.8016235510652436,0.9584678386132234,0.2852006352449026,0,6.539585955617669,7.1049654482698426,5.683579767338681,6.733401891837359,Validation
2023-12-30,370,31212.662889666,84.35854835044864,4494.0,1464.0,49592.0,23572.0,347401.0,544687.0,404.36958685,2.62,718.904815574,191.94,3031.04,5374.15,0.8894117647058823,0,1,0,0,0,0,0.6115298757991046,0.7912213413483813,0.9677109772087531,0.2520624220102635,0,6.459904454377535,6.428105272684596,5.583496308781699,6.7912214627261855,Validation
2023-12-31,334,26328.593724036,78.82812492226347,4198.0,1143.0,33062.0,39100.0,388787.0,425626.0,393.828956219,5.11,421.362197116,146.04,2996.82,3658.32,0.8901960784313725,0,0,1,0,0,0,0.6250496486104348,0.7805849965070889,0.9758087555546668,0.21862587354394394,0,6.373319789577012,6.238324625039508,5.220355825078325,6.601230118728877,Validation
2024-01-01,485,39604.979314678,81.65975116428453,4068.0,1510.0,51538.0,57692.0,702640.0,795907.0,440.141655222,2.29,902.704403829,200.77,4223.73,5328.39,0.8909803921568628,0,0,0,0,0,0,0.6383844591746649,0.7697176640069205,0.9827515893084888,0.1849305645685412,0,6.658011045870748,6.340359303727752,5.568344503761097,6.833031732786201,Validation
2024-01-02,438,32530.397395746,74.27031368891781,3927.0,1097.0,32626.0,22437.0,548960.0,689044.0,457.243375177,2.1,495.437066442,201.28,3720.87,5427.97,0.8917647058823529,0,0,0,0,1,0,0.6515303615068013,0.7586225596664106,0.988531261093343,0.15101637606963345,0,6.6293632534374485,6.849066282633458,5.598421958998375,6.966024187106113,Validation
2024-01-03,387,31786.830919098,82.1365140028372,4158.0,1193.0,37891.0,14398.0,534766.0,638073.0,415.41253707,5.07,770.116713525,175.34,3827.61,5033.09,0.8925490196078432,0,0,0,0,0,1,0.6644834655228551,0.7473029667054297,0.9931409302238695,0.11692344809347326,0,6.539585955617669,6.424869023905388,5.676753802268282,6.683360945766275,Validation
2024-01-04,417,29673.462230192,71.15938184698321,3608.0,1061.0,41415.0,15648.0,432901.0,552517.0,418.234416411,3.06,641.298090269,233.0,2940.08,4386.44,0.8933333333333333,0,0,0,1,0,0,0.6772399381909471,0.7357622347736544,0.9965751408026856,0.08269213223824451,0,6.429719478039138,6.921658184151129,5.484796933490655,7.067319848653476,Validation
2024-01-05,316,24370.621180487,77.12221892559177,3411.0,981.0,42479.0,16103.0,359937.0,450902.0,406.111350847,2.68,667.432437469,204.77,2521.96,3594.78,0.8941176470588236,1,0,0,0,0,0,0.689796004665588,0.7240037789593312,0.9988298281778684,0.048362943894784245,0,6.386879319362645,6.317164686747284,5.517452896464707,6.704414354964107,Validation
2024-01-06,368,30053.651479725,81.66753119490488,3629.0,1111.0,44378.0,11730.0,499912.0,564075.0,416.350937807,3.34,774.322164088,205.13,3341.14,4793.54,0.8949019607843137,0,1,0,0,0,0,0.7021479494046978,0.7120310787787131,0.9999023237537765,0.013976514293555894,0,6.282266746896006,6.455198563340122,5.342334251964811,7.8156105320351905,Validation
2024-01-07,384,30561.833637034,79.58810842977604,3774.0,1215.0,50446.0,16416.0,501168.0,565238.0,433.831860192,3.75,693.246784937,203.62,3234.63,4857.56,0.8956862745098039,0,0,1,0,0,0,0.714292117269102,0.6998476771464084,0.9997913581495419,-0.0204264575855531,0,6.4967749901858625,6.3578422665081,5.556828061699537,6.664409020350408,Validation
2024-01-08,321,24507.431561489,76.34713882083801,3757.0,1136.0,47618.0,16158.0,443457.0,420480.0,390.961843775,2.69,663.766610864,204.69,2741.6,3399.05,0.8964705882352941,0,0,0,0,0,0,0.7262249146041536,0.687457179326967,0.998497062701478,-0.05480525318362048,0,6.484635235635252,6.249975242259483,5.53338948872752,6.52795791762255,Validation
2024-01-09,295,21973.928791941,74.4878942099695,3778.0,1164.0,43119.0,20808.0,388839.0,357552.0,399.917274656,3.29,648.406409532,242.17,2563.76,3026.39,0.8972549019607843,0,0,0,0,1,0,0.7379428103031385,0.6748632518680404,0.9960209693076331,-0.08911918255618774,0,6.421622267806518,5.976350909297934,5.424950017481403,6.416732282512326,Validation
2024-01-10,312,22997.989269759,73.71150406974039,3725.0,1233.0,48003.0,22489.0,345395.0,396713.0,407.250388825,2.68,782.824197081,251.23,2286.41,3385.75,0.8980392156862745,0,0,0,0,0,1,0.7494423368521941,0.662069621515383,0.9923660086146726,-0.12332763253295519,0,6.289715570908998,6.042632833682381,5.41610040220442,6.368187186350492,Validation
2024-01-11,310,23104.972661812,74.5321698768129,3361.0,1078.0,37448.0,23748.0,358224.0,384578.0,385.375401812,1.65,697.542933842,252.71,2472.57,3144.69,0.8988235294117647,0,0,0,1,0,0,0.7607200913564097,0.6490800741100404,0.9875365065492304,-0.15739011478660878,0,6.240275845170769,6.049733455231958,5.476463551931511,6.646390514847729,Validation
2024-01-12,330,25069.189703513,75.96724152579696,2875.0,1114.0,38828.0,23845.0,363103.0,414914.0,398.38,2.06,675.61,250.11,2599.98,3518.56,0.899607843137255,1,0,0,0,0,0,0.7717727365467836,0.6358984534680746,0.9815381791978468,-0.19126631375382203,0,6.269096283706261,6.595780513961311,5.365976015021851,7.109062135687172,Validation
2024-01-13,388,31667.485515562,81.61723071021133,3335.0,1439.0,40909.0,24650.0,453586.0,532260.0,403.081576089,2.73,753.210814087,251.94,3317.87,5398.78,0.9003921568627451,0,1,0,0,0,0,0.7825970017677816,0.6225286602431078,0.9743781260415404,-0.22491613435184238,0,6.416732282512326,6.306275286948016,5.5134287461649825,6.580639137284949,Validation
2024-01-14,391,30177.269874384,77.17971834880818,3051.0,1606.0,41069.0,23858.0,466782.0,531032.0,428.671783752,4.3,689.760419905,242.09,3551.35,5300.63,0.9011764705882352,0,0,1,0,0,0,0.7931896839451837,0.6089746507720494,0.966064821553021,-0.258299749434121,0,6.419994928147142,6.342121418721152,5.4510384535657,6.536691597591305,Validation
2024-01-15,352,27409.140538553,77.86687652998012,3381.0,1321.0,43552.0,24235.0,466997.0,428257.0,401.514640648,2.36,606.366187231,250.48,3192.13,3792.02,0.9019607843137255,0,0,0,0,0,0,0.8035476485339095,0.5952404359043703,0.956608105166512,-0.2913776469287505,0,6.284134161070802,6.129050210060545,5.54907608489522,6.516193076042964,Validation
2024-01-16,287,22472.839229273,78.30257571175261,2853.0,1234.0,45565.0,24358.0,434462.0,420438.0,398.2078641,1.67,666.18,247.48,2891.38,3534.83,0.9027450980392157,0,0,0,0,1,0,0.8136678304455996,0.5813300798152036,0.9460191696320079,-0.32411067660409804,0,6.35088571671474,6.144185634125646,5.384495062789089,6.616065185132817,Validation
2024-01-17,314,25391.164716721,80.86358190038536,3490.0,1347.0,45967.0,27718.0,518676.0,491082.0,387.224461139,3.84,752.400555519,242.17,3489.96,4373.61,0.9035294117647059,0,0,0,0,0,1,0.8235472349556001,0.5672476988027237,0.9343105477678204,-0.3564600964060289,0,6.324358962381311,6.066108090103747,5.472270673671475,7.01211529430638,Validation
2024-01-18,314,25092.268941627,79.91168452747452,2781.0,1310.0,35934.0,25227.0,447051.0,390298.0,397.465955771,3.7,699.003707436,244.75,3100.82,3907.74,0.9043137254901961,0,0,0,1,0,0,0.8331829385891784,0.5529974600700273,0.9214960976269942,-0.38838761831219726,0,6.318968113746434,7.0326242610280065,5.342334251964811,6.608000625296087,Validation
2024-01-19,320,24313.651425088,75.9801607034,2897.0,1400.0,47957.0,30748.0,521573.0,426388.0,394.537836176,4.88,702.634011412,245.02,3403.62,3588.88,0.9050980392156863,1,0,0,0,0,0,0.8425720899866036,0.5385835804920225,0.907590986095263,-0.4198554536487864,0,6.376726947898627,6.371611847231857,5.342334251964811,6.568077911411976,Validation
2024-01-20,388,32741.24647877,84.38465587311856,2863.0,1604.0,36688.0,27451.0,550595.0,679280.0,382.339020707,5.68,725.747901806,243.83,3548.48,5588.14,0.9058823529411765,0,1,0,0,0,0,0.8517119107469184,0.5240103253675764,0.8926116709398658,-0.45082635781633335,0,6.380122536899765,6.5337888379333435,5.53338948872752,6.626717749249025,Validation
2024-01-21,445,34670.213564258,77.91059227923147,3121.0,2154.0,40879.0,29569.0,599243.0,684067.0,402.060874821,4.64,734.072070686,244.72,3844.44,5596.74,0.9066666666666666,0,0,1,0,0,0,0.860599696250118,0.5092820071573357,0.8765758813305071,-0.48126367437159095,0,6.593044534142437,7.362645270417825,5.6131281063880705,6.6320017773956295,Validation
2024-01-22,335,26804.523846096,80.01350401819701,3014.0,1651.0,37144.0,29783.0,480279.0,676769.0,375.496052805,3.29,519.36,241.32,3045.52,4811.68,0.9074509803921569,0,0,0,0,0,0,0.8692328164574779,0.4944029842076206,0.8595025968555439,-0.5111313784131986,0,6.4967749901858625,6.501289670540389,5.616771097666572,6.508769136971682,Validation
2024-01-23,308,23484.016386418,76.24680644940909,2742.0,1486.0,45792.0,25474.0,496418.0,575163.0,385.13733621,4.38,689.3,239.97,3123.36,4021.89,0.908235294117647,0,0,0,0,1,0,0.8776087166898383,0.47937765946069616,0.8414120250581597,-0.5403941192199697,0,6.413458957167357,6.269096283706261,5.676753802268282,6.682108597449809,Validation
2024-01-24,406,29884.087445464,73.60612671296552,2769.0,1515.0,35992.0,27549.0,517416.0,758009.0,387.766988855,3.68,617.39821922,239.1,3598.02,5954.3,0.9090196078431373,0,0,0,0,0,1,0.8857249183835637,0.4642104791518924,0.8223255775192096,-0.569017262091141,0,6.484635235635252,6.818924065275521,5.736572297479192,6.97914527506881,Validation
2024-01-25,348,27290.808618016,78.42186384487356,2949.0,1553.0,47427.0,31933.0,443904.0,612388.0,375.834145011,4.37,672.754820389,238.72,3105.09,4990.2,0.9098039215686274,0,0,0,1,0,0,0.893579019823994,0.44890593149388225,0.8022658445149606,-0.5969669293392198,0,6.543911845564792,6.403574197934815,5.717027701406222,6.522092798170152,Validation
2024-01-26,402,33277.086474854,82.77882207675124,3015.0,2299.0,49450.0,38956.0,504006.0,576326.0,377.07185886,4.97,601.3632971,289.31,3494.9,4494.21,0.9105882352941177,1,0,0,0,0,0,0.9011686968561561,0.43346854534853796,0.7812565682797511,-0.6242100403868449,0,6.502790045915623,7.1693500166706,5.652489180268651,6.393590753950631,Validation
2024-01-27,467,38553.893015468,82.55651609307922,2416.0,2934.0,46480.0,36652.0,595817.0,832538.0,371.564257842,5.37,644.498474113,301.1,4557.22,7599.57,0.9113725490196078,0,1,0,0,0,0,0.9084917035725081,0.4179028888867867,0.759322614905259,-0.650714350920156,0,6.601230118728877,6.643789733147672,5.598421958998375,6.940222469119639,Validation
2024-01-28,496,42802.611677725,86.29558805992943,3221.0,3882.0,61660.0,36757.0,750355.0,781872.0,393.14621913,8.36,812.269877658,296.38,5536.67,7163.4,0.912156862745098,0,0,1,0,0,0,0.9155458729775456,0.4022135682368062,0.7364899449095607,-0.6764484910524321,0,6.670766320845874,6.487684018484611,5.583496308781699,6.60934924316738,Validation
2024-01-29,405,31632.083135599,78.10390897678765,4258.0,2506.0,49916.0,31223.0,763474.0,701027.0,383.346281454,5.1,545.831169404,295.37,5530.87,5373.04,0.9129411764705883,0,0,0,0,0,0,0.9223291176290538,0.38640522612098704,0.71278558251085,-0.7013820024527777,0,6.740519359606223,6.455198563340122,5.60947179518496,6.583409222158765,Validation
2024-01-30,429,32655.281708196,76.11953778134266,3074.0,2676.0,59575.0,26535.0,671965.0,626107.0,356.572247062,3.54,682.586955788,283.96,5121.57,5045.52,0.9137254901960784,0,0,0,0,1,0,0.9288394302558068,0.3704825404820964,0.6882375836422285,-0.7254853743958636,0,6.601230118728877,6.359573868672378,5.62040086571715,7.039660349862076,Validation
2024-01-31,466,38859.120982308,83.38867163585408,2611.0,2782.0,49661.0,28708.0,598546.0,698229.0,328.12012738,3.16,641.512805508,273.83,5010.64,5770.68,0.9145098039215687,0,0,0,0,0,1,0.9350748843515577,0.3544502230989861,0.6628750027453365,-0.748730078690158,0,6.453624998892692,7.028201432058005,5.627621113690637,6.655440350367647,Validation
2024-02-01,486,38375.769611993,78.96248891356583,4002.0,2352.0,56933.0,38622.0,630983.0,701124.0,418.193461144,3.8,728.721378345,310.26,5163.5,5826.3,0.9152941176470588,0,0,0,1,0,0,0.9410336347451194,0.33831301819230847,0.6367278583821995,-0.7710886034432215,0,6.519147287940395,7.05444965813294,5.552959584921617,7.329749689041512,Validation
2024-02-02,415,34006.600716215,81.9436161836506,3514.0,2251.0,59755.0,66240.0,581604.0,681920.0,484.536145994,3.04,797.437296491,352.35,5053.78,6072.35,0.9160784313725491,1,0,0,0,0,0,0.9467139181463858,0.3220757010206113,0.6098270977059337,-0.7925344856241636,0,6.447305862541213,6.727431724850855,5.545177444479562,7.25063551189868,Validation
2024-02-03,471,39050.00936231,82.9087247607431,4237.0,2521.0,50435.0,54571.0,572030.0,653350.0,494.523535072,5.5,749.165283899,368.76,5110.5,6581.81,0.9168627450980392,0,1,0,0,0,0,0.9521140536681104,0.3057430764672824,0.5822045598324466,-0.813042342384643,0,6.386879319362645,7.1284959456800365,5.3706380281276624,7.3277805384216315,Validation
2024-02-04,511,40776.160380472,79.79679135121722,3963.0,3010.0,62253.0,53356.0,552051.0,597995.0,505.647601961,4.82,830.624616221,366.07,5252.19,6267.38,0.9176470588235294,0,0,1,0,0,0,0.9572324433233115,0.28931997761869704,0.5538929381563823,-0.8325879011014333,0,6.476972362889683,6.656726524178391,5.389071729816501,7.261225091971921,Validation
2024-02-05,450,35607.619293499,79.12804287444223,3106.0,2390.0,68013.0,43955.0,559895.0,460335.0,485.764795185,5.55,725.622769897,365.75,5776.74,4263.64,0.9184313725490196,0,0,0,0,0,0,0.962067572498145,0.2728112643340201,0.524925741655961,-0.8511480281049468,0,6.504288173536645,7.135687347028144,5.568344503761097,7.00850518208228,Validation
2024-02-06,376,31670.379607394,84.2297329983883,3639.0,2131.0,53334.0,58784.0,508486.0,357950.0,491.20712544,5.11,651.682574243,363.75,5115.42,3618.25,0.9192156862745098,0,0,0,0,1,0,0.9666180104000964,0.25622182180711894,0.4953372552325707,-0.868700756059682,0,6.424869023905388,6.456769655572163,5.717027701406222,6.792344427470809,Validation
2024-02-07,381,31444.754242782,82.53216336688189,4022.0,2347.0,56463.0,61977.0,453893.0,314422.0,488.913988164,3.14,766.843700448,365.64,5098.79,3244.43,0.92,0,0,0,0,0,1,0.9708824104813831,0.2395565591209289,0.4651624991319068,-0.8852253099642818,0,6.444131256700441,6.238324625039508,5.575949103146316,6.854354502255021,Validation
2024-02-08,356,29247.307682812,82.15535865958427,4017.0,2104.0,52707.0,77891.0,440760.0,302970.0,481.001945252,3.05,731.847793274,364.5,4998.42,3239.02,0.9207843137254902,0,0,0,1,0,0,0.9748595108374123,0.22282040779480056,0.434437187494864,-0.9007021317403175,0,6.253828811575473,6.161207321695077,5.645446897643238,6.8679744089702925,Validation
2024-02-09,408,34566.150320978,84.72095666906372,3203.0,2135.0,55022.0,56021.0,475249.0,343151.0,495.479152077,4.51,699.137302351,354.99,5462.39,3871.92,0.9215686274509803,1,0,0,0,0,0,0.9785481345802025,0.20601832032517353,0.4031976860870904,-0.9151129033807884,0,6.401917196727186,6.148468295917647,5.081404364984463,7.162397497355718,Validation
2024-02-10,475,42469.87266171,89.41025823517894,3926.0,2650.0,54715.0,63808.0,599136.0,393848.0,501.48330437,4.54,891.905626744,361.39,6749.26,5201.75,0.9223529411764706,0,1,0,0,0,0,0.9819471901866463,0.1891552687200393,0.3714809692572852,-0.9284405686308994,0,6.3578422665081,6.56244409369372,5.049856007249537,7.256297239690681,Validation
2024-02-11,462,38299.943357703,82.90031029805844,4078.0,2352.0,47019.0,56339.0,623595.0,403991.0,511.285579547,3.56,670.529368706,361.97,6829.75,4700.76,0.9231372549019607,0,0,1,0,0,0,0.9850556718215013,0.1722362430276821,0.3393245761752895,-0.9406693531754184,0,6.413458957167357,6.298949246855942,5.135798437050262,7.254884810077338,Validation
2024-02-12,490,36598.851662597,74.6915340053,4132.0,2150.0,58325.0,75874.0,621426.0,401960.0,474.327973798,4.34,736.015977256,425.21,6031.78,3613.48,0.923921568627451,0,0,0,0,0,0,0.9878726596350431,0.15526624985999482,0.30676656640150446,-0.9517847833088273,0,6.476972362889683,7.1049654482698426,5.384495062789089,7.216709486709457,Validation
2024-02-13,387,29855.424793237,77.14580049932042,4460.0,2484.0,55386.0,68940.0,547776.0,382389.0,496.304811406,4.29,810.757106841,440.31,5097.03,3544.43,0.9247058823529412,0,0,0,0,1,0,0.9903973200352555,0.13825031091098375,0.2738454748405583,-0.9617737030660326,0,6.466144724237619,6.626717749249025,5.332718793265369,7.027314514039777,Validation
2024-02-14,327,25522.080979154,78.04917730628135,3539.0,2012.0,37270.0,44534.0,421354.0,317108.0,490.976634542,3.74,563.504166859,423.58,8040.7,3132.11,0.9254901960784314,0,0,0,0,0,1,0.9926289059345094,0.12119346147073698,0.2406002661322275,-0.970624289793482,0,6.302618975744905,6.326149473155099,5.3706380281276624,7.1459844677143876,Validation
2024-02-15,363,29248.789861539,80.57517868192562,2908.0,1946.0,57055.0,58503.0,503197.0,352951.0,480.740881662,2.72,836.69,446.15,4091.05,3321.13,0.9262745098039216,0,0,0,1,0,0,0.9945667569706337,0.1041007489354257,0.20707028853384096,-0.9783260681421669,0,6.246106765481563,6.274762021241939,5.293304824724492,7.005789019253503,Validation
2024-02-16,340,26648.607949291,78.3782586743853,3445.0,2081.0,44995.0,62236.0,481047.0,351729.0,493.476916046,2.46,672.247795486,499.88,4237.92,3639.38,0.9270588235294117,1,0,0,0,0,0,0.9962102997023295,0.08697723131368795,0.17329522734857583,-0.9848699224660105,0,6.226536669287466,6.118097198041348,5.117993812416755,7.036148493750536,Validation
2024-02-17,472,36243.705253626,76.78751113056356,3570.0,2389.0,49020.0,78615.0,521290.0,413887.0,502.329237214,3.77,733.104455679,530.25,4799.23,4784.52,0.927843137254902,0,1,0,0,0,0,0.9975590477788613,0.06982797572987187,0.13931505795483284,-0.9902481076109368,0,6.317164686747284,7.119635638017636,5.056245805348308,7.227662498728655,Validation
2024-02-18,436,34747.902418544,79.69702389574311,3331.0,3139.0,59548.0,82955.0,475609.0,449012.0,463.67171919,9.98,822.659781435,528.06,4544.14,4733.56,0.9286274509803921,0,0,1,0,0,0,0.9986126020839734,0.05265805692461321,0.10516999849234798,-0.9944542580818484,0,6.3561076606958915,6.478509642208569,5.1647859739235145,7.1891677384203225,Validation
2024-02-19,431,32461.977634191,75.31781353640604,3658.0,3144.0,61387.0,72916.0,436735.0,446497.0,468.988431086,4.38,650.266298026,529.64,4083.03,4364.15,0.9294117647058824,0,0,0,0,0,0,0.9993706508539969,0.035472555753127424,0.0709004622609153,-0.9974833955766825,0,6.568077911411976,6.99117688712121,5.3981627015177525,7.037905963447182,Validation
2024-02-20,351,26883.240581175,76.59042900619659,3444.0,2851.0,51799.0,74636.0,431794.0,411240.0,474.088230282,2.79,742.593935413,515.55,3954.63,3841.38,0.9301960784313725,0,0,0,0,1,0,0.999832969770105,0.018276557681692205,0.03654700988812189,-0.9993319348786156,0,6.39024066706535,6.371611847231857,5.424950017481403,7.234898420314831,Validation
2024-02-21,361,27675.325502547,76.6629515306011,3666.0,2503.0,61079.0,77212.0,452217.0,460099.0,466.911256781,3.71,767.685132716,514.74,3774.81,4247.16,0.9309803921568628,0,0,0,0,0,1,0.9999994220246925,0.0010751512827974292,0.002150301322773072,-0.9999976880994382,0,6.343880434126331,6.059123195581797,5.318119993844216,7.05444965813294,Validation
2024-02-22,376,29880.855075254,79.4703592426968,3619.0,2191.0,50239.0,88624.0,399572.0,424786.0,488.840536468,3.05,771.170100408,513.16,3504.737978535,3981.676766992,0.9317647058823529,0,0,0,1,0,0,0.9998699583618592,-0.016126573270655895,-0.032248952289300366,-0.9994798672690923,0,6.419994928147142,7.126890808898808,5.442417710521793,7.201916317531627,Validation
2024-02-23,390,30015.17856416,76.96199631835897,2883.0,2184.0,49988.0,72658.0,479982.0,493493.0,453.655625694,3.32,691.52,520.53,4141.270719722,4844.286216456,0.9325490196078431,1,0,0,0,0,0,0.9994446170919858,-0.033323525711630365,-0.06661003679003072,-0.9977790852682926,0,6.406879986069314,6.186208623900494,5.384495062789089,7.402451520818244,Validation
2024-02-24,399,32336.566194693,81.04402555060902,3578.0,2669.0,45403.0,69365.0,421448.0,675513.0,458.181342585,5.07,684.298111671,503.61,4012.648214062,6811.24084638,0.9333333333333333,0,1,0,0,0,0,0.9987235240803974,-0.05051061718521924,-0.1008922831973961,-0.9948973551031365,0,6.293419278846481,6.6039438246004725,5.480638923341991,7.575584651557793,Validation
2024-02-25,496,40450.753605111,81.55393871998186,3771.0,2921.0,46012.0,60228.0,400076.0,732258.0,503.625528401,8.92,734.078520546,499.79,3808.845665896,6990.581138665,0.9341176470588235,0,0,1,0,0,0,0.9977068927101168,-0.06768276175455241,-0.13505511584034724,-0.990838087522553,0,6.499787040655854,6.336825731146441,5.6240175061873385,7.725330037917135,Validation
2024-02-26,360,27812.482233925,77.25689509423611,3292.0,2541.0,61635.0,53564.0,377548.0,593270.0,463.514979349,5.62,696.519285102,492.69,3448.294627864,4768.412704457,0.9349019607843138,0,0,0,0,0,0,0.9963950238187232,-0.0848348779057644,-0.1690581003831452,-0.985606086981428,0,6.539585955617669,6.184148890937483,5.749392985908253,7.286191714702382,Validation
2024-02-27,421,31212.749925239,74.13954851600712,3272.0,2450.0,50932.0,51668.0,383294.0,515827.0,481.852722024,4.11,687.758295458,481.86,3660.515397483,4384.224680422,0.9356862745098039,0,0,0,0,1,0,0.994788305609327,-0.10196189005174566,-0.20286099168260113,-0.9792075459541515,0,6.470799503782602,7.085064293952548,5.602118820879701,7.234898420314831,Validation
2024-02-28,401,31837.374553935,79.39494901230672,3660.0,2377.0,39754.0,54171.0,470581.0,610267.0,436.917866333,2.91,628.152856351,475.86,4238.420160205,5359.266477031,0.9364705882352942,0,0,0,0,0,1,0.9928872135356964,-0.11905873003404802,-0.23642378142120934,-0.9716500376053594,0,6.432940092739179,6.532334292222349,5.6240175061873385,7.444248649496705,Validation
2024-02-29,442,34719.429758047,78.55074605892986,3739.0,2440.0,44366.0,53297.0,503111.0,743596.0,443.852347748,3.33,596.44989977,451.19,4376.115297635,6127.852012806,0.9372549019607843,0,0,0,1,0,0,0.9906923101615611,-0.13612033862266606,-0.269706745460126,-0.9629425068265015,0,6.516193076042964,6.81783057145415,5.476463551931511,7.560601162768557,Validation
2024-03-01,426,35366.023668079,83.01883490159389,4490.0,2158.0,47355.0,68390.0,492288.0,828332.0,492.897406559,4.44,723.178497022,592.77,4134.70608978,6369.384869258,0.9380392156862745,1,0,0,0,0,0,0.9882042449941423,-0.15314166701311996,-0.3026704908556891,-0.9530952596488854,0,6.419994928147142,6.408528791059498,5.575949103146316,7.629489916393995,Validation
2024-03-02,538,43375.496728609,80.62359986730299,4062.0,2704.0,44845.0,82896.0,509384.0,914505.0,512.353713885,6.91,764.756304336,623.52,4253.409443691,7733.987431979,0.9388235294117647,0,1,0,0,0,0,0.9854237542919527,-0.17011767832048869,-0.3352760024840134,-0.9421199510456935,0,6.678342114654332,6.466144724237619,5.857933154483459,7.868636894184167,Validation
2024-03-03,603,48039.788171411,79.667973750267,4241.0,2731.0,48600.0,88270.0,534790.0,940807.0,535.343170279,2.42,758.300735329,625.79,4375.30031943,7156.429006056,0.9396078431372549,0,0,1,0,0,0,0.9823516608469238,-0.1870433490699156,-0.36748468921840505,-0.9300295711374194,0,6.763884908562435,7.160845906664299,5.966146739123692,7.833203948641057,Validation
2024-03-04,427,32963.840563804,77.19868984497424,4221.0,1785.0,47333.0,69617.0,540165.0,1058874.0,484.835296819,0.86,641.924236222,610.99,4140.006311513,7226.297057863,0.9403921568627451,0,0,0,0,0,0,0.9789888737409319,-0.2039136706831146,-0.39925842960488334,-0.9168384298170765,0,6.674561391814426,6.580639137284949,6.07073772800249,7.73718007783463,Validation
2024-03-05,385,31938.31135906,82.95665288067532,4185.0,1633.0,52865.0,62786.0,512737.0,749371.0,500.624652913,2.51,819.528787541,614.28,3906.909231674,5905.921064233,0.9411764705882353,0,0,0,0,1,0,0.9753363880767842,-0.22072365096049953,-0.4305596169818689,-0.9025621398133351,0,6.532334292222349,6.361302477572996,5.700443573390686,7.614312146452,Validation
2024-03-06,432,35611.0168354,82.4329093412037,5066.0,1671.0,49749.0,60382.0,490985.0,856972.0,508.254627996,1.29,750.28604077,606.64,3840.466916927,6810.229830146,0.9419607843137255,0,0,0,0,0,1,0.9713952846837505,-0.23746831555846662,-0.4613512039905747,-0.887217598211649,0,6.602587892189336,6.467698726104354,5.857933154483459,7.718240951959316,Validation
2024-03-07,445,35660.802159945,80.13663406729214,4805.0,1643.0,50938.0,60925.0,494357.0,834942.0,501.827752577,0.88,774.535296057,608.56,4006.142231903,6698.426624508,0.9427450980392157,0,0,0,1,0,0,0.9671667297977312,-0.25414270946136214,-0.49159674642336104,-0.8708229664552753,0,6.5722825426940075,6.774223886357614,5.676753802268282,7.752335163302292,Validation
2024-03-08,390,32338.840016603,82.92010260667436,4729.0,1465.0,38724.0,70086.0,485214.0,833368.0,502.348227648,3.12,664.675524686,733.98,3643.027139071,6441.675345893,0.9435294117647058,1,0,0,0,0,0,0.9626519747161494,-0.27074189844776153,-0.5212604463582737,-0.853397648849804,0,6.7912214627261855,6.142037405587356,5.6131281063880705,7.62608275807238,Validation
2024-03-09,638,47102.826954855,73.82888237438088,4366.0,2330.0,42684.0,72026.0,477848.0,1030372.0,505.554778408,5.5,555.337247799,746.79,3770.698641354,8204.827981528,0.9443137254901961,0,1,0,0,0,0,0.9578523554276671,-0.2872609705505954,-0.5503071945286511,-0.8349622695966599,0,7.142827401161621,7.022868086082641,5.662960480135946,8.08487062913819,Validation
2024-03-10,508,39298.881245882,77.36000245252363,4519.0,2907.0,55887.0,69439.0,536429.0,1003913.0,505.618943153,6.28,794.739854253,752.24,4124.274315469,7636.332049114,0.9450980392156862,0,0,1,0,0,0,0.9527692922168522,-0.30369503751065535,-0.578702611877595,-0.8155386483828033,0,7.177782416195197,6.539585955617669,5.69035945432406,7.759614150696903,Validation
2024-03-11,459,36656.849169702,79.86241649172548,4665.0,3116.0,52397.0,62251.0,515613.0,1196384.0,466.695581815,8.33,609.163905163,765.24,3714.927297753,7652.975739048,0.9458823529411765,0,0,0,0,0,0,0.9474042892438843,-0.32003923622313935,-0.6064130902482778,-0.7951497745554192,0,7.241366283322318,6.52795791762255,5.971261839790462,7.952263308657046,Validation
2024-03-12,394,31819.504278372,80.76016314307614,4279.0,3131.0,55461.0,59905.0,466750.0,1055430.0,481.267102506,5.03,671.74614499,749.1,3502.994233933,7572.36630483,0.9466666666666667,0,0,0,0,1,0,0.941758934099462,-0.3362887301766819,-0.6334058321617071,-0.7738197799123097,0,7.151485463904735,6.400257445308821,5.971261839790462,7.8504931808711405,Validation
2024-03-13,391,32087.314840587,82.06474383781841,3660.0,2964.0,45898.0,55590.0,507061.0,953802.0,480.081930075,8.47,577.559594449,746.86,3830.935566809,6797.448659706,0.9474509803921569,0,0,0,0,0,1,0.9358348973349941,-0.3524387108846032,-0.6596488896351407,-0.7515739101399982,0,7.098375638590786,6.683360945766275,5.834810737062605,7.741967899820685,Validation
2024-03-14,401,32027.53771176,79.86917135102244,5177.0,3037.0,61272.0,65030.0,505303.0,897901.0,468.488796907,7.04,695.829828392,730.7,4001.855663758,6799.324918022,0.9482352941176471,0,0,0,1,0,0,0.9296339319682692,-0.36848439930778004,-0.6851112019949147,-0.728438494933569,0,6.951772164398911,6.431331081933479,5.820082930352362,7.659171367666058,Validation
2024-03-15,517,41347.590656517,79.97599740138685,4440.0,3026.0,52826.0,64522.0,481296.0,819925.0,479.750300816,6.97,643.742743515,757.15,4012.519469457,6890.365160458,0.9490196078431372,1,0,0,0,0,0,0.9231578729647043,-0.38442104726885457,-0.7097626326391596,-0.7044409168334342,0,6.960347729101308,6.822197390620491,5.631211781821365,7.637234388789473,Validation
2024-03-16,515,39179.688244511,76.07706455244855,5311.0,3627.0,45475.0,64457.0,412992.0,875010.0,492.951581665,8.45,693.09093025,796.89,3834.648254251,7289.818588716,0.9498039215686275,0,1,0,0,0,0,0.9164086366943458,-0.4002439388573055,-0.7335740047067969,-0.6796095788159789,0,6.976348070447749,6.900730664045173,5.5134287461649825,7.720905251936779,Validation
2024-03-17,804,58021.011246333,72.16543687354851,5052.0,3946.0,39249.0,78127.0,461461.0,961317.0,479.697681296,6.45,644.444023275,811.55,4063.104473733,7594.098770083,0.9505882352941176,0,0,1,0,0,0,0.9093882203647936,-0.4159483918249396,-0.7565171356105594,-0.653973870676493,0,6.752270376141742,7.392031567514591,5.545177444479562,8.00202481821611,Validation
2024-03-18,380,29406.762468409,77.38621702212895,4831.0,2527.0,43025.0,69956.0,434531.0,905243.0,459.549896956,4.04,562.82837702,732.06,3666.727631425,6871.73334979,0.9513725490196079,0,0,0,0,0,0,0.9020987014301846,-0.4315297589714698,-0.7785648703932868,-0.6275641342440504,0,6.591673732008658,6.532334292222349,5.583496308781699,7.715569534520208,Validation
2024-03-19,379,29945.956274969,79.01307724266228,4580.0,2203.0,47532.0,41710.0,366562.0,757134.0,455.91525617,3.67,620.979936583,473.69,3211.142927484,5996.507261336,0.952156862745098,0,0,0,0,1,0,0.8945422369764496,-0.44698342951967407,-0.799691113867869,-0.6004116274696611,0,6.539585955617669,6.210600077024653,5.575949103146316,7.460490305825338,Validation
2024-03-20,348,28600.639498256,82.18574568464368,5120.0,1583.0,53181.0,7394.0,322310.0,737109.0,437.413570698,1.95,571.246473269,94.35,2993.168107919,6546.962628267,0.9529411764705882,0,0,0,0,0,1,0.8867210630829944,-0.4623048304798084,-0.8198708615029184,-0.5725484874300711,0,6.530877627725885,6.248042874508429,5.545177444479562,7.447751280047908,Validation
2024-03-21,518,35970.568835811,69.44125257878571,4105.0,1707.0,49279.0,1152.0,373905.0,596153.0,315.598088093,1.02,576.560395144,17.6,3863.522124855,7973.027169858,0.9537254901960784,0,0,0,1,0,0,0.878637494161001,-0.47748942800283745,-0.8390802290175656,-0.5440076922910462,0,6.51025834052315,7.046647277848756,5.318119993844216,7.639161171659173,Validation
2024-03-22,385,28799.049253709,74.80272533430909,4901.0,1744.0,52019.0,1176.0,376814.0,613803.0,372.692649223,4.0,658.689858315,11.21,3488.299980164,6184.778413784,0.9545098039215686,1,0,0,0,0,0,0.8702939222685675,-0.4925327287220542,-0.8572964806503138,-0.5148230222752147,0,6.424869023905388,6.728628613084702,5.384495062789089,7.451241684987676,Validation
2024-03-23,448,37089.163010737,82.78831029182366,6999.0,2068.0,53886.0,824.0,407312.0,652568.0,569.667612224,2.85,644.512035318,4.77,3794.576560604,7174.445586011,0.9552941176470588,0,1,0,0,0,0,0.8616928164028536,-0.5074302810827495,-0.874498056068572,-0.4850290196805638,0,6.472346294500901,6.317164686747284,5.332718793265369,7.541683099882111,Validation
2024-03-24,486,36496.401294188,75.09547591396708,6195.0,2483.0,46954.0,646.0,372237.0,709972.0,508.977534191,4.53,779.594537748,3.69,3464.874091556,7160.73240553,0.956078431372549,0,0,1,0,0,0,0.8528367217694599,-0.5221776766595071,-0.8906645958869742,-0.45466094799695844,0,6.583409222158765,7.285506548522786,5.420534999272286,7.545918151209323,Validation
2024-03-25,458,35511.601399237,77.53624759658733,5962.0,1868.0,50184.0,1393.0,371742.0,754814.0,471.813336253,1.94,635.566524966,6.67,3253.504351117,6529.068390061,0.9568627450980393,0,0,0,0,0,0,0.8437282590292712,-0.5367705514607103,-0.9057769657642538,-0.42375475016913,0,6.529418838262226,6.996681488176539,5.455321115357702,7.508787170634276,Validation
2024-03-26,397,33596.991331121,84.62718219425943,5691.0,1851.0,47982.0,2235.0,333473.0,759896.0,474.026021341,2.11,605.371715417,8.52,2951.6040924,6635.45804157,0.9576470588235294,0,0,0,0,1,0,0.8343701235229534,-0.5512045872199284,-0.9198172790502203,-0.3923470060554167,0,6.530877627725885,6.529418838262226,5.327876168789581,7.5953872788539725,Validation
2024-03-27,436,34914.88231875,80.08000531823394,5214.0,1886.0,50181.0,237697.0,344906.0,803239.0,452.895399604,1.01,641.918416817,1435.98,3193.195029942,6958.371062082,0.9584313725490196,0,0,0,0,0,1,0.8247650844733625,-0.5654755126737561,-0.9327689179559768,-0.3604748891327054,0,6.643789733147672,7.172424577124845,5.402677381872279,7.536363938404511,Validation
2024-03-28,432,34849.362107391,80.66981969303473,5500.0,1999.0,51699.0,105074.0,371836.0,701204.0,444.303004624,3.36,638.773515098,1427.87,3593.077900876,6223.052923167,0.9592156862745098,0,0,0,1,0,0,0.8149159841660797,-0.5795791048257604,-0.94461655322236,-0.32817612249874045,0,6.582025138892826,6.733401891837359,5.231108616854587,7.442492722794441,Validation
2024-03-29,459,37146.037745865,80.9281868101634,5912.0,2048.0,46094.0,147023.0,356272.0,594875.0,432.767631479,2.96,592.20804173,1623.63,3700.12422295,5433.579669776,0.96,1,0,0,0,0,0,0.8048257371083447,-0.5935111901961156,-0.9553461622632794,-0.2954889342239806,0,6.6039438246004725,6.804614520062624,5.2574953720277815,7.31986492980897,Validation
2024-03-30,477,38158.123411004,79.99606585116143,5068.0,2263.0,45450.0,130460.0,278439.0,677641.0,393.618657374,1.99,566.507091875,1636.1,2764.58585728,6071.998127155,0.9607843137254902,0,1,0,0,0,0,0.7944973291666004,-0.607267646056612,-0.9649450457625334,-0.2624520121057227,0,6.576469569048224,7.704361167910313,5.501258210544727,7.478734825567875,Validation
2024-03-31,505,41242.763487047,81.66883858821188,4938.0,2225.0,39906.0,155389.0,347618.0,693168.0,378.81031577,1.92,481.273109446,1632.2,3156.511771717,6111.517895722,0.9615686274509804,0,0,1,0,0,0,0.7839338166829207,-0.6208444016506462,-0.9734018427044305,-0.22910445787810216,0,6.6052979209482015,7.251344983372214,5.4680601411351315,7.480992162869525,Validation
2024-04-01,439,32714.293109288,74.52002986170388,6384.0,1947.0,67796.0,54522.0,7359.0,23949.0,487.737453686,3.34,651.544330047,583.25,49.408844461,171.287670389,0.9623529411764706,0,0,0,0,0,0,0.7731383255706021,-0.634237439397806,-0.9807065438204119,-0.19548574093222873,0,6.561030665896573,8.259199362666282,5.60947179518496,7.522400231387125,Validation
2024-04-02,377,30792.611433647,81.67801441285675,6379.0,1652.0,48808.0,51049.0,422686.0,773038.0,506.996000593,3.16,659.194076603,602.38,3314.607803011,5402.796539682,0.9631372549019608,0,0,0,0,1,0,0.7621140503891499,-0.647442796082746,-0.9868505034357961,-0.1616356516011115,0,6.432940092739179,7.424165281042028,5.5909869805108565,7.5310163320779155,Validation
2024-04-03,415,32625.886093511,78.61659299641205,6276.0,1710.0,47201.0,70179.0,421496.0,768403.0,496.116464457,3.4,668.747548329,680.71,3182.387491832,5438.277097897,0.9639215686274509,0,0,0,0,0,1,0.7508642533989492,-0.6604565640279749,-0.9918264497026014,-0.12759425406472294,0,6.535241271013659,6.948897222313312,5.420534999272286,7.55171221535131,Validation
2024-04-04,376,29375.370246663,78.1259846985718,6233.0,1511.0,38657.0,66394.0,421440.0,709164.0,476.507294155,2.08,716.081153393,645.79,3371.457298699,5154.064137858,0.9647058823529412,0,0,0,1,0,0,0.7393922635959259,-0.6732748922501809,-0.9956284932063288,-0.09340183893101454,0,6.448889394146858,6.588926477533519,5.455321115357702,7.43955930913332,Validation
2024-04-05,339,28731.65175593,84.75413497324485,6365.0,1455.0,40453.0,63826.0,372523.0,691372.0,495.261678614,3.0,571.881923164,603.12,3004.855829888,5605.885245914,0.9654901960784313,1,0,0,0,0,0,0.7277014757264222,-0.6858939875998239,-0.9982521339365443,-0.05909887554882525,0,6.57507584059962,6.322565239927284,5.700443573390686,7.371489295214277,Validation
2024-04-06,408,32211.945476877,78.95084675705148,6509.0,1996.0,49413.0,65279.0,462197.0,610078.0,517.574859187,7.67,683.354521914,660.81,3735.012905436,5118.405835527,0.9662745098039216,0,1,0,0,0,0,0.7157953492826649,-0.6983101158835577,-0.9996942666129788,-0.02472596410938434,0,6.871091294610546,8.312626025674962,5.3612921657094255,7.4205789054108005,Validation
2024-04-07,429,35800.855397088,83.45187738248951,7891.0,2231.0,49128.0,67332.0,424320.0,758069.0,506.080391696,6.63,722.227360247,645.17,3452.90367228,5800.844068901,0.9670588235294117,0,0,1,0,0,0,0.703677407479015,-0.7105196029692722,-0.9999531843608731,0.009676212407224495,0,6.930494765951626,6.505784060128229,5.58724865840025,7.588829878307813,Validation
2024-04-08,369,32277.040257515,87.4716538144038,6432.0,2082.0,53810.0,62270.0,432320.0,705428.0,488.737759187,5.72,632.701716963,620.95,3489.533154286,5453.238962656,0.967843137254902,0,0,0,0,0,0,0.6913512362094087,-0.7225188358733095,-0.9990285807311908,0.04406693638344451,0,6.904750769961838,6.811244378601294,5.476463551931511,7.374629015218945,Validation
2024-04-09,405,29593.211654927,73.06965840722717,6257.0,2051.0,49186.0,67924.0,416183.0,680683.0,488.590687387,5.92,677.527669737,611.58,3579.134750781,5146.440375544,0.9686274509803922,0,0,0,0,1,0,0.6788204829862363,-0.7343042638296013,-0.9969215500633254,0.0784055037566657,0,6.86484777797086,6.672032945461067,6.428105272684596,7.3613754289773485,Validation
2024-04-10,502,35190.780767811,70.10115690799003,5934.0,2483.0,58390.0,71949.0,381266.0,780183.0,454.234316011,7.08,681.826773381,625.52,3227.483776076,5388.342097204,0.9694117647058823,0,0,0,0,0,1,0.6660888558609768,-0.7458723993404065,-0.9936345861898659,0.11265127219562979,0,6.968850378341948,7.45182223652793,7.202661196523238,7.410347097821024,Validation
2024-04-11,396,30219.244957132,76.31122463922222,6005.0,2495.0,68786.0,65269.0,356573.0,843492.0,495.164727066,4.52,686.326507075,598.11,2831.091885592,5726.957787354,0.9701960784313726,0,0,0,1,0,0,0.6531601223269314,-0.7572198192083115,-0.9891715794849553,0.14676370920373594,0,6.810142450115136,6.453624998892692,6.118097198041348,7.502186486602925,Validation
2024-04-12,331,27003.12427752,81.58043588374622,6592.0,2576.0,66763.0,56276.0,312976.0,793802.0,496.821046116,5.57,613.870819798,596.95,2753.231461989,6159.789402216,0.9709803921568627,1,0,0,0,0,0,0.6400381082043509,-0.7683431655492197,-0.9835378122597299,0.18070244009239106,0,6.799055862058796,6.630683385642372,5.948034989180646,7.477604243197589,Validation
2024-04-13,384,31748.301717515,82.67786905602865,5864.0,3023.0,52114.0,63115.0,336719.0,910850.0,494.159651484,7.84,667.580743298,554.59,2989.091149397,6853.235292785,0.971764705882353,0,1,0,0,0,0,0.6267266965083298,-0.7792391467859888,-0.9767399525103045,0.2144272957675117,0,6.855408798609928,6.386879319362645,5.981414211254481,7.592870287844818,Validation
2024-04-14,404,33426.452758052,82.73874445062377,6283.0,2884.0,48217.0,75755.0,353529.0,885292.0,526.237314424,5.54,686.580378554,658.26,3171.215640024,6905.697387436,0.9725490196078431,0,0,1,0,0,0,0.6132298262997516,-0.7899045386224695,-0.9687860460256849,0.24789836027275283,0,6.917705609835305,6.169610732491456,5.940171252720432,7.57353126274595,Validation
2024-04-15,559,40170.932250388,71.86213282716996,5794.0,2615.0,49164.0,37163.0,473079.0,865483.0,466.420690977,5.63,626.821135659,401.39,3639.981430614,6126.739874562,0.9733333333333334,0,0,0,0,0,0,0.5995514915196494,-0.8003361849976319,-0.9596855068649526,0.2810760180331276,0,6.93537044601511,7.216709486709457,6.115892125483034,8.173293438966228,Validation
2024-04-16,386,31216.032616758,80.87055082061657,6224.0,3369.0,50307.0,92577.0,405121.0,788094.0,473.176676254,4.04,605.022604569,796.74,3290.604905619,5487.203576655,0.9741176470588235,0,0,0,0,1,0,0.5856957398073505,-0.8105309990194826,-0.9494491062150133,0.3139210007430408,0,6.874198495453294,6.543911845564792,5.872117789475416,7.52456122628536,Validation
2024-04-17,388,29486.036681903,75.99493990181185,6045.0,2740.0,41011.0,45609.0,375602.0,795128.0,496.931372796,7.44,721.771092676,517.25,3196.919216208,5868.539196288,0.9749019607843137,0,0,0,0,0,1,0.5716666713027071,-0.8204859638785313,-0.9380889596420664,0.34639443384336527,0,6.899723107284872,6.7226297948554485,5.662960480135946,7.446585099157725,Validation
2024-04-18,353,28514.002134774,80.77621001352408,6542.0,2385.0,42187.0,21995.0,366641.0,838444.0,476.491031493,5.55,623.621716168,307.13,3093.162935935,5755.048130951,0.9756862745098039,0,0,0,1,0,0,0.55746843743279,-0.8301981337405206,-0.925618512751893,0.37845788253248697,0,6.78105762593618,6.340359303727752,5.659482215759621,7.358830898342354,Validation
2024-04-19,319,26153.095152882,81.98462430370533,6635.0,2195.0,50964.0,29822.0,378528.0,693875.0,474.176891424,5.67,694.530780011,412.63,3313.15676208,4984.840359783,0.9764705882352941,1,0,0,0,0,0,0.5431052396834348,-0.8396646346181307,-0.912052525275967,0.4100733972567977,0,6.727431724850855,6.270988431858299,5.575949103146316,7.244941546337007,Validation
2024-04-20,399,31313.319977497,78.47949869046867,5679.0,2641.0,50808.0,21138.0,481297.0,690206.0,470.42531233,8.29,609.442878342,294.58,4629.421264446,5766.220710588,0.9772549019607844,0,1,0,0,0,0,0.5285813283559281,-0.848882665221456,-0.8974070536021557,0.441203558626965,0,6.806829360392176,6.393590753950631,5.666426688112432,7.330405211844402,Validation
2024-04-21,469,39005.412884601,83.16719165160127,6772.0,2960.0,55259.0,21750.0,448058.0,770343.0,517.261766914,8.16,637.41921039,280.3,4236.330329772,6206.918075699,0.9780392156862745,0,0,1,0,0,0,0.5139010013093112,-0.8578494977869296,-0.8816994317707857,0.47181152170657475,0,6.914730892718563,6.342121418721152,5.564520407322694,7.385851078125209,Validation
2024-04-22,363,27422.881032828,75.54512681219835,7423.0,2544.0,45550.0,14593.0,398118.0,787286.0,467.439427801,8.33,580.777131909,209.46,3623.590568213,5691.358832028,0.9788235294117648,0,0,0,0,0,0,0.49906860268853165,-0.8665624788845387,-0.8649482509584339,0.5018610596210331,0,6.843749949006225,6.822197390620491,5.652489180268651,7.472500744737558,Validation
2024-04-23,340,26459.650510327,77.82250150096176,6161.0,2163.0,59654.0,23540.0,317515.0,776099.0,477.952160628,4.83,659.984472571,342.06,3065.297990289,5560.371892295,0.9796078431372549,0,0,0,0,1,0,0.4840885216389748,-0.8750190302029961,-0.8471733374738757,0.5313166064347836,0,6.720220155135295,6.118097198041348,5.5909869805108565,7.257707677160043,Validation
2024-04-24,349,27160.507397167,77.82380343027793,6199.0,2535.0,43817.0,92360.0,356950.0,730543.0,454.703859835,7.17,620.187124783,1088.02,3418.007469323,5413.808027586,0.9803921568627451,0,0,0,0,0,1,0.46896519100763273,-0.8832166493127123,-0.8283957292921149,0.5601432992463491,0,6.763884908562435,6.075346031088684,5.713732805509369,7.309212365692763,Validation
2024-04-25,382,29341.843960465,76.81110984414921,5822.0,2453.0,44103.0,81789.0,357859.0,616556.0,448.844239965,3.61,589.842887425,1035.24,3743.906844592,5137.503648668,0.9811764705882353,0,0,0,1,0,0,0.45370308603134396,-0.891152910406309,-0.8086376511543123,0.5883070194512698,0,6.703188113240863,6.311734809152915,5.556828061699537,7.407924322559599,Validation
2024-04-26,336,28313.389122075,84.26603905379464,5865.0,2069.0,51197.0,99681.0,331461.0,615711.0,451.455571999,5.74,656.814685116,1084.42,3417.315238483,5566.688800251,0.9819607843137255,1,0,0,0,0,0,0.4383067230125209,-0.8988254650164431,-0.7879224882631249,0.6157744331240506,0,6.777646593635117,6.052089168924417,5.4116460518550396,7.221105098182496,Validation
2024-04-27,397,33631.71055588,84.7146361609068,6215.0,2570.0,51884.0,108665.0,386376.0,756567.0,463.392296024,4.45,881.553106279,862.77,4159.447263741,7503.587779895,0.9827450980392157,0,1,0,0,0,0,0.42278065798267817,-0.9062320427107694,-0.7662747586044911,0.6425130304714674,0,6.903747257584598,6.016157159698354,5.37989735354046,7.409741954080923,Validation
2024-04-28,473,37293.598470678,78.84481706274418,5940.0,2785.0,50216.0,60083.0,389009.0,780314.0,455.597616271,9.26,831.158954283,678.53,4064.995986769,7503.253365883,0.9835294117647059,0,0,1,0,0,0,0.40712948535425164,-0.9133704517637858,-0.7437200839287409,0.6684911643103644,0,6.945051063725834,6.776506992372183,5.389071729816501,7.4342573821331355,Validation
2024-04-29,389,29737.004189543,76.44474084715424,5849.0,2064.0,53664.0,58947.0,419263.0,677590.0,431.209892558,6.82,694.770455969,518.84,4035.864830194,5658.444975996,0.984313725490196,0,0,0,0,0,0,0.39135783656102846,-0.9202385798054064,-0.7202851594252744,0.6936780875245426,0,6.934397209928558,6.343880434126331,5.37989735354046,7.381501894506707,Validation
2024-04-30,382,30720.907000784,80.42122251514135,5685.0,2004.0,57458.0,41805.0,350299.0,565623.0,411.949296617,6.58,842.623587323,444.56,3475.286484956,4741.975922514,0.9850980392156863,0,0,0,0,1,0,0.37547037868762145,-0.9268343944460489,-0.6959977221267406,0.7180439894563483,0,6.8308742346461795,6.682108597449809,5.442417710521793,7.090076835776092,Validation
2024-05-01,408,29655.949418371,72.68615053522304,6336.0,1696.0,66525.0,61145.0,336570.0,642394.0,431.577613142,4.88,778.588534279,696.67,3203.582889185,5197.641986769,0.9858823529411764,0,0,0,0,0,1,0.3594718130884233,-0.9331559438780431,-0.6708865180801583,0.7415600311898434,0,6.771935555839602,6.79346613258001,5.645446897643238,7.814399633804487,Validation
2024-05-02,344,26765.650206037,77.80712269196802,5502.0,1708.0,56180.0,57331.0,358337.0,645856.0,463.18107575,7.0,793.456298608,557.86,3348.188497935,5474.815090296,0.9866666666666667,0,0,0,1,0,0,0.3433668739963902,-0.9392013574532072,-0.644981268323748,0.7641983796838941,0,6.807934943699926,6.4425401664681985,5.198497031265826,7.2456550675945355,Validation
2024-05-03,343,27283.657804569,79.5441918500554,6298.0,1617.0,54895.0,12104.0,378076.0,599841.0,477.853018896,6.46,870.642575132,99.3,3908.455803971,5797.332590137,0.9874509803921568,1,0,0,0,0,0,0.3271603271220964,-0.9449688462364052,-0.6183126337097847,0.7859322407147257,0,6.703188113240863,6.07993319509559,5.147494476813453,7.192182058713246,Validation
2024-05-04,389,31167.970865553,80.12331842044473,7628.0,1504.0,41978.0,13290.0,443378.0,611803.0,501.922674508,3.08,890.021620646,102.43,4704.546770164,5982.898497766,0.9882352941176471,0,1,0,0,0,0,0.31085696824350373,-0.950456703534915,-0.5909121786151567,0.8067358905889146,0,6.760414691083428,6.558197802812269,5.267858159063328,7.24422751560335,Validation
2024-05-05,399,32109.014412888,80.47372033305263,6882.0,2212.0,61704.0,11999.0,426468.0,612648.0,495.337282612,5.87,1049.89257374,105.06,4514.274471665,5723.437061436,0.9890196078431372,0,0,1,0,0,0,0.2944616217868,-0.9556633054034708,-0.56281233358248,0.8265847065893751,0,6.8658910748834385,6.077642243349034,5.537334267018537,7.140453043101158,Validation
2024-05-06,334,25185.438273158,75.4055038118503,7211.0,2177.0,71819.0,10109.0,367662.0,503844.0,468.88791218,5.33,946.708062854,99.19,3583.744469945,4432.077561831,0.9898039215686274,0,0,0,0,0,0,0.27797913939878105,-0.9605871111248125,-0.5340463569360734,0.8454551961182261,0,6.739336627357174,6.035481432524756,5.318119993844216,6.913737350659685,Validation
2024-05-07,319,25429.556038125,79.71647660854232,7092.0,1889.0,69322.0,10464.0,340729.0,477713.0,476.334699522,6.14,859.956120599,102.93,3241.188522751,4094.434186755,0.9905882352941177,0,0,0,0,1,0,0.2614143985111563,-0.9652266636656129,-0.5046482954181527,0.8633250245021007,0,6.679599185844383,5.771441123130016,5.2832037287379885,6.901737206656574,Validation
2024-05-08,297,22898.902689444,77.1006824560404,6869.0,1920.0,70993.0,10601.0,354416.0,490825.0,472.349276475,2.71,976.535814761,99.73,3294.95850965,4175.178887605,0.9913725490196078,0,0,0,0,0,1,0.2447723008972588,-0.9695805901076309,-0.4746529438919336,0.8801730414269235,0,6.618738983517219,5.91350300563827,5.209486152841421,6.9726062513017535,Validation
2024-05-09,304,23798.425644665,78.28429488376645,5965.0,2139.0,62374.0,11731.0,410979.0,519382.0,477.758972836,3.77,937.778520788,115.91,3714.881477401,4423.089832813,0.9921568627450981,0,0,0,1,0,0,0.22805777122152163,-0.9736476020539835,-0.44409580415922095,0.8959793059709442,0,6.675823221634848,6.595780513961311,5.247024072160486,6.9874902470009905,Validation
2024-05-10,293,22589.032540876,77.09567420094199,7458.0,1775.0,51080.0,124125.0,386141.0,474689.0,568.808709967,3.69,742.577237098,1099.74,3662.087254906,4338.837495378,0.9929411764705882,1,0,0,0,0,0,0.21127575558217981,-0.9774264960104054,-0.4130130429412817,0.910725110206358,0,6.502790045915623,6.184148890937483,4.955827057601261,7.090076835776092,Validation
2024-05-11,334,27013.923229954,80.88000967052096,7457.0,1749.0,64589.0,140143.0,308987.0,480734.0,606.569760692,5.09,991.384856771,1100.22,3023.490699443,4793.154579159,0.9937254901960785,0,1,0,0,0,0,0.19443122004766467,-0.980916153741377,-0.38144144907279703,0.9243930013415532,0,6.520621127558696,6.922643891475888,4.997212273764115,7.141245122350491,Validation
2024-05-12,398,32261.631896744,81.05937662498492,8480.0,2052.0,58381.0,135725.0,373197.0,527528.0,613.810042,3.69,1025.953495601,1099.49,3742.495438724,4864.217628722,0.9945098039215686,0,0,1,0,0,0,0.17752914918703638,-0.9841155426010337,-0.34941838995940033,0.936966802377854,0,6.70196036600254,6.1092475827643655,5.220355825078325,7.234898420314831,Validation
2024-05-13,385,28566.283152927,74.19813805955066,8750.0,1816.0,77080.0,117706.0,352311.0,508371.0,590.605398947,4.58,876.335972965,1094.67,3484.614211205,4586.298088655,0.9952941176470588,0,0,0,0,0,0,0.1605745445949943,-0.9870237158387382,-0.31698176735052885,0.9484316312562204,0,6.828712071641684,7.115582126184454,5.389071729816501,7.2078598714324755,Validation
2024-05-14,340,26992.713141888,79.39033277025882,7475.0,1374.0,79180.0,45212.0,327127.0,473103.0,595.736749348,1.78,903.922308114,424.52,3297.146044709,4092.652552933,0.996078431372549,0,0,0,0,1,0,0.14357242341181403,-0.9896398128792409,-0.28416997247977355,0.9587739184713175,0,6.62273632394984,6.300785794663244,5.2832037287379885,7.183870715062453,Validation
2024-05-15,367,27544.775638961,75.05388457482562,6517.0,1510.0,76142.0,41001.0,331509.0,476061.0,587.36298533,3.55,843.69429163,421.38,3247.01003236,4258.936720455,0.9968627450980392,0,0,0,0,0,1,0.12652781683868455,-0.9919630595773394,-0.25102184062588545,0.9679814231320726,0,6.587550014824796,6.703188113240863,5.247024072160486,7.115582126184454,Validation
2024-05-16,342,26024.796239682,76.09589543766667,7473.0,1424.0,69596.0,40838.0,313965.0,541632.0,591.875390506,2.75,704.41812824,408.5,3133.673953397,4970.943768031,0.9976470588235294,0,0,0,1,0,0,0.10944576864891564,-0.993992768446958,-0.21757660514828192,0.9760432474496961,0,6.548219102762372,6.040254711277414,5.209486152841421,7.194436851100335,Validation
2024-05-17,316,27045.511085455,85.5870603970095,7136.0,4910.0,66760.0,36875.0,305531.0,518531.0,588.362502109,23.12,762.121270196,351.13,3165.475943515,4940.16134983,0.9984313725490196,1,0,0,0,0,0,0.09233133369539397,-0.995728338864587,-0.18387385105133303,0.9829498496360596,0,6.410174881966167,6.042632833682381,5.187385805840755,7.231287004327616,Validation
2024-05-18,428,32490.620322994,75.91266430606075,8522.0,8996.0,74255.0,35226.0,316721.0,600874.0,575.315484319,43.48,740.930779688,298.61,3448.970978019,5903.694265639,0.9992156862745099,0,1,0,0,0,0,0.07518957641475997,-0.9971692572470177,-0.14995346813244817,0.9886930551971379,0,6.295266001439646,7.520234556474628,5.187385805840755,7.861341795599989,Validation
2024-05-19,394,31364.364868313,79.60498697541371,6795.0,9353.0,80691.0,36939.0,302938.0,545922.0,598.483258571,54.65,1048.950611914,308.79,3323.121815998,5719.227303528,1.0,0,0,1,0,0,0,0.058025569328780884,-0.9983150972033182,-0.11585560376947954,0.9932660666081417,0,5.953243334287785,6.150602768446279,4.700480365792417,8.206583614320753,Validation
