channel,media_units,distribution,ci_hi,ci_lo,mean,channel_type,scaled_count_histogram,count_histogram,start_interval_histogram,end_interval_histogram
Google Paid Search,0.0,posterior,0.0,0.0,0.0,media,,,,
Google Paid Search,0.0,prior,0.0,0.0,0.0,media,,,,
Google Paid Search,120.64729309082031,posterior,0.06588323,0.022617187,0.0397667,media,,,,
Google Paid Search,120.64729309082031,prior,0.17004241,0.024302293,0.065465584,media,,,,
Google Paid Search,241.29458618164062,posterior,0.12362185,0.04423393,0.07613386,media,,,,
Google Paid Search,241.29458618164062,prior,0.29066014,0.04745141,0.11932948,media,,,,
Google Paid Search,361.9418640136719,posterior,0.17463823,0.064915165,0.10956932,media,,,,
Google Paid Search,361.9418640136719,prior,0.38066766,0.06952752,0.1653084,media,,,,
Google Paid Search,482.58917236328125,posterior,0.22004172,0.084720336,0.14044866,media,,,,
Google Paid Search,482.58917236328125,prior,0.45040524,0.09060355,0.20544116,media,,,,
Google Paid Search,603.2364501953125,posterior,0.26071036,0.10370396,0.16908032,media,,,,
Google Paid Search,603.2364501953125,prior,0.50602716,0.11074594,0.24101497,media,,,,
Google Paid Search,723.8837280273438,posterior,0.29734808,0.12191612,0.19572054,media,,,,
Google Paid Search,723.8837280273438,prior,0.55142534,0.1300154,0.272911,media,,,,
Google Paid Search,844.531005859375,posterior,0.33052593,0.13940291,0.22058496,media,,,,
Google Paid Search,844.531005859375,prior,0.58918124,0.14846747,0.3017672,media,,,,
Google Paid Search,965.1783447265625,posterior,0.3607118,0.15620679,0.24385792,media,,,,
Google Paid Search,965.1783447265625,prior,0.6210749,0.16615304,0.32806388,media,,,,
Google Paid Search,1085.82568359375,posterior,0.38829306,0.17236702,0.26569575,media,,,,
Google Paid Search,1085.82568359375,prior,0.6483731,0.18311895,0.3521739,media,,,,
Google Paid Search,1206.472900390625,posterior,0.41359282,0.1879199,0.2862363,media,,,,
Google Paid Search,1206.472900390625,prior,0.67200255,0.19940823,0.37439245,media,,,,
Google Paid Search,1327.1201171875,posterior,0.4368829,0.20289901,0.305597,media,,,,
Google Paid Search,1327.1201171875,prior,0.69265616,0.21506058,0.39495945,media,,,,
Google Paid Search,1447.7674560546875,posterior,0.4583937,0.21733554,0.3238819,media,,,,
Google Paid Search,1447.7674560546875,prior,0.7108627,0.2301126,0.4140723,media,,,,
Google Paid Search,1568.414794921875,posterior,0.47832155,0.23125842,0.34118283,media,,,,
Google Paid Search,1568.414794921875,prior,0.7270329,0.24459822,0.43189436,media,,,,
Google Paid Search,1689.06201171875,posterior,0.496835,0.24469465,0.35758,media,,,,
Google Paid Search,1689.06201171875,prior,0.7414902,0.25854883,0.44856375,media,,,,
Google Paid Search,1809.7093505859375,posterior,0.51407945,0.25766927,0.3731462,media,,,,
Google Paid Search,1809.7093505859375,prior,0.7544931,0.2719935,0.46419957,media,,,,
Google Paid Search,1930.356689453125,posterior,0.53018105,0.27020562,0.38794562,media,,,,
Google Paid Search,1930.356689453125,prior,0.76625055,0.28495923,0.478901,media,,,,
Google Paid Search,2051.00390625,posterior,0.5452498,0.28232563,0.40203503,media,,,,
Google Paid Search,2051.00390625,prior,0.7769334,0.29747126,0.49275666,media,,,,
Google Paid Search,2171.6513671875,posterior,0.55938196,0.2940496,0.4154665,media,,,,
Google Paid Search,2171.6513671875,prior,0.7866824,0.3095529,0.5058426,media,,,,
Google Paid Search,2292.298583984375,posterior,0.57266223,0.3053967,0.4282859,media,,,,
Google Paid Search,2292.298583984375,prior,0.795615,0.32122603,0.51822406,media,,,,
Google Paid Search,2412.94580078125,posterior,0.5851654,0.3163848,0.44053695,media,,,,
Google Paid Search,2412.94580078125,prior,0.80382943,0.332511,0.5299622,media,,,,
Google Paid Search,2533.59326171875,posterior,0.59695774,0.32703066,0.45225656,media,,,,
Google Paid Search,2533.59326171875,prior,0.8114092,0.3434269,0.5411073,media,,,,
Google Paid Search,2654.240234375,posterior,0.60809815,0.33735004,0.4634806,media,,,,
Google Paid Search,2654.240234375,prior,0.818425,0.3539915,0.5517059,media,,,,
Google Paid Search,2774.8876953125,posterior,0.6186393,0.3473577,0.47423968,media,,,,
Google Paid Search,2774.8876953125,prior,0.8249376,0.36422154,0.56180006,media,,,,
Google Paid Search,2895.534912109375,posterior,0.62862813,0.35706758,0.48456421,media,,,,
Google Paid Search,2895.534912109375,prior,0.830999,0.3741326,0.5714253,media,,,,
Google Paid Search,3016.182373046875,posterior,0.6381072,0.3664928,0.49447957,media,,,,
Google Paid Search,3016.182373046875,prior,0.83665484,0.3837394,0.58061695,media,,,,
Google Paid Search,3136.82958984375,posterior,0.64711434,0.37564567,0.50401115,media,,,,
Google Paid Search,3136.82958984375,prior,0.84194446,0.39305574,0.58940405,media,,,,
Google Paid Search,3257.47705078125,posterior,0.65568405,0.38453782,0.5131801,media,,,,
Google Paid Search,3257.47705078125,prior,0.84690213,0.4020946,0.5978142,media,,,,
Google Paid Search,3378.1240234375,posterior,0.6638474,0.39318022,0.5220083,media,,,,
Google Paid Search,3378.1240234375,prior,0.85155815,0.41086814,0.60587156,media,,,,
Google Paid Search,3498.771484375,posterior,0.67163265,0.40158328,0.5305141,media,,,,
Google Paid Search,3498.771484375,prior,0.8559395,0.419388,0.6135997,media,,,,
Google Paid Search,3619.418701171875,posterior,0.67906535,0.40975678,0.53871584,media,,,,
Google Paid Search,3619.418701171875,prior,0.8600696,0.4276649,0.6210185,media,,,,
Google Paid Search,3740.066162109375,posterior,0.6861691,0.41771,0.54662997,media,,,,
Google Paid Search,3740.066162109375,prior,0.86396945,0.43570915,0.6281473,media,,,,
Google Paid Search,3860.71337890625,posterior,0.69296515,0.42545182,0.55427045,media,,,,
Google Paid Search,3860.71337890625,prior,0.8676578,0.44353044,0.6350026,media,,,,
Google Paid Search,3981.360595703125,posterior,0.6994731,0.43299037,0.5616534,media,,,,
Google Paid Search,3981.360595703125,prior,0.87115145,0.4511378,0.6416009,media,,,,
Google Paid Search,4102.0078125,posterior,0.7057108,0.44033372,0.568791,media,,,,
Google Paid Search,4102.0078125,prior,0.8744654,0.45854002,0.64795744,media,,,,
Google Paid Search,4222.6552734375,posterior,0.711695,0.4474893,0.575695,media,,,,
Google Paid Search,4222.6552734375,prior,0.87761307,0.4657452,0.6540848,media,,,,
Google Paid Search,4343.302734375,posterior,0.7174406,0.45446417,0.58237684,media,,,,
Google Paid Search,4343.302734375,prior,0.88060683,0.47276118,0.65999573,media,,,,
Google Paid Search,4463.94970703125,posterior,0.7229617,0.4612652,0.5888485,media,,,,
Google Paid Search,4463.94970703125,prior,0.88345766,0.47959527,0.6657022,media,,,,
Google Paid Search,4584.59716796875,posterior,0.7282711,0.46789864,0.5951191,media,,,,
Google Paid Search,4584.59716796875,prior,0.88617545,0.4862545,0.6712148,media,,,,
Google Paid Search,4705.24462890625,posterior,0.7333809,0.47437087,0.6011968,media,,,,
Google Paid Search,4705.24462890625,prior,0.88876945,0.4927454,0.67654324,media,,,,
Google Paid Search,4825.8916015625,posterior,0.738302,0.4806874,0.607093,media,,,,
Google Paid Search,4825.8916015625,prior,0.89124775,0.49907434,0.6816974,media,,,,
Google Paid Search,4946.5390625,posterior,0.7430448,0.486854,0.6128147,media,,,,
Google Paid Search,4946.5390625,prior,0.8936181,0.5052473,0.68668514,media,,,,
Google Paid Search,5067.1865234375,posterior,0.7476187,0.49287584,0.6183686,media,,,,
Google Paid Search,5067.1865234375,prior,0.89588726,0.51127,0.6915155,media,,,,
Google Paid Search,5187.833984375,posterior,0.75203264,0.498758,0.62376285,media,,,,
Google Paid Search,5187.833984375,prior,0.8980617,0.5171478,0.69619447,media,,,,
Google Paid Search,5308.48046875,posterior,0.75629485,0.5045052,0.6290053,media,,,,
Google Paid Search,5308.48046875,prior,0.90014714,0.5228858,0.7007311,media,,,,
Google Paid Search,5429.1279296875,posterior,0.76041293,0.5101222,0.63410205,media,,,,
Google Paid Search,5429.1279296875,prior,0.90214896,0.52848923,0.70513076,media,,,,
Google Paid Search,5549.775390625,posterior,0.7643942,0.51561326,0.63905793,media,,,,
Google Paid Search,5549.775390625,prior,0.9040721,0.5339624,0.7094001,media,,,,
Google Paid Search,5670.4228515625,posterior,0.7682454,0.5209825,0.6438792,media,,,,
Google Paid Search,5670.4228515625,prior,0.90592104,0.53931016,0.7135456,media,,,,
Google Paid Search,5791.06982421875,posterior,0.7719726,0.52623403,0.6485721,media,,,,
Google Paid Search,5791.06982421875,prior,0.9077001,0.54453635,0.7175712,media,,,,
Google Paid Search,5911.71728515625,posterior,0.7755819,0.5313717,0.6531418,media,,,,
Google Paid Search,5911.71728515625,prior,0.9094132,0.5496454,0.72148323,media,,,,
Google Paid Search,6032.36474609375,posterior,0.77907866,0.5363992,0.6575916,media,,,,
Google Paid Search,6032.36474609375,prior,0.9110638,0.5546411,0.72528577,media,,,,
Google Paid Search,6153.01171875,posterior,0.7824682,0.5413199,0.66192895,media,,,,
Google Paid Search,6153.01171875,prior,0.9126553,0.55952716,0.72898453,media,,,,
Google Paid Search,6273.6591796875,posterior,0.7857552,0.5461372,0.6661548,media,,,,
Google Paid Search,6273.6591796875,prior,0.9141909,0.5643073,0.7325823,media,,,,
Google Paid Search,6394.306640625,posterior,0.7889444,0.5508545,0.6702754,media,,,,
Google Paid Search,6394.306640625,prior,0.9156734,0.5689846,0.7360848,media,,,,
Google Paid Search,6514.9541015625,posterior,0.79204005,0.5554746,0.6742946,media,,,,
Google Paid Search,6514.9541015625,prior,0.91710556,0.5735627,0.73949474,media,,,,
Google Paid Search,6635.60107421875,posterior,0.7950462,0.56000066,0.6782158,media,,,,
Google Paid Search,6635.60107421875,prior,0.9184899,0.5780445,0.7428157,media,,,,
Google Paid Search,6756.248046875,posterior,0.79796666,0.56443554,0.68204266,media,,,,
Google Paid Search,6756.248046875,prior,0.9198287,0.5824331,0.7460523,media,,,,
Google Paid Search,6876.8955078125,posterior,0.8008051,0.5687819,0.6857789,media,,,,
Google Paid Search,6876.8955078125,prior,0.9211243,0.5867313,0.7492071,media,,,,
Google Paid Search,6997.54296875,posterior,0.80356485,0.57304233,0.6894269,media,,,,
Google Paid Search,6997.54296875,prior,0.92237866,0.590942,0.7522829,media,,,,
Google Paid Search,7118.18994140625,posterior,0.80624914,0.57721937,0.69299173,media,,,,
Google Paid Search,7118.18994140625,prior,0.92359376,0.59506774,0.75528353,media,,,,
Google Paid Search,7238.83740234375,posterior,0.80886114,0.5813156,0.696473,media,,,,
Google Paid Search,7238.83740234375,prior,0.9247714,0.599111,0.7582104,media,,,,
Google Paid Search,7359.48486328125,posterior,0.81140363,0.58533305,0.6998756,media,,,,
Google Paid Search,7359.48486328125,prior,0.9259133,0.60307443,0.76106703,media,,,,
Google Paid Search,7480.13232421875,posterior,0.8138794,0.58927435,0.70320314,media,,,,
Google Paid Search,7480.13232421875,prior,0.927021,0.6069602,0.7638565,media,,,,
Google Paid Search,7600.779296875,posterior,0.8162908,0.59314126,0.7064563,media,,,,
Google Paid Search,7600.779296875,prior,0.9280961,0.6107706,0.76658076,media,,,,
Google Paid Search,7721.4267578125,posterior,0.81864077,0.59693605,0.7096386,media,,,,
Google Paid Search,7721.4267578125,prior,0.92914003,0.61450785,0.76924145,media,,,,
Google Paid Search,7842.07421875,posterior,0.8209312,0.60066074,0.71275115,media,,,,
Google Paid Search,7842.07421875,prior,0.930154,0.618174,0.77184135,media,,,,
Google Paid Search,7962.72119140625,posterior,0.82316464,0.6043172,0.71579784,media,,,,
Google Paid Search,7962.72119140625,prior,0.9311394,0.62177116,0.77438307,media,,,,
Google Paid Search,8083.36865234375,posterior,0.825343,0.60790735,0.7187808,media,,,,
Google Paid Search,8083.36865234375,prior,0.93209743,0.62530106,0.776868,media,,,,
Google Paid Search,8204.015625,posterior,0.82746834,0.61143285,0.7217006,media,,,,
Google Paid Search,8204.015625,prior,0.93302906,0.62876576,0.7792975,media,,,,
Google Paid Search,8324.6630859375,posterior,0.82954264,0.6148957,0.7245594,media,,,,
Google Paid Search,8324.6630859375,prior,0.9339355,0.632167,0.7816747,media,,,,
Google Paid Search,8445.310546875,posterior,0.8315675,0.6182972,0.7273588,media,,,,
Google Paid Search,8445.310546875,prior,0.93481785,0.6355064,0.78400004,media,,,,
Google Paid Search,8565.9580078125,posterior,0.83354497,0.6216392,0.73010296,media,,,,
Google Paid Search,8565.9580078125,prior,0.9356768,0.6387857,0.7862758,media,,,,
Google Paid Search,8686.60546875,posterior,0.8354764,0.62492317,0.7327929,media,,,,
Google Paid Search,8686.60546875,prior,0.9365134,0.6420066,0.7885037,media,,,,
Google Paid Search,8807.2529296875,posterior,0.83736366,0.62815064,0.7354274,media,,,,
Google Paid Search,8807.2529296875,prior,0.93732864,0.6451705,0.7906855,media,,,,
Google Paid Search,8927.8994140625,posterior,0.83920807,0.63132304,0.73801064,media,,,,
Google Paid Search,8927.8994140625,prior,0.93812317,0.64827895,0.79282135,media,,,,
Google Paid Search,9048.546875,posterior,0.8410111,0.6344417,0.7405433,media,,,,
Google Paid Search,9048.546875,prior,0.9388978,0.6513335,0.79491425,media,,,,
Google Paid Search,9169.1943359375,posterior,0.8427742,0.6375082,0.7430279,media,,,,
Google Paid Search,9169.1943359375,prior,0.9396532,0.6543354,0.7969648,media,,,,
Google Paid Search,9289.841796875,posterior,0.8444986,0.6405235,0.74546486,media,,,,
Google Paid Search,9289.841796875,prior,0.9403902,0.6572861,0.7989744,media,,,,
Google Paid Search,9410.4892578125,posterior,0.8461855,0.6434892,0.7478547,media,,,,
Google Paid Search,9410.4892578125,prior,0.9411095,0.66018677,0.8009441,media,,,,
Google Paid Search,9531.13671875,posterior,0.84783626,0.6464063,0.75020015,media,,,,
Google Paid Search,9531.13671875,prior,0.94181156,0.66303885,0.8028747,media,,,,
Google Paid Search,9651.783203125,posterior,0.84945196,0.64927596,0.7525029,media,,,,
Google Paid Search,9651.783203125,prior,0.9424971,0.66584337,0.8047678,media,,,,
Google Paid Search,9772.4306640625,posterior,0.8510337,0.65209955,0.7547628,media,,,,
Google Paid Search,9772.4306640625,prior,0.9431666,0.6686016,0.80662495,media,,,,
Google Paid Search,9893.078125,posterior,0.8525825,0.65487796,0.756982,media,,,,
Google Paid Search,9893.078125,prior,0.9438208,0.67131466,0.80844694,media,,,,
Google Paid Search,10013.7255859375,posterior,0.8540995,0.65761244,0.7591606,media,,,,
Google Paid Search,10013.7255859375,prior,0.9444601,0.6739837,0.8102344,media,,,,
Google Paid Search,10134.373046875,posterior,0.8555856,0.66030383,0.7613003,media,,,,
Google Paid Search,10134.373046875,prior,0.9450849,0.67660975,0.8119886,media,,,,
Google Paid Search,10255.0205078125,posterior,0.8570417,0.6629533,0.7634023,media,,,,
Google Paid Search,10255.0205078125,prior,0.9456959,0.67919374,0.8137102,media,,,,
Google Paid Search,10375.66796875,posterior,0.8584688,0.66556174,0.7654664,media,,,,
Google Paid Search,10375.66796875,prior,0.9462934,0.6817369,0.81540024,media,,,,
Google Paid Search,10496.3134765625,posterior,0.8598676,0.66813004,0.7674966,media,,,,
Google Paid Search,10496.3134765625,prior,0.94687796,0.6842399,0.8170594,media,,,,
Google Paid Search,10616.9609375,posterior,0.861239,0.6706593,0.7694899,media,,,,
Google Paid Search,10616.9609375,prior,0.94744986,0.6867039,0.81868887,media,,,,
Google Paid Search,10737.6083984375,posterior,0.8625839,0.67315024,0.77144897,media,,,,
Google Paid Search,10737.6083984375,prior,0.94800967,0.6891298,0.82029057,media,,,,
Google Paid Search,10858.255859375,posterior,0.863903,0.67560387,0.77337575,media,,,,
Google Paid Search,10858.255859375,prior,0.9485576,0.6915184,0.82186264,media,,,,
Google Paid Search,10978.9033203125,posterior,0.8651969,0.67802083,0.7752706,media,,,,
Google Paid Search,10978.9033203125,prior,0.9490941,0.6938706,0.82340693,media,,,,
Google Paid Search,11099.55078125,posterior,0.86646646,0.68040216,0.7771332,media,,,,
Google Paid Search,11099.55078125,prior,0.9496196,0.6961871,0.82492536,media,,,,
Google Paid Search,11220.1982421875,posterior,0.8677124,0.6827484,0.77896446,media,,,,
Google Paid Search,11220.1982421875,prior,0.9501343,0.6984689,0.82641673,media,,,,
Google Paid Search,11340.845703125,posterior,0.8689353,0.6850605,0.780766,media,,,,
Google Paid Search,11340.845703125,prior,0.9506386,0.7007166,0.82788354,media,,,,
Google Paid Search,11461.4921875,posterior,0.8701357,0.6873391,0.78253895,media,,,,
Google Paid Search,11461.4921875,prior,0.9511328,0.70293105,0.8293253,media,,,,
Google Paid Search,11582.1396484375,posterior,0.87131435,0.689585,0.78428227,media,,,,
Google Paid Search,11582.1396484375,prior,0.95161724,0.70511305,0.83074325,media,,,,
Google Paid Search,11702.787109375,posterior,0.87247187,0.69179887,0.78599924,media,,,,
Google Paid Search,11702.787109375,prior,0.95209205,0.7072631,0.83213687,media,,,,
Google Paid Search,11823.4345703125,posterior,0.8736087,0.69398135,0.7876872,media,,,,
Google Paid Search,11823.4345703125,prior,0.95255774,0.7093822,0.83350873,media,,,,
Google Paid Search,11944.08203125,posterior,0.8747254,0.69613326,0.78934926,media,,,,
Google Paid Search,11944.08203125,prior,0.95301443,0.7114707,0.8348578,media,,,,
Google Paid Search,12064.7294921875,posterior,0.87582266,0.69825494,0.7909863,media,,,,
Google Paid Search,12064.7294921875,prior,0.9534625,0.7135295,0.83618444,media,,,,
Google Paid Search,12185.376953125,posterior,0.8769008,0.7003473,0.79259753,media,,,,
Google Paid Search,12185.376953125,prior,0.953902,0.71555907,0.8374903,media,,,,
Google Paid Search,12306.0234375,posterior,0.8779603,0.7024109,0.79418343,media,,,,
Google Paid Search,12306.0234375,prior,0.9543333,0.71756005,0.83877486,media,,,,
Google Paid Search,12426.6708984375,posterior,0.87900186,0.7044461,0.79574573,media,,,,
Google Paid Search,12426.6708984375,prior,0.9547566,0.71953315,0.8400398,media,,,,
Google Paid Search,12547.318359375,posterior,0.8800257,0.7064538,0.7972846,media,,,,
Google Paid Search,12547.318359375,prior,0.9551721,0.72147876,0.8412841,media,,,,
Google Paid Search,12667.9658203125,posterior,0.88103235,0.7084343,0.798799,media,,,,
Google Paid Search,12667.9658203125,prior,0.95558006,0.7233977,0.8425106,media,,,,
Google Paid Search,12788.61328125,posterior,0.88202226,0.71038836,0.80029196,media,,,,
Google Paid Search,12788.61328125,prior,0.95598066,0.72529024,0.8437162,media,,,,
Google Paid Search,12909.2607421875,posterior,0.88299584,0.7123163,0.8017627,media,,,,
Google Paid Search,12909.2607421875,prior,0.95637417,0.7271572,0.8449051,media,,,,
Google Paid Search,13029.908203125,posterior,0.8839535,0.7142188,0.8032124,media,,,,
Google Paid Search,13029.908203125,prior,0.95676064,0.72899884,0.8460743,media,,,,
Google Paid Search,13150.5556640625,posterior,0.8848956,0.71609634,0.8046395,media,,,,
Google Paid Search,13150.5556640625,prior,0.95714027,0.7308158,0.8472274,media,,,,
Google Paid Search,13271.2021484375,posterior,0.8858226,0.7179493,0.8060454,media,,,,
Google Paid Search,13271.2021484375,prior,0.9575134,0.7326086,0.8483618,media,,,,
Google Paid Search,13391.849609375,posterior,0.88673466,0.71977824,0.80743396,media,,,,
Google Paid Search,13391.849609375,prior,0.95788,0.7343776,0.84948087,media,,,,
Google Paid Search,13512.49609375,posterior,0.8876323,0.7215836,0.80880135,media,,,,
Google Paid Search,13512.49609375,prior,0.9582404,0.7361235,0.8505825,media,,,,
Google Paid Search,13633.1435546875,posterior,0.8885159,0.72336596,0.81014884,media,,,,
Google Paid Search,13633.1435546875,prior,0.9585946,0.7378465,0.85166764,media,,,,
Google Paid Search,13753.791015625,posterior,0.8893856,0.7251255,0.8114774,media,,,,
Google Paid Search,13753.791015625,prior,0.95894295,0.7395472,0.85273844,media,,,,
Google Paid Search,13874.4384765625,posterior,0.8902419,0.72686285,0.81278807,media,,,,
Google Paid Search,13874.4384765625,prior,0.9592854,0.74122584,0.85379225,media,,,,
Google Paid Search,13995.0859375,posterior,0.891085,0.7285784,0.8140805,media,,,,
Google Paid Search,13995.0859375,prior,0.95962226,0.74288315,0.85483176,media,,,,
Google Paid Search,14115.732421875,posterior,0.8919153,0.7302725,0.81535506,media,,,,
Google Paid Search,14115.732421875,prior,0.95995355,0.7445193,0.8558565,media,,,,
Google Paid Search,14236.3798828125,posterior,0.89273304,0.73194563,0.8166125,media,,,,
Google Paid Search,14236.3798828125,prior,0.9602794,0.7461347,0.8568674,media,,,,
Google Paid Search,14357.02734375,posterior,0.8935385,0.73359805,0.8178514,media,,,,
Google Paid Search,14357.02734375,prior,0.9606001,0.7477299,0.8578632,media,,,,
Google Paid Search,14477.6748046875,posterior,0.89433193,0.7352303,0.81907475,media,,,,
Google Paid Search,14477.6748046875,prior,0.96091557,0.74930507,0.8588457,media,,,,
Google Paid Search,14598.322265625,posterior,0.89511365,0.73684263,0.8202822,media,,,,
Google Paid Search,14598.322265625,prior,0.96122605,0.7508608,0.8598145,media,,,,
Google Paid Search,14718.9697265625,posterior,0.8958838,0.7384355,0.8214728,media,,,,
Google Paid Search,14718.9697265625,prior,0.96153164,0.75239724,0.8607701,media,,,,
Google Paid Search,14839.6171875,posterior,0.8966428,0.7400091,0.82264745,media,,,,
Google Paid Search,14839.6171875,prior,0.9618324,0.75391495,0.8617124,media,,,,
Google Paid Search,14960.2646484375,posterior,0.8973908,0.74156404,0.8238074,media,,,,
Google Paid Search,14960.2646484375,prior,0.9621286,0.75541407,0.86264193,media,,,,
Google Paid Search,15080.9111328125,posterior,0.8981281,0.74310035,0.82495147,media,,,,
Google Paid Search,15080.9111328125,prior,0.96242017,0.75689507,0.8635591,media,,,,
Google Paid Search,15201.55859375,posterior,0.8988548,0.7446185,0.8260815,media,,,,
Google Paid Search,15201.55859375,prior,0.9627073,0.7583583,0.8644642,media,,,,
Google Paid Search,15322.2060546875,posterior,0.89957124,0.7461189,0.82719606,media,,,,
Google Paid Search,15322.2060546875,prior,0.9629901,0.75980395,0.8653572,media,,,,
Google Paid Search,15442.853515625,posterior,0.90027755,0.7476017,0.8282972,media,,,,
Google Paid Search,15442.853515625,prior,0.9632686,0.76123244,0.86623853,media,,,,
Google Paid Search,15563.5009765625,posterior,0.9009741,0.7490673,0.82938486,media,,,,
Google Paid Search,15563.5009765625,prior,0.96354294,0.762644,0.86710817,media,,,,
Google Paid Search,15684.1484375,posterior,0.9016609,0.75051594,0.8304576,media,,,,
Google Paid Search,15684.1484375,prior,0.96381325,0.76403904,0.8679676,media,,,,
Google Paid Search,15804.7958984375,posterior,0.90233827,0.7519481,0.8315176,media,,,,
Google Paid Search,15804.7958984375,prior,0.96407956,0.7654177,0.8688145,media,,,,
Google Paid Search,15925.4423828125,posterior,0.9030064,0.7533638,0.8325639,media,,,,
Google Paid Search,15925.4423828125,prior,0.964342,0.7667804,0.86965114,media,,,,
Google Paid Search,16046.08984375,posterior,0.90366536,0.75476336,0.83359814,media,,,,
Google Paid Search,16046.08984375,prior,0.9646006,0.7681273,0.87047744,media,,,,
Google Paid Search,16166.7373046875,posterior,0.90431553,0.7561472,0.83461934,media,,,,
Google Paid Search,16166.7373046875,prior,0.9648555,0.7694587,0.8712926,media,,,,
Google Paid Search,16287.384765625,posterior,0.90495694,0.75751555,0.83562785,media,,,,
Google Paid Search,16287.384765625,prior,0.9651067,0.770775,0.87209713,media,,,,
Google Paid Search,16408.03125,posterior,0.9055898,0.75886863,0.83662343,media,,,,
Google Paid Search,16408.03125,prior,0.9653544,0.7720763,0.8728928,media,,,,
Google Paid Search,16528.6796875,posterior,0.9062143,0.7602066,0.83760726,media,,,,
Google Paid Search,16528.6796875,prior,0.96559864,0.773363,0.8736783,media,,,,
Google Paid Search,16649.326171875,posterior,0.9068305,0.76152986,0.838579,media,,,,
Google Paid Search,16649.326171875,prior,0.9658394,0.77463514,0.87445384,media,,,,
Google Paid Search,16769.974609375,posterior,0.9074388,0.7628386,0.8395407,media,,,,
Google Paid Search,16769.974609375,prior,0.9660768,0.77589315,0.87521994,media,,,,
Google Paid Search,16890.62109375,posterior,0.9080392,0.76413304,0.8404884,media,,,,
Google Paid Search,16890.62109375,prior,0.966311,0.77713716,0.8759765,media,,,,
Google Paid Search,17011.267578125,posterior,0.90863174,0.76541346,0.841427,media,,,,
Google Paid Search,17011.267578125,prior,0.9665419,0.7783674,0.87672466,media,,,,
Google Paid Search,17131.916015625,posterior,0.9092168,0.76668,0.84235424,media,,,,
Google Paid Search,17131.916015625,prior,0.96676964,0.77958417,0.87746274,media,,,,
Google Paid Search,17252.5625,posterior,0.90979445,0.767933,0.84327036,media,,,,
Google Paid Search,17252.5625,prior,0.9669944,0.78078765,0.87819284,media,,,,
Google Paid Search,17373.2109375,posterior,0.9103647,0.76917255,0.8441764,media,,,,
Google Paid Search,17373.2109375,prior,0.9672161,0.78197813,0.8789138,media,,,,
Google Paid Search,17493.857421875,posterior,0.9109278,0.770399,0.84507155,media,,,,
Google Paid Search,17493.857421875,prior,0.9674348,0.7831556,0.8796269,media,,,,
Google Paid Search,17614.505859375,posterior,0.9114838,0.7716124,0.845956,media,,,,
Google Paid Search,17614.505859375,prior,0.96765065,0.7843206,0.8803307,media,,,,
Google Paid Search,17735.15234375,posterior,0.912033,0.77281314,0.84683025,media,,,,
Google Paid Search,17735.15234375,prior,0.9678636,0.785473,0.8810267,media,,,,
Google Paid Search,17855.798828125,posterior,0.9125754,0.77400124,0.8476967,media,,,,
Google Paid Search,17855.798828125,prior,0.9680738,0.78661317,0.8817141,media,,,,
Google Paid Search,17976.4453125,posterior,0.9131112,0.775177,0.8485517,media,,,,
Google Paid Search,17976.4453125,prior,0.9682813,0.78774136,0.8823949,media,,,,
Google Paid Search,18097.09375,posterior,0.9136405,0.7763406,0.8493972,media,,,,
Google Paid Search,18097.09375,prior,0.9684861,0.7888576,0.88306695,media,,,,
Google Paid Search,18217.740234375,posterior,0.91416323,0.7774922,0.85023326,media,,,,
Google Paid Search,18217.740234375,prior,0.96868825,0.78996223,0.8837314,media,,,,
Google Paid Search,18338.388671875,posterior,0.91467977,0.77863204,0.8510597,media,,,,
Google Paid Search,18338.388671875,prior,0.9688878,0.7910553,0.8843881,media,,,,
Google Paid Search,18459.03515625,posterior,0.9151902,0.77976024,0.85187745,media,,,,
Google Paid Search,18459.03515625,prior,0.96908486,0.7921371,0.885038,media,,,,
Google Paid Search,18579.68359375,posterior,0.9156945,0.780877,0.85268706,media,,,,
Google Paid Search,18579.68359375,prior,0.9692794,0.7932077,0.88568014,media,,,,
Google Paid Search,18700.330078125,posterior,0.9161927,0.7819825,0.8534871,media,,,,
Google Paid Search,18700.330078125,prior,0.9694716,0.7942674,0.8863147,media,,,,
Google Paid Search,18820.978515625,posterior,0.9166852,0.7830769,0.85427856,media,,,,
Google Paid Search,18820.978515625,prior,0.96966136,0.7953163,0.88694316,media,,,,
Google Paid Search,18941.625,posterior,0.91717196,0.7841603,0.8550609,media,,,,
Google Paid Search,18941.625,prior,0.96984875,0.7963545,0.8875643,media,,,,
Google Paid Search,19062.2734375,posterior,0.917653,0.785233,0.8558357,media,,,,
Google Paid Search,19062.2734375,prior,0.9700339,0.79738224,0.88817877,media,,,,
Google Paid Search,19182.919921875,posterior,0.9181285,0.78629506,0.85660154,media,,,,
Google Paid Search,19182.919921875,prior,0.97021675,0.7983996,0.8887862,media,,,,
Google Paid Search,19303.56640625,posterior,0.9185986,0.7873467,0.8573603,media,,,,
Google Paid Search,19303.56640625,prior,0.97039735,0.7994069,0.88938767,media,,,,
Google Paid Search,19424.21484375,posterior,0.91906327,0.7883881,0.8581109,media,,,,
Google Paid Search,19424.21484375,prior,0.9705758,0.80040413,0.88998234,media,,,,
Google Paid Search,19544.861328125,posterior,0.9195226,0.78941923,0.85885334,media,,,,
Google Paid Search,19544.861328125,prior,0.9707521,0.8013915,0.8905702,media,,,,
Google Paid Search,19665.509765625,posterior,0.91997683,0.7904404,0.8595876,media,,,,
Google Paid Search,19665.509765625,prior,0.9709264,0.8023692,0.89115226,media,,,,
Google Paid Search,19786.15625,posterior,0.920426,0.7914517,0.8603145,media,,,,
Google Paid Search,19786.15625,prior,0.9710985,0.8033373,0.89172834,media,,,,
Google Paid Search,19906.8046875,posterior,0.9208701,0.79245335,0.8610337,media,,,,
Google Paid Search,19906.8046875,prior,0.97126865,0.80429584,0.8922979,media,,,,
Google Paid Search,20027.451171875,posterior,0.92130923,0.79344535,0.8617454,media,,,,
Google Paid Search,20027.451171875,prior,0.9714368,0.8052452,0.89286155,media,,,,
Google Paid Search,20148.09765625,posterior,0.9217436,0.79442793,0.8624514,media,,,,
Google Paid Search,20148.09765625,prior,0.971603,0.80618536,0.89341915,media,,,,
Google Paid Search,20268.74609375,posterior,0.9221732,0.7954012,0.86314815,media,,,,
Google Paid Search,20268.74609375,prior,0.97176725,0.80711657,0.8939719,media,,,,
Google Paid Search,20389.392578125,posterior,0.92259794,0.7963653,0.86383915,media,,,,
Google Paid Search,20389.392578125,prior,0.97192955,0.8080387,0.89451784,media,,,,
Google Paid Search,20510.041015625,posterior,0.9230183,0.7973204,0.864522,media,,,,
Google Paid Search,20510.041015625,prior,0.97209007,0.8089522,0.8950586,media,,,,
Google Paid Search,20630.6875,posterior,0.923434,0.7982666,0.8651991,media,,,,
Google Paid Search,20630.6875,prior,0.9722488,0.809857,0.8955936,media,,,,
Google Paid Search,20751.3359375,posterior,0.9238453,0.79920393,0.86586964,media,,,,
Google Paid Search,20751.3359375,prior,0.9724057,0.8107533,0.8961234,media,,,,
Google Paid Search,20871.982421875,posterior,0.92425203,0.8001326,0.86653197,media,,,,
Google Paid Search,20871.982421875,prior,0.9725608,0.81164116,0.89664733,media,,,,
Google Paid Search,20992.626953125,posterior,0.92465466,0.80105275,0.8671891,media,,,,
Google Paid Search,20992.626953125,prior,0.9727142,0.81252074,0.8971663,media,,,,
Google Paid Search,21113.275390625,posterior,0.92505294,0.80196446,0.86783963,media,,,,
Google Paid Search,21113.275390625,prior,0.9728659,0.8133921,0.89768046,media,,,,
Google Paid Search,21233.921875,posterior,0.9254469,0.8028678,0.8684838,media,,,,
Google Paid Search,21233.921875,prior,0.9730159,0.8142554,0.8981897,media,,,,
Google Paid Search,21354.5703125,posterior,0.9258369,0.80376303,0.8691206,media,,,,
Google Paid Search,21354.5703125,prior,0.97316426,0.81511086,0.8986928,media,,,,
Google Paid Search,21475.216796875,posterior,0.92622286,0.8046501,0.8697528,media,,,,
Google Paid Search,21475.216796875,prior,0.97331095,0.8159583,0.8991919,media,,,,
Google Paid Search,21595.865234375,posterior,0.9266048,0.80552924,0.87037957,media,,,,
Google Paid Search,21595.865234375,prior,0.97345614,0.81679815,0.8996856,media,,,,
Google Paid Search,21716.51171875,posterior,0.9269827,0.8064005,0.8709977,media,,,,
Google Paid Search,21716.51171875,prior,0.9735997,0.81763035,0.90017474,media,,,,
Google Paid Search,21837.158203125,posterior,0.9273569,0.8072639,0.8716123,media,,,,
Google Paid Search,21837.158203125,prior,0.9737417,0.818455,0.9006591,media,,,,
Google Paid Search,21957.806640625,posterior,0.92772716,0.8081197,0.87221926,media,,,,
Google Paid Search,21957.806640625,prior,0.97388226,0.8192722,0.90113825,media,,,,
Google Paid Search,22078.453125,posterior,0.9280936,0.8089679,0.872821,media,,,,
Google Paid Search,22078.453125,prior,0.97402126,0.8200821,0.9016129,media,,,,
Google Paid Search,22199.1015625,posterior,0.9284565,0.8098087,0.87341785,media,,,,
Google Paid Search,22199.1015625,prior,0.97415876,0.82088476,0.9020833,media,,,,
Google Paid Search,22319.748046875,posterior,0.9288158,0.8106421,0.8740094,media,,,,
Google Paid Search,22319.748046875,prior,0.9742949,0.8216803,0.9025498,media,,,,
Google Paid Search,22440.396484375,posterior,0.9291713,0.81146824,0.8745938,media,,,,
Google Paid Search,22440.396484375,prior,0.97442955,0.8224689,0.9030106,media,,,,
Google Paid Search,22561.04296875,posterior,0.92952335,0.81228715,0.87517375,media,,,,
Google Paid Search,22561.04296875,prior,0.9745628,0.8232504,0.90346783,media,,,,
Google Paid Search,22681.69140625,posterior,0.9298719,0.81309897,0.87574786,media,,,,
Google Paid Search,22681.69140625,prior,0.97469467,0.82402515,0.90392125,media,,,,
Google Paid Search,22802.337890625,posterior,0.9302172,0.81390387,0.87631685,media,,,,
Google Paid Search,22802.337890625,prior,0.9748252,0.82479304,0.90436894,media,,,,
Google Paid Search,22922.984375,posterior,0.93055886,0.81470186,0.8768821,media,,,,
Google Paid Search,22922.984375,prior,0.9749544,0.8255543,0.90481377,media,,,,
Google Paid Search,23043.6328125,posterior,0.9308973,0.815493,0.8774419,media,,,,
Google Paid Search,23043.6328125,prior,0.9750823,0.8263091,0.9052541,media,,,,
Google Paid Search,23164.279296875,posterior,0.9312326,0.8162774,0.8779947,media,,,,
Google Paid Search,23164.279296875,prior,0.9752088,0.8270572,0.90569025,media,,,,
Google Paid Search,23284.927734375,posterior,0.9315645,0.81705517,0.878544,media,,,,
Google Paid Search,23284.927734375,prior,0.9753341,0.827799,0.90612257,media,,,,
Google Paid Search,23405.57421875,posterior,0.93189317,0.8178264,0.8790876,media,,,,
Google Paid Search,23405.57421875,prior,0.97545815,0.8285345,0.9065504,media,,,,
Google Paid Search,23526.22265625,posterior,0.9322187,0.8185911,0.87962633,media,,,,
Google Paid Search,23526.22265625,prior,0.97558093,0.8292636,0.9069748,media,,,,
Google Paid Search,23646.869140625,posterior,0.9325413,0.8193495,0.88016087,media,,,,
Google Paid Search,23646.869140625,prior,0.97570246,0.82998663,0.90739524,media,,,,
Google Paid Search,23767.515625,posterior,0.9328607,0.82010156,0.8806909,media,,,,
Google Paid Search,23767.515625,prior,0.9758228,0.8307035,0.9078126,media,,,,
Google Paid Search,23888.1640625,posterior,0.9331771,0.82084733,0.8812151,media,,,,
Google Paid Search,23888.1640625,prior,0.97594196,0.8314144,0.90822506,media,,,,
Google Paid Search,24008.810546875,posterior,0.9334906,0.82158697,0.8817348,media,,,,
Google Paid Search,24008.810546875,prior,0.97606003,0.83211935,0.9086341,media,,,,
Google Paid Search,24129.458984375,posterior,0.9338011,0.8223205,0.8822515,media,,,,
Google Paid Search,24129.458984375,prior,0.97617686,0.83281845,0.90903986,media,,,,
Google Paid Search,24250.10546875,posterior,0.93410873,0.82304806,0.8827624,media,,,,
Google Paid Search,24250.10546875,prior,0.97629255,0.8335117,0.909442,media,,,,
Google Paid Search,24370.75390625,posterior,0.93441355,0.82376975,0.8832689,media,,,,
Google Paid Search,24370.75390625,prior,0.9764072,0.83419925,0.90984046,media,,,,
Google Paid Search,24491.400390625,posterior,0.9347156,0.8244855,0.88377213,media,,,,
Google Paid Search,24491.400390625,prior,0.97652066,0.8348811,0.9102357,media,,,,
Google Paid Search,24612.046875,posterior,0.9350147,0.82519543,0.8842711,media,,,,
Google Paid Search,24612.046875,prior,0.976633,0.8355574,0.91062707,media,,,,
Google Paid Search,24732.6953125,posterior,0.9353112,0.8258997,0.88476366,media,,,,
Google Paid Search,24732.6953125,prior,0.9767444,0.83622825,0.9110151,media,,,,
Google Paid Search,24853.341796875,posterior,0.9356051,0.8265983,0.88525325,media,,,,
Google Paid Search,24853.341796875,prior,0.9768547,0.83689356,0.91139996,media,,,,
Google Paid Search,24973.990234375,posterior,0.9358963,0.8272913,0.8857406,media,,,,
Google Paid Search,24973.990234375,prior,0.97696394,0.8375535,0.91178167,media,,,,
Google Paid Search,25094.63671875,posterior,0.9361847,0.82797885,0.886221,media,,,,
Google Paid Search,25094.63671875,prior,0.9770721,0.8382082,0.9121597,media,,,,
Google Paid Search,25215.28515625,posterior,0.9364706,0.82866085,0.886698,media,,,,
Google Paid Search,25215.28515625,prior,0.9771793,0.83885753,0.9125347,media,,,,
Google Paid Search,25335.931640625,posterior,0.9367541,0.82933754,0.88717186,media,,,,
Google Paid Search,25335.931640625,prior,0.97728556,0.83950174,0.9129065,media,,,,
Google Paid Search,25456.578125,posterior,0.9370349,0.8300088,0.8876413,media,,,,
Google Paid Search,25456.578125,prior,0.97739077,0.84014076,0.91327477,media,,,,
Google Paid Search,25577.2265625,posterior,0.9373133,0.8306749,0.8881066,media,,,,
Google Paid Search,25577.2265625,prior,0.97749496,0.8407748,0.9136404,media,,,,
Google Paid Search,25697.873046875,posterior,0.93758935,0.8313358,0.8885683,media,,,,
Google Paid Search,25697.873046875,prior,0.97759825,0.8414037,0.9140029,media,,,,
Google Paid Search,25818.521484375,posterior,0.9378628,0.83199155,0.8890265,media,,,,
Google Paid Search,25818.521484375,prior,0.97770065,0.8420278,0.9143625,media,,,,
Google Paid Search,25939.16796875,posterior,0.93813384,0.8326422,0.8894812,media,,,,
Google Paid Search,25939.16796875,prior,0.97780204,0.8426469,0.91471905,media,,,,
Google Paid Search,26059.81640625,posterior,0.93840265,0.83328784,0.8899308,media,,,,
Google Paid Search,26059.81640625,prior,0.97790253,0.84326124,0.9150721,media,,,,
Google Paid Search,26180.462890625,posterior,0.9386692,0.83392847,0.89037865,media,,,,
Google Paid Search,26180.462890625,prior,0.97800213,0.8438707,0.91542166,media,,,,
Google Paid Search,26301.111328125,posterior,0.9389334,0.83456427,0.8908209,media,,,,
Google Paid Search,26301.111328125,prior,0.97810084,0.84447557,0.9157697,media,,,,
Google Paid Search,26421.7578125,posterior,0.9391951,0.8351952,0.89126056,media,,,,
Google Paid Search,26421.7578125,prior,0.97819865,0.84507567,0.91611475,media,,,,
Google Paid Search,26542.404296875,posterior,0.93945485,0.8358213,0.89169735,media,,,,
Google Paid Search,26542.404296875,prior,0.97829556,0.84567124,0.91645694,media,,,,
Google Paid Search,26663.052734375,posterior,0.9397123,0.8364427,0.8921289,media,,,,
Google Paid Search,26663.052734375,prior,0.9783917,0.84626216,0.91679597,media,,,,
Google Paid Search,26783.69921875,posterior,0.9399675,0.8370594,0.8925592,media,,,,
Google Paid Search,26783.69921875,prior,0.9784869,0.8468486,0.9171326,media,,,,
Google Paid Search,26904.34765625,posterior,0.9402206,0.83767146,0.8929843,media,,,,
Google Paid Search,26904.34765625,prior,0.9785813,0.8474306,0.91746545,media,,,,
Google Paid Search,27024.9921875,posterior,0.9404717,0.83827895,0.89340574,media,,,,
Google Paid Search,27024.9921875,prior,0.9786749,0.8480082,0.91779685,media,,,,
Google Paid Search,27145.642578125,posterior,0.94072056,0.8388819,0.8938261,media,,,,
Google Paid Search,27145.642578125,prior,0.9787677,0.84858143,0.918126,media,,,,
Google Paid Search,27266.287109375,posterior,0.94096726,0.83948034,0.89424336,media,,,,
Google Paid Search,27266.287109375,prior,0.9788596,0.84915036,0.9184514,media,,,,
Google Paid Search,27386.93359375,posterior,0.9412121,0.8400744,0.8946547,media,,,,
Google Paid Search,27386.93359375,prior,0.9789508,0.849715,0.9187744,media,,,,
Google Paid Search,27507.58203125,posterior,0.9414549,0.8406641,0.895063,media,,,,
Google Paid Search,27507.58203125,prior,0.9790412,0.8502755,0.91909456,media,,,,
Google Paid Search,27628.228515625,posterior,0.9416956,0.8412494,0.8954686,media,,,,
Google Paid Search,27628.228515625,prior,0.9791308,0.85083175,0.9194135,media,,,,
Google Paid Search,27748.876953125,posterior,0.94193435,0.8418305,0.8958711,media,,,,
Google Paid Search,27748.876953125,prior,0.9792196,0.851384,0.9197285,media,,,,
Google Paid Search,27869.5234375,posterior,0.9421712,0.8424073,0.8962722,media,,,,
Google Paid Search,27869.5234375,prior,0.9793078,0.85193205,0.9200414,media,,,,
Google Paid Search,27990.171875,posterior,0.9424061,0.84297985,0.8966691,media,,,,
Google Paid Search,27990.171875,prior,0.9793951,0.8524761,0.9203525,media,,,,
Google Paid Search,28110.818359375,posterior,0.94263905,0.84354836,0.8970636,media,,,,
Google Paid Search,28110.818359375,prior,0.97948176,0.8530162,0.92066085,media,,,,
Google Paid Search,28231.46484375,posterior,0.94287026,0.84411275,0.89745325,media,,,,
Google Paid Search,28231.46484375,prior,0.9795676,0.85355234,0.92096674,media,,,,
Google Paid Search,28352.11328125,posterior,0.94309956,0.84467304,0.8978416,media,,,,
Google Paid Search,28352.11328125,prior,0.97965276,0.8540846,0.9212697,media,,,,
Google Paid Search,28472.759765625,posterior,0.94332695,0.8452293,0.8982265,media,,,,
Google Paid Search,28472.759765625,prior,0.9797373,0.854613,0.9215712,media,,,,
Google Paid Search,28593.408203125,posterior,0.94355255,0.8457817,0.89860904,media,,,,
Google Paid Search,28593.408203125,prior,0.979821,0.8551376,0.9218703,media,,,,
Google Paid Search,28714.0546875,posterior,0.9437764,0.84633005,0.8989876,media,,,,
Google Paid Search,28714.0546875,prior,0.97990406,0.8556584,0.92216647,media,,,,
Google Paid Search,28834.703125,posterior,0.9439985,0.8468746,0.8993633,media,,,,
Google Paid Search,28834.703125,prior,0.9799865,0.8561755,0.9224615,media,,,,
Google Paid Search,28955.349609375,posterior,0.9442188,0.84741527,0.89973867,media,,,,
Google Paid Search,28955.349609375,prior,0.9800682,0.85668886,0.9227535,media,,,,
Google Paid Search,29075.99609375,posterior,0.94443744,0.8479521,0.90010834,media,,,,
Google Paid Search,29075.99609375,prior,0.9801493,0.8571986,0.92304325,media,,,,
Google Paid Search,29196.64453125,posterior,0.94465435,0.84848523,0.90047634,media,,,,
Google Paid Search,29196.64453125,prior,0.9802297,0.85770476,0.9233309,media,,,,
Google Paid Search,29317.291015625,posterior,0.94486946,0.84901464,0.9008416,media,,,,
Google Paid Search,29317.291015625,prior,0.9803094,0.8582073,0.9236173,media,,,,
Google Paid Search,29437.939453125,posterior,0.94508296,0.8495403,0.9012038,media,,,,
Google Paid Search,29437.939453125,prior,0.9803886,0.85870624,0.92390054,media,,,,
Google Paid Search,29558.5859375,posterior,0.945295,0.8500623,0.9015652,media,,,,
Google Paid Search,29558.5859375,prior,0.980467,0.8592018,0.9241817,media,,,,
Google Paid Search,29679.234375,posterior,0.9455052,0.85058075,0.90192264,media,,,,
Google Paid Search,29679.234375,prior,0.9805449,0.8596938,0.92446125,media,,,,
Google Paid Search,29799.880859375,posterior,0.9457138,0.8510956,0.90227646,media,,,,
Google Paid Search,29799.880859375,prior,0.9806222,0.86018246,0.92473847,media,,,,
Google Paid Search,29920.529296875,posterior,0.9459209,0.8516069,0.9026279,media,,,,
Google Paid Search,29920.529296875,prior,0.9806988,0.86066765,0.9250137,media,,,,
Google Paid Search,30041.17578125,posterior,0.94612646,0.8521148,0.90297884,media,,,,
Google Paid Search,30041.17578125,prior,0.9807748,0.86114955,0.9252872,media,,,,
Google Paid Search,30161.822265625,posterior,0.94633025,0.8526192,0.90332526,media,,,,
Google Paid Search,30161.822265625,prior,0.9808502,0.86162806,0.92555845,media,,,,
Google Paid Search,30282.470703125,posterior,0.94653267,0.8531201,0.90367115,media,,,,
Google Paid Search,30282.470703125,prior,0.9809251,0.86210334,0.92582715,media,,,,
Google Paid Search,30403.1171875,posterior,0.9467336,0.8536176,0.90401286,media,,,,
Google Paid Search,30403.1171875,prior,0.9809993,0.86257535,0.926095,media,,,,
Google Paid Search,30523.765625,posterior,0.946933,0.8541118,0.90435255,media,,,,
Google Paid Search,30523.765625,prior,0.981073,0.86304414,0.92636,media,,,,
Google Paid Search,30644.412109375,posterior,0.9471308,0.85460263,0.9046902,media,,,,
Google Paid Search,30644.412109375,prior,0.9811461,0.8635098,0.9266239,media,,,,
Google Paid Search,30765.060546875,posterior,0.9473272,0.8550902,0.90502584,media,,,,
Google Paid Search,30765.060546875,prior,0.9812187,0.8639722,0.9268853,media,,,,
Google Paid Search,30885.70703125,posterior,0.9475222,0.8555745,0.9053574,media,,,,
Google Paid Search,30885.70703125,prior,0.98129064,0.86443156,0.9271455,media,,,,
Google Paid Search,31006.353515625,posterior,0.94771564,0.85605556,0.9056874,media,,,,
Google Paid Search,31006.353515625,prior,0.9813621,0.8648878,0.92740357,media,,,,
Google Paid Search,31127.001953125,posterior,0.94790775,0.8565334,0.9060163,media,,,,
Google Paid Search,31127.001953125,prior,0.981433,0.8653409,0.9276597,media,,,,
Google Paid Search,31247.6484375,posterior,0.9480985,0.85700816,0.9063433,media,,,,
Google Paid Search,31247.6484375,prior,0.98150337,0.8657911,0.9279136,media,,,,
Google Paid Search,31368.296875,posterior,0.94828784,0.85747975,0.90666556,media,,,,
Google Paid Search,31368.296875,prior,0.98157316,0.8662382,0.92816585,media,,,,
Google Paid Search,31488.943359375,posterior,0.94847566,0.8579482,0.9069864,media,,,,
Google Paid Search,31488.943359375,prior,0.98164254,0.86668247,0.9284174,media,,,,
Google Paid Search,31609.591796875,posterior,0.9486623,0.8584136,0.90730715,media,,,,
Google Paid Search,31609.591796875,prior,0.98171127,0.86712366,0.9286655,media,,,,
Google Paid Search,31730.23828125,posterior,0.94884753,0.858876,0.9076235,media,,,,
Google Paid Search,31730.23828125,prior,0.9817796,0.8675619,0.928913,media,,,,
Google Paid Search,31850.884765625,posterior,0.94903135,0.8593353,0.9079389,media,,,,
Google Paid Search,31850.884765625,prior,0.9818473,0.8679974,0.9291588,media,,,,
Google Paid Search,31971.533203125,posterior,0.94921386,0.85979176,0.9082506,media,,,,
Google Paid Search,31971.533203125,prior,0.9819146,0.86843,0.9294028,media,,,,
Google Paid Search,32092.1796875,posterior,0.94939524,0.8602452,0.90856063,media,,,,
Google Paid Search,32092.1796875,prior,0.98198134,0.8688597,0.9296449,media,,,,
Google Paid Search,32212.828125,posterior,0.9495752,0.8606957,0.9088692,media,,,,
Google Paid Search,32212.828125,prior,0.9820476,0.86928666,0.929886,media,,,,
Google Paid Search,32333.474609375,posterior,0.9497538,0.8611433,0.9091751,media,,,,
Google Paid Search,32333.474609375,prior,0.9821134,0.86971086,0.93012476,media,,,,
Google Paid Search,32454.123046875,posterior,0.94993126,0.86158806,0.9094795,media,,,,
Google Paid Search,32454.123046875,prior,0.98217875,0.8701324,0.9303617,media,,,,
Google Paid Search,32574.76953125,posterior,0.9501075,0.86202997,0.90978324,media,,,,
Google Paid Search,32574.76953125,prior,0.98224354,0.87055105,0.9305978,media,,,,
Google Paid Search,32695.41796875,posterior,0.9502825,0.8624691,0.91008246,media,,,,
Google Paid Search,32695.41796875,prior,0.9823079,0.8709671,0.9308321,media,,,,
Google Paid Search,32816.0625,posterior,0.95045614,0.8629053,0.91038114,media,,,,
Google Paid Search,32816.0625,prior,0.9823718,0.8713805,0.9310643,media,,,,
Google Paid Search,32936.7109375,posterior,0.9506287,0.86333895,0.9106777,media,,,,
Google Paid Search,32936.7109375,prior,0.9824353,0.8717911,0.9312946,media,,,,
Google Paid Search,33057.359375,posterior,0.95080006,0.86376977,0.9109713,media,,,,
Google Paid Search,33057.359375,prior,0.9824982,0.8721993,0.93152434,media,,,,
Google Paid Search,33178.00390625,posterior,0.9509701,0.86419785,0.9112634,media,,,,
Google Paid Search,33178.00390625,prior,0.98256075,0.87260485,0.93175226,media,,,,
Google Paid Search,33298.65234375,posterior,0.9511391,0.86462325,0.91155416,media,,,,
Google Paid Search,33298.65234375,prior,0.9826228,0.8730078,0.93197846,media,,,,
Google Paid Search,33419.30078125,posterior,0.95130694,0.8650461,0.91184294,media,,,,
Google Paid Search,33419.30078125,prior,0.9826845,0.8734082,0.9322038,media,,,,
Google Paid Search,33539.94921875,posterior,0.95147365,0.86546624,0.91213036,media,,,,
Google Paid Search,33539.94921875,prior,0.98274577,0.87380606,0.93242687,media,,,,
Google Paid Search,33660.59375,posterior,0.9516391,0.8658837,0.91241455,media,,,,
Google Paid Search,33660.59375,prior,0.9828065,0.8742016,0.9326489,media,,,,
Google Paid Search,33781.2421875,posterior,0.9518035,0.8662987,0.9126975,media,,,,
Google Paid Search,33781.2421875,prior,0.9828669,0.87459445,0.9328692,media,,,,
Google Paid Search,33901.890625,posterior,0.95196676,0.8667111,0.9129789,media,,,,
Google Paid Search,33901.890625,prior,0.9829268,0.8749849,0.933088,media,,,,
Google Paid Search,34022.53515625,posterior,0.9521289,0.86712086,0.9132589,media,,,,
Google Paid Search,34022.53515625,prior,0.98298633,0.87537307,0.93330526,media,,,,
Google Paid Search,34143.18359375,posterior,0.95229,0.86752826,0.91353536,media,,,,
Google Paid Search,34143.18359375,prior,0.9830454,0.8757587,0.9335225,media,,,,
Google Paid Search,34263.83203125,posterior,0.95245004,0.8679331,0.91381156,media,,,,
Google Paid Search,34263.83203125,prior,0.9831041,0.8761419,0.93373615,media,,,,
Google Paid Search,34384.48046875,posterior,0.952609,0.8683355,0.9140864,media,,,,
Google Paid Search,34384.48046875,prior,0.98316234,0.8765229,0.93395007,media,,,,
Google Paid Search,34505.125,posterior,0.95276684,0.8687354,0.9143582,media,,,,
Google Paid Search,34505.125,prior,0.9832202,0.8769015,0.9341621,media,,,,
Google Paid Search,34625.7734375,posterior,0.9529237,0.86913294,0.91462886,media,,,,
Google Paid Search,34625.7734375,prior,0.98327774,0.87727773,0.934373,media,,,,
Google Paid Search,34746.421875,posterior,0.9530795,0.86952806,0.9148964,media,,,,
Google Paid Search,34746.421875,prior,0.98333484,0.87765175,0.93458194,media,,,,
Google Paid Search,34867.06640625,posterior,0.9532342,0.86992073,0.9151648,media,,,,
Google Paid Search,34867.06640625,prior,0.9833916,0.8780235,0.9347904,media,,,,
Google Paid Search,34987.71484375,posterior,0.9533879,0.8703111,0.9154296,media,,,,
Google Paid Search,34987.71484375,prior,0.98344785,0.878393,0.93499696,media,,,,
Google Paid Search,35108.36328125,posterior,0.95354074,0.87069917,0.9156936,media,,,,
Google Paid Search,35108.36328125,prior,0.9835038,0.87876016,0.93520206,media,,,,
Google Paid Search,35229.01171875,posterior,0.9536925,0.8710849,0.915957,media,,,,
Google Paid Search,35229.01171875,prior,0.98355937,0.8791251,0.9354064,media,,,,
Google Paid Search,35349.65625,posterior,0.9538432,0.8714683,0.9162169,media,,,,
Google Paid Search,35349.65625,prior,0.98361456,0.87948805,0.9356085,media,,,,
Google Paid Search,35470.3046875,posterior,0.953993,0.87184954,0.91647595,media,,,,
Google Paid Search,35470.3046875,prior,0.9836694,0.87984866,0.93581027,media,,,,
Google Paid Search,35590.953125,posterior,0.9541418,0.87222844,0.9167322,media,,,,
Google Paid Search,35590.953125,prior,0.9837238,0.8802071,0.9360109,media,,,,
Google Paid Search,35711.59765625,posterior,0.9542896,0.872605,0.9169883,media,,,,
Google Paid Search,35711.59765625,prior,0.983778,0.88056356,0.9362101,media,,,,
Google Paid Search,35832.24609375,posterior,0.95443654,0.8729795,0.9172432,media,,,,
Google Paid Search,35832.24609375,prior,0.9838317,0.8809178,0.9364073,media,,,,
Google Paid Search,35952.890625,posterior,0.9545825,0.8733518,0.9174954,media,,,,
Google Paid Search,35952.890625,prior,0.98388505,0.8812699,0.9366042,media,,,,
Google Paid Search,36073.54296875,posterior,0.9547275,0.8737219,0.9177466,media,,,,
Google Paid Search,36073.54296875,prior,0.9839381,0.88162005,0.93679976,media,,,,
Google Paid Search,36194.1875,posterior,0.95487154,0.8740898,0.91799563,media,,,,
Google Paid Search,36194.1875,prior,0.9839908,0.8819681,0.9369933,media,,,,
Google Paid Search,36314.8359375,posterior,0.9550147,0.8744555,0.9182445,media,,,,
Google Paid Search,36314.8359375,prior,0.9840432,0.882314,0.93718666,media,,,,
Google Paid Search,36435.48046875,posterior,0.95515704,0.8748192,0.9184901,media,,,,
Google Paid Search,36435.48046875,prior,0.98409516,0.882658,0.9373784,media,,,,
Google Paid Search,36556.12890625,posterior,0.9552984,0.87518084,0.91873604,media,,,,
Google Paid Search,36556.12890625,prior,0.98414683,0.88299996,0.9375689,media,,,,
Google Paid Search,36676.77734375,posterior,0.9554389,0.8755403,0.9189794,media,,,,
Google Paid Search,36676.77734375,prior,0.98419815,0.88333994,0.93775785,media,,,,
Google Paid Search,36797.42578125,posterior,0.9555785,0.8758977,0.91922253,media,,,,
Google Paid Search,36797.42578125,prior,0.9842491,0.88367796,0.93794686,media,,,,
Google Paid Search,36918.0703125,posterior,0.95571727,0.87625307,0.91946304,media,,,,
Google Paid Search,36918.0703125,prior,0.9842998,0.884014,0.93813384,media,,,,
Google Paid Search,37038.71875,posterior,0.95585513,0.8766064,0.9197023,media,,,,
Google Paid Search,37038.71875,prior,0.98435014,0.8843481,0.9383197,media,,,,
Google Paid Search,37159.3671875,posterior,0.95599216,0.8769578,0.9199409,media,,,,
Google Paid Search,37159.3671875,prior,0.98440015,0.88468033,0.938505,media,,,,
Google Paid Search,37280.01171875,posterior,0.9561283,0.8773071,0.92017704,media,,,,
Google Paid Search,37280.01171875,prior,0.98444986,0.8850106,0.9386883,media,,,,
Google Paid Search,37400.66015625,posterior,0.9562636,0.87765443,0.92041266,media,,,,
Google Paid Search,37400.66015625,prior,0.9844992,0.88533896,0.9388708,media,,,,
Google Paid Search,37521.30859375,posterior,0.9563981,0.87799984,0.920646,media,,,,
Google Paid Search,37521.30859375,prior,0.98454833,0.8856655,0.9390531,media,,,,
Google Paid Search,37641.95703125,posterior,0.9565318,0.8783433,0.92087823,media,,,,
Google Paid Search,37641.95703125,prior,0.9845971,0.8859902,0.9392334,media,,,,
Google Paid Search,37762.6015625,posterior,0.9566647,0.8786849,0.9211078,media,,,,
Google Paid Search,37762.6015625,prior,0.9846455,0.886313,0.93941325,media,,,,
Google Paid Search,37883.25,posterior,0.9567967,0.8790245,0.9213391,media,,,,
Google Paid Search,37883.25,prior,0.9846937,0.886634,0.9395912,media,,,,
Google Paid Search,38003.8984375,posterior,0.956928,0.8793622,0.921567,media,,,,
Google Paid Search,38003.8984375,prior,0.98474157,0.8869533,0.9397684,media,,,,
Google Paid Search,38124.546875,posterior,0.9570584,0.87969804,0.92179334,media,,,,
Google Paid Search,38124.546875,prior,0.9847891,0.8872707,0.9399454,media,,,,
Google Paid Search,38245.19140625,posterior,0.9571881,0.880032,0.9220186,media,,,,
Google Paid Search,38245.19140625,prior,0.98483634,0.8875863,0.94012034,media,,,,
Google Paid Search,38365.83984375,posterior,0.957317,0.8803641,0.92224306,media,,,,
Google Paid Search,38365.83984375,prior,0.9848833,0.8879002,0.94029444,media,,,,
Google Paid Search,38486.48828125,posterior,0.9574451,0.8806944,0.9224656,media,,,,
Google Paid Search,38486.48828125,prior,0.98493,0.8882123,0.94046795,media,,,,
Google Paid Search,38607.1328125,posterior,0.9575724,0.8810229,0.922689,media,,,,
Google Paid Search,38607.1328125,prior,0.98497635,0.8885227,0.9406403,media,,,,
Google Paid Search,38727.78125,posterior,0.957699,0.8813495,0.9229096,media,,,,
Google Paid Search,38727.78125,prior,0.9850225,0.8888314,0.9408114,media,,,,
Google Paid Search,38848.4296875,posterior,0.9578248,0.8816744,0.92312765,media,,,,
Google Paid Search,38848.4296875,prior,0.98506826,0.88913834,0.9409821,media,,,,
Google Paid Search,38969.078125,posterior,0.95794994,0.8819975,0.9233458,media,,,,
Google Paid Search,38969.078125,prior,0.9851138,0.88944364,0.94115084,media,,,,
Google Paid Search,39089.72265625,posterior,0.9580743,0.8823189,0.9235633,media,,,,
Google Paid Search,39089.72265625,prior,0.9851591,0.8897472,0.94131917,media,,,,
Google Paid Search,39210.37109375,posterior,0.9581979,0.8826385,0.9237792,media,,,,
Google Paid Search,39210.37109375,prior,0.98520404,0.89004916,0.94148755,media,,,,
Google Paid Search,39331.01953125,posterior,0.95832074,0.8829564,0.92399347,media,,,,
Google Paid Search,39331.01953125,prior,0.9852488,0.89034945,0.94165325,media,,,,
Google Paid Search,39451.6640625,posterior,0.9584429,0.8832725,0.924207,media,,,,
Google Paid Search,39451.6640625,prior,0.98529327,0.89064807,0.94181854,media,,,,
Google Paid Search,39572.3125,posterior,0.9585644,0.88358694,0.92441756,media,,,,
Google Paid Search,39572.3125,prior,0.9853374,0.89094514,0.9419832,media,,,,
Google Paid Search,39692.9609375,posterior,0.95868516,0.8838997,0.9246298,media,,,,
Google Paid Search,39692.9609375,prior,0.98538136,0.8912406,0.9421465,media,,,,
Google Paid Search,39813.609375,posterior,0.95880514,0.88421077,0.92483795,media,,,,
Google Paid Search,39813.609375,prior,0.985425,0.8915344,0.9423101,media,,,,
Google Paid Search,39934.25390625,posterior,0.9589245,0.8845202,0.9250469,media,,,,
Google Paid Search,39934.25390625,prior,0.9854684,0.8918266,0.942471,media,,,,
Google Paid Search,40054.90234375,posterior,0.95904315,0.884828,0.9252543,media,,,,
Google Paid Search,40054.90234375,prior,0.98551154,0.8921173,0.9426322,media,,,,
Google Paid Search,40175.55078125,posterior,0.9591611,0.8851341,0.9254614,media,,,,
Google Paid Search,40175.55078125,prior,0.9855544,0.8924064,0.942792,media,,,,
Google Paid Search,40296.1953125,posterior,0.9592784,0.8854386,0.9256654,media,,,,
Google Paid Search,40296.1953125,prior,0.985597,0.892694,0.94295186,media,,,,
Google Paid Search,40416.84375,posterior,0.95939505,0.88574153,0.9258704,media,,,,
Google Paid Search,40416.84375,prior,0.9856394,0.89298004,0.9431097,media,,,,
Google Paid Search,40537.4921875,posterior,0.959511,0.88604283,0.92607176,media,,,,
Google Paid Search,40537.4921875,prior,0.98568153,0.89326453,0.94326687,media,,,,
Google Paid Search,40658.140625,posterior,0.95962626,0.8863426,0.926274,media,,,,
Google Paid Search,40658.140625,prior,0.9857234,0.89354753,0.94342333,media,,,,
Google Paid Search,40778.78515625,posterior,0.95974094,0.8866407,0.9264752,media,,,,
Google Paid Search,40778.78515625,prior,0.98576504,0.89382905,0.9435789,media,,,,
Google Paid Search,40899.43359375,posterior,0.9598549,0.88693726,0.92667425,media,,,,
Google Paid Search,40899.43359375,prior,0.98580647,0.89410913,0.9437337,media,,,,
Google Paid Search,41020.08203125,posterior,0.95996827,0.8872323,0.92687225,media,,,,
Google Paid Search,41020.08203125,prior,0.9858476,0.89438766,0.9438876,media,,,,
Google Paid Search,41140.7265625,posterior,0.960081,0.8875258,0.9270697,media,,,,
Google Paid Search,41140.7265625,prior,0.9858885,0.8946647,0.944041,media,,,,
Google Paid Search,41261.375,posterior,0.96019304,0.8878178,0.9272656,media,,,,
Google Paid Search,41261.375,prior,0.9859292,0.8949404,0.9441927,media,,,,
Google Paid Search,41382.0234375,posterior,0.96030444,0.88810825,0.9274625,media,,,,
Google Paid Search,41382.0234375,prior,0.98596966,0.89521456,0.94434416,media,,,,
Google Paid Search,41502.671875,posterior,0.9604153,0.8883972,0.92765623,media,,,,
Google Paid Search,41502.671875,prior,0.98600984,0.8954873,0.9444945,media,,,,
Google Paid Search,41623.3125,posterior,0.9605255,0.8886847,0.9278487,media,,,,
Google Paid Search,41623.3125,prior,0.98604983,0.8957587,0.94464433,media,,,,
Google Paid Search,41743.96484375,posterior,0.9606351,0.8889707,0.9280394,media,,,,
Google Paid Search,41743.96484375,prior,0.98608965,0.8960287,0.9447936,media,,,,
Google Paid Search,41864.61328125,posterior,0.9607441,0.8892552,0.92823166,media,,,,
Google Paid Search,41864.61328125,prior,0.9861291,0.8962972,0.94494176,media,,,,
Google Paid Search,41985.25390625,posterior,0.9608525,0.88953835,0.9284217,media,,,,
Google Paid Search,41985.25390625,prior,0.98616844,0.89656436,0.9450885,media,,,,
Google Paid Search,42105.90234375,posterior,0.96096027,0.88982,0.9286109,media,,,,
Google Paid Search,42105.90234375,prior,0.98620754,0.89683014,0.9452356,media,,,,
Google Paid Search,42226.55078125,posterior,0.9610675,0.8901002,0.9287995,media,,,,
Google Paid Search,42226.55078125,prior,0.9862464,0.8970946,0.94538146,media,,,,
Google Paid Search,42347.203125,posterior,0.96117413,0.89037895,0.92898554,media,,,,
Google Paid Search,42347.203125,prior,0.98628503,0.8973577,0.9455261,media,,,,
Google Paid Search,42467.84375,posterior,0.96128017,0.8906563,0.92917216,media,,,,
Google Paid Search,42467.84375,prior,0.9863235,0.8976194,0.9456705,media,,,,
Google Paid Search,42588.4921875,posterior,0.9613856,0.89093226,0.9293579,media,,,,
Google Paid Search,42588.4921875,prior,0.9863617,0.89787984,0.9458138,media,,,,
Google Paid Search,42709.140625,posterior,0.96149045,0.89120686,0.9295417,media,,,,
Google Paid Search,42709.140625,prior,0.98639965,0.89813894,0.9459567,media,,,,
Google Paid Search,42829.78515625,posterior,0.96159476,0.89148,0.92972535,media,,,,
Google Paid Search,42829.78515625,prior,0.98643744,0.89839673,0.9460984,media,,,,
Google Paid Search,42950.43359375,posterior,0.9616985,0.8917519,0.9299064,media,,,,
Google Paid Search,42950.43359375,prior,0.98647505,0.8986532,0.94624,media,,,,
Google Paid Search,43071.08203125,posterior,0.9618017,0.8920224,0.9300878,media,,,,
Google Paid Search,43071.08203125,prior,0.9865125,0.8989084,0.94638044,media,,,,
Google Paid Search,43191.73046875,posterior,0.96190435,0.8922915,0.93026906,media,,,,
Google Paid Search,43191.73046875,prior,0.98654956,0.8991623,0.94652057,media,,,,
Google Paid Search,43312.375,posterior,0.96200645,0.8925593,0.930448,media,,,,
Google Paid Search,43312.375,prior,0.9865866,0.8994149,0.9466595,media,,,,
Google Paid Search,43433.0234375,posterior,0.96210796,0.8928257,0.9306253,media,,,,
Google Paid Search,43433.0234375,prior,0.98662335,0.8996663,0.9467979,media,,,,
Google Paid Search,43553.671875,posterior,0.962209,0.8930909,0.93080354,media,,,,
Google Paid Search,43553.671875,prior,0.9866599,0.8999164,0.94693536,media,,,,
Google Paid Search,43674.31640625,posterior,0.9623094,0.8933548,0.9309814,media,,,,
Google Paid Search,43674.31640625,prior,0.98669624,0.9001653,0.9470723,media,,,,
Google Paid Search,43794.96484375,posterior,0.9624094,0.8936173,0.93115586,media,,,,
Google Paid Search,43794.96484375,prior,0.9867324,0.9004129,0.9472083,media,,,,
Google Paid Search,43915.61328125,posterior,0.9625088,0.8938785,0.9313321,media,,,,
Google Paid Search,43915.61328125,prior,0.9867684,0.9006593,0.94734377,media,,,,
Google Paid Search,44036.26171875,posterior,0.9626076,0.89413846,0.93150526,media,,,,
Google Paid Search,44036.26171875,prior,0.9868041,0.9009045,0.9474789,media,,,,
Google Paid Search,44156.90625,posterior,0.962706,0.89439714,0.93167835,media,,,,
Google Paid Search,44156.90625,prior,0.9868397,0.90114856,0.94761306,media,,,,
Google Paid Search,44277.5546875,posterior,0.96280384,0.8946546,0.9318505,media,,,,
Google Paid Search,44277.5546875,prior,0.9868751,0.9013913,0.9477463,media,,,,
Google Paid Search,44398.203125,posterior,0.9629011,0.89491075,0.9320215,media,,,,
Google Paid Search,44398.203125,prior,0.98691034,0.9016329,0.9478788,media,,,,
Google Paid Search,44518.84765625,posterior,0.9629979,0.8951657,0.93219465,media,,,,
Google Paid Search,44518.84765625,prior,0.98694533,0.9018733,0.948011,media,,,,
Google Paid Search,44639.49609375,posterior,0.96309423,0.8954194,0.9323618,media,,,,
Google Paid Search,44639.49609375,prior,0.98698014,0.9021126,0.9481421,media,,,,
Google Paid Search,44760.14453125,posterior,0.9631901,0.8956719,0.93253165,media,,,,
Google Paid Search,44760.14453125,prior,0.9870148,0.90235066,0.94827306,media,,,,
Google Paid Search,44880.79296875,posterior,0.9632854,0.89592314,0.932699,media,,,,
Google Paid Search,44880.79296875,prior,0.9870493,0.9025876,0.9484029,media,,,,
Google Paid Search,45001.4375,posterior,0.9633802,0.8961732,0.9328676,media,,,,
Google Paid Search,45001.4375,prior,0.9870835,0.9028233,0.9485322,media,,,,
Google Paid Search,45122.0859375,posterior,0.9634746,0.8964221,0.9330328,media,,,,
Google Paid Search,45122.0859375,prior,0.9871176,0.90305805,0.9486617,media,,,,
Google Paid Search,45242.734375,posterior,0.96356845,0.89666975,0.93319845,media,,,,
Google Paid Search,45242.734375,prior,0.9871515,0.9032915,0.94878954,media,,,,
Google Paid Search,45363.3828125,posterior,0.9636618,0.8969163,0.93336415,media,,,,
Google Paid Search,45363.3828125,prior,0.9871853,0.9035239,0.9489169,media,,,,
Google Paid Search,45484.02734375,posterior,0.9637547,0.89716154,0.9335265,media,,,,
Google Paid Search,45484.02734375,prior,0.9872188,0.9037552,0.9490434,media,,,,
Google Paid Search,45604.67578125,posterior,0.96384716,0.8974057,0.93368965,media,,,,
Google Paid Search,45604.67578125,prior,0.9872522,0.9039854,0.9491702,media,,,,
Google Paid Search,45725.32421875,posterior,0.9639391,0.8976487,0.9338522,media,,,,
Google Paid Search,45725.32421875,prior,0.98728544,0.90421444,0.9492953,media,,,,
Google Paid Search,45845.96875,posterior,0.96403056,0.8978905,0.9340135,media,,,,
Google Paid Search,45845.96875,prior,0.98731846,0.90444237,0.9494203,media,,,,
Google Paid Search,45966.6171875,posterior,0.9641216,0.89813125,0.9341753,media,,,,
Google Paid Search,45966.6171875,prior,0.9873513,0.9046693,0.94954455,media,,,,
Google Paid Search,46087.265625,posterior,0.9642121,0.8983708,0.9343343,media,,,,
Google Paid Search,46087.265625,prior,0.98738396,0.90489507,0.94966835,media,,,,
Google Paid Search,46207.9140625,posterior,0.96430224,0.8986092,0.9344932,media,,,,
Google Paid Search,46207.9140625,prior,0.9874165,0.9051199,0.9497916,media,,,,
Google Paid Search,46328.55859375,posterior,0.9643919,0.89884657,0.93465173,media,,,,
Google Paid Search,46328.55859375,prior,0.9874489,0.9053436,0.94991416,media,,,,
Google Paid Search,46449.20703125,posterior,0.96448106,0.8990828,0.9348098,media,,,,
Google Paid Search,46449.20703125,prior,0.98748106,0.9055662,0.9500366,media,,,,
Google Paid Search,46569.85546875,posterior,0.96456987,0.8993179,0.93496716,media,,,,
Google Paid Search,46569.85546875,prior,0.98751307,0.9057878,0.950158,media,,,,
Google Paid Search,46690.5,posterior,0.96465814,0.8995519,0.9351218,media,,,,
Google Paid Search,46690.5,prior,0.98754495,0.9060084,0.9502786,media,,,,
Google Paid Search,46811.1484375,posterior,0.96474606,0.89978486,0.93527824,media,,,,
Google Paid Search,46811.1484375,prior,0.98757666,0.90622795,0.95039827,media,,,,
Google Paid Search,46931.796875,posterior,0.9648335,0.9000168,0.93543243,media,,,,
Google Paid Search,46931.796875,prior,0.9876082,0.9064464,0.9505184,media,,,,
Google Paid Search,47052.4453125,posterior,0.9649205,0.9002476,0.93558586,media,,,,
Google Paid Search,47052.4453125,prior,0.98763955,0.9066639,0.950637,media,,,,
Google Paid Search,47173.08984375,posterior,0.96500707,0.9004773,0.93573946,media,,,,
Google Paid Search,47173.08984375,prior,0.9876708,0.9068804,0.9507557,media,,,,
Google Paid Search,47293.73828125,posterior,0.96509326,0.900706,0.9358919,media,,,,
Google Paid Search,47293.73828125,prior,0.9877019,0.9070959,0.9508735,media,,,,
Google Paid Search,47414.38671875,posterior,0.96517897,0.9009336,0.93604386,media,,,,
Google Paid Search,47414.38671875,prior,0.98773277,0.90731037,0.9509913,media,,,,
Google Paid Search,47535.03125,posterior,0.96526426,0.9011602,0.93619496,media,,,,
Google Paid Search,47535.03125,prior,0.9877635,0.9075239,0.95110744,media,,,,
Google Paid Search,47655.6796875,posterior,0.9653492,0.9013857,0.9363448,media,,,,
Google Paid Search,47655.6796875,prior,0.98779416,0.90773636,0.9512236,media,,,,
Google Paid Search,47776.328125,posterior,0.96543366,0.90161026,0.93649447,media,,,,
Google Paid Search,47776.328125,prior,0.9878246,0.90794796,0.95133936,media,,,,
Google Paid Search,47896.9765625,posterior,0.9655177,0.9018338,0.9366435,media,,,,
Google Paid Search,47896.9765625,prior,0.9878549,0.9081585,0.9514544,media,,,,
Google Paid Search,48017.62109375,posterior,0.9656013,0.9020562,0.93679166,media,,,,
Google Paid Search,48017.62109375,prior,0.987885,0.9083681,0.9515692,media,,,,
Google Paid Search,48138.26953125,posterior,0.9656846,0.9022777,0.9369384,media,,,,
Google Paid Search,48138.26953125,prior,0.98791504,0.9085767,0.951683,media,,,,
Google Paid Search,48258.91796875,posterior,0.96576744,0.9024982,0.93708533,media,,,,
Google Paid Search,48258.91796875,prior,0.9879449,0.90878445,0.9517964,media,,,,
Google Paid Search,48379.5625,posterior,0.9658499,0.90271765,0.9372326,media,,,,
Google Paid Search,48379.5625,prior,0.9879746,0.9089913,0.95190954,media,,,,
Google Paid Search,48500.2109375,posterior,0.96593195,0.90293616,0.9373769,media,,,,
Google Paid Search,48500.2109375,prior,0.9880041,0.9091971,0.95202225,media,,,,
Google Paid Search,48620.859375,posterior,0.9660136,0.9031537,0.9375228,media,,,,
Google Paid Search,48620.859375,prior,0.98803353,0.90940195,0.9521341,media,,,,
Google Paid Search,48741.5078125,posterior,0.9660949,0.9033703,0.9376656,media,,,,
Google Paid Search,48741.5078125,prior,0.9880628,0.9096059,0.9522455,media,,,,
Google Paid Search,48862.15234375,posterior,0.9661758,0.9035859,0.9378099,media,,,,
Google Paid Search,48862.15234375,prior,0.98809195,0.909809,0.9523563,media,,,,
Google Paid Search,48982.80078125,posterior,0.96625626,0.90380055,0.9379524,media,,,,
Google Paid Search,48982.80078125,prior,0.9881209,0.9100112,0.9524663,media,,,,
Google Paid Search,49103.44921875,posterior,0.9663364,0.9040142,0.93809426,media,,,,
Google Paid Search,49103.44921875,prior,0.9881497,0.91021246,0.95257664,media,,,,
Google Paid Search,49224.09375,posterior,0.9664161,0.9042269,0.9382349,media,,,,
Google Paid Search,49224.09375,prior,0.98817843,0.9104128,0.95268583,media,,,,
Google Paid Search,49344.7421875,posterior,0.9664955,0.90443873,0.93837696,media,,,,
Google Paid Search,49344.7421875,prior,0.98820704,0.9106122,0.9527951,media,,,,
Google Paid Search,49465.390625,posterior,0.9665745,0.90464956,0.9385162,media,,,,
Google Paid Search,49465.390625,prior,0.9882355,0.9108108,0.9529033,media,,,,
Google Paid Search,49586.0390625,posterior,0.9666531,0.9048595,0.9386549,media,,,,
Google Paid Search,49586.0390625,prior,0.9882637,0.91100854,0.9530111,media,,,,
Google Paid Search,49706.68359375,posterior,0.96673137,0.90506846,0.9387948,media,,,,
Google Paid Search,49706.68359375,prior,0.98829186,0.91120535,0.95311797,media,,,,
Google Paid Search,49827.33203125,posterior,0.9668093,0.90527654,0.9389337,media,,,,
Google Paid Search,49827.33203125,prior,0.9883199,0.9114013,0.9532246,media,,,,
Google Paid Search,49947.98046875,posterior,0.96688676,0.9054837,0.93907034,media,,,,
Google Paid Search,49947.98046875,prior,0.98834777,0.91159636,0.9533317,media,,,,
Google Paid Search,50068.625,posterior,0.9669639,0.90569,0.9392069,media,,,,
Google Paid Search,50068.625,prior,0.98837554,0.9117906,0.95343775,media,,,,
Google Paid Search,50189.2734375,posterior,0.96704066,0.90589535,0.939344,media,,,,
Google Paid Search,50189.2734375,prior,0.98840314,0.91198397,0.9535425,media,,,,
Google Paid Search,50309.921875,posterior,0.96711713,0.90609986,0.9394796,media,,,,
Google Paid Search,50309.921875,prior,0.9884306,0.9121765,0.95364803,media,,,,
Google Paid Search,50430.5703125,posterior,0.9671932,0.9063034,0.93961495,media,,,,
Google Paid Search,50430.5703125,prior,0.988458,0.9123682,0.9537525,media,,,,
Google Paid Search,50551.21484375,posterior,0.96726894,0.9065061,0.93974966,media,,,,
Google Paid Search,50551.21484375,prior,0.9884852,0.91255903,0.95385605,media,,,,
Google Paid Search,50671.86328125,posterior,0.96734434,0.906708,0.9398845,media,,,,
Google Paid Search,50671.86328125,prior,0.98851234,0.91274905,0.95395964,media,,,,
Google Paid Search,50792.51171875,posterior,0.9674194,0.906909,0.94001746,media,,,,
Google Paid Search,50792.51171875,prior,0.9885393,0.9129383,0.95406264,media,,,,
Google Paid Search,50913.15625,posterior,0.9674941,0.9071091,0.9401495,media,,,,
Google Paid Search,50913.15625,prior,0.98856616,0.91312665,0.9541658,media,,,,
Google Paid Search,51033.8046875,posterior,0.96756846,0.90730834,0.94028246,media,,,,
Google Paid Search,51033.8046875,prior,0.98859286,0.9133142,0.9542679,media,,,,
Google Paid Search,51154.453125,posterior,0.9676424,0.9075067,0.94041324,media,,,,
Google Paid Search,51154.453125,prior,0.98861945,0.91350096,0.9543696,media,,,,
Google Paid Search,51275.1015625,posterior,0.96771616,0.9077043,0.9405452,media,,,,
Google Paid Search,51275.1015625,prior,0.988646,0.91368693,0.95447063,media,,,,
Google Paid Search,51395.74609375,posterior,0.9677895,0.907901,0.94067526,media,,,,
Google Paid Search,51395.74609375,prior,0.98867226,0.9138721,0.95457107,media,,,,
Google Paid Search,51516.39453125,posterior,0.9678625,0.90809685,0.9408049,media,,,,
Google Paid Search,51516.39453125,prior,0.9886985,0.9140565,0.95467126,media,,,,
Google Paid Search,51637.04296875,posterior,0.9679352,0.9082919,0.9409341,media,,,,
Google Paid Search,51637.04296875,prior,0.98872465,0.91424006,0.9547718,media,,,,
Google Paid Search,51757.69140625,posterior,0.9680075,0.90848607,0.94106317,media,,,,
Google Paid Search,51757.69140625,prior,0.98875064,0.91442287,0.95487064,media,,,,
Google Paid Search,51878.3359375,posterior,0.96807957,0.9086794,0.94119215,media,,,,
Google Paid Search,51878.3359375,prior,0.9887765,0.91460484,0.95496935,media,,,,
Google Paid Search,51998.984375,posterior,0.9681513,0.908872,0.9413198,media,,,,
Google Paid Search,51998.984375,prior,0.98880225,0.91478616,0.9550687,media,,,,
Google Paid Search,52119.6328125,posterior,0.9682226,0.90906376,0.94144684,media,,,,
Google Paid Search,52119.6328125,prior,0.9888278,0.91496664,0.9551662,media,,,,
Google Paid Search,52240.27734375,posterior,0.96829367,0.9092547,0.9415723,media,,,,
Google Paid Search,52240.27734375,prior,0.9888534,0.91514635,0.95526415,media,,,,
Google Paid Search,52360.92578125,posterior,0.9683644,0.90944487,0.941699,media,,,,
Google Paid Search,52360.92578125,prior,0.9888788,0.9153253,0.9553616,media,,,,
Google Paid Search,52481.57421875,posterior,0.9684348,0.90963423,0.9418245,media,,,,
Google Paid Search,52481.57421875,prior,0.98890406,0.9155035,0.9554585,media,,,,
Google Paid Search,52602.22265625,posterior,0.96850497,0.9098228,0.9419488,media,,,,
Google Paid Search,52602.22265625,prior,0.9889293,0.915681,0.9555554,media,,,,
Google Paid Search,52722.8671875,posterior,0.96857476,0.9100106,0.9420736,media,,,,
Google Paid Search,52722.8671875,prior,0.98895425,0.9158577,0.9556513,media,,,,
Google Paid Search,52843.515625,posterior,0.96864426,0.9101977,0.94219744,media,,,,
Google Paid Search,52843.515625,prior,0.9889792,0.9160337,0.95574677,media,,,,
Google Paid Search,52964.1640625,posterior,0.96871346,0.9103839,0.9423201,media,,,,
Google Paid Search,52964.1640625,prior,0.9890041,0.9162089,0.9558424,media,,,,
Google Paid Search,53084.80859375,posterior,0.96878237,0.9105693,0.9424443,media,,,,
Google Paid Search,53084.80859375,prior,0.98902875,0.9163834,0.9559369,media,,,,
Google Paid Search,53205.45703125,posterior,0.9688509,0.910754,0.9425659,media,,,,
Google Paid Search,53205.45703125,prior,0.98905337,0.9165572,0.9560311,media,,,,
Google Paid Search,53326.10546875,posterior,0.9689192,0.91093796,0.942688,media,,,,
Google Paid Search,53326.10546875,prior,0.98907787,0.9167303,0.9561256,media,,,,
Google Paid Search,53446.75390625,posterior,0.9689872,0.91112113,0.9428087,media,,,,
Google Paid Search,53446.75390625,prior,0.98910224,0.9169026,0.9562189,media,,,,
Google Paid Search,53567.3984375,posterior,0.9690549,0.9113035,0.94292885,media,,,,
Google Paid Search,53567.3984375,prior,0.9891265,0.91707426,0.95631206,media,,,,
Google Paid Search,53688.046875,posterior,0.9691223,0.9114852,0.9430499,media,,,,
Google Paid Search,53688.046875,prior,0.9891507,0.91724515,0.956405,media,,,,
Google Paid Search,53808.6953125,posterior,0.9691894,0.91166615,0.9431704,media,,,,
Google Paid Search,53808.6953125,prior,0.9891748,0.9174154,0.956497,media,,,,
Google Paid Search,53929.3359375,posterior,0.9692562,0.91184634,0.9432882,media,,,,
Google Paid Search,53929.3359375,prior,0.98919874,0.91758496,0.9565894,media,,,,
Google Paid Search,54049.984375,posterior,0.96932274,0.9120258,0.94340885,media,,,,
Google Paid Search,54049.984375,prior,0.9892225,0.91775376,0.9566814,media,,,,
Google Paid Search,54170.6328125,posterior,0.96938896,0.9122045,0.9435266,media,,,,
Google Paid Search,54170.6328125,prior,0.9892463,0.9179219,0.9567722,media,,,,
Google Paid Search,54291.28515625,posterior,0.96945494,0.91238254,0.9436442,media,,,,
Google Paid Search,54291.28515625,prior,0.98927,0.91808933,0.9568631,media,,,,
Google Paid Search,54411.92578125,posterior,0.96952057,0.9125598,0.94375974,media,,,,
Google Paid Search,54411.92578125,prior,0.9892935,0.9182561,0.9569533,media,,,,
Google Paid Search,54532.57421875,posterior,0.96958596,0.91273636,0.9438775,media,,,,
Google Paid Search,54532.57421875,prior,0.98931694,0.9184222,0.9570434,media,,,,
Google Paid Search,54653.22265625,posterior,0.969651,0.91291225,0.9439941,media,,,,
Google Paid Search,54653.22265625,prior,0.98934025,0.9185877,0.9571333,media,,,,
Google Paid Search,54773.8671875,posterior,0.96971583,0.91308737,0.94410914,media,,,,
Google Paid Search,54773.8671875,prior,0.9893635,0.91875243,0.95722246,media,,,,
Google Paid Search,54894.515625,posterior,0.9697804,0.91326183,0.9442249,media,,,,
Google Paid Search,54894.515625,prior,0.9893866,0.91891646,0.9573113,media,,,,
Google Paid Search,55015.1640625,posterior,0.96984464,0.9134356,0.94433886,media,,,,
Google Paid Search,55015.1640625,prior,0.9894096,0.9190799,0.9574003,media,,,,
Google Paid Search,55135.8125,posterior,0.96990865,0.9136087,0.94445455,media,,,,
Google Paid Search,55135.8125,prior,0.9894326,0.9192427,0.95748836,media,,,,
Google Paid Search,55256.45703125,posterior,0.9699724,0.91378105,0.9445679,media,,,,
Google Paid Search,55256.45703125,prior,0.9894554,0.91940475,0.9575761,media,,,,
Google Paid Search,55377.10546875,posterior,0.97003585,0.9139527,0.94468147,media,,,,
Google Paid Search,55377.10546875,prior,0.9894781,0.9195663,0.957664,media,,,,
Google Paid Search,55497.75390625,posterior,0.97009903,0.9141237,0.94479424,media,,,,
Google Paid Search,55497.75390625,prior,0.98950076,0.9197271,0.957751,media,,,,
Google Paid Search,55618.3984375,posterior,0.970162,0.914294,0.9449061,media,,,,
Google Paid Search,55618.3984375,prior,0.9895233,0.91988724,0.9578383,media,,,,
Google Paid Search,55739.046875,posterior,0.9702246,0.91446364,0.94502044,media,,,,
Google Paid Search,55739.046875,prior,0.98954576,0.9200468,0.9579241,media,,,,
Google Paid Search,55859.6953125,posterior,0.970287,0.9146326,0.94513017,media,,,,
Google Paid Search,55859.6953125,prior,0.9895681,0.9202057,0.95801014,media,,,,
Google Paid Search,55980.34375,posterior,0.9703492,0.91480094,0.94524276,media,,,,
Google Paid Search,55980.34375,prior,0.98959035,0.92036396,0.9580961,media,,,,
Google Paid Search,56100.98828125,posterior,0.97041106,0.91496855,0.9453529,media,,,,
Google Paid Search,56100.98828125,prior,0.98961246,0.9205217,0.958182,media,,,,
Google Paid Search,56221.63671875,posterior,0.9704727,0.91513556,0.94546205,media,,,,
Google Paid Search,56221.63671875,prior,0.9896345,0.9206787,0.95826626,media,,,,
Google Paid Search,56342.28515625,posterior,0.9705341,0.9153019,0.94557256,media,,,,
Google Paid Search,56342.28515625,prior,0.9896565,0.9208351,0.9583513,media,,,,
Google Paid Search,56462.9296875,posterior,0.9705952,0.91546756,0.94568133,media,,,,
Google Paid Search,56462.9296875,prior,0.9896784,0.9209908,0.9584355,media,,,,
Google Paid Search,56583.578125,posterior,0.97065604,0.9156326,0.94579005,media,,,,
Google Paid Search,56583.578125,prior,0.9897002,0.92114604,0.95852035,media,,,,
Google Paid Search,56704.2265625,posterior,0.97071666,0.915797,0.94589937,media,,,,
Google Paid Search,56704.2265625,prior,0.9897219,0.9213006,0.958603,media,,,,
Google Paid Search,56824.875,posterior,0.970777,0.9159607,0.94600785,media,,,,
Google Paid Search,56824.875,prior,0.9897434,0.9214546,0.9586863,media,,,,
Google Paid Search,56945.51953125,posterior,0.9708371,0.91612387,0.9461142,media,,,,
Google Paid Search,56945.51953125,prior,0.9897649,0.921608,0.9587693,media,,,,
Google Paid Search,57066.16796875,posterior,0.97089696,0.91628635,0.94622153,media,,,,
Google Paid Search,57066.16796875,prior,0.9897864,0.9217607,0.9588517,media,,,,
Google Paid Search,57186.81640625,posterior,0.9709565,0.9164482,0.9463292,media,,,,
Google Paid Search,57186.81640625,prior,0.9898077,0.92191285,0.9589344,media,,,,
Google Paid Search,57307.4609375,posterior,0.97101593,0.9166094,0.9464351,media,,,,
Google Paid Search,57307.4609375,prior,0.98982894,0.9220644,0.9590166,media,,,,
Google Paid Search,57428.109375,posterior,0.97107506,0.91677004,0.94654113,media,,,,
Google Paid Search,57428.109375,prior,0.9898501,0.9222154,0.9590985,media,,,,
Google Paid Search,57548.7578125,posterior,0.97113395,0.9169301,0.9466456,media,,,,
Google Paid Search,57548.7578125,prior,0.9898712,0.9223659,0.95917994,media,,,,
Google Paid Search,57669.40625,posterior,0.9711926,0.91708946,0.9467516,media,,,,
Google Paid Search,57669.40625,prior,0.9898921,0.9225157,0.95926,media,,,,
Google Paid Search,57790.05078125,posterior,0.971251,0.9172482,0.9468572,media,,,,
Google Paid Search,57790.05078125,prior,0.989913,0.92266494,0.95934135,media,,,,
Google Paid Search,57910.69921875,posterior,0.9713092,0.9174064,0.9469606,media,,,,
Google Paid Search,57910.69921875,prior,0.98993385,0.9228136,0.95942163,media,,,,
Google Paid Search,58031.34765625,posterior,0.9713671,0.9175639,0.94706476,media,,,,
Google Paid Search,58031.34765625,prior,0.98995453,0.9229617,0.9595015,media,,,,
Google Paid Search,58151.9921875,posterior,0.9714248,0.91772085,0.94716877,media,,,,
Google Paid Search,58151.9921875,prior,0.9899752,0.92310923,0.95958173,media,,,,
Google Paid Search,58272.640625,posterior,0.9714823,0.9178772,0.9472707,media,,,,
Google Paid Search,58272.640625,prior,0.9899958,0.9232562,0.95966136,media,,,,
Google Paid Search,58393.2890625,posterior,0.97153956,0.918033,0.9473739,media,,,,
Google Paid Search,58393.2890625,prior,0.99001616,0.92340267,0.9597398,media,,,,
Google Paid Search,58513.9375,posterior,0.9715966,0.91818815,0.94747573,media,,,,
Google Paid Search,58513.9375,prior,0.99003655,0.9235485,0.9598189,media,,,,
Google Paid Search,58634.58203125,posterior,0.97165334,0.91834277,0.94757885,media,,,,
Google Paid Search,58634.58203125,prior,0.9900569,0.92369384,0.9598977,media,,,,
Google Paid Search,58755.23046875,posterior,0.9717099,0.9184967,0.9476789,media,,,,
Google Paid Search,58755.23046875,prior,0.9900771,0.92383856,0.9599758,media,,,,
Google Paid Search,58875.87890625,posterior,0.97176623,0.9186502,0.94778126,media,,,,
Google Paid Search,58875.87890625,prior,0.9900972,0.9239828,0.96005327,media,,,,
Google Paid Search,58996.52734375,posterior,0.9718224,0.91880304,0.9478807,media,,,,
Google Paid Search,58996.52734375,prior,0.9901173,0.92412645,0.9601313,media,,,,
Google Paid Search,59117.171875,posterior,0.9718783,0.9189553,0.9479818,media,,,,
Google Paid Search,59117.171875,prior,0.9901373,0.9242696,0.9602088,media,,,,
Google Paid Search,59237.8203125,posterior,0.97193396,0.919107,0.9480819,media,,,,
Google Paid Search,59237.8203125,prior,0.9901571,0.92441213,0.96028566,media,,,,
Google Paid Search,59358.46875,posterior,0.9719894,0.9192582,0.94818157,media,,,,
Google Paid Search,59358.46875,prior,0.9901769,0.92455417,0.9603625,media,,,,
Google Paid Search,59479.11328125,posterior,0.9720446,0.91940874,0.9482799,media,,,,
Google Paid Search,59479.11328125,prior,0.99019665,0.9246957,0.9604386,media,,,,
Google Paid Search,59599.76171875,posterior,0.9720996,0.91955876,0.9483787,media,,,,
Google Paid Search,59599.76171875,prior,0.9902163,0.92483664,0.9605139,media,,,,
Google Paid Search,59720.41015625,posterior,0.97215444,0.9197082,0.9484769,media,,,,
Google Paid Search,59720.41015625,prior,0.9902359,0.9249771,0.96059024,media,,,,
Google Paid Search,59841.05859375,posterior,0.972209,0.9198571,0.9485753,media,,,,
Google Paid Search,59841.05859375,prior,0.9902554,0.925117,0.9606659,media,,,,
Google Paid Search,59961.703125,posterior,0.97226334,0.92000544,0.94867295,media,,,,
Google Paid Search,59961.703125,prior,0.9902748,0.9252565,0.9607417,media,,,,
Google Paid Search,60082.3515625,posterior,0.97231746,0.92015326,0.9487697,media,,,,
Google Paid Search,60082.3515625,prior,0.9902941,0.92539537,0.960816,media,,,,
Google Paid Search,60203.0,posterior,0.9723714,0.92030054,0.94886607,media,,,,
Google Paid Search,60203.0,prior,0.9903134,0.9255337,0.960891,media,,,,
Google Shopping,0.0,posterior,0.0,0.0,0.0,media,,,,
Google Shopping,0.0,prior,0.0,0.0,0.0,media,,,,
Google Shopping,3997.849365234375,posterior,0.78206676,0.2558664,0.45285425,media,,,,
Google Shopping,3997.849365234375,prior,0.75439835,0.24589509,0.45232907,media,,,,
Google Shopping,7995.69873046875,posterior,0.8777076,0.40747392,0.60792464,media,,,,
Google Shopping,7995.69873046875,prior,0.86000806,0.39472836,0.6077224,media,,,,
Google Shopping,11993.5478515625,posterior,0.915007,0.5077611,0.6925419,media,,,,
Google Shopping,11993.5478515625,prior,0.9021039,0.49449664,0.6923393,media,,,,
Google Shopping,15991.3974609375,posterior,0.9348713,0.57901454,0.74655133,media,,,,
Google Shopping,15991.3974609375,prior,0.92473584,0.5660291,0.7463154,media,,,,
Google Shopping,19989.248046875,posterior,0.9472094,0.632248,0.7842014,media,,,,
Google Shopping,19989.248046875,prior,0.93886846,0.6198264,0.7839403,media,,,,
Google Shopping,23987.095703125,posterior,0.95561737,0.6735299,0.81201094,media,,,,
Google Shopping,23987.095703125,prior,0.9485327,0.66175675,0.81173486,media,,,,
Google Shopping,27984.947265625,posterior,0.961715,0.70647913,0.8334198,media,,,,
Google Shopping,27984.947265625,prior,0.95555836,0.6953567,0.83313686,media,,,,
Google Shopping,31982.794921875,posterior,0.9663395,0.7333872,0.8504221,media,,,,
Google Shopping,31982.794921875,prior,0.9608964,0.7228844,0.8501375,media,,,,
Google Shopping,35980.64453125,posterior,0.96996725,0.75577605,0.86425835,media,,,,
Google Shopping,35980.64453125,prior,0.96508956,0.74584967,0.8639753,media,,,,
Google Shopping,39978.49609375,posterior,0.97288907,0.77469593,0.8757411,media,,,,
Google Shopping,39978.49609375,prior,0.9684706,0.76529974,0.87546223,media,,,,
Google Shopping,43976.34375,posterior,0.9752929,0.7908953,0.8854258,media,,,,
Google Shopping,43976.34375,prior,0.97125447,0.78198445,0.8851517,media,,,,
Google Shopping,47974.19140625,posterior,0.977305,0.8049213,0.8937041,media,,,,
Google Shopping,47974.19140625,prior,0.9735866,0.7964544,0.89343715,media,,,,
Google Shopping,51972.04296875,posterior,0.97901416,0.817184,0.9008656,media,,,,
Google Shopping,51972.04296875,prior,0.9755688,0.80912316,0.90060455,media,,,,
Google Shopping,55969.89453125,posterior,0.9804839,0.8279962,0.90711874,media,,,,
Google Shopping,55969.89453125,prior,0.9772742,0.82030725,0.90686446,media,,,,
Google Shopping,59967.73828125,posterior,0.9817613,0.8376009,0.9126288,media,,,,
Google Shopping,59967.73828125,prior,0.978757,0.83025336,0.91238165,media,,,,
Google Shopping,63965.58984375,posterior,0.9828816,0.8461897,0.91752005,media,,,,
Google Shopping,63965.58984375,prior,0.98005825,0.839156,0.9172799,media,,,,
Google Shopping,67963.4453125,posterior,0.9838724,0.85391563,0.92189246,media,,,,
Google Shopping,67963.4453125,prior,0.9812093,0.8471715,0.92165816,media,,,,
Google Shopping,71961.2890625,posterior,0.9847547,0.86090255,0.9258239,media,,,,
Google Shopping,71961.2890625,prior,0.98223466,0.85442597,0.92559636,media,,,,
Google Shopping,75959.140625,posterior,0.9855455,0.86725163,0.92937696,media,,,,
Google Shopping,75959.140625,prior,0.98315394,0.86102295,0.92915636,media,,,,
Google Shopping,79956.9921875,posterior,0.98625827,0.87304646,0.9326067,media,,,,
Google Shopping,79956.9921875,prior,0.98398274,0.86704797,0.9323907,media,,,,
Google Shopping,83954.8359375,posterior,0.9869041,0.87835646,0.9355509,media,,,,
Google Shopping,83954.8359375,prior,0.9847338,0.8725722,0.93534195,media,,,,
Google Shopping,87952.6875,posterior,0.9874919,0.88324004,0.93824995,media,,,,
Google Shopping,87952.6875,prior,0.9854176,0.87765574,0.9380468,media,,,,
Google Shopping,91950.5390625,posterior,0.9880292,0.88774675,0.9407318,media,,,,
Google Shopping,91950.5390625,prior,0.9860428,0.88234925,0.94053364,media,,,,
Google Shopping,95948.3828125,posterior,0.9885223,0.8919185,0.94302094,media,,,,
Google Shopping,95948.3828125,prior,0.98661655,0.886696,0.9428284,media,,,,
Google Shopping,99946.2421875,posterior,0.9889763,0.89579123,0.94514066,media,,,,
Google Shopping,99946.2421875,prior,0.987145,0.89073294,0.9449525,media,,,,
Google Shopping,103944.0859375,posterior,0.9893958,0.899396,0.94710714,media,,,,
Google Shopping,103944.0859375,prior,0.9876333,0.8944921,0.94692427,media,,,,
Google Shopping,107941.9296875,posterior,0.98978454,0.9027598,0.9489385,media,,,,
Google Shopping,107941.9296875,prior,0.9880859,0.8980012,0.94875956,media,,,,
Google Shopping,111939.7890625,posterior,0.9901458,0.90590584,0.95064753,media,,,,
Google Shopping,111939.7890625,prior,0.9885065,0.9012844,0.9504714,media,,,,
Google Shopping,115937.6328125,posterior,0.9904824,0.9088548,0.95224476,media,,,,
Google Shopping,115937.6328125,prior,0.98889846,0.90436286,0.9520732,media,,,,
Google Shopping,119935.4765625,posterior,0.9907967,0.91162443,0.95374125,media,,,,
Google Shopping,119935.4765625,prior,0.9892645,0.9072551,0.9535745,media,,,,
Google Shopping,123933.3359375,posterior,0.99109095,0.91423076,0.9551484,media,,,,
Google Shopping,123933.3359375,prior,0.9896072,0.90997756,0.9549848,media,,,,
Google Shopping,127931.1796875,posterior,0.9913669,0.9166877,0.9564713,media,,,,
Google Shopping,127931.1796875,prior,0.9899287,0.9125447,0.95631117,media,,,,
Google Shopping,131929.03125,posterior,0.9916264,0.9190079,0.95771855,media,,,,
Google Shopping,131929.03125,prior,0.9902309,0.91496956,0.95756185,media,,,,
Google Shopping,135926.890625,posterior,0.99187064,0.9212023,0.95889616,media,,,,
Google Shopping,135926.890625,prior,0.99051553,0.9172635,0.95874333,media,,,,
Google Shopping,139924.734375,posterior,0.9921011,0.92328095,0.9600094,media,,,,
Google Shopping,139924.734375,prior,0.99078405,0.91943693,0.9598602,media,,,,
Google Shopping,143922.578125,posterior,0.99231875,0.92525274,0.9610651,media,,,,
Google Shopping,143922.578125,prior,0.9910377,0.92149913,0.96091866,media,,,,
Google Shopping,147920.4375,posterior,0.99252486,0.9271257,0.96206576,media,,,,
Google Shopping,147920.4375,prior,0.9912778,0.9234584,0.9619226,media,,,,
Google Shopping,151918.28125,posterior,0.9927201,0.92890716,0.96301657,media,,,,
Google Shopping,151918.28125,prior,0.9915054,0.92532223,0.962876,media,,,,
Google Shopping,155916.125,posterior,0.9929055,0.9306035,0.9639206,media,,,,
Google Shopping,155916.125,prior,0.99172145,0.92709744,0.9637825,media,,,,
Google Shopping,159913.984375,posterior,0.9930816,0.9322208,0.9647825,media,,,,
Google Shopping,159913.984375,prior,0.9919267,0.9287902,0.96464646,media,,,,
Google Shopping,163911.828125,posterior,0.9932492,0.93376446,0.9656021,media,,,,
Google Shopping,163911.828125,prior,0.99212205,0.93040615,0.96546984,media,,,,
Google Shopping,167909.671875,posterior,0.99340886,0.9352393,0.96638554,media,,,,
Google Shopping,167909.671875,prior,0.9923082,0.93195033,0.9662557,media,,,,
Google Shopping,171907.53125,posterior,0.9935612,0.93665,0.96713424,media,,,,
Google Shopping,171907.53125,prior,0.9924857,0.9334276,0.96700585,media,,,,
Google Shopping,175905.375,posterior,0.9937066,0.9380005,0.9678502,media,,,,
Google Shopping,175905.375,prior,0.9926553,0.93484205,0.96772414,media,,,,
Google Shopping,179903.21875,posterior,0.99384564,0.93929464,0.9685365,media,,,,
Google Shopping,179903.21875,prior,0.9928174,0.9361976,0.96841204,media,,,,
Google Shopping,183901.078125,posterior,0.9939786,0.94053584,0.96919304,media,,,,
Google Shopping,183901.078125,prior,0.9929724,0.9374979,0.96907085,media,,,,
Google Shopping,187898.9375,posterior,0.994106,0.9417273,0.969823,media,,,,
Google Shopping,187898.9375,prior,0.99312085,0.9387463,0.96970254,media,,,,
Google Shopping,191896.765625,posterior,0.99422807,0.9428719,0.9704274,media,,,,
Google Shopping,191896.765625,prior,0.99326324,0.93994576,0.97031015,media,,,,
Google Shopping,195894.625,posterior,0.9943452,0.94397247,0.9710084,media,,,,
Google Shopping,195894.625,prior,0.9933998,0.94109917,0.9708917,media,,,,
Google Shopping,199892.484375,posterior,0.99445766,0.94503146,0.97156614,media,,,,
Google Shopping,199892.484375,prior,0.993531,0.94220906,0.97145265,media,,,,
Google Shopping,203890.3125,posterior,0.9945658,0.9460511,0.97210425,media,,,,
Google Shopping,203890.3125,prior,0.99365705,0.94327796,0.97199184,media,,,,
Google Shopping,207888.171875,posterior,0.9946697,0.94703364,0.9726206,media,,,,
Google Shopping,207888.171875,prior,0.9937782,0.94430804,0.97251135,media,,,,
Google Shopping,211886.03125,posterior,0.99476975,0.947981,0.97312045,media,,,,
Google Shopping,211886.03125,prior,0.9938949,0.94530135,0.9730118,media,,,,
Google Shopping,215883.859375,posterior,0.9948661,0.9488951,0.9736005,media,,,,
Google Shopping,215883.859375,prior,0.9940073,0.94625986,0.9734941,media,,,,
Google Shopping,219881.71875,posterior,0.99495894,0.94977766,0.97406447,media,,,,
Google Shopping,219881.71875,prior,0.9941156,0.94718534,0.9739589,media,,,,
Google Shopping,223879.578125,posterior,0.9950485,0.9506302,0.9745121,media,,,,
Google Shopping,223879.578125,prior,0.9942201,0.94807947,0.97440815,media,,,,
Google Shopping,227877.40625,posterior,0.995135,0.9514543,0.97494507,media,,,,
Google Shopping,227877.40625,prior,0.99432087,0.94894385,0.9748431,media,,,,
Google Shopping,231875.265625,posterior,0.99521846,0.9522513,0.9753624,media,,,,
Google Shopping,231875.265625,prior,0.99441826,0.9497799,0.9752628,media,,,,
Google Shopping,235873.125,posterior,0.9952991,0.9530226,0.9757679,media,,,,
Google Shopping,235873.125,prior,0.9945124,0.95058906,0.97566897,media,,,,
Google Shopping,239870.953125,posterior,0.9953771,0.9537693,0.97615886,media,,,,
Google Shopping,239870.953125,prior,0.99460334,0.95137256,0.9760616,media,,,,
Google Shopping,243868.8125,posterior,0.9954526,0.95449275,0.9765369,media,,,,
Google Shopping,243868.8125,prior,0.9946914,0.9521315,0.97644144,media,,,,
Google Shopping,247866.671875,posterior,0.9955256,0.9551939,0.97690475,media,,,,
Google Shopping,247866.671875,prior,0.99477655,0.9528672,0.9768098,media,,,,
Google Shopping,251864.515625,posterior,0.9955963,0.95587367,0.9772605,media,,,,
Google Shopping,251864.515625,prior,0.994859,0.9535806,0.9771668,media,,,,
Google Shopping,255862.359375,posterior,0.9956648,0.9565332,0.9776053,media,,,,
Google Shopping,255862.359375,prior,0.9949389,0.95427275,0.97751266,media,,,,
Google Shopping,259860.21875,posterior,0.99573123,0.9571732,0.9779408,media,,,,
Google Shopping,259860.21875,prior,0.99501634,0.9549446,0.977849,media,,,,
Google Shopping,263858.0625,posterior,0.9957956,0.9577947,0.97826445,media,,,,
Google Shopping,263858.0625,prior,0.9950915,0.9555969,0.97817475,media,,,,
Google Shopping,267855.90625,posterior,0.9958581,0.95839846,0.9785794,media,,,,
Google Shopping,267855.90625,prior,0.9951644,0.95623064,0.9784911,media,,,,
Google Shopping,271853.78125,posterior,0.99591875,0.95898515,0.9788869,media,,,,
Google Shopping,271853.78125,prior,0.9952352,0.95684654,0.9787989,media,,,,
Google Shopping,275851.59375,posterior,0.9959777,0.95955557,0.9791837,media,,,,
Google Shopping,275851.59375,prior,0.9953039,0.9574453,0.97909755,media,,,,
Google Shopping,279849.46875,posterior,0.9960349,0.9601103,0.97947484,media,,,,
Google Shopping,279849.46875,prior,0.9953707,0.9580278,0.97938764,media,,,,
Google Shopping,283847.3125,posterior,0.9960906,0.96065,0.97975594,media,,,,
Google Shopping,283847.3125,prior,0.9954356,0.95859444,0.97967046,media,,,,
Google Shopping,287845.15625,posterior,0.99614465,0.9611753,0.9800295,media,,,,
Google Shopping,287845.15625,prior,0.9954987,0.959146,0.9799456,media,,,,
Google Shopping,291843.0,posterior,0.9961972,0.9616868,0.9802941,media,,,,
Google Shopping,291843.0,prior,0.9955601,0.9596831,0.98021376,media,,,,
Google Shopping,295840.875,posterior,0.9962484,0.96218497,0.9805558,media,,,,
Google Shopping,295840.875,prior,0.9956199,0.9602062,0.98047364,media,,,,
Google Shopping,299838.6875,posterior,0.99629825,0.9626703,0.98080856,media,,,,
Google Shopping,299838.6875,prior,0.995678,0.960716,0.9807271,media,,,,
Google Shopping,303836.5625,posterior,0.99634683,0.9631434,0.98105276,media,,,,
Google Shopping,303836.5625,prior,0.99573463,0.9612128,0.9809741,media,,,,
Google Shopping,307834.40625,posterior,0.99639404,0.9636046,0.98129493,media,,,,
Google Shopping,307834.40625,prior,0.99578977,0.9616972,0.9812157,media,,,,
Google Shopping,311832.25,posterior,0.9964402,0.96405447,0.98152834,media,,,,
Google Shopping,311832.25,prior,0.9958435,0.9621697,0.98145074,media,,,,
Google Shopping,315830.09375,posterior,0.99648505,0.96449333,0.9817575,media,,,,
Google Shopping,315830.09375,prior,0.9958959,0.96263075,0.98167986,media,,,,
Google Shopping,319827.96875,posterior,0.99652886,0.9649216,0.98198026,media,,,,
Google Shopping,319827.96875,prior,0.995947,0.9630806,0.9819035,media,,,,
Google Shopping,323825.78125,posterior,0.99657154,0.96533966,0.98219633,media,,,,
Google Shopping,323825.78125,prior,0.99599683,0.96351975,0.9821214,media,,,,
Google Shopping,327823.65625,posterior,0.9966132,0.9657479,0.98240805,media,,,,
Google Shopping,327823.65625,prior,0.9960455,0.9639486,0.9823337,media,,,,
Google Shopping,331821.5,posterior,0.99665385,0.9661466,0.982615,media,,,,
Google Shopping,331821.5,prior,0.9960929,0.96436745,0.9825421,media,,,,
Google Shopping,335819.34375,posterior,0.99669355,0.9665361,0.982819,media,,,,
Google Shopping,335819.34375,prior,0.9961393,0.9647767,0.9827449,media,,,,
Google Shopping,339817.1875,posterior,0.9967323,0.96691674,0.98301613,media,,,,
Google Shopping,339817.1875,prior,0.9961845,0.96517664,0.9829438,media,,,,
Google Shopping,343815.0625,posterior,0.9967702,0.96728885,0.9832091,media,,,,
Google Shopping,343815.0625,prior,0.9962287,0.96556765,0.98313737,media,,,,
Google Shopping,347812.90625,posterior,0.9968072,0.9676527,0.9833988,media,,,,
Google Shopping,347812.90625,prior,0.9962719,0.96594995,0.98332727,media,,,,
Google Shopping,351810.75,posterior,0.9968434,0.9680085,0.9835823,media,,,,
Google Shopping,351810.75,prior,0.9963141,0.96632385,0.9835128,media,,,,
Google Shopping,355808.59375,posterior,0.99687874,0.96835655,0.983763,media,,,,
Google Shopping,355808.59375,prior,0.9963554,0.96668965,0.9836938,media,,,,
Google Shopping,359806.4375,posterior,0.99691325,0.9686972,0.9839403,media,,,,
Google Shopping,359806.4375,prior,0.99639577,0.9670476,0.98387104,media,,,,
Google Shopping,363804.3125,posterior,0.99694705,0.96903056,0.98411256,media,,,,
Google Shopping,363804.3125,prior,0.9964352,0.9673979,0.98404485,media,,,,
Google Shopping,367802.15625,posterior,0.9969802,0.96935683,0.9842824,media,,,,
Google Shopping,367802.15625,prior,0.99647385,0.96774083,0.9842148,media,,,,
Google Shopping,371800.0,posterior,0.9970125,0.9696764,0.9844481,media,,,,
Google Shopping,371800.0,prior,0.99651164,0.96807665,0.98438054,media,,,,
Google Shopping,375797.875,posterior,0.9970442,0.9699893,0.98461044,media,,,,
Google Shopping,375797.875,prior,0.9965486,0.96840554,0.9845439,media,,,,
Google Shopping,379795.6875,posterior,0.99707526,0.97029585,0.9847674,media,,,,
Google Shopping,379795.6875,prior,0.99658483,0.9687277,0.98470294,media,,,,
Google Shopping,383793.53125,posterior,0.9971056,0.97059613,0.9849241,media,,,,
Google Shopping,383793.53125,prior,0.99662024,0.9690434,0.98485893,media,,,,
Google Shopping,387791.40625,posterior,0.9971354,0.97089046,0.9850756,media,,,,
Google Shopping,387791.40625,prior,0.996655,0.9693527,0.98501265,media,,,,
Google Shopping,391789.25,posterior,0.99716455,0.97117895,0.9852256,media,,,,
Google Shopping,391789.25,prior,0.996689,0.969656,0.9851625,media,,,,
Google Shopping,395787.09375,posterior,0.9971931,0.9714617,0.9853717,media,,,,
Google Shopping,395787.09375,prior,0.9967223,0.9699533,0.98530835,media,,,,
Google Shopping,399784.96875,posterior,0.99722105,0.97173905,0.9855166,media,,,,
Google Shopping,399784.96875,prior,0.99675494,0.9702448,0.9854526,media,,,,
Google Shopping,403782.78125,posterior,0.99724853,0.972011,0.98565626,media,,,,
Google Shopping,403782.78125,prior,0.996787,0.9705307,0.9855939,media,,,,
Google Shopping,407780.625,posterior,0.9972754,0.9722778,0.985794,media,,,,
Google Shopping,407780.625,prior,0.99681836,0.9708112,0.98573315,media,,,,
Google Shopping,411778.5,posterior,0.9973018,0.97253954,0.9859302,media,,,,
Google Shopping,411778.5,prior,0.9968492,0.9710864,0.9858688,media,,,,
Google Shopping,415776.34375,posterior,0.9973277,0.97279644,0.98606384,media,,,,
Google Shopping,415776.34375,prior,0.9968794,0.97135645,0.98600215,media,,,,
Google Shopping,419774.1875,posterior,0.9973531,0.9730485,0.9861926,media,,,,
Google Shopping,419774.1875,prior,0.996909,0.9716215,0.9861329,media,,,,
Google Shopping,423772.0625,posterior,0.99737793,0.973296,0.9863215,media,,,,
Google Shopping,423772.0625,prior,0.9969381,0.9718817,0.98626184,media,,,,
Google Shopping,427769.875,posterior,0.9974024,0.97353894,0.98644596,media,,,,
Google Shopping,427769.875,prior,0.9969666,0.9721372,0.98638743,media,,,,
Google Shopping,431767.71875,posterior,0.9974264,0.97377753,0.9865694,media,,,,
Google Shopping,431767.71875,prior,0.9969946,0.972388,0.9865117,media,,,,
Google Shopping,435765.59375,posterior,0.99745,0.97401184,0.98669076,media,,,,
Google Shopping,435765.59375,prior,0.9970221,0.97263443,0.9866328,media,,,,
Google Shopping,439763.4375,posterior,0.99747306,0.97424203,0.9868097,media,,,,
Google Shopping,439763.4375,prior,0.9970491,0.9728765,0.9867521,media,,,,
Google Shopping,443761.3125,posterior,0.9974958,0.9744682,0.9869271,media,,,,
Google Shopping,443761.3125,prior,0.9970756,0.9731142,0.98686963,media,,,,
Google Shopping,447759.15625,posterior,0.9975181,0.9746904,0.9870408,media,,,,
Google Shopping,447759.15625,prior,0.99710166,0.9733479,0.98698497,media,,,,
Google Shopping,451756.96875,posterior,0.99754,0.97490877,0.9871542,media,,,,
Google Shopping,451756.96875,prior,0.99712723,0.9735775,0.98709774,media,,,,
Google Shopping,455754.8125,posterior,0.9975615,0.97512335,0.98726547,media,,,,
Google Shopping,455754.8125,prior,0.9971524,0.9738032,0.98720914,media,,,,
Google Shopping,459752.6875,posterior,0.9975827,0.97533435,0.98737425,media,,,,
Google Shopping,459752.6875,prior,0.99717706,0.97402513,0.98731863,media,,,,
Google Shopping,463750.53125,posterior,0.9976035,0.9755418,0.9874812,media,,,,
Google Shopping,463750.53125,prior,0.9972013,0.9742432,0.9874259,media,,,,
Google Shopping,467748.40625,posterior,0.9976239,0.97574574,0.987585,media,,,,
Google Shopping,467748.40625,prior,0.99722517,0.9744578,0.98753214,media,,,,
Google Shopping,471746.25,posterior,0.99764395,0.97594637,0.9876905,media,,,,
Google Shopping,471746.25,prior,0.99724865,0.97466874,0.9876357,media,,,,
Google Shopping,475744.0625,posterior,0.99766374,0.97614366,0.9877911,media,,,,
Google Shopping,475744.0625,prior,0.9972717,0.9748763,0.98773813,media,,,,
Google Shopping,479741.90625,posterior,0.99768317,0.97633773,0.9878918,media,,,,
Google Shopping,479741.90625,prior,0.99729437,0.9750804,0.98783815,media,,,,
Google Shopping,483739.78125,posterior,0.9977023,0.9765287,0.9879911,media,,,,
Google Shopping,483739.78125,prior,0.99731666,0.9752813,0.9879376,media,,,,
Google Shopping,487737.625,posterior,0.9977211,0.97671664,0.9880873,media,,,,
Google Shopping,487737.625,prior,0.9973386,0.97547895,0.9880352,media,,,,
Google Shopping,491735.5,posterior,0.99773955,0.97690153,0.98818314,media,,,,
Google Shopping,491735.5,prior,0.99736017,0.97567344,0.98813033,media,,,,
Google Shopping,495733.34375,posterior,0.99775773,0.97708356,0.98827696,media,,,,
Google Shopping,495733.34375,prior,0.99738145,0.9758649,0.9882251,media,,,,
Google Shopping,499731.15625,posterior,0.9977756,0.97726274,0.9883682,media,,,,
Google Shopping,499731.15625,prior,0.9974023,0.9760533,0.9883173,media,,,,
Google Shopping,503729.03125,posterior,0.99779326,0.9774391,0.9884594,media,,,,
Google Shopping,503729.03125,prior,0.9974229,0.9762389,0.9884086,media,,,,
Google Shopping,507726.875,posterior,0.9978106,0.97761273,0.9885496,media,,,,
Google Shopping,507726.875,prior,0.99744314,0.97642154,0.9884988,media,,,,
Google Shopping,511724.71875,posterior,0.99782765,0.9777838,0.98863643,media,,,,
Google Shopping,511724.71875,prior,0.99746305,0.9766015,0.9885871,media,,,,
Google Shopping,515722.59375,posterior,0.99784446,0.9779522,0.9887231,media,,,,
Google Shopping,515722.59375,prior,0.99748266,0.9767786,0.9886746,media,,,,
Google Shopping,519720.4375,posterior,0.997861,0.97811806,0.988809,media,,,,
Google Shopping,519720.4375,prior,0.99750197,0.9769531,0.9887604,media,,,,
Google Shopping,523718.3125,posterior,0.9978773,0.9782815,0.98889303,media,,,,
Google Shopping,523718.3125,prior,0.997521,0.97712505,0.9888449,media,,,,
Google Shopping,527716.125,posterior,0.9978934,0.9784425,0.9889751,media,,,,
Google Shopping,527716.125,prior,0.99753976,0.9772944,0.98892784,media,,,,
Google Shopping,531714.0,posterior,0.9979091,0.9786011,0.9890587,media,,,,
Google Shopping,531714.0,prior,0.9975582,0.9774613,0.9890101,media,,,,
Google Shopping,535711.8125,posterior,0.9979247,0.9787574,0.9891383,media,,,,
Google Shopping,535711.8125,prior,0.99757636,0.97762567,0.9890905,media,,,,
Google Shopping,539709.6875,posterior,0.99794006,0.9789114,0.9892188,media,,,,
Google Shopping,539709.6875,prior,0.9975943,0.9777878,0.98917073,media,,,,
Google Shopping,543707.5625,posterior,0.9979552,0.9790633,0.98929596,media,,,,
Google Shopping,543707.5625,prior,0.99761194,0.9779475,0.9892493,media,,,,
Google Shopping,547705.375,posterior,0.9979701,0.97921294,0.98937446,media,,,,
Google Shopping,547705.375,prior,0.9976293,0.97810495,0.9893262,media,,,,
Google Shopping,551703.1875,posterior,0.99798477,0.97936046,0.9894494,media,,,,
Google Shopping,551703.1875,prior,0.99764645,0.97826016,0.9894026,media,,,,
Google Shopping,555701.0625,posterior,0.9979992,0.9795059,0.98952436,media,,,,
Google Shopping,555701.0625,prior,0.9976633,0.9784131,0.9894777,media,,,,
Google Shopping,559698.9375,posterior,0.9980135,0.9796493,0.9895979,media,,,,
Google Shopping,559698.9375,prior,0.99767995,0.9785641,0.9895516,media,,,,
Google Shopping,563696.75,posterior,0.99802756,0.97979075,0.9896708,media,,,,
Google Shopping,563696.75,prior,0.9976964,0.9787128,0.98962456,media,,,,
Google Shopping,567694.625,posterior,0.9980414,0.97993016,0.9897426,media,,,,
Google Shopping,567694.625,prior,0.99771255,0.9788596,0.9896972,media,,,,
Google Shopping,571692.5,posterior,0.9980551,0.98006773,0.98981297,media,,,,
Google Shopping,571692.5,prior,0.9977285,0.9790043,0.9897676,media,,,,
Google Shopping,575690.3125,posterior,0.9980686,0.9802034,0.98988366,media,,,,
Google Shopping,575690.3125,prior,0.99774426,0.9791471,0.9898381,media,,,,
Google Shopping,579688.1875,posterior,0.9980818,0.98033726,0.98995095,media,,,,
Google Shopping,579688.1875,prior,0.99775976,0.9792879,0.9899077,media,,,,
Google Shopping,583686.0,posterior,0.9980949,0.9804693,0.9900196,media,,,,
Google Shopping,583686.0,prior,0.9977751,0.97942686,0.98997617,media,,,,
Google Shopping,587683.875,posterior,0.9981079,0.9805996,0.9900872,media,,,,
Google Shopping,587683.875,prior,0.9977902,0.97956395,0.99004245,media,,,,
Google Shopping,591681.75,posterior,0.99812067,0.98072815,0.9901523,media,,,,
Google Shopping,591681.75,prior,0.9978051,0.97969925,0.99010897,media,,,,
Google Shopping,595679.5625,posterior,0.99813324,0.980855,0.9902181,media,,,,
Google Shopping,595679.5625,prior,0.9978198,0.9798327,0.99017453,media,,,,
Google Shopping,599677.375,posterior,0.9981457,0.9809802,0.9902828,media,,,,
Google Shopping,599677.375,prior,0.9978343,0.9799645,0.99023896,media,,,,
Google Shopping,603675.25,posterior,0.998158,0.9811038,0.9903454,media,,,,
Google Shopping,603675.25,prior,0.99784863,0.98009455,0.99030286,media,,,,
Google Shopping,607673.125,posterior,0.99817,0.9812257,0.99040854,media,,,,
Google Shopping,607673.125,prior,0.99786276,0.9802229,0.99036616,media,,,,
Google Shopping,611671.0,posterior,0.99818194,0.9813462,0.9904713,media,,,,
Google Shopping,611671.0,prior,0.9978767,0.98034966,0.9904283,media,,,,
Google Shopping,615668.8125,posterior,0.99819374,0.98146504,0.9905318,media,,,,
Google Shopping,615668.8125,prior,0.9978904,0.9804747,0.99048966,media,,,,
Google Shopping,619666.6875,posterior,0.99820536,0.98158246,0.9905924,media,,,,
Google Shopping,619666.6875,prior,0.997904,0.9805982,0.9905504,media,,,,
Google Shopping,623664.5,posterior,0.99821687,0.98169833,0.9906513,media,,,,
Google Shopping,623664.5,prior,0.9979174,0.9807202,0.9906104,media,,,,
Google Shopping,627662.375,posterior,0.9982282,0.9818128,0.99071187,media,,,,
Google Shopping,627662.375,prior,0.99793065,0.9808407,0.9906691,media,,,,
Google Shopping,631660.1875,posterior,0.9982394,0.9819258,0.99076796,media,,,,
Google Shopping,631660.1875,prior,0.99794376,0.9809596,0.9907277,media,,,,
Google Shopping,635658.0625,posterior,0.9982505,0.9820374,0.9908266,media,,,,
Google Shopping,635658.0625,prior,0.99795663,0.98107713,0.990786,media,,,,
Google Shopping,639655.9375,posterior,0.99826133,0.9821477,0.99088335,media,,,,
Google Shopping,639655.9375,prior,0.9979694,0.9811931,0.9908418,media,,,,
Google Shopping,643653.75,posterior,0.9982721,0.9822566,0.9909383,media,,,,
Google Shopping,643653.75,prior,0.99798197,0.98130774,0.9908983,media,,,,
Google Shopping,647651.5625,posterior,0.9982828,0.98236424,0.9909929,media,,,,
Google Shopping,647651.5625,prior,0.9979944,0.98142105,0.99095356,media,,,,
Google Shopping,651649.4375,posterior,0.9982933,0.9824705,0.9910483,media,,,,
Google Shopping,651649.4375,prior,0.9980067,0.9815329,0.9910086,media,,,,
Google Shopping,655647.3125,posterior,0.9983037,0.98257554,0.99110264,media,,,,
Google Shopping,655647.3125,prior,0.9980188,0.98164344,0.9910627,media,,,,
Google Shopping,659645.1875,posterior,0.99831396,0.9826793,0.9911552,media,,,,
Google Shopping,659645.1875,prior,0.9980308,0.98175263,0.9911165,media,,,,
Google Shopping,663643.0,posterior,0.9983241,0.9827818,0.99120873,media,,,,
Google Shopping,663643.0,prior,0.99804264,0.9818606,0.9911689,media,,,,
Google Shopping,667640.875,posterior,0.99833417,0.98288316,0.9912616,media,,,,
Google Shopping,667640.875,prior,0.9980543,0.9819673,0.9912212,media,,,,
Google Shopping,671638.6875,posterior,0.99834406,0.98298335,0.99131185,media,,,,
Google Shopping,671638.6875,prior,0.9980659,0.98207265,0.99127316,media,,,,
Google Shopping,675636.5625,posterior,0.9983538,0.9830823,0.9913624,media,,,,
Google Shopping,675636.5625,prior,0.99807733,0.98217684,0.99132466,media,,,,
Google Shopping,679634.375,posterior,0.99836344,0.98318017,0.9914123,media,,,,
Google Shopping,679634.375,prior,0.9980886,0.98227984,0.9913744,media,,,,
Google Shopping,683632.25,posterior,0.99837303,0.98327684,0.99146223,media,,,,
Google Shopping,683632.25,prior,0.99809974,0.98238164,0.9914242,media,,,,
Google Shopping,687630.125,posterior,0.99838245,0.9833725,0.99151087,media,,,,
Google Shopping,687630.125,prior,0.9981108,0.98248225,0.99147344,media,,,,
Google Shopping,691628.0,posterior,0.9983918,0.983467,0.9915597,media,,,,
Google Shopping,691628.0,prior,0.9981217,0.9825818,0.9915227,media,,,,
Google Shopping,695625.8125,posterior,0.99840105,0.98356044,0.99160796,media,,,,
Google Shopping,695625.8125,prior,0.99813247,0.98268014,0.99157053,media,,,,
Google Shopping,699623.625,posterior,0.99841017,0.9836529,0.9916554,media,,,,
Google Shopping,699623.625,prior,0.99814314,0.98277736,0.9916185,media,,,,
Google Shopping,703621.5,posterior,0.99841917,0.98374426,0.9917018,media,,,,
Google Shopping,703621.5,prior,0.9981537,0.98287356,0.99166524,media,,,,
Google Shopping,707619.375,posterior,0.9984281,0.9838346,0.9917491,media,,,,
Google Shopping,707619.375,prior,0.99816406,0.9829686,0.9917122,media,,,,
Google Shopping,711617.1875,posterior,0.9984369,0.983924,0.9917945,media,,,,
Google Shopping,711617.1875,prior,0.99817437,0.9830627,0.9917582,media,,,,
Google Shopping,715615.0,posterior,0.9984457,0.9840123,0.9918403,media,,,,
Google Shopping,715615.0,prior,0.9981845,0.9831558,0.99180365,media,,,,
Google Shopping,719612.875,posterior,0.9984543,0.98409975,0.9918858,media,,,,
Google Shopping,719612.875,prior,0.9981946,0.9832478,0.9918485,media,,,,
Google Shopping,723610.75,posterior,0.9984628,0.9841862,0.9919302,media,,,,
Google Shopping,723610.75,prior,0.9982045,0.98333883,0.9918929,media,,,,
Google Shopping,727608.625,posterior,0.99847126,0.9842717,0.9919731,media,,,,
Google Shopping,727608.625,prior,0.99821436,0.98342884,0.99193764,media,,,,
Google Shopping,731606.4375,posterior,0.9984796,0.9843563,0.99201643,media,,,,
Google Shopping,731606.4375,prior,0.9982241,0.9835179,0.9919815,media,,,,
Google Shopping,735604.3125,posterior,0.9984879,0.98444,0.99206024,media,,,,
Google Shopping,735604.3125,prior,0.99823374,0.98360604,0.9920241,media,,,,
Google Shopping,739602.1875,posterior,0.99849606,0.9845228,0.9921018,media,,,,
Google Shopping,739602.1875,prior,0.9982433,0.9836932,0.9920662,media,,,,
Google Shopping,743600.0,posterior,0.9985041,0.9846047,0.9921441,media,,,,
Google Shopping,743600.0,prior,0.9982527,0.98377943,0.9921085,media,,,,
Google Shopping,747597.875,posterior,0.9985121,0.9846858,0.9921849,media,,,,
Google Shopping,747597.875,prior,0.99826205,0.9838647,0.99215055,media,,,,
Google Shopping,751595.75,posterior,0.99851996,0.984766,0.992227,media,,,,
Google Shopping,751595.75,prior,0.9982713,0.9839492,0.99219203,media,,,,
Google Shopping,755593.5,posterior,0.99852777,0.9848454,0.9922668,media,,,,
Google Shopping,755593.5,prior,0.9982804,0.9840328,0.99223304,media,,,,
Google Shopping,759591.375,posterior,0.9985355,0.98492396,0.99230796,media,,,,
Google Shopping,759591.375,prior,0.9982894,0.9841155,0.9922737,media,,,,
Google Shopping,763589.1875,posterior,0.9985432,0.9850017,0.99234796,media,,,,
Google Shopping,763589.1875,prior,0.99829835,0.9841973,0.99231356,media,,,,
Google Shopping,767587.0625,posterior,0.9985508,0.98507863,0.9923869,media,,,,
Google Shopping,767587.0625,prior,0.9983072,0.9842783,0.99235296,media,,,,
Google Shopping,771584.9375,posterior,0.9985583,0.9851548,0.99242574,media,,,,
Google Shopping,771584.9375,prior,0.998316,0.98435855,0.9923925,media,,,,
Google Shopping,775582.8125,posterior,0.9985657,0.9852302,0.9924635,media,,,,
Google Shopping,775582.8125,prior,0.99832463,0.98443794,0.9924308,media,,,,
Google Shopping,779580.625,posterior,0.99857306,0.98530483,0.9925029,media,,,,
Google Shopping,779580.625,prior,0.9983332,0.98451644,0.99246967,media,,,,
Google Shopping,783578.5,posterior,0.99858034,0.98537874,0.9925412,media,,,,
Google Shopping,783578.5,prior,0.9983417,0.9845942,0.99250734,media,,,,
Google Shopping,787576.375,posterior,0.9985875,0.9854519,0.99257904,media,,,,
Google Shopping,787576.375,prior,0.9983501,0.98467124,0.9925449,media,,,,
Google Shopping,791574.1875,posterior,0.99859464,0.98552424,0.9926162,media,,,,
Google Shopping,791574.1875,prior,0.9983584,0.9847475,0.9925824,media,,,,
Google Shopping,795572.0625,posterior,0.9986017,0.98559594,0.9926523,media,,,,
Google Shopping,795572.0625,prior,0.99836665,0.984823,0.9926192,media,,,,
Google Shopping,799569.9375,posterior,0.99860865,0.98566693,0.99268943,media,,,,
Google Shopping,799569.9375,prior,0.9983748,0.98489773,0.99265647,media,,,,
Google Shopping,803567.8125,posterior,0.99861556,0.98573726,0.9927243,media,,,,
Google Shopping,803567.8125,prior,0.99838287,0.9849717,0.99269193,media,,,,
Google Shopping,807565.5625,posterior,0.9986224,0.9858068,0.9927601,media,,,,
Google Shopping,807565.5625,prior,0.9983909,0.98504496,0.99272776,media,,,,
Google Shopping,811563.4375,posterior,0.99862915,0.9858758,0.99279386,media,,,,
Google Shopping,811563.4375,prior,0.9983988,0.9851176,0.99276346,media,,,,
Google Shopping,815561.25,posterior,0.9986359,0.98594403,0.9928306,media,,,,
Google Shopping,815561.25,prior,0.99840665,0.98518944,0.9927981,media,,,,
Google Shopping,819559.125,posterior,0.99864256,0.9860116,0.9928645,media,,,,
Google Shopping,819559.125,prior,0.9984144,0.9852606,0.99283373,media,,,,
Google Shopping,823557.0,posterior,0.9986491,0.9860786,0.9928991,media,,,,
Google Shopping,823557.0,prior,0.9984221,0.9853311,0.99286807,media,,,,
Google Shopping,827554.8125,posterior,0.9986556,0.9861449,0.99293417,media,,,,
Google Shopping,827554.8125,prior,0.9984297,0.9854009,0.99290186,media,,,,
Google Shopping,831552.6875,posterior,0.9986621,0.9862106,0.99296623,media,,,,
Google Shopping,831552.6875,prior,0.9984372,0.9854702,0.99293524,media,,,,
Google Shopping,835550.5625,posterior,0.9986685,0.9862757,0.9930005,media,,,,
Google Shopping,835550.5625,prior,0.9984447,0.98553866,0.99296963,media,,,,
Google Shopping,839548.375,posterior,0.9986748,0.98634017,0.9930332,media,,,,
Google Shopping,839548.375,prior,0.99845207,0.9856065,0.9930023,media,,,,
Google Shopping,843546.25,posterior,0.9986811,0.986404,0.9930661,media,,,,
Google Shopping,843546.25,prior,0.9984594,0.9856737,0.99303573,media,,,,
Google Shopping,847544.125,posterior,0.9986873,0.98646724,0.9930993,media,,,,
Google Shopping,847544.125,prior,0.9984667,0.98574036,0.9930676,media,,,,
Google Shopping,851542.0,posterior,0.99869347,0.98652995,0.9931306,media,,,,
Google Shopping,851542.0,prior,0.9984739,0.9858064,0.99310005,media,,,,
Google Shopping,855539.75,posterior,0.99869955,0.98659205,0.9931625,media,,,,
Google Shopping,855539.75,prior,0.998481,0.9858718,0.9931317,media,,,,
Google Shopping,859537.625,posterior,0.99870557,0.98665357,0.9931953,media,,,,
Google Shopping,859537.625,prior,0.99848807,0.9859365,0.9931639,media,,,,
Google Shopping,863535.4375,posterior,0.9987116,0.98671454,0.9932257,media,,,,
Google Shopping,863535.4375,prior,0.99849504,0.9860007,0.99319535,media,,,,
Google Shopping,867533.3125,posterior,0.9987175,0.9867749,0.99325544,media,,,,
Google Shopping,867533.3125,prior,0.99850196,0.9860643,0.99322605,media,,,,
Google Shopping,871531.1875,posterior,0.9987234,0.9868348,0.9932867,media,,,,
Google Shopping,871531.1875,prior,0.9985088,0.9861274,0.99325657,media,,,,
Google Shopping,875529.0,posterior,0.9987292,0.98689413,0.99331766,media,,,,
Google Shopping,875529.0,prior,0.9985156,0.9861899,0.99328715,media,,,,
Google Shopping,879526.875,posterior,0.99873495,0.98695296,0.9933483,media,,,,
Google Shopping,879526.875,prior,0.99852234,0.9862518,0.99331737,media,,,,
Google Shopping,883524.75,posterior,0.9987407,0.9870112,0.9933786,media,,,,
Google Shopping,883524.75,prior,0.998529,0.98631316,0.99334794,media,,,,
Google Shopping,887522.625,posterior,0.9987464,0.98706895,0.99340737,media,,,,
Google Shopping,887522.625,prior,0.99853563,0.98637396,0.9933774,media,,,,
Google Shopping,891520.4375,posterior,0.998752,0.9871262,0.99343705,media,,,,
Google Shopping,891520.4375,prior,0.9985422,0.9864342,0.99340665,media,,,,
Google Shopping,895518.3125,posterior,0.99875754,0.9871829,0.9934661,media,,,,
Google Shopping,895518.3125,prior,0.9985487,0.98649395,0.9934359,media,,,,
Google Shopping,899516.1875,posterior,0.9987631,0.9872392,0.99349403,media,,,,
Google Shopping,899516.1875,prior,0.9985551,0.9865532,0.9934649,media,,,,
Google Shopping,903513.9375,posterior,0.99876857,0.9872949,0.9935222,media,,,,
Google Shopping,903513.9375,prior,0.99856156,0.9866119,0.9934929,media,,,,
Google Shopping,907511.8125,posterior,0.998774,0.98735017,0.9935508,media,,,,
Google Shopping,907511.8125,prior,0.9985679,0.9866701,0.9935215,media,,,,
Google Shopping,911509.625,posterior,0.99877936,0.98740494,0.9935789,media,,,,
Google Shopping,911509.625,prior,0.99857414,0.9867278,0.9935503,media,,,,
Google Shopping,915507.5,posterior,0.99878466,0.98745924,0.99360716,media,,,,
Google Shopping,915507.5,prior,0.99858034,0.98678493,0.9935779,media,,,,
Google Shopping,919505.375,posterior,0.9987899,0.9875131,0.99363387,media,,,,
Google Shopping,919505.375,prior,0.99858654,0.9868416,0.99360543,media,,,,
Google Shopping,923503.25,posterior,0.99879515,0.9875665,0.9936614,media,,,,
Google Shopping,923503.25,prior,0.9985926,0.9868979,0.9936327,media,,,,
Google Shopping,927501.0625,posterior,0.99880034,0.9876194,0.9936883,media,,,,
Google Shopping,927501.0625,prior,0.9985987,0.9869536,0.99366033,media,,,,
Google Shopping,931498.9375,posterior,0.99880546,0.9876719,0.9937158,media,,,,
Google Shopping,931498.9375,prior,0.99860466,0.98700887,0.9936875,media,,,,
Google Shopping,935496.8125,posterior,0.9988106,0.98772395,0.9937433,media,,,,
Google Shopping,935496.8125,prior,0.9986106,0.9870637,0.9937143,media,,,,
Google Shopping,939494.625,posterior,0.9988156,0.98777556,0.9937688,media,,,,
Google Shopping,939494.625,prior,0.9986165,0.987118,0.9937408,media,,,,
Google Shopping,943492.5,posterior,0.99882066,0.9878267,0.9937953,media,,,,
Google Shopping,943492.5,prior,0.99862236,0.9871719,0.9937672,media,,,,
Google Shopping,947490.375,posterior,0.9988256,0.9878774,0.9938202,media,,,,
Google Shopping,947490.375,prior,0.99862814,0.9872253,0.993793,media,,,,
Google Shopping,951488.125,posterior,0.99883056,0.98792773,0.99384606,media,,,,
Google Shopping,951488.125,prior,0.9986339,0.98727834,0.99381804,media,,,,
Google Shopping,955486.0,posterior,0.99883544,0.9879777,0.9938724,media,,,,
Google Shopping,955486.0,prior,0.99863964,0.9873309,0.9938442,media,,,,
Google Shopping,959483.8125,posterior,0.9988403,0.98802716,0.993897,media,,,,
Google Shopping,959483.8125,prior,0.9986453,0.987383,0.99387014,media,,,,
Google Shopping,963481.6875,posterior,0.9988451,0.98807627,0.9939223,media,,,,
Google Shopping,963481.6875,prior,0.9986509,0.9874347,0.9938957,media,,,,
Google Shopping,967479.5625,posterior,0.99884987,0.98812497,0.9939471,media,,,,
Google Shopping,967479.5625,prior,0.99865645,0.98748595,0.9939202,media,,,,
Google Shopping,971477.4375,posterior,0.9988546,0.98817325,0.9939714,media,,,,
Google Shopping,971477.4375,prior,0.998662,0.9875368,0.993945,media,,,,
Google Shopping,975475.25,posterior,0.9988593,0.98822117,0.9939958,media,,,,
Google Shopping,975475.25,prior,0.9986675,0.9875873,0.9939697,media,,,,
Google Shopping,979473.125,posterior,0.99886394,0.9882687,0.994021,media,,,,
Google Shopping,979473.125,prior,0.9986729,0.98763734,0.9939942,media,,,,
Google Shopping,983471.0,posterior,0.9988686,0.9883158,0.994045,media,,,,
Google Shopping,983471.0,prior,0.99867827,0.987687,0.99401844,media,,,,
Google Shopping,987468.8125,posterior,0.9988731,0.98836255,0.9940688,media,,,,
Google Shopping,987468.8125,prior,0.99868363,0.98773617,0.9940424,media,,,,
Google Shopping,991466.6875,posterior,0.99887764,0.988409,0.99409217,media,,,,
Google Shopping,991466.6875,prior,0.99868894,0.98778504,0.9940661,media,,,,
Google Shopping,995464.5625,posterior,0.9988821,0.988455,0.9941161,media,,,,
Google Shopping,995464.5625,prior,0.9986942,0.9878335,0.9940899,media,,,,
Google Shopping,999462.3125,posterior,0.9988866,0.9885006,0.99413955,media,,,,
Google Shopping,999462.3125,prior,0.9986994,0.98788154,0.99411255,media,,,,
Google Shopping,1003460.1875,posterior,0.998891,0.9885459,0.99416304,media,,,,
Google Shopping,1003460.1875,prior,0.99870455,0.9879292,0.9941366,media,,,,
Google Shopping,1007458.0625,posterior,0.9988954,0.98859084,0.9941856,media,,,,
Google Shopping,1007458.0625,prior,0.9987097,0.9879766,0.9941596,media,,,,
Google Shopping,1011455.875,posterior,0.99889976,0.9886354,0.9942084,media,,,,
Google Shopping,1011455.875,prior,0.9987148,0.9880236,0.9941822,media,,,,
Google Shopping,1015453.75,posterior,0.9989041,0.98867965,0.99423033,media,,,,
Google Shopping,1015453.75,prior,0.9987199,0.98807013,0.99420524,media,,,,
Google Shopping,1019451.625,posterior,0.9989084,0.9887236,0.99425423,media,,,,
Google Shopping,1019451.625,prior,0.9987249,0.9881164,0.9942273,media,,,,
Google Shopping,1023449.4375,posterior,0.9989127,0.9887671,0.99427676,media,,,,
Google Shopping,1023449.4375,prior,0.9987298,0.9881622,0.99425,media,,,,
Google Shopping,1027447.3125,posterior,0.9989169,0.9888103,0.9942977,media,,,,
Google Shopping,1027447.3125,prior,0.9987348,0.98820776,0.9942728,media,,,,
Google Shopping,1031445.1875,posterior,0.9989211,0.9888532,0.99431986,media,,,,
Google Shopping,1031445.1875,prior,0.99873966,0.9882529,0.99429405,media,,,,
Google Shopping,1035443.0,posterior,0.99892527,0.9888958,0.99434197,media,,,,
Google Shopping,1035443.0,prior,0.99874455,0.9882977,0.99431604,media,,,,
Google Shopping,1039440.875,posterior,0.9989294,0.98893803,0.994364,media,,,,
Google Shopping,1039440.875,prior,0.9987494,0.9883422,0.9943383,media,,,,
Google Shopping,1043438.75,posterior,0.9989335,0.98897994,0.9943846,media,,,,
Google Shopping,1043438.75,prior,0.99875414,0.9883864,0.994359,media,,,,
Google Shopping,1047436.625,posterior,0.99893755,0.98902154,0.9944072,media,,,,
Google Shopping,1047436.625,prior,0.9987589,0.9884302,0.9943806,media,,,,
Google Shopping,1051434.375,posterior,0.9989416,0.9890628,0.99442756,media,,,,
Google Shopping,1051434.375,prior,0.9987636,0.98847365,0.994402,media,,,,
Google Shopping,1055432.25,posterior,0.9989456,0.9891038,0.9944494,media,,,,
Google Shopping,1055432.25,prior,0.99876827,0.9885168,0.994423,media,,,,
Google Shopping,1059430.125,posterior,0.9989496,0.98914444,0.99446905,media,,,,
Google Shopping,1059430.125,prior,0.9987729,0.98855966,0.99444395,media,,,,
Google Shopping,1063428.0,posterior,0.9989535,0.9891848,0.99449044,media,,,,
Google Shopping,1063428.0,prior,0.9987775,0.98860216,0.9944647,media,,,,
Google Shopping,1067425.75,posterior,0.99895746,0.9892249,0.99451035,media,,,,
Google Shopping,1067425.75,prior,0.9987821,0.98864436,0.9944853,media,,,,
Google Shopping,1071423.625,posterior,0.9989613,0.98926467,0.9945306,media,,,,
Google Shopping,1071423.625,prior,0.9987866,0.98868626,0.9945057,media,,,,
Google Shopping,1075421.5,posterior,0.9989652,0.9893041,0.9945498,media,,,,
Google Shopping,1075421.5,prior,0.99879116,0.98872787,0.9945257,media,,,,
Google Shopping,1079419.375,posterior,0.99896896,0.98934335,0.9945707,media,,,,
Google Shopping,1079419.375,prior,0.9987956,0.9887692,0.9945463,media,,,,
Google Shopping,1083417.25,posterior,0.9989728,0.98938227,0.99459076,media,,,,
Google Shopping,1083417.25,prior,0.99880004,0.9888101,0.99456656,media,,,,
Google Shopping,1087415.125,posterior,0.9989765,0.9894209,0.99460965,media,,,,
Google Shopping,1087415.125,prior,0.99880445,0.98885083,0.9945859,media,,,,
Google Shopping,1091412.875,posterior,0.9989803,0.9894592,0.9946304,media,,,,
Google Shopping,1091412.875,prior,0.99880886,0.9888912,0.99460566,media,,,,
Google Shopping,1095410.75,posterior,0.99898404,0.98949724,0.9946497,media,,,,
Google Shopping,1095410.75,prior,0.9988132,0.9889313,0.99462533,media,,,,
Google Shopping,1099408.5,posterior,0.99898773,0.9895351,0.99466896,media,,,,
Google Shopping,1099408.5,prior,0.9988175,0.98897105,0.9946446,media,,,,
Google Shopping,1103406.375,posterior,0.9989914,0.9895726,0.9946881,media,,,,
Google Shopping,1103406.375,prior,0.9988218,0.9890106,0.9946635,media,,,,
Google Shopping,1107404.25,posterior,0.998995,0.98960984,0.99470735,media,,,,
Google Shopping,1107404.25,prior,0.998826,0.98904985,0.99468297,media,,,,
Google Shopping,1111402.125,posterior,0.99899864,0.98964685,0.9947266,media,,,,
Google Shopping,1111402.125,prior,0.99883026,0.98908883,0.9947024,media,,,,
Google Shopping,1115400.0,posterior,0.9990022,0.98968357,0.9947445,media,,,,
Google Shopping,1115400.0,prior,0.99883443,0.9891275,0.9947211,media,,,,
Google Shopping,1119397.875,posterior,0.9990058,0.98972,0.9947637,media,,,,
Google Shopping,1119397.875,prior,0.9988386,0.9891659,0.99473935,media,,,,
Google Shopping,1123395.75,posterior,0.9990093,0.9897562,0.99478257,media,,,,
Google Shopping,1123395.75,prior,0.9988427,0.98920405,0.9947579,media,,,,
Google Shopping,1127393.5,posterior,0.9990128,0.98979217,0.99479926,media,,,,
Google Shopping,1127393.5,prior,0.9988468,0.9892419,0.9947764,media,,,,
Google Shopping,1131391.375,posterior,0.99901634,0.9898279,0.9948177,media,,,,
Google Shopping,1131391.375,prior,0.9988509,0.9892795,0.99479485,media,,,,
Google Shopping,1135389.25,posterior,0.9990198,0.98986334,0.99483645,media,,,,
Google Shopping,1135389.25,prior,0.99885494,0.9893169,0.99481297,media,,,,
Google Shopping,1139387.125,posterior,0.9990232,0.98989856,0.9948538,media,,,,
Google Shopping,1139387.125,prior,0.9988589,0.98935395,0.99483067,media,,,,
Google Shopping,1143385.0,posterior,0.99902666,0.9899335,0.9948723,media,,,,
Google Shopping,1143385.0,prior,0.9988629,0.98939073,0.99484926,media,,,,
Google Shopping,1147382.75,posterior,0.99903005,0.98996824,0.9948908,media,,,,
Google Shopping,1147382.75,prior,0.9988669,0.9894274,0.99486643,media,,,,
Google Shopping,1151380.625,posterior,0.9990334,0.9900027,0.9949096,media,,,,
Google Shopping,1151380.625,prior,0.9988708,0.9894637,0.9948851,media,,,,
Google Shopping,1155378.5,posterior,0.9990367,0.99003696,0.99492574,media,,,,
Google Shopping,1155378.5,prior,0.9988747,0.98949975,0.99490196,media,,,,
Google Shopping,1159376.375,posterior,0.99904007,0.990071,0.99494195,media,,,,
Google Shopping,1159376.375,prior,0.9988786,0.98953557,0.99491984,media,,,,
Google Shopping,1163374.125,posterior,0.99904335,0.99010473,0.99495995,media,,,,
Google Shopping,1163374.125,prior,0.9988825,0.98957115,0.9949364,media,,,,
Google Shopping,1167372.0,posterior,0.9990466,0.9901383,0.99497676,media,,,,
Google Shopping,1167372.0,prior,0.9988863,0.9896065,0.9949542,media,,,,
Google Shopping,1171369.875,posterior,0.9990499,0.9901716,0.9949935,media,,,,
Google Shopping,1171369.875,prior,0.99889004,0.9896416,0.99497175,media,,,,
Google Shopping,1175367.75,posterior,0.9990531,0.99020475,0.9950118,media,,,,
Google Shopping,1175367.75,prior,0.99889386,0.9896765,0.99498844,media,,,,
Google Shopping,1179365.625,posterior,0.9990563,0.9902376,0.99502784,media,,,,
Google Shopping,1179365.625,prior,0.9988976,0.9897111,0.9950054,media,,,,
Google Shopping,1183363.5,posterior,0.99905944,0.99027026,0.99504447,media,,,,
Google Shopping,1183363.5,prior,0.9989013,0.9897455,0.99502176,media,,,,
Google Shopping,1187361.375,posterior,0.9990626,0.99030274,0.9950617,media,,,,
Google Shopping,1187361.375,prior,0.998905,0.98977965,0.9950382,media,,,,
Google Shopping,1191359.125,posterior,0.99906576,0.9903349,0.9950776,media,,,,
Google Shopping,1191359.125,prior,0.9989087,0.9898137,0.9950557,media,,,,
Google Shopping,1195357.0,posterior,0.99906886,0.99036694,0.995093,media,,,,
Google Shopping,1195357.0,prior,0.99891233,0.98984736,0.9950715,media,,,,
Google Shopping,1199354.75,posterior,0.999072,0.99039876,0.99511003,media,,,,
Google Shopping,1199354.75,prior,0.9989159,0.98988086,0.9950876,media,,,,
Google Shopping,1203352.625,posterior,0.99907506,0.99043036,0.9951258,media,,,,
Google Shopping,1203352.625,prior,0.99891955,0.9899142,0.99510396,media,,,,
Google Shopping,1207350.5,posterior,0.99907815,0.9904617,0.99514145,media,,,,
Google Shopping,1207350.5,prior,0.9989231,0.9899472,0.99512035,media,,,,
Google Shopping,1211348.375,posterior,0.9990812,0.99049294,0.99515694,media,,,,
Google Shopping,1211348.375,prior,0.99892664,0.98998004,0.9951358,media,,,,
Google Shopping,1215346.25,posterior,0.9990842,0.9905239,0.9951731,media,,,,
Google Shopping,1215346.25,prior,0.9989302,0.9900127,0.9951521,media,,,,
Google Shopping,1219344.125,posterior,0.9990872,0.9905547,0.99519,media,,,,
Google Shopping,1219344.125,prior,0.9989337,0.9900451,0.99516815,media,,,,
Google Shopping,1223342.0,posterior,0.9990902,0.99058527,0.9952052,media,,,,
Google Shopping,1223342.0,prior,0.9989372,0.9900773,0.99518377,media,,,,
Google Shopping,1227339.75,posterior,0.9990931,0.9906156,0.99522173,media,,,,
Google Shopping,1227339.75,prior,0.99894065,0.99010926,0.9951991,media,,,,
Google Shopping,1231337.625,posterior,0.9990961,0.9906458,0.995236,media,,,,
Google Shopping,1231337.625,prior,0.99894404,0.9901411,0.99521464,media,,,,
Google Shopping,1235335.5,posterior,0.999099,0.9906758,0.9952524,media,,,,
Google Shopping,1235335.5,prior,0.9989475,0.99017274,0.9952298,media,,,,
Google Shopping,1239333.375,posterior,0.99910194,0.9907056,0.9952678,media,,,,
Google Shopping,1239333.375,prior,0.9989509,0.9902041,0.9952457,media,,,,
Google Shopping,1243331.125,posterior,0.9991048,0.9907352,0.9952822,media,,,,
Google Shopping,1243331.125,prior,0.99895424,0.9902353,0.9952602,media,,,,
Google Shopping,1247329.0,posterior,0.99910766,0.9907646,0.99529725,media,,,,
Google Shopping,1247329.0,prior,0.9989576,0.99026626,0.99527556,media,,,,
Google Shopping,1251326.875,posterior,0.9991105,0.9907939,0.9953111,media,,,,
Google Shopping,1251326.875,prior,0.9989609,0.9902971,0.9952907,media,,,,
Google Shopping,1255324.75,posterior,0.9991134,0.9908229,0.99532574,media,,,,
Google Shopping,1255324.75,prior,0.99896425,0.99032766,0.99530566,media,,,,
Google Shopping,1259322.625,posterior,0.9991162,0.99085176,0.9953413,media,,,,
Google Shopping,1259322.625,prior,0.9989675,0.99035805,0.9953208,media,,,,
Google Shopping,1263320.375,posterior,0.999119,0.9908804,0.99535555,media,,,,
Google Shopping,1263320.375,prior,0.99897075,0.9903883,0.99533534,media,,,,
Google Shopping,1267318.25,posterior,0.9991217,0.990909,0.9953706,media,,,,
Google Shopping,1267318.25,prior,0.998974,0.9904183,0.9953498,media,,,,
Google Shopping,1271316.125,posterior,0.9991245,0.9909373,0.99538463,media,,,,
Google Shopping,1271316.125,prior,0.99897724,0.9904482,0.9953642,media,,,,
Google Shopping,1275314.0,posterior,0.99912727,0.9909654,0.99539894,media,,,,
Google Shopping,1275314.0,prior,0.99898046,0.9904778,0.9953789,media,,,,
Google Shopping,1279311.875,posterior,0.99912995,0.99099344,0.99541295,media,,,,
Google Shopping,1279311.875,prior,0.9989836,0.9905073,0.9953925,media,,,,
Google Shopping,1283309.75,posterior,0.9991327,0.9910212,0.9954274,media,,,,
Google Shopping,1283309.75,prior,0.9989868,0.99053663,0.99540764,media,,,,
Google Shopping,1287307.5,posterior,0.9991354,0.9910489,0.99544156,media,,,,
Google Shopping,1287307.5,prior,0.99898994,0.9905657,0.99542147,media,,,,
Google Shopping,1291305.375,posterior,0.99913806,0.99107635,0.99545574,media,,,,
Google Shopping,1291305.375,prior,0.99899304,0.9905947,0.9954355,media,,,,
Google Shopping,1295303.125,posterior,0.99914074,0.99110365,0.9954711,media,,,,
Google Shopping,1295303.125,prior,0.99899614,0.9906234,0.99545014,media,,,,
Google Shopping,1299301.0,posterior,0.99914336,0.99113077,0.99548435,media,,,,
Google Shopping,1299301.0,prior,0.99899924,0.99065197,0.9954637,media,,,,
Google Shopping,1303298.875,posterior,0.999146,0.9911577,0.995499,media,,,,
Google Shopping,1303298.875,prior,0.99900234,0.9906804,0.9954777,media,,,,
Google Shopping,1307296.75,posterior,0.99914855,0.99118453,0.99551207,media,,,,
Google Shopping,1307296.75,prior,0.9990054,0.99070865,0.99549085,media,,,,
Google Shopping,1311294.625,posterior,0.9991511,0.9912112,0.9955259,media,,,,
Google Shopping,1311294.625,prior,0.9990084,0.99073666,0.99550515,media,,,,
Google Shopping,1315292.5,posterior,0.99915373,0.99123764,0.9955383,media,,,,
Google Shopping,1315292.5,prior,0.9990114,0.99076456,0.99551785,media,,,,
Google Shopping,1319290.375,posterior,0.9991563,0.991264,0.99555176,media,,,,
Google Shopping,1319290.375,prior,0.9990144,0.9907923,0.99553156,media,,,,
Google Shopping,1323288.125,posterior,0.9991588,0.99129015,0.995565,media,,,,
Google Shopping,1323288.125,prior,0.99901736,0.9908199,0.9955451,media,,,,
Google Shopping,1327286.0,posterior,0.99916136,0.99131614,0.9955798,media,,,,
Google Shopping,1327286.0,prior,0.99902034,0.99084723,0.9955588,media,,,,
Google Shopping,1331283.875,posterior,0.99916387,0.991342,0.99559253,media,,,,
Google Shopping,1331283.875,prior,0.99902326,0.9908745,0.995572,media,,,,
Google Shopping,1335281.75,posterior,0.99916637,0.9913677,0.9956049,media,,,,
Google Shopping,1335281.75,prior,0.9990262,0.9909016,0.99558467,media,,,,
Google Shopping,1339279.625,posterior,0.9991689,0.9913932,0.99561787,media,,,,
Google Shopping,1339279.625,prior,0.9990291,0.99092853,0.9955982,media,,,,
Google Shopping,1343277.375,posterior,0.9991713,0.9914186,0.995631,media,,,,
Google Shopping,1343277.375,prior,0.99903196,0.9909553,0.9956118,media,,,,
Google Shopping,1347275.25,posterior,0.9991738,0.9914439,0.9956444,media,,,,
Google Shopping,1347275.25,prior,0.9990349,0.9909819,0.99562424,media,,,,
Google Shopping,1351273.125,posterior,0.99917626,0.99146897,0.9956563,media,,,,
Google Shopping,1351273.125,prior,0.9990377,0.9910083,0.9956368,media,,,,
Google Shopping,1355271.0,posterior,0.99917865,0.99149394,0.9956696,media,,,,
Google Shopping,1355271.0,prior,0.99904054,0.99103457,0.99564993,media,,,,
Google Shopping,1359268.75,posterior,0.9991811,0.99151874,0.99568325,media,,,,
Google Shopping,1359268.75,prior,0.99904335,0.99106073,0.99566233,media,,,,
Google Shopping,1363266.625,posterior,0.9991835,0.9915434,0.995695,media,,,,
Google Shopping,1363266.625,prior,0.99904615,0.99108666,0.9956751,media,,,,
Google Shopping,1367264.5,posterior,0.99918586,0.9915679,0.9957079,media,,,,
Google Shopping,1367264.5,prior,0.99904895,0.99111253,0.9956875,media,,,,
Google Shopping,1371262.375,posterior,0.99918824,0.9915923,0.9957202,media,,,,
Google Shopping,1371262.375,prior,0.99905175,0.9911382,0.99570054,media,,,,
Google Shopping,1375260.25,posterior,0.9991906,0.9916165,0.99573225,media,,,,
Google Shopping,1375260.25,prior,0.9990545,0.99116373,0.99571276,media,,,,
Google Shopping,1379258.125,posterior,0.99919295,0.9916406,0.9957456,media,,,,
Google Shopping,1379258.125,prior,0.99905723,0.9911891,0.9957252,media,,,,
Google Shopping,1383256.0,posterior,0.9991953,0.9916646,0.9957566,media,,,,
Google Shopping,1383256.0,prior,0.9990599,0.99121433,0.9957368,media,,,,
Google Shopping,1387253.75,posterior,0.9991976,0.9916884,0.99576813,media,,,,
Google Shopping,1387253.75,prior,0.99906266,0.9912395,0.99574906,media,,,,
Google Shopping,1391251.625,posterior,0.9991999,0.9917121,0.99578065,media,,,,
Google Shopping,1391251.625,prior,0.99906534,0.99126446,0.9957618,media,,,,
Google Shopping,1395249.375,posterior,0.9992022,0.99173564,0.9957926,media,,,,
Google Shopping,1395249.375,prior,0.999068,0.99128926,0.9957738,media,,,,
Google Shopping,1399247.25,posterior,0.99920446,0.99175906,0.99580455,media,,,,
Google Shopping,1399247.25,prior,0.99907064,0.99131393,0.99578565,media,,,,
Google Shopping,1403245.125,posterior,0.9992067,0.9917823,0.99581677,media,,,,
Google Shopping,1403245.125,prior,0.9990733,0.99133843,0.9957974,media,,,,
Google Shopping,1407243.0,posterior,0.999209,0.9918055,0.9958292,media,,,,
Google Shopping,1407243.0,prior,0.99907595,0.9913628,0.99580944,media,,,,
Google Shopping,1411240.875,posterior,0.99921125,0.9918285,0.995841,media,,,,
Google Shopping,1411240.875,prior,0.9990786,0.99138707,0.9958211,media,,,,
Google Shopping,1415238.75,posterior,0.99921346,0.9918514,0.99585295,media,,,,
Google Shopping,1415238.75,prior,0.99908113,0.9914112,0.99583274,media,,,,
Google Shopping,1419236.625,posterior,0.99921566,0.9918742,0.9958647,media,,,,
Google Shopping,1419236.625,prior,0.99908376,0.9914351,0.99584496,media,,,,
Google Shopping,1423234.375,posterior,0.99921787,0.99189687,0.99587554,media,,,,
Google Shopping,1423234.375,prior,0.9990863,0.99145895,0.9958564,media,,,,
Google Shopping,1427232.25,posterior,0.9992201,0.9919194,0.99588686,media,,,,
Google Shopping,1427232.25,prior,0.9990889,0.9914827,0.99586767,media,,,,
Google Shopping,1431230.0,posterior,0.9992222,0.9919417,0.995898,media,,,,
Google Shopping,1431230.0,prior,0.99909145,0.99150634,0.9958798,media,,,,
Google Shopping,1435227.875,posterior,0.99922436,0.991964,0.9959088,media,,,,
Google Shopping,1435227.875,prior,0.99909395,0.9915298,0.9958904,media,,,,
Google Shopping,1439225.75,posterior,0.9992265,0.9919861,0.9959205,media,,,,
Google Shopping,1439225.75,prior,0.99909645,0.9915531,0.99590206,media,,,,
Google Shopping,1443223.625,posterior,0.99922866,0.99200815,0.9959321,media,,,,
Google Shopping,1443223.625,prior,0.99909896,0.9915763,0.9959138,media,,,,
Google Shopping,1447221.5,posterior,0.9992308,0.99203,0.9959442,media,,,,
Google Shopping,1447221.5,prior,0.99910146,0.99159944,0.9959249,media,,,,
Google Shopping,1451219.375,posterior,0.9992329,0.99205184,0.99595493,media,,,,
Google Shopping,1451219.375,prior,0.9991039,0.9916224,0.9959356,media,,,,
Google Shopping,1455217.25,posterior,0.99923503,0.9920735,0.99596703,media,,,,
Google Shopping,1455217.25,prior,0.9991064,0.9916452,0.99594694,media,,,,
Google Shopping,1459215.0,posterior,0.9992371,0.99209505,0.9959762,media,,,,
Google Shopping,1459215.0,prior,0.99910885,0.9916679,0.99595857,media,,,,
Google Shopping,1463212.875,posterior,0.9992392,0.99211645,0.995987,media,,,,
Google Shopping,1463212.875,prior,0.99911124,0.99169046,0.99596906,media,,,,
Google Shopping,1467210.75,posterior,0.9992413,0.9921378,0.995998,media,,,,
Google Shopping,1467210.75,prior,0.9991137,0.9917129,0.9959798,media,,,,
Google Shopping,1471208.625,posterior,0.9992433,0.99215895,0.9960093,media,,,,
Google Shopping,1471208.625,prior,0.99911606,0.9917353,0.9959908,media,,,,
Google Shopping,1475206.5,posterior,0.99924535,0.99218005,0.99601984,media,,,,
Google Shopping,1475206.5,prior,0.9991185,0.99175745,0.9960009,media,,,,
Google Shopping,1479204.375,posterior,0.9992474,0.99220103,0.9960303,media,,,,
Google Shopping,1479204.375,prior,0.9991209,0.99177957,0.99601203,media,,,,
Google Shopping,1483202.125,posterior,0.9992494,0.9922219,0.9960413,media,,,,
Google Shopping,1483202.125,prior,0.9991232,0.99180156,0.9960233,media,,,,
Google Shopping,1487200.0,posterior,0.9992514,0.99224263,0.9960525,media,,,,
Google Shopping,1487200.0,prior,0.9991256,0.9918234,0.9960331,media,,,,
Google Shopping,1491197.875,posterior,0.9992534,0.99226326,0.99606204,media,,,,
Google Shopping,1491197.875,prior,0.9991279,0.99184513,0.99604404,media,,,,
Google Shopping,1495195.75,posterior,0.9992554,0.99228376,0.99607193,media,,,,
Google Shopping,1495195.75,prior,0.99913025,0.99186677,0.9960548,media,,,,
Google Shopping,1499193.625,posterior,0.9992574,0.9923042,0.996083,media,,,,
Google Shopping,1499193.625,prior,0.9991326,0.9918883,0.9960654,media,,,,
Google Shopping,1503191.5,posterior,0.99925935,0.99232453,0.99609315,media,,,,
Google Shopping,1503191.5,prior,0.9991349,0.9919097,0.996076,media,,,,
Google Shopping,1507189.375,posterior,0.9992613,0.99234474,0.9961028,media,,,,
Google Shopping,1507189.375,prior,0.99913716,0.99193096,0.99608606,media,,,,
Google Shopping,1511187.0,posterior,0.9992633,0.9923648,0.9961133,media,,,,
Google Shopping,1511187.0,prior,0.9991394,0.9919521,0.9960961,media,,,,
Google Shopping,1515184.875,posterior,0.99926525,0.9923848,0.99612415,media,,,,
Google Shopping,1515184.875,prior,0.99914175,0.9919732,0.99610645,media,,,,
Google Shopping,1519182.75,posterior,0.99926716,0.9924047,0.99613434,media,,,,
Google Shopping,1519182.75,prior,0.99914396,0.9919942,0.9961166,media,,,,
Google Shopping,1523180.625,posterior,0.99926907,0.9924245,0.996144,media,,,,
Google Shopping,1523180.625,prior,0.9991462,0.992015,0.99612683,media,,,,
Google Shopping,1527178.375,posterior,0.999271,0.99244416,0.9961545,media,,,,
Google Shopping,1527178.375,prior,0.9991485,0.99203575,0.99613667,media,,,,
Google Shopping,1531176.25,posterior,0.9992729,0.99246377,0.9961644,media,,,,
Google Shopping,1531176.25,prior,0.9991507,0.99205637,0.9961473,media,,,,
Google Shopping,1535174.125,posterior,0.9992748,0.9924832,0.99617434,media,,,,
Google Shopping,1535174.125,prior,0.9991529,0.9920769,0.9961573,media,,,,
Google Shopping,1539172.0,posterior,0.9992767,0.99250257,0.9961846,media,,,,
Google Shopping,1539172.0,prior,0.9991551,0.9920973,0.9961664,media,,,,
Google Shopping,1543169.875,posterior,0.99927855,0.9925219,0.996194,media,,,,
Google Shopping,1543169.875,prior,0.99915725,0.99211764,0.9961772,media,,,,
Google Shopping,1547167.75,posterior,0.9992804,0.9925411,0.9962036,media,,,,
Google Shopping,1547167.75,prior,0.99915946,0.99213785,0.9961868,media,,,,
Google Shopping,1551165.625,posterior,0.9992823,0.99256015,0.99621373,media,,,,
Google Shopping,1551165.625,prior,0.9991616,0.99215794,0.9961963,media,,,,
Google Shopping,1555163.375,posterior,0.99928415,0.9925791,0.9962232,media,,,,
Google Shopping,1555163.375,prior,0.99916375,0.9921779,0.9962057,media,,,,
Google Shopping,1559161.25,posterior,0.99928594,0.992598,0.99623215,media,,,,
Google Shopping,1559161.25,prior,0.9991659,0.9921978,0.9962159,media,,,,
Google Shopping,1563159.125,posterior,0.9992878,0.9926168,0.99624276,media,,,,
Google Shopping,1563159.125,prior,0.99916804,0.9922176,0.9962257,media,,,,
Google Shopping,1567157.0,posterior,0.9992896,0.9926355,0.9962528,media,,,,
Google Shopping,1567157.0,prior,0.9991702,0.9922373,0.9962352,media,,,,
Google Shopping,1571154.875,posterior,0.9992914,0.9926541,0.99626166,media,,,,
Google Shopping,1571154.875,prior,0.9991723,0.99225694,0.99624395,media,,,,
Google Shopping,1575152.75,posterior,0.9992932,0.9926726,0.9962709,media,,,,
Google Shopping,1575152.75,prior,0.99917436,0.99227643,0.9962543,media,,,,
Google Shopping,1579150.625,posterior,0.999295,0.99269104,0.9962799,media,,,,
Google Shopping,1579150.625,prior,0.99917644,0.9922958,0.99626386,media,,,,
Google Shopping,1583148.375,posterior,0.9992968,0.99270934,0.99628997,media,,,,
Google Shopping,1583148.375,prior,0.9991785,0.9923152,0.9962725,media,,,,
Google Shopping,1587146.25,posterior,0.9992986,0.9927276,0.9962992,media,,,,
Google Shopping,1587146.25,prior,0.9991806,0.99233437,0.9962819,media,,,,
Google Shopping,1591144.125,posterior,0.9993003,0.9927457,0.99630874,media,,,,
Google Shopping,1591144.125,prior,0.99918264,0.9923535,0.9962914,media,,,,
Google Shopping,1595142.0,posterior,0.9993021,0.99276376,0.99631816,media,,,,
Google Shopping,1595142.0,prior,0.9991847,0.9923725,0.9963,media,,,,
Google Shopping,1599139.875,posterior,0.9993038,0.9927817,0.99632734,media,,,,
Google Shopping,1599139.875,prior,0.99918675,0.9923914,0.9963098,media,,,,
Google Shopping,1603137.75,posterior,0.99930555,0.9927996,0.9963362,media,,,,
Google Shopping,1603137.75,prior,0.9991888,0.99241024,0.9963196,media,,,,
Google Shopping,1607135.625,posterior,0.9993073,0.99281734,0.9963451,media,,,,
Google Shopping,1607135.625,prior,0.9991908,0.99242896,0.9963284,media,,,,
Google Shopping,1611133.25,posterior,0.999309,0.99283504,0.9963527,media,,,,
Google Shopping,1611133.25,prior,0.9991928,0.9924476,0.9963373,media,,,,
Google Shopping,1615131.125,posterior,0.9993107,0.9928527,0.9963623,media,,,,
Google Shopping,1615131.125,prior,0.9991948,0.99246615,0.9963459,media,,,,
Google Shopping,1619129.0,posterior,0.9993124,0.9928702,0.99637175,media,,,,
Google Shopping,1619129.0,prior,0.99919677,0.9924846,0.99635535,media,,,,
Google Shopping,1623126.875,posterior,0.99931407,0.9928876,0.9963806,media,,,,
Google Shopping,1623126.875,prior,0.99919873,0.992503,0.9963639,media,,,,
Google Shopping,1627124.625,posterior,0.9993158,0.99290496,0.9963904,media,,,,
Google Shopping,1627124.625,prior,0.9992007,0.9925213,0.9963729,media,,,,
Google Shopping,1631122.5,posterior,0.99931747,0.99292225,0.9963995,media,,,,
Google Shopping,1631122.5,prior,0.99920267,0.99253947,0.9963823,media,,,,
Google Shopping,1635120.375,posterior,0.99931914,0.9929394,0.9964085,media,,,,
Google Shopping,1635120.375,prior,0.99920464,0.9925576,0.9963908,media,,,,
Google Shopping,1639118.25,posterior,0.9993208,0.9929565,0.99641585,media,,,,
Google Shopping,1639118.25,prior,0.99920654,0.9925756,0.99639946,media,,,,
Google Shopping,1643116.125,posterior,0.9993224,0.99297357,0.99642366,media,,,,
Google Shopping,1643116.125,prior,0.9992085,0.9925935,0.99640834,media,,,,
Google Shopping,1647114.0,posterior,0.9993241,0.9929905,0.9964332,media,,,,
Google Shopping,1647114.0,prior,0.9992104,0.99261135,0.996417,media,,,,
Google Shopping,1651111.875,posterior,0.9993257,0.99300736,0.9964419,media,,,,
Google Shopping,1651111.875,prior,0.9992123,0.9926291,0.99642533,media,,,,
Google Shopping,1655109.625,posterior,0.99932736,0.9930241,0.9964498,media,,,,
Google Shopping,1655109.625,prior,0.99921423,0.99264675,0.9964342,media,,,,
Google Shopping,1659107.5,posterior,0.999329,0.9930408,0.9964583,media,,,,
Google Shopping,1659107.5,prior,0.99921614,0.9926644,0.9964425,media,,,,
Google Shopping,1663105.375,posterior,0.9993306,0.9930574,0.9964673,media,,,,
Google Shopping,1663105.375,prior,0.999218,0.9926819,0.9964517,media,,,,
Google Shopping,1667103.25,posterior,0.9993322,0.993074,0.9964752,media,,,,
Google Shopping,1667103.25,prior,0.9992199,0.9926993,0.99645925,media,,,,
Google Shopping,1671101.125,posterior,0.99933374,0.99309045,0.99648356,media,,,,
Google Shopping,1671101.125,prior,0.99922174,0.99271667,0.99646807,media,,,,
Google Shopping,1675099.0,posterior,0.9993353,0.99310684,0.99649334,media,,,,
Google Shopping,1675099.0,prior,0.9992236,0.99273396,0.99647665,media,,,,
Google Shopping,1679096.75,posterior,0.9993369,0.9931231,0.9965011,media,,,,
Google Shopping,1679096.75,prior,0.99922544,0.9927511,0.9964853,media,,,,
Google Shopping,1683094.625,posterior,0.99933845,0.9931393,0.9965097,media,,,,
Google Shopping,1683094.625,prior,0.9992273,0.9927682,0.9964936,media,,,,
Google Shopping,1687092.5,posterior,0.99934006,0.9931555,0.996518,media,,,,
Google Shopping,1687092.5,prior,0.99922913,0.9927852,0.9965011,media,,,,
Google Shopping,1691090.375,posterior,0.9993416,0.9931716,0.99652714,media,,,,
Google Shopping,1691090.375,prior,0.9992309,0.99280214,0.9965093,media,,,,
Google Shopping,1695088.25,posterior,0.99934316,0.99318755,0.9965342,media,,,,
Google Shopping,1695088.25,prior,0.99923277,0.992819,0.99651766,media,,,,
Google Shopping,1699086.125,posterior,0.9993447,0.99320346,0.99654204,media,,,,
Google Shopping,1699086.125,prior,0.99923456,0.99283576,0.9965258,media,,,,
Google Shopping,1703084.0,posterior,0.99934626,0.9932193,0.99654996,media,,,,
Google Shopping,1703084.0,prior,0.99923635,0.99285245,0.99653435,media,,,,
Google Shopping,1707081.625,posterior,0.99934775,0.9932351,0.9965572,media,,,,
Google Shopping,1707081.625,prior,0.99923813,0.9928691,0.99654216,media,,,,
Google Shopping,1711079.5,posterior,0.9993493,0.9932508,0.9965654,media,,,,
Google Shopping,1711079.5,prior,0.9992399,0.9928856,0.9965504,media,,,,
Google Shopping,1715077.375,posterior,0.9993508,0.9932664,0.9965734,media,,,,
Google Shopping,1715077.375,prior,0.9992417,0.9929021,0.9965582,media,,,,
Google Shopping,1719075.25,posterior,0.99935234,0.99328196,0.9965814,media,,,,
Google Shopping,1719075.25,prior,0.99924344,0.9929185,0.9965658,media,,,,
Google Shopping,1723073.0,posterior,0.9993538,0.99329746,0.996589,media,,,,
Google Shopping,1723073.0,prior,0.9992452,0.99293476,0.99657387,media,,,,
Google Shopping,1727070.875,posterior,0.9993553,0.9933129,0.9965972,media,,,,
Google Shopping,1727070.875,prior,0.99924695,0.99295104,0.9965822,media,,,,
Google Shopping,1731068.75,posterior,0.9993568,0.9933282,0.9966045,media,,,,
Google Shopping,1731068.75,prior,0.9992487,0.9929672,0.9965896,media,,,,
Google Shopping,1735066.625,posterior,0.9993583,0.9933435,0.9966129,media,,,,
Google Shopping,1735066.625,prior,0.9992504,0.9929833,0.99659777,media,,,,
Google Shopping,1739064.5,posterior,0.9993598,0.9933587,0.9966213,media,,,,
Google Shopping,1739064.5,prior,0.99925214,0.99299926,0.9966053,media,,,,
Google Shopping,1743062.375,posterior,0.9993612,0.9933738,0.996629,media,,,,
Google Shopping,1743062.375,prior,0.99925387,0.9930152,0.9966129,media,,,,
Google Shopping,1747060.25,posterior,0.9993627,0.9933889,0.9966368,media,,,,
Google Shopping,1747060.25,prior,0.99925554,0.99303114,0.9966209,media,,,,
Google Shopping,1751058.0,posterior,0.99936414,0.99340385,0.99664325,media,,,,
Google Shopping,1751058.0,prior,0.99925727,0.99304694,0.9966284,media,,,,
Google Shopping,1755055.875,posterior,0.99936557,0.9934188,0.99665076,media,,,,
Google Shopping,1755055.875,prior,0.99925894,0.9930627,0.9966363,media,,,,
Google Shopping,1759053.75,posterior,0.99936706,0.99343365,0.99665886,media,,,,
Google Shopping,1759053.75,prior,0.9992606,0.99307835,0.9966436,media,,,,
Google Shopping,1763051.625,posterior,0.9993685,0.99344844,0.9966666,media,,,,
Google Shopping,1763051.625,prior,0.99926233,0.9930939,0.9966517,media,,,,
Google Shopping,1767049.5,posterior,0.9993699,0.99346316,0.9966737,media,,,,
Google Shopping,1767049.5,prior,0.999264,0.9931094,0.996659,media,,,,
Google Shopping,1771047.375,posterior,0.99937135,0.9934778,0.99668133,media,,,,
Google Shopping,1771047.375,prior,0.9992656,0.9931249,0.9966673,media,,,,
Google Shopping,1775045.25,posterior,0.9993727,0.9934924,0.99668944,media,,,,
Google Shopping,1775045.25,prior,0.9992673,0.9931402,0.9966738,media,,,,
Google Shopping,1779043.0,posterior,0.99937415,0.99350697,0.99669623,media,,,,
Google Shopping,1779043.0,prior,0.99926895,0.99315554,0.99668145,media,,,,
Google Shopping,1783040.875,posterior,0.9993756,0.99352145,0.9967037,media,,,,
Google Shopping,1783040.875,prior,0.99927056,0.9931708,0.996689,media,,,,
Google Shopping,1787038.75,posterior,0.99937695,0.9935358,0.99670994,media,,,,
Google Shopping,1787038.75,prior,0.9992722,0.99318594,0.9966962,media,,,,
Google Shopping,1791036.625,posterior,0.9993783,0.9935502,0.99671847,media,,,,
Google Shopping,1791036.625,prior,0.99927384,0.9932011,0.9967039,media,,,,
Google Shopping,1795034.5,posterior,0.99937975,0.9935644,0.996725,media,,,,
Google Shopping,1795034.5,prior,0.99927545,0.9932161,0.9967111,media,,,,
Google Shopping,1799032.375,posterior,0.9993811,0.9935787,0.99673253,media,,,,
Google Shopping,1799032.375,prior,0.99927706,0.99323106,0.99671793,media,,,,
Google Shopping,1803030.25,posterior,0.9993825,0.9935928,0.99674,media,,,,
Google Shopping,1803030.25,prior,0.99927866,0.99324596,0.9967258,media,,,,
Google Shopping,1807027.875,posterior,0.99938387,0.99360687,0.99674594,media,,,,
Google Shopping,1807027.875,prior,0.9992803,0.9932608,0.9967321,media,,,,
Google Shopping,1811025.75,posterior,0.9993852,0.9936209,0.99675286,media,,,,
Google Shopping,1811025.75,prior,0.9992818,0.9932756,0.9967398,media,,,,
Google Shopping,1815023.625,posterior,0.99938655,0.9936349,0.99675995,media,,,,
Google Shopping,1815023.625,prior,0.99928343,0.9932903,0.9967461,media,,,,
Google Shopping,1819021.5,posterior,0.9993879,0.99364877,0.99676746,media,,,,
Google Shopping,1819021.5,prior,0.999285,0.99330497,0.996754,media,,,,
Google Shopping,1823019.25,posterior,0.99938923,0.9936626,0.9967751,media,,,,
Google Shopping,1823019.25,prior,0.99928653,0.9933195,0.99676126,media,,,,
Google Shopping,1827017.125,posterior,0.9993906,0.99367636,0.99678206,media,,,,
Google Shopping,1827017.125,prior,0.99928814,0.99333405,0.99676824,media,,,,
Google Shopping,1831015.0,posterior,0.9993919,0.9936901,0.9967901,media,,,,
Google Shopping,1831015.0,prior,0.9992897,0.9933485,0.99677503,media,,,,
Google Shopping,1835012.875,posterior,0.9993932,0.9937038,0.99679774,media,,,,
Google Shopping,1835012.875,prior,0.99929124,0.9933629,0.9967827,media,,,,
Google Shopping,1839010.75,posterior,0.99939454,0.9937174,0.99680513,media,,,,
Google Shopping,1839010.75,prior,0.99929273,0.9933772,0.9967895,media,,,,
Google Shopping,1843008.625,posterior,0.99939585,0.9937309,0.9968121,media,,,,
Google Shopping,1843008.625,prior,0.9992943,0.9933915,0.996796,media,,,,
Google Shopping,1847006.5,posterior,0.99939716,0.9937444,0.9968192,media,,,,
Google Shopping,1847006.5,prior,0.99929583,0.99340576,0.9968032,media,,,,
Google Shopping,1851004.25,posterior,0.99939847,0.9937578,0.9968258,media,,,,
Google Shopping,1851004.25,prior,0.9992973,0.9934199,0.9968097,media,,,,
Google Shopping,1855002.125,posterior,0.9993998,0.9937712,0.99683243,media,,,,
Google Shopping,1855002.125,prior,0.9992989,0.993434,0.9968163,media,,,,
Google Shopping,1859000.0,posterior,0.9994011,0.9937845,0.9968385,media,,,,
Google Shopping,1859000.0,prior,0.99930036,0.993448,0.99682385,media,,,,
Google Shopping,1862997.875,posterior,0.99940234,0.9937977,0.9968449,media,,,,
Google Shopping,1862997.875,prior,0.99930185,0.99346197,0.9968309,media,,,,
Google Shopping,1866995.75,posterior,0.99940366,0.99381095,0.996851,media,,,,
Google Shopping,1866995.75,prior,0.99930334,0.9934759,0.9968373,media,,,,
Google Shopping,1870993.625,posterior,0.9994049,0.99382406,0.9968574,media,,,,
Google Shopping,1870993.625,prior,0.99930483,0.99348974,0.99684364,media,,,,
Google Shopping,1874991.375,posterior,0.99940616,0.9938372,0.99686426,media,,,,
Google Shopping,1874991.375,prior,0.9993063,0.9935035,0.9968508,media,,,,
Google Shopping,1878989.25,posterior,0.9994075,0.99385023,0.99687135,media,,,,
Google Shopping,1878989.25,prior,0.9993078,0.9935173,0.9968572,media,,,,
Google Shopping,1882987.125,posterior,0.9994087,0.99386317,0.9968785,media,,,,
Google Shopping,1882987.125,prior,0.99930924,0.9935309,0.9968637,media,,,,
Google Shopping,1886985.0,posterior,0.99941,0.9938761,0.99688524,media,,,,
Google Shopping,1886985.0,prior,0.99931073,0.9935446,0.9968705,media,,,,
Google Shopping,1890982.875,posterior,0.9994112,0.993889,0.99689186,media,,,,
Google Shopping,1890982.875,prior,0.99931216,0.9935581,0.9968766,media,,,,
Google Shopping,1894980.75,posterior,0.9994124,0.9939018,0.9968989,media,,,,
Google Shopping,1894980.75,prior,0.99931365,0.9935716,0.9968841,media,,,,
Google Shopping,1898978.625,posterior,0.99941367,0.99391454,0.9969053,media,,,,
Google Shopping,1898978.625,prior,0.9993151,0.99358505,0.9968899,media,,,,
Google Shopping,1902976.25,posterior,0.9994149,0.99392724,0.9969114,media,,,,
Google Shopping,1902976.25,prior,0.9993165,0.99359846,0.9968968,media,,,,
Google Shopping,1906974.125,posterior,0.9994161,0.99393994,0.99691767,media,,,,
Google Shopping,1906974.125,prior,0.99931794,0.99361175,0.99690306,media,,,,
Google Shopping,1910972.0,posterior,0.99941736,0.9939525,0.996924,media,,,,
Google Shopping,1910972.0,prior,0.9993194,0.99362504,0.99691,media,,,,
Google Shopping,1914969.875,posterior,0.99941856,0.9939651,0.99693084,media,,,,
Google Shopping,1914969.875,prior,0.9993208,0.9936383,0.996916,media,,,,
Google Shopping,1918967.625,posterior,0.9994198,0.99397755,0.9969372,media,,,,
Google Shopping,1918967.625,prior,0.99932224,0.99365145,0.9969226,media,,,,
Google Shopping,1922965.5,posterior,0.999421,0.99399,0.9969428,media,,,,
Google Shopping,1922965.5,prior,0.9993236,0.99366456,0.9969284,media,,,,
Google Shopping,1926963.375,posterior,0.9994222,0.9940024,0.99694926,media,,,,
Google Shopping,1926963.375,prior,0.99932504,0.9936776,0.99693435,media,,,,
Google Shopping,1930961.25,posterior,0.9994233,0.99401474,0.9969554,media,,,,
Google Shopping,1930961.25,prior,0.9993264,0.9936906,0.9969419,media,,,,
Google Shopping,1934959.125,posterior,0.9994245,0.994027,0.99696195,media,,,,
Google Shopping,1934959.125,prior,0.9993278,0.99370354,0.99694806,media,,,,
Google Shopping,1938957.0,posterior,0.9994257,0.9940393,0.99696857,media,,,,
Google Shopping,1938957.0,prior,0.9993292,0.9937165,0.9969543,media,,,,
Google Shopping,1942954.875,posterior,0.9994269,0.99405146,0.99697435,media,,,,
Google Shopping,1942954.875,prior,0.9993306,0.9937293,0.99696046,media,,,,
Google Shopping,1946952.625,posterior,0.9994281,0.9940636,0.9969807,media,,,,
Google Shopping,1946952.625,prior,0.99933195,0.9937421,0.9969665,media,,,,
Google Shopping,1950950.5,posterior,0.9994292,0.9940757,0.99698704,media,,,,
Google Shopping,1950950.5,prior,0.9993333,0.99375486,0.9969728,media,,,,
Google Shopping,1954948.375,posterior,0.9994304,0.99408776,0.9969925,media,,,,
Google Shopping,1954948.375,prior,0.9993347,0.9937676,0.99697906,media,,,,
Google Shopping,1958946.25,posterior,0.99943155,0.99409974,0.9969979,media,,,,
Google Shopping,1958946.25,prior,0.999336,0.99378026,0.9969847,media,,,,
Google Shopping,1962944.125,posterior,0.99943274,0.99411166,0.99700356,media,,,,
Google Shopping,1962944.125,prior,0.9993374,0.99379283,0.9969912,media,,,,
Google Shopping,1966942.0,posterior,0.9994339,0.9941236,0.9970103,media,,,,
Google Shopping,1966942.0,prior,0.99933875,0.99380535,0.9969971,media,,,,
Google Shopping,1970939.875,posterior,0.999435,0.99413544,0.99701715,media,,,,
Google Shopping,1970939.875,prior,0.99934006,0.99381787,0.9970035,media,,,,
Google Shopping,1974937.625,posterior,0.9994362,0.99414724,0.99702287,media,,,,
Google Shopping,1974937.625,prior,0.9993414,0.99383026,0.9970093,media,,,,
Google Shopping,1978935.5,posterior,0.99943733,0.994159,0.99702924,media,,,,
Google Shopping,1978935.5,prior,0.99934274,0.99384266,0.99701464,media,,,,
Google Shopping,1982933.375,posterior,0.99943846,0.99417067,0.9970349,media,,,,
Google Shopping,1982933.375,prior,0.99934405,0.993855,0.99702084,media,,,,
Google Shopping,1986931.25,posterior,0.9994396,0.99418235,0.9970412,media,,,,
Google Shopping,1986931.25,prior,0.99934536,0.9938673,0.99702716,media,,,,
Google Shopping,1990929.125,posterior,0.9994407,0.994194,0.9970474,media,,,,
Google Shopping,1990929.125,prior,0.9993467,0.9938795,0.99703294,media,,,,
Google Shopping,1994927.0,posterior,0.9994418,0.99420553,0.997054,media,,,,
Google Shopping,1994927.0,prior,0.999348,0.9938917,0.99703914,media,,,,
Google PMAX,0.0,posterior,0.0,0.0,0.0,media,,,,
Google PMAX,0.0,prior,0.0,0.0,0.0,media,,,,
Google PMAX,201.1663360595703,posterior,0.029074103,0.0023834717,0.009704259,media,,,,
Google PMAX,201.1663360595703,prior,0.023571555,0.002225359,0.006954106,media,,,,
Google PMAX,402.3326721191406,posterior,0.056505363,0.0047556083,0.01907857,media,,,,
Google PMAX,402.3326721191406,prior,0.046057325,0.0044408357,0.013715665,media,,,,
Google PMAX,603.4990234375,posterior,0.08242919,0.007116491,0.028146423,media,,,,
Google PMAX,603.4990234375,prior,0.06753065,0.0066464953,0.020298265,media,,,,
Google PMAX,804.6653442382812,posterior,0.10696655,0.009466199,0.0369286,media,,,,
Google PMAX,804.6653442382812,prior,0.08805841,0.008842403,0.026713947,media,,,,
Google PMAX,1005.8317260742188,posterior,0.13022573,0.011804813,0.045443833,media,,,,
Google PMAX,1005.8317260742188,prior,0.107701726,0.011028624,0.032973327,media,,,,
Google PMAX,1206.998046875,posterior,0.15230408,0.014132408,0.053708762,media,,,,
Google PMAX,1206.998046875,prior,0.12651655,0.013205222,0.039086014,media,,,,
Google PMAX,1408.1644287109375,posterior,0.17328933,0.016449066,0.06173864,media,,,,
Google PMAX,1408.1644287109375,prior,0.14455426,0.015372262,0.04506045,media,,,,
Google PMAX,1609.3306884765625,posterior,0.19326065,0.01875486,0.069547296,media,,,,
Google PMAX,1609.3306884765625,prior,0.16186196,0.017529802,0.050904393,media,,,,
Google PMAX,1810.4969482421875,posterior,0.21228983,0.021049868,0.07714697,media,,,,
Google PMAX,1810.4969482421875,prior,0.17848314,0.01967791,0.056624845,media,,,,
Google PMAX,2011.6634521484375,posterior,0.23044199,0.023334168,0.08454916,media,,,,
Google PMAX,2011.6634521484375,prior,0.19445787,0.021816643,0.062228095,media,,,,
Google PMAX,2212.829833984375,posterior,0.24777637,0.02560783,0.091764376,media,,,,
Google PMAX,2212.829833984375,prior,0.20982312,0.023946064,0.06771992,media,,,,
Google PMAX,2413.99609375,posterior,0.26434702,0.027870934,0.09880201,media,,,,
Google PMAX,2413.99609375,prior,0.22461309,0.026066234,0.073105596,media,,,,
Google PMAX,2615.162353515625,posterior,0.28020337,0.030123549,0.10567104,media,,,,
Google PMAX,2615.162353515625,prior,0.23885958,0.028177215,0.078390166,media,,,,
Google PMAX,2816.328857421875,posterior,0.29539064,0.032365747,0.11237939,media,,,,
Google PMAX,2816.328857421875,prior,0.25259194,0.030279065,0.083577804,media,,,,
Google PMAX,3017.4951171875,posterior,0.3099502,0.0345976,0.11893475,media,,,,
Google PMAX,3017.4951171875,prior,0.26583752,0.03237184,0.08867287,media,,,,
Google PMAX,3218.661376953125,posterior,0.32392028,0.036819182,0.12534414,media,,,,
Google PMAX,3218.661376953125,prior,0.2786218,0.0344556,0.0936791,media,,,,
Google PMAX,3419.82763671875,posterior,0.3373359,0.039030563,0.13161382,media,,,,
Google PMAX,3419.82763671875,prior,0.29096842,0.03653041,0.09860016,media,,,,
Google PMAX,3620.993896484375,posterior,0.3502295,0.041231815,0.13775003,media,,,,
Google PMAX,3620.993896484375,prior,0.30289948,0.03859632,0.103439264,media,,,,
Google PMAX,3822.16064453125,posterior,0.3626309,0.043423004,0.14375836,media,,,,
Google PMAX,3822.16064453125,prior,0.31443563,0.040653393,0.1081994,media,,,,
Google PMAX,4023.326904296875,posterior,0.37456784,0.0456042,0.14964403,media,,,,
Google PMAX,4023.326904296875,prior,0.32559615,0.04270168,0.112883694,media,,,,
Google PMAX,4224.4931640625,posterior,0.3860658,0.047775473,0.1554119,media,,,,
Google PMAX,4224.4931640625,prior,0.33639914,0.044741232,0.11749473,media,,,,
Google PMAX,4425.65966796875,posterior,0.39714873,0.049936883,0.16106634,media,,,,
Google PMAX,4425.65966796875,prior,0.34686142,0.04677212,0.12203498,media,,,,
Google PMAX,4626.82568359375,posterior,0.4078385,0.052088514,0.16661255,media,,,,
Google PMAX,4626.82568359375,prior,0.3569989,0.048794385,0.12650695,media,,,,
Google PMAX,4827.9921875,posterior,0.41815582,0.054230414,0.17205374,media,,,,
Google PMAX,4827.9921875,prior,0.3668265,0.05080809,0.13091277,media,,,,
Google PMAX,5029.15869140625,posterior,0.42811984,0.05636266,0.17739405,media,,,,
Google PMAX,5029.15869140625,prior,0.37635824,0.05281329,0.13525483,media,,,,
Google PMAX,5230.32470703125,posterior,0.43774822,0.058485307,0.18263724,media,,,,
Google PMAX,5230.32470703125,prior,0.38560718,0.054810032,0.13953476,media,,,,
Google PMAX,5431.4912109375,posterior,0.44705784,0.06059843,0.18778649,media,,,,
Google PMAX,5431.4912109375,prior,0.3945858,0.056798376,0.14375477,media,,,,
Google PMAX,5632.65771484375,posterior,0.4560642,0.06270209,0.19284521,media,,,,
Google PMAX,5632.65771484375,prior,0.4033058,0.05877837,0.1479163,media,,,,
Google PMAX,5833.82373046875,posterior,0.46478176,0.06479634,0.19781631,media,,,,
Google PMAX,5833.82373046875,prior,0.41177806,0.060750075,0.15202145,media,,,,
Google PMAX,6034.990234375,posterior,0.4732244,0.06688126,0.20270291,media,,,,
Google PMAX,6034.990234375,prior,0.4200132,0.062713526,0.15607162,media,,,,
Google PMAX,6236.15625,posterior,0.48140478,0.068956904,0.20750767,media,,,,
Google PMAX,6236.15625,prior,0.42802086,0.06466879,0.16006838,media,,,,
Google PMAX,6437.32275390625,posterior,0.489335,0.07102334,0.21223296,media,,,,
Google PMAX,6437.32275390625,prior,0.43581042,0.06661592,0.16401307,media,,,,
Google PMAX,6638.4892578125,posterior,0.49702638,0.073080614,0.21688151,media,,,,
Google PMAX,6638.4892578125,prior,0.4433907,0.06855495,0.16790754,media,,,,
Google PMAX,6839.6552734375,posterior,0.5044894,0.07512881,0.22145562,media,,,,
Google PMAX,6839.6552734375,prior,0.4507699,0.07048594,0.1717526,media,,,,
Google PMAX,7040.822265625,posterior,0.5117343,0.077167965,0.22595748,media,,,,
Google PMAX,7040.822265625,prior,0.45795605,0.072408944,0.17554966,media,,,,
Google PMAX,7241.98779296875,posterior,0.5187704,0.079198144,0.23039006,media,,,,
Google PMAX,7241.98779296875,prior,0.46495658,0.074324004,0.17930014,media,,,,
Google PMAX,7443.15478515625,posterior,0.5256065,0.08121941,0.23475377,media,,,,
Google PMAX,7443.15478515625,prior,0.47177857,0.07623118,0.18300498,media,,,,
Google PMAX,7644.3212890625,posterior,0.5322511,0.08323183,0.23905197,media,,,,
Google PMAX,7644.3212890625,prior,0.47842875,0.07813051,0.18666556,media,,,,
Google PMAX,7845.4873046875,posterior,0.5387122,0.08523545,0.24328595,media,,,,
Google PMAX,7845.4873046875,prior,0.48491362,0.080022044,0.1902825,media,,,,
Google PMAX,8046.65380859375,posterior,0.5449972,0.08723033,0.24745736,media,,,,
Google PMAX,8046.65380859375,prior,0.49123913,0.08190583,0.19385731,media,,,,
Google PMAX,8247.8193359375,posterior,0.55111325,0.08921652,0.2515682,media,,,,
Google PMAX,8247.8193359375,prior,0.49741122,0.08378193,0.19739087,media,,,,
Google PMAX,8448.986328125,posterior,0.5570671,0.09119409,0.25562,media,,,,
Google PMAX,8448.986328125,prior,0.5034353,0.08565036,0.20088379,media,,,,
Google PMAX,8650.1533203125,posterior,0.562865,0.0931631,0.25961444,media,,,,
Google PMAX,8650.1533203125,prior,0.5093167,0.0875112,0.20433724,media,,,,
Google PMAX,8851.3193359375,posterior,0.56851315,0.09512359,0.2635532,media,,,,
Google PMAX,8851.3193359375,prior,0.5150604,0.08936447,0.20775211,media,,,,
Google PMAX,9052.4853515625,posterior,0.57401717,0.09707562,0.26743728,media,,,,
Google PMAX,9052.4853515625,prior,0.52067125,0.09121024,0.2111292,media,,,,
Google PMAX,9253.6513671875,posterior,0.5793825,0.09901925,0.27126798,media,,,,
Google PMAX,9253.6513671875,prior,0.5261536,0.09304852,0.21446957,media,,,,
Google PMAX,9454.818359375,posterior,0.58461446,0.10095453,0.2750474,media,,,,
Google PMAX,9454.818359375,prior,0.5315121,0.094879396,0.21777362,media,,,,
Google PMAX,9655.984375,posterior,0.58971775,0.102881506,0.27877602,media,,,,
Google PMAX,9655.984375,prior,0.5367507,0.09670289,0.22104219,media,,,,
Google PMAX,9857.150390625,posterior,0.5946972,0.104800254,0.28245595,media,,,,
Google PMAX,9857.150390625,prior,0.5418734,0.09851906,0.22427623,media,,,,
Google PMAX,10058.3173828125,posterior,0.5995573,0.10671081,0.28608742,media,,,,
Google PMAX,10058.3173828125,prior,0.5468841,0.10032793,0.22747624,media,,,,
Google PMAX,10259.4833984375,posterior,0.60430217,0.10861321,0.28967184,media,,,,
Google PMAX,10259.4833984375,prior,0.55178636,0.10212957,0.23064294,media,,,,
Google PMAX,10460.6494140625,posterior,0.6089359,0.11050754,0.2932109,media,,,,
Google PMAX,10460.6494140625,prior,0.55658364,0.10392399,0.23377685,media,,,,
Google PMAX,10661.81640625,posterior,0.6134623,0.112393826,0.29670495,media,,,,
Google PMAX,10661.81640625,prior,0.56127936,0.10571127,0.23687908,media,,,,
Google PMAX,10862.982421875,posterior,0.61788523,0.11427213,0.30015498,media,,,,
Google PMAX,10862.982421875,prior,0.5658766,0.10749142,0.2399497,media,,,,
Google PMAX,11064.1484375,posterior,0.62220806,0.116142504,0.30356324,media,,,,
Google PMAX,11064.1484375,prior,0.5703786,0.10926449,0.24298967,media,,,,
Google PMAX,11265.3154296875,posterior,0.62643415,0.118005,0.3069292,media,,,,
Google PMAX,11265.3154296875,prior,0.5747881,0.111030556,0.24599941,media,,,,
Google PMAX,11466.4814453125,posterior,0.6305668,0.11985967,0.31025425,media,,,,
Google PMAX,11466.4814453125,prior,0.579108,0.11278961,0.24897948,media,,,,
Google PMAX,11667.6474609375,posterior,0.6346089,0.121706545,0.3135396,media,,,,
Google PMAX,11667.6474609375,prior,0.583341,0.11454172,0.25193053,media,,,,
Google PMAX,11868.814453125,posterior,0.63856363,0.12354569,0.31678557,media,,,,
Google PMAX,11868.814453125,prior,0.5874898,0.11628693,0.25485307,media,,,,
Google PMAX,12069.98046875,posterior,0.6424336,0.12537715,0.31999317,media,,,,
Google PMAX,12069.98046875,prior,0.59155667,0.118025266,0.2577475,media,,,,
Google PMAX,12271.146484375,posterior,0.6462216,0.12720096,0.3231639,media,,,,
Google PMAX,12271.146484375,prior,0.5955442,0.11975678,0.26061442,media,,,,
Google PMAX,12472.3125,posterior,0.6499301,0.12901719,0.32629785,media,,,,
Google PMAX,12472.3125,prior,0.59945464,0.12148151,0.26345408,media,,,,
Google PMAX,12673.4794921875,posterior,0.6535617,0.13082588,0.3293956,media,,,,
Google PMAX,12673.4794921875,prior,0.60329014,0.1231995,0.26626745,media,,,,
Google PMAX,12874.6455078125,posterior,0.6571188,0.13262704,0.33245844,media,,,,
Google PMAX,12874.6455078125,prior,0.60705286,0.12491079,0.26905447,media,,,,
Google PMAX,13075.8115234375,posterior,0.6606035,0.13442078,0.335487,media,,,,
Google PMAX,13075.8115234375,prior,0.6107449,0.12661539,0.2718161,media,,,,
Google PMAX,13276.978515625,posterior,0.66401815,0.13620712,0.33848146,media,,,,
Google PMAX,13276.978515625,prior,0.61436826,0.12831338,0.27455226,media,,,,
Google PMAX,13478.14453125,posterior,0.6673648,0.1379861,0.3414429,media,,,,
Google PMAX,13478.14453125,prior,0.61792463,0.13000478,0.27726352,media,,,,
Google PMAX,13679.310546875,posterior,0.67064536,0.13975775,0.3443718,media,,,,
Google PMAX,13679.310546875,prior,0.62141615,0.13168961,0.2799506,media,,,,
Google PMAX,13880.4765625,posterior,0.6738619,0.14152215,0.347269,media,,,,
Google PMAX,13880.4765625,prior,0.62484443,0.13336794,0.28261325,media,,,,
Google PMAX,14081.64453125,posterior,0.67701614,0.14327934,0.3501347,media,,,,
Google PMAX,14081.64453125,prior,0.62821114,0.13503979,0.28525272,media,,,,
Google PMAX,14282.8095703125,posterior,0.68011004,0.14502932,0.35297087,media,,,,
Google PMAX,14282.8095703125,prior,0.63151795,0.13670522,0.28786862,media,,,,
Google PMAX,14483.9755859375,posterior,0.6831453,0.14677218,0.35577625,media,,,,
Google PMAX,14483.9755859375,prior,0.6347664,0.13836421,0.29046208,media,,,,
Google PMAX,14685.1435546875,posterior,0.6861233,0.14850797,0.35855213,media,,,,
Google PMAX,14685.1435546875,prior,0.6379581,0.14001688,0.2930326,media,,,,
Google PMAX,14886.3095703125,posterior,0.68904597,0.15023667,0.361299,media,,,,
Google PMAX,14886.3095703125,prior,0.64109457,0.14166322,0.29558104,media,,,,
Google PMAX,15087.4755859375,posterior,0.6919146,0.15195838,0.3640179,media,,,,
Google PMAX,15087.4755859375,prior,0.6441772,0.14330323,0.2981079,media,,,,
Google PMAX,15288.642578125,posterior,0.69473094,0.15367314,0.36670825,media,,,,
Google PMAX,15288.642578125,prior,0.64720726,0.14493702,0.3006131,media,,,,
Google PMAX,15489.80859375,posterior,0.6974962,0.15538098,0.36937186,media,,,,
Google PMAX,15489.80859375,prior,0.65018606,0.14656457,0.30309716,media,,,,
Google PMAX,15690.974609375,posterior,0.7002118,0.15708192,0.37200874,media,,,,
Google PMAX,15690.974609375,prior,0.65311503,0.14818594,0.30556014,media,,,,
Google PMAX,15892.140625,posterior,0.7028791,0.15877604,0.37461892,media,,,,
Google PMAX,15892.140625,prior,0.6559954,0.14980116,0.30800277,media,,,,
Google PMAX,16093.3076171875,posterior,0.7054993,0.16046338,0.37720257,media,,,,
Google PMAX,16093.3076171875,prior,0.6588284,0.1514103,0.31042516,media,,,,
Google PMAX,16294.4736328125,posterior,0.7080737,0.16214393,0.37976167,media,,,,
Google PMAX,16294.4736328125,prior,0.661615,0.15301332,0.31282774,media,,,,
Google PMAX,16495.638671875,posterior,0.71060354,0.16381778,0.38229504,media,,,,
Google PMAX,16495.638671875,prior,0.66435647,0.15461029,0.31521046,media,,,,
Google PMAX,16696.806640625,posterior,0.7130898,0.16548496,0.38480374,media,,,,
Google PMAX,16696.806640625,prior,0.6670539,0.15620127,0.31757382,media,,,,
Google PMAX,16897.97265625,posterior,0.71553385,0.16714549,0.38728923,media,,,,
Google PMAX,16897.97265625,prior,0.6697083,0.15778627,0.31991833,media,,,,
Google PMAX,17099.138671875,posterior,0.7179365,0.16879943,0.38974932,media,,,,
Google PMAX,17099.138671875,prior,0.67232066,0.15936533,0.3222438,media,,,,
Google PMAX,17300.306640625,posterior,0.720299,0.17044683,0.39218742,media,,,,
Google PMAX,17300.306640625,prior,0.6748921,0.16093847,0.32455093,media,,,,
Google PMAX,17501.47265625,posterior,0.7226221,0.1720877,0.39460188,media,,,,
Google PMAX,17501.47265625,prior,0.67742354,0.16250575,0.3268396,media,,,,
Google PMAX,17702.638671875,posterior,0.72490704,0.17372209,0.39699394,media,,,,
Google PMAX,17702.638671875,prior,0.6799157,0.16406716,0.3291106,media,,,,
Google PMAX,17903.8046875,posterior,0.72715473,0.17535004,0.39936322,media,,,,
Google PMAX,17903.8046875,prior,0.6823697,0.16562279,0.33136347,media,,,,
Google PMAX,18104.970703125,posterior,0.7293658,0.17697158,0.40171075,media,,,,
Google PMAX,18104.970703125,prior,0.6847865,0.16717261,0.33359876,media,,,,
Google PMAX,18306.13671875,posterior,0.7315414,0.17858677,0.4040367,media,,,,
Google PMAX,18306.13671875,prior,0.6871667,0.16871668,0.33581698,media,,,,
Google PMAX,18507.302734375,posterior,0.7336823,0.18019564,0.40634137,media,,,,
Google PMAX,18507.302734375,prior,0.68951124,0.17025505,0.33801785,media,,,,
Google PMAX,18708.470703125,posterior,0.73578936,0.18179822,0.40862545,media,,,,
Google PMAX,18708.470703125,prior,0.69182086,0.17178777,0.34020215,media,,,,
Google PMAX,18909.63671875,posterior,0.7378633,0.18339454,0.41088843,media,,,,
Google PMAX,18909.63671875,prior,0.6940964,0.1733148,0.34236982,media,,,,
Google PMAX,19110.802734375,posterior,0.739905,0.18498462,0.4131317,media,,,,
Google PMAX,19110.802734375,prior,0.69633853,0.1748362,0.3445209,media,,,,
Google PMAX,19311.96875,posterior,0.74191505,0.18656854,0.41535497,media,,,,
Google PMAX,19311.96875,prior,0.6985481,0.17635204,0.34665585,media,,,,
Google PMAX,19513.134765625,posterior,0.74389434,0.18814632,0.4175581,media,,,,
Google PMAX,19513.134765625,prior,0.70072573,0.17786232,0.34877497,media,,,,
Google PMAX,19714.30078125,posterior,0.74584335,0.18971798,0.41974273,media,,,,
Google PMAX,19714.30078125,prior,0.7028721,0.17936705,0.35087806,media,,,,
Google PMAX,19915.466796875,posterior,0.7477631,0.19128357,0.4219076,media,,,,
Google PMAX,19915.466796875,prior,0.70498794,0.18086627,0.35296607,media,,,,
Google PMAX,20116.634765625,posterior,0.74965405,0.19284312,0.42405376,media,,,,
Google PMAX,20116.634765625,prior,0.7070738,0.18236005,0.3550381,media,,,,
Google PMAX,20317.80078125,posterior,0.7515168,0.19439667,0.42618135,media,,,,
Google PMAX,20317.80078125,prior,0.70913035,0.1838484,0.3570952,media,,,,
Google PMAX,20518.966796875,posterior,0.753352,0.19594426,0.42829064,media,,,,
Google PMAX,20518.966796875,prior,0.71115834,0.1853313,0.35913768,media,,,,
Google PMAX,20720.1328125,posterior,0.7551604,0.19748592,0.4303826,media,,,,
Google PMAX,20720.1328125,prior,0.7131582,0.18680887,0.3611651,media,,,,
Google PMAX,20921.298828125,posterior,0.75694233,0.19902167,0.43245628,media,,,,
Google PMAX,20921.298828125,prior,0.71513057,0.18828106,0.36317766,media,,,,
Google PMAX,21122.46484375,posterior,0.75869864,0.20055154,0.43451315,media,,,,
Google PMAX,21122.46484375,prior,0.71707594,0.18974793,0.36517602,media,,,,
Google PMAX,21323.6328125,posterior,0.7604297,0.20207559,0.43655202,media,,,,
Google PMAX,21323.6328125,prior,0.718995,0.19120952,0.36716032,media,,,,
Google PMAX,21524.796875,posterior,0.7621361,0.20359382,0.4385743,media,,,,
Google PMAX,21524.796875,prior,0.72088814,0.19266583,0.36913034,media,,,,
Google PMAX,21725.96484375,posterior,0.7638184,0.20510632,0.44058052,media,,,,
Google PMAX,21725.96484375,prior,0.7227559,0.19411692,0.37108654,media,,,,
Google PMAX,21927.1328125,posterior,0.76547706,0.20661306,0.4425695,media,,,,
Google PMAX,21927.1328125,prior,0.7245989,0.19556281,0.37302896,media,,,,
Google PMAX,22128.296875,posterior,0.7671125,0.2081141,0.4445422,media,,,,
Google PMAX,22128.296875,prior,0.72641754,0.1970035,0.37495732,media,,,,
Google PMAX,22329.462890625,posterior,0.76872534,0.20960948,0.4464987,media,,,,
Google PMAX,22329.462890625,prior,0.72821236,0.19843905,0.3768728,media,,,,
Google PMAX,22530.630859375,posterior,0.77031606,0.2110992,0.44844067,media,,,,
Google PMAX,22530.630859375,prior,0.72998375,0.19986948,0.37877485,media,,,,
Google PMAX,22731.794921875,posterior,0.771885,0.21258333,0.45036587,media,,,,
Google PMAX,22731.794921875,prior,0.73173213,0.20129481,0.38066387,media,,,,
Google PMAX,22932.962890625,posterior,0.7734326,0.21406192,0.45227557,media,,,,
Google PMAX,22932.962890625,prior,0.73345816,0.20271507,0.38254014,media,,,,
Google PMAX,23134.130859375,posterior,0.7749594,0.21553493,0.4541706,media,,,,
Google PMAX,23134.130859375,prior,0.735162,0.20413028,0.38440332,media,,,,
Google PMAX,23335.294921875,posterior,0.7764657,0.21700244,0.45605075,media,,,,
Google PMAX,23335.294921875,prior,0.73684424,0.20554048,0.38625368,media,,,,
Google PMAX,23536.462890625,posterior,0.7779521,0.21846446,0.4579155,media,,,,
Google PMAX,23536.462890625,prior,0.73850524,0.20694569,0.3880921,media,,,,
Google PMAX,23737.62890625,posterior,0.77941877,0.21992105,0.45976663,media,,,,
Google PMAX,23737.62890625,prior,0.74014544,0.20834595,0.38991767,media,,,,
Google PMAX,23938.794921875,posterior,0.78086615,0.22137219,0.46160254,media,,,,
Google PMAX,23938.794921875,prior,0.7417651,0.20974126,0.39173132,media,,,,
Google PMAX,24139.9609375,posterior,0.78229475,0.22281797,0.46342447,media,,,,
Google PMAX,24139.9609375,prior,0.74336475,0.21113168,0.39353293,media,,,,
Google PMAX,24341.126953125,posterior,0.7837048,0.22425836,0.4652322,media,,,,
Google PMAX,24341.126953125,prior,0.7449447,0.21251719,0.39532247,media,,,,
Google PMAX,24542.29296875,posterior,0.7850967,0.22569345,0.46702704,media,,,,
Google PMAX,24542.29296875,prior,0.7465053,0.21389785,0.3970999,media,,,,
Google PMAX,24743.4609375,posterior,0.78647083,0.22712323,0.46880743,media,,,,
Google PMAX,24743.4609375,prior,0.748047,0.2152737,0.39886594,media,,,,
Google PMAX,24944.625,posterior,0.78782743,0.22854775,0.47057435,media,,,,
Google PMAX,24944.625,prior,0.74956995,0.2166447,0.40062037,media,,,,
Google PMAX,25145.79296875,posterior,0.789167,0.22996701,0.47232798,media,,,,
Google PMAX,25145.79296875,prior,0.7510747,0.21801093,0.4023634,media,,,,
Google PMAX,25346.958984375,posterior,0.7904897,0.23138109,0.4740688,media,,,,
Google PMAX,25346.958984375,prior,0.7525614,0.21937242,0.40409535,media,,,,
Google PMAX,25548.125,posterior,0.7917959,0.23278993,0.47579628,media,,,,
Google PMAX,25548.125,prior,0.7540304,0.22072917,0.40581542,media,,,,
Google PMAX,25749.291015625,posterior,0.7930859,0.23419367,0.47751138,media,,,,
Google PMAX,25749.291015625,prior,0.7554822,0.22208121,0.4075247,media,,,,
Google PMAX,25950.458984375,posterior,0.79436004,0.23559225,0.4792137,media,,,,
Google PMAX,25950.458984375,prior,0.7569168,0.22342858,0.40922365,media,,,,
Google PMAX,26151.623046875,posterior,0.7956186,0.23698573,0.48090306,media,,,,
Google PMAX,26151.623046875,prior,0.75833476,0.22477126,0.41091138,media,,,,
Google PMAX,26352.791015625,posterior,0.7968618,0.23837416,0.48258042,media,,,,
Google PMAX,26352.791015625,prior,0.75973636,0.22610933,0.4125883,media,,,,
Google PMAX,26553.95703125,posterior,0.7980901,0.23975754,0.4842455,media,,,,
Google PMAX,26553.95703125,prior,0.7611217,0.2274428,0.41425452,media,,,,
Google PMAX,26755.123046875,posterior,0.7993035,0.24113588,0.4858991,media,,,,
Google PMAX,26755.123046875,prior,0.7624911,0.22877167,0.41591042,media,,,,
Google PMAX,26956.2890625,posterior,0.8005024,0.24250926,0.48754072,media,,,,
Google PMAX,26956.2890625,prior,0.76384497,0.23009597,0.417556,media,,,,
Google PMAX,27157.45703125,posterior,0.8016871,0.24387766,0.48916936,media,,,,
Google PMAX,27157.45703125,prior,0.76518345,0.23141575,0.41919115,media,,,,
Google PMAX,27358.62109375,posterior,0.8028578,0.24524112,0.49078706,media,,,,
Google PMAX,27358.62109375,prior,0.76650685,0.23273097,0.42081654,media,,,,
Google PMAX,27559.7890625,posterior,0.80401486,0.2465997,0.49239305,media,,,,
Google PMAX,27559.7890625,prior,0.7678155,0.23404174,0.4224315,media,,,,
Google PMAX,27760.953125,posterior,0.80515826,0.24795337,0.49398893,media,,,,
Google PMAX,27760.953125,prior,0.7691094,0.23534799,0.42403647,media,,,,
Google PMAX,27962.12109375,posterior,0.8062885,0.24930221,0.4955721,media,,,,
Google PMAX,27962.12109375,prior,0.7703891,0.23664983,0.42563167,media,,,,
Google PMAX,28163.2890625,posterior,0.80740565,0.2506462,0.4971454,media,,,,
Google PMAX,28163.2890625,prior,0.77165467,0.23794724,0.42721707,media,,,,
Google PMAX,28364.453125,posterior,0.80851,0.2519854,0.4987066,media,,,,
Google PMAX,28364.453125,prior,0.7729063,0.23924024,0.42879298,media,,,,
Google PMAX,28565.619140625,posterior,0.8096018,0.2533198,0.5002576,media,,,,
Google PMAX,28565.619140625,prior,0.77414435,0.24052888,0.43035927,media,,,,
Google PMAX,28766.787109375,posterior,0.8106812,0.2546495,0.50179714,media,,,,
Google PMAX,28766.787109375,prior,0.7753689,0.24181315,0.43191597,media,,,,
Google PMAX,28967.951171875,posterior,0.8117484,0.2559744,0.50332797,media,,,,
Google PMAX,28967.951171875,prior,0.77658033,0.24309307,0.43346354,media,,,,
Google PMAX,29169.119140625,posterior,0.8128036,0.25729465,0.5048465,media,,,,
Google PMAX,29169.119140625,prior,0.77777874,0.24436869,0.43500158,media,,,,
Google PMAX,29370.287109375,posterior,0.8138471,0.25861022,0.5063551,media,,,,
Google PMAX,29370.287109375,prior,0.77896434,0.24564001,0.43653062,media,,,,
Google PMAX,29571.451171875,posterior,0.81487906,0.2599211,0.5078539,media,,,,
Google PMAX,29571.451171875,prior,0.78013736,0.24690706,0.43805048,media,,,,
Google PMAX,29772.619140625,posterior,0.8158996,0.26122737,0.50934255,media,,,,
Google PMAX,29772.619140625,prior,0.781298,0.24816987,0.4395614,media,,,,
Google PMAX,29973.78515625,posterior,0.81690896,0.26252905,0.51082045,media,,,,
Google PMAX,29973.78515625,prior,0.78244644,0.24942844,0.44106326,media,,,,
Google PMAX,30174.951171875,posterior,0.8179073,0.26382616,0.5122894,media,,,,
Google PMAX,30174.951171875,prior,0.78358287,0.2506828,0.44255653,media,,,,
Google PMAX,30376.1171875,posterior,0.8188948,0.2651187,0.5137482,media,,,,
Google PMAX,30376.1171875,prior,0.7847075,0.251933,0.4440407,media,,,,
Google PMAX,30577.28515625,posterior,0.81987166,0.26640671,0.51519704,media,,,,
Google PMAX,30577.28515625,prior,0.78582054,0.253179,0.44551668,media,,,,
Google PMAX,30778.44921875,posterior,0.82083803,0.26769018,0.51663667,media,,,,
Google PMAX,30778.44921875,prior,0.7869221,0.25442088,0.44698375,media,,,,
Google PMAX,30979.6171875,posterior,0.82179415,0.2689692,0.5180664,media,,,,
Google PMAX,30979.6171875,prior,0.7880124,0.25565866,0.44844243,media,,,,
Google PMAX,31180.783203125,posterior,0.82274,0.2702438,0.5194873,media,,,,
Google PMAX,31180.783203125,prior,0.7890916,0.2568923,0.44989273,media,,,,
Google PMAX,31381.94921875,posterior,0.82367593,0.27151388,0.5208989,media,,,,
Google PMAX,31381.94921875,prior,0.7901598,0.25812185,0.4513345,media,,,,
Google PMAX,31583.115234375,posterior,0.82460207,0.2727796,0.52230126,media,,,,
Google PMAX,31583.115234375,prior,0.7912173,0.25934738,0.4527684,media,,,,
Google PMAX,31784.28125,posterior,0.8255185,0.27404088,0.5236945,media,,,,
Google PMAX,31784.28125,prior,0.7922642,0.2605688,0.45419386,media,,,,
Google PMAX,31985.447265625,posterior,0.8264254,0.27529785,0.52507854,media,,,,
Google PMAX,31985.447265625,prior,0.7933006,0.26178625,0.4556112,media,,,,
Google PMAX,32186.615234375,posterior,0.8273229,0.27655044,0.52645326,media,,,,
Google PMAX,32186.615234375,prior,0.7943268,0.2629997,0.45702037,media,,,,
Google PMAX,32387.779296875,posterior,0.8282112,0.27779874,0.52782035,media,,,,
Google PMAX,32387.779296875,prior,0.79534274,0.26420912,0.45842195,media,,,,
Google PMAX,32588.947265625,posterior,0.8290903,0.27904275,0.5291787,media,,,,
Google PMAX,32588.947265625,prior,0.79634875,0.26541463,0.45981547,media,,,,
Google PMAX,32790.11328125,posterior,0.8299606,0.28028244,0.5305274,media,,,,
Google PMAX,32790.11328125,prior,0.797345,0.2666162,0.4612011,media,,,,
Google PMAX,32991.27734375,posterior,0.830822,0.28151786,0.5318681,media,,,,
Google PMAX,32991.27734375,prior,0.79833144,0.26781383,0.46257925,media,,,,
Google PMAX,33192.4453125,posterior,0.83167475,0.2827491,0.53320074,media,,,,
Google PMAX,33192.4453125,prior,0.79930836,0.26900756,0.46394962,media,,,,
Google PMAX,33393.61328125,posterior,0.83251894,0.2839761,0.5345252,media,,,,
Google PMAX,33393.61328125,prior,0.80027586,0.2701974,0.46531242,media,,,,
Google PMAX,33594.77734375,posterior,0.8333547,0.2851989,0.53584003,media,,,,
Google PMAX,33594.77734375,prior,0.80123407,0.27138332,0.4666675,media,,,,
Google PMAX,33795.9453125,posterior,0.8341821,0.28641754,0.53714836,media,,,,
Google PMAX,33795.9453125,prior,0.80218315,0.27256545,0.46801525,media,,,,
Google PMAX,33997.11328125,posterior,0.8350014,0.28763205,0.53844726,media,,,,
Google PMAX,33997.11328125,prior,0.80312324,0.27374375,0.4693557,media,,,,
Google PMAX,34198.27734375,posterior,0.8358126,0.2888424,0.5397389,media,,,,
Google PMAX,34198.27734375,prior,0.8040543,0.2749182,0.47068852,media,,,,
Google PMAX,34399.4453125,posterior,0.8366159,0.2900487,0.5410222,media,,,,
Google PMAX,34399.4453125,prior,0.8049767,0.2760889,0.47201425,media,,,,
Google PMAX,34600.61328125,posterior,0.8374114,0.29125085,0.54229856,media,,,,
Google PMAX,34600.61328125,prior,0.80589044,0.2772558,0.47333297,media,,,,
Google PMAX,34801.77734375,posterior,0.83819914,0.29244894,0.5435666,media,,,,
Google PMAX,34801.77734375,prior,0.8067957,0.27841896,0.47464427,media,,,,
Google PMAX,35002.9453125,posterior,0.8389793,0.293643,0.544827,media,,,,
Google PMAX,35002.9453125,prior,0.8076925,0.2795784,0.47594875,media,,,,
Google PMAX,35204.109375,posterior,0.8397519,0.29483303,0.5460788,media,,,,
Google PMAX,35204.109375,prior,0.8085811,0.28073406,0.47724617,media,,,,
Google PMAX,35405.27734375,posterior,0.8405172,0.29601908,0.5473238,media,,,,
Google PMAX,35405.27734375,prior,0.8094615,0.28188607,0.4785365,media,,,,
Google PMAX,35606.44140625,posterior,0.8412753,0.29720113,0.54856205,media,,,,
Google PMAX,35606.44140625,prior,0.8103338,0.28303438,0.47982016,media,,,,
Google PMAX,35807.609375,posterior,0.8420262,0.29837924,0.54979193,media,,,,
Google PMAX,35807.609375,prior,0.8111981,0.28417903,0.48109704,media,,,,
Google PMAX,36008.7734375,posterior,0.8427699,0.29955336,0.551015,media,,,,
Google PMAX,36008.7734375,prior,0.8120546,0.28532,0.48236647,media,,,,
Google PMAX,36209.94140625,posterior,0.84350675,0.3007236,0.55223113,media,,,,
Google PMAX,36209.94140625,prior,0.81290334,0.2864574,0.48363006,media,,,,
Google PMAX,36411.10546875,posterior,0.8442366,0.3018899,0.55343944,media,,,,
Google PMAX,36411.10546875,prior,0.8137444,0.28759113,0.48488635,media,,,,
Google PMAX,36612.2734375,posterior,0.8449598,0.30305237,0.55464077,media,,,,
Google PMAX,36612.2734375,prior,0.81457806,0.2887213,0.48613632,media,,,,
Google PMAX,36813.44140625,posterior,0.84567624,0.30421093,0.5558351,media,,,,
Google PMAX,36813.44140625,prior,0.81540424,0.28984788,0.4873799,media,,,,
Google PMAX,37014.60546875,posterior,0.8463861,0.30536568,0.55702263,media,,,,
Google PMAX,37014.60546875,prior,0.81622314,0.29097086,0.4886168,media,,,,
Google PMAX,37215.7734375,posterior,0.8470894,0.3065166,0.55820245,media,,,,
Google PMAX,37215.7734375,prior,0.8170347,0.29209033,0.48984715,media,,,,
Google PMAX,37416.94140625,posterior,0.8477864,0.30766368,0.5593764,media,,,,
Google PMAX,37416.94140625,prior,0.8178392,0.29320624,0.4910715,media,,,,
Google PMAX,37618.10546875,posterior,0.8484771,0.30880696,0.5605435,media,,,,
Google PMAX,37618.10546875,prior,0.8186367,0.29431868,0.49228922,media,,,,
Google PMAX,37819.2734375,posterior,0.8491615,0.3099465,0.5617034,media,,,,
Google PMAX,37819.2734375,prior,0.81942713,0.29542762,0.4935007,media,,,,
Google PMAX,38020.4375,posterior,0.84983975,0.3110823,0.56285703,media,,,,
Google PMAX,38020.4375,prior,0.8202108,0.29653308,0.49470624,media,,,,
Google PMAX,38221.60546875,posterior,0.85051197,0.31221434,0.564004,media,,,,
Google PMAX,38221.60546875,prior,0.82098764,0.29763502,0.4959054,media,,,,
Google PMAX,38422.76953125,posterior,0.8511781,0.3133427,0.56514364,media,,,,
Google PMAX,38422.76953125,prior,0.82175773,0.29873356,0.49709833,media,,,,
Google PMAX,38623.9375,posterior,0.85183835,0.31446734,0.5662772,media,,,,
Google PMAX,38623.9375,prior,0.82252127,0.29982868,0.49828517,media,,,,
Google PMAX,38825.1015625,posterior,0.8524928,0.31558833,0.56740487,media,,,,
Google PMAX,38825.1015625,prior,0.8232783,0.30092037,0.49946618,media,,,,
Google PMAX,39026.26953125,posterior,0.8531415,0.3167056,0.5685262,media,,,,
Google PMAX,39026.26953125,prior,0.824029,0.30200863,0.50064147,media,,,,
Google PMAX,39227.43359375,posterior,0.85378444,0.31781927,0.5696411,media,,,,
Google PMAX,39227.43359375,prior,0.8247733,0.30309352,0.5018102,media,,,,
Google PMAX,39428.6015625,posterior,0.85442185,0.3189293,0.5707495,media,,,,
Google PMAX,39428.6015625,prior,0.8255113,0.30417508,0.50297374,media,,,,
Google PMAX,39629.76953125,posterior,0.8550537,0.32003573,0.57185274,media,,,,
Google PMAX,39629.76953125,prior,0.8262431,0.30525327,0.5041307,media,,,,
Google PMAX,39830.93359375,posterior,0.85568017,0.32113856,0.572948,media,,,,
Google PMAX,39830.93359375,prior,0.82696885,0.30632812,0.50528234,media,,,,
Google PMAX,40032.1015625,posterior,0.8563011,0.32223782,0.57403857,media,,,,
Google PMAX,40032.1015625,prior,0.8276886,0.30739963,0.50642806,media,,,,
Google PMAX,40233.26953125,posterior,0.85691684,0.32333356,0.5751228,media,,,,
Google PMAX,40233.26953125,prior,0.8284023,0.30846786,0.5075686,media,,,,
Google PMAX,40434.43359375,posterior,0.8575273,0.32442573,0.5762003,media,,,,
Google PMAX,40434.43359375,prior,0.82911,0.30953282,0.508703,media,,,,
Google PMAX,40635.6015625,posterior,0.8581326,0.32551438,0.5772739,media,,,,
Google PMAX,40635.6015625,prior,0.829812,0.31059447,0.50983214,media,,,,
Google PMAX,40836.76953125,posterior,0.85873276,0.32659957,0.5783396,media,,,,
Google PMAX,40836.76953125,prior,0.83050823,0.3116529,0.51095545,media,,,,
Google PMAX,41037.93359375,posterior,0.85932773,0.32768118,0.57940024,media,,,,
Google PMAX,41037.93359375,prior,0.8311988,0.31270802,0.5120734,media,,,,
Google PMAX,41239.1015625,posterior,0.8599179,0.3287594,0.58045536,media,,,,
Google PMAX,41239.1015625,prior,0.8318838,0.31375995,0.5131858,media,,,,
Google PMAX,41440.265625,posterior,0.860503,0.32983416,0.58150387,media,,,,
Google PMAX,41440.265625,prior,0.8325632,0.31480867,0.5142928,media,,,,
Google PMAX,41641.43359375,posterior,0.8610832,0.33090547,0.58254695,media,,,,
Google PMAX,41641.43359375,prior,0.83323723,0.31585416,0.5153944,media,,,,
Google PMAX,41842.59765625,posterior,0.8616587,0.33197337,0.5835861,media,,,,
Google PMAX,41842.59765625,prior,0.83390576,0.3168965,0.5164906,media,,,,
Google PMAX,42043.765625,posterior,0.8622294,0.33303785,0.5846179,media,,,,
Google PMAX,42043.765625,prior,0.834569,0.31793565,0.51758206,media,,,,
Google PMAX,42244.9296875,posterior,0.8627955,0.33409896,0.58564496,media,,,,
Google PMAX,42244.9296875,prior,0.835227,0.31897166,0.51866734,media,,,,
Google PMAX,42446.09765625,posterior,0.8633569,0.3351567,0.58666533,media,,,,
Google PMAX,42446.09765625,prior,0.83587974,0.3200045,0.51974773,media,,,,
Google PMAX,42647.265625,posterior,0.8639138,0.33621106,0.58768284,media,,,,
Google PMAX,42647.265625,prior,0.8365273,0.32103425,0.5208235,media,,,,
Google PMAX,42848.43359375,posterior,0.8644661,0.33726212,0.58869165,media,,,,
Google PMAX,42848.43359375,prior,0.8371698,0.32206088,0.5218933,media,,,,
Google PMAX,43049.59375,posterior,0.8650139,0.33830982,0.58969784,media,,,,
Google PMAX,43049.59375,prior,0.83780724,0.32308432,0.5229588,media,,,,
Google PMAX,43250.76171875,posterior,0.8655574,0.33935422,0.59069705,media,,,,
Google PMAX,43250.76171875,prior,0.8384397,0.3241048,0.52401865,media,,,,
Google PMAX,43451.9296875,posterior,0.8660964,0.34039533,0.59169215,media,,,,
Google PMAX,43451.9296875,prior,0.83906734,0.32512212,0.5250736,media,,,,
Google PMAX,43653.09765625,posterior,0.86663115,0.3414332,0.5926816,media,,,,
Google PMAX,43653.09765625,prior,0.83969,0.32613644,0.5261238,media,,,,
Google PMAX,43854.265625,posterior,0.8671617,0.34246778,0.593666,media,,,,
Google PMAX,43854.265625,prior,0.84030795,0.3271477,0.5271692,media,,,,
Google PMAX,44055.4296875,posterior,0.867688,0.34349912,0.59464514,media,,,,
Google PMAX,44055.4296875,prior,0.8409211,0.3281559,0.5282092,media,,,,
Google PMAX,44256.59375,posterior,0.86821014,0.34452718,0.5956191,media,,,,
Google PMAX,44256.59375,prior,0.8415297,0.32916108,0.5292444,media,,,,
Google PMAX,44457.76171875,posterior,0.8687282,0.3455521,0.5965886,media,,,,
Google PMAX,44457.76171875,prior,0.8421335,0.3301633,0.53027487,media,,,,
Google PMAX,44658.92578125,posterior,0.8692422,0.34657377,0.5975511,media,,,,
Google PMAX,44658.92578125,prior,0.84273285,0.33116248,0.5313011,media,,,,
Google PMAX,44860.09375,posterior,0.8697522,0.34759226,0.5985116,media,,,,
Google PMAX,44860.09375,prior,0.8433275,0.33215874,0.5323218,media,,,,
Google PMAX,45061.26171875,posterior,0.8702583,0.3486076,0.5994656,media,,,,
Google PMAX,45061.26171875,prior,0.8439178,0.33315203,0.533338,media,,,,
Google PMAX,45262.42578125,posterior,0.8707603,0.34961975,0.600415,media,,,,
Google PMAX,45262.42578125,prior,0.8445035,0.33414233,0.53434926,media,,,,
Google PMAX,45463.58984375,posterior,0.87125856,0.3506288,0.6013601,media,,,,
Google PMAX,45463.58984375,prior,0.84508497,0.3351297,0.53535646,media,,,,
Google PMAX,45664.7578125,posterior,0.8717529,0.35163468,0.6022995,media,,,,
Google PMAX,45664.7578125,prior,0.8456621,0.3361142,0.5363588,media,,,,
Google PMAX,45865.92578125,posterior,0.8722436,0.3526375,0.60323554,media,,,,
Google PMAX,45865.92578125,prior,0.8462349,0.33709574,0.5373564,media,,,,
Google PMAX,46067.09375,posterior,0.8727305,0.3536372,0.60416526,media,,,,
Google PMAX,46067.09375,prior,0.8468035,0.3380744,0.53834945,media,,,,
Google PMAX,46268.26171875,posterior,0.87321365,0.3546338,0.6050912,media,,,,
Google PMAX,46268.26171875,prior,0.84736794,0.33905014,0.53933805,media,,,,
Google PMAX,46469.421875,posterior,0.8736932,0.3556274,0.606012,media,,,,
Google PMAX,46469.421875,prior,0.8479282,0.34002304,0.5403223,media,,,,
Google PMAX,46670.58984375,posterior,0.8741691,0.35661787,0.606929,media,,,,
Google PMAX,46670.58984375,prior,0.8484844,0.3409931,0.54130185,media,,,,
Google PMAX,46871.7578125,posterior,0.8746415,0.3576053,0.607841,media,,,,
Google PMAX,46871.7578125,prior,0.8490365,0.34196025,0.54227734,media,,,,
Google PMAX,47072.92578125,posterior,0.8751103,0.35858974,0.60874784,media,,,,
Google PMAX,47072.92578125,prior,0.8495846,0.34292462,0.5432478,media,,,,
Google PMAX,47274.08984375,posterior,0.87557566,0.3595712,0.60965127,media,,,,
Google PMAX,47274.08984375,prior,0.8501287,0.34388617,0.5442144,media,,,,
Google PMAX,47475.2578125,posterior,0.8760375,0.3605496,0.6105502,media,,,,
Google PMAX,47475.2578125,prior,0.85066897,0.34484488,0.5451762,media,,,,
Google PMAX,47676.421875,posterior,0.8764959,0.36152503,0.61144376,media,,,,
Google PMAX,47676.421875,prior,0.85120517,0.3458008,0.54613423,media,,,,
Google PMAX,47877.58984375,posterior,0.876951,0.36249748,0.61233294,media,,,,
Google PMAX,47877.58984375,prior,0.8517376,0.34675393,0.5470881,media,,,,
Google PMAX,48078.75390625,posterior,0.8774027,0.36346698,0.6132189,media,,,,
Google PMAX,48078.75390625,prior,0.8522663,0.34770426,0.5480371,media,,,,
Google PMAX,48279.921875,posterior,0.8778511,0.36443356,0.6141002,media,,,,
Google PMAX,48279.921875,prior,0.8527913,0.34865186,0.54898244,media,,,,
Google PMAX,48481.08984375,posterior,0.8782963,0.36539719,0.6149773,media,,,,
Google PMAX,48481.08984375,prior,0.8533125,0.34959674,0.54992354,media,,,,
Google PMAX,48682.25390625,posterior,0.8787382,0.36635786,0.615849,media,,,,
Google PMAX,48682.25390625,prior,0.8538301,0.35053882,0.5508604,media,,,,
Google PMAX,48883.41796875,posterior,0.879177,0.36731565,0.61671746,media,,,,
Google PMAX,48883.41796875,prior,0.854344,0.35147822,0.5517929,media,,,,
Google PMAX,49084.5859375,posterior,0.8796125,0.36827058,0.61758196,media,,,,
Google PMAX,49084.5859375,prior,0.85485435,0.35241488,0.55272114,media,,,,
Google PMAX,49285.75390625,posterior,0.880045,0.3692226,0.6184406,media,,,,
Google PMAX,49285.75390625,prior,0.855361,0.35334888,0.553646,media,,,,
Google PMAX,49486.921875,posterior,0.8804743,0.3701718,0.61929756,media,,,,
Google PMAX,49486.921875,prior,0.8558642,0.35428017,0.55456644,media,,,,
Google PMAX,49688.08984375,posterior,0.88090056,0.37111813,0.6201494,media,,,,
Google PMAX,49688.08984375,prior,0.856364,0.35520878,0.5554829,media,,,,
Google PMAX,49889.25,posterior,0.8813238,0.37206155,0.62099665,media,,,,
Google PMAX,49889.25,prior,0.85686016,0.3561347,0.55639535,media,,,,
Google PMAX,50090.41796875,posterior,0.881744,0.37300223,0.6218408,media,,,,
Google PMAX,50090.41796875,prior,0.857353,0.357058,0.5573039,media,,,,
Google PMAX,50291.5859375,posterior,0.8821613,0.37394008,0.6226808,media,,,,
Google PMAX,50291.5859375,prior,0.85784245,0.3579786,0.55820835,media,,,,
Google PMAX,50492.75390625,posterior,0.8825757,0.37487513,0.6235157,media,,,,
Google PMAX,50492.75390625,prior,0.8583286,0.3588966,0.559109,media,,,,
Google PMAX,50693.91796875,posterior,0.88298714,0.37580734,0.62434745,media,,,,
Google PMAX,50693.91796875,prior,0.8588114,0.359812,0.560006,media,,,,
Google PMAX,50895.0859375,posterior,0.88339573,0.37673682,0.6251761,media,,,,
Google PMAX,50895.0859375,prior,0.8592909,0.36072478,0.560899,media,,,,
Google PMAX,51096.25,posterior,0.88380146,0.37766355,0.62600064,media,,,,
Google PMAX,51096.25,prior,0.85976726,0.36163494,0.56178814,media,,,,
Google PMAX,51297.4140625,posterior,0.8842044,0.3785875,0.62682015,media,,,,
Google PMAX,51297.4140625,prior,0.8602403,0.36254254,0.5626734,media,,,,
Google PMAX,51498.58203125,posterior,0.8846045,0.37950873,0.627637,media,,,,
Google PMAX,51498.58203125,prior,0.8607102,0.36344755,0.5635552,media,,,,
Google PMAX,51699.75,posterior,0.8850019,0.3804272,0.62844926,media,,,,
Google PMAX,51699.75,prior,0.86117697,0.36435002,0.5644327,media,,,,
Google PMAX,51900.91796875,posterior,0.88539654,0.38134298,0.62925804,media,,,,
Google PMAX,51900.91796875,prior,0.8616406,0.3652499,0.5653073,media,,,,
Google PMAX,52102.078125,posterior,0.88578844,0.38225606,0.6300629,media,,,,
Google PMAX,52102.078125,prior,0.8621011,0.36614722,0.56617737,media,,,,
Google PMAX,52303.24609375,posterior,0.8861777,0.38316643,0.6308643,media,,,,
Google PMAX,52303.24609375,prior,0.86255854,0.36704203,0.56704444,media,,,,
Google PMAX,52504.4140625,posterior,0.8865644,0.38407415,0.63166267,media,,,,
Google PMAX,52504.4140625,prior,0.86301297,0.36793432,0.56790733,media,,,,
Google PMAX,52705.58203125,posterior,0.88694835,0.3849792,0.63245577,media,,,,
Google PMAX,52705.58203125,prior,0.8634644,0.3688241,0.568767,media,,,,
Google PMAX,52906.75,posterior,0.8873298,0.38588154,0.6332471,media,,,,
Google PMAX,52906.75,prior,0.86391294,0.36971137,0.5696228,media,,,,
Google PMAX,53107.9140625,posterior,0.88770866,0.3867813,0.63403267,media,,,,
Google PMAX,53107.9140625,prior,0.8643585,0.37059617,0.5704752,media,,,,
Google PMAX,53309.078125,posterior,0.88808495,0.38767835,0.6348157,media,,,,
Google PMAX,53309.078125,prior,0.86480117,0.37147844,0.57132405,media,,,,
Google PMAX,53510.24609375,posterior,0.8884588,0.38857284,0.63559693,media,,,,
Google PMAX,53510.24609375,prior,0.86524093,0.37235826,0.572169,media,,,,
Google PMAX,53711.4140625,posterior,0.8888301,0.3894647,0.63637197,media,,,,
Google PMAX,53711.4140625,prior,0.86567783,0.37323564,0.573011,media,,,,
Google PMAX,53912.578125,posterior,0.88919896,0.39035398,0.6371449,media,,,,
Google PMAX,53912.578125,prior,0.86611193,0.37411058,0.5738494,media,,,,
Google PMAX,54113.74609375,posterior,0.8895654,0.39124066,0.63791424,media,,,,
Google PMAX,54113.74609375,prior,0.86654323,0.37498307,0.5746838,media,,,,
Google PMAX,54314.9140625,posterior,0.88992935,0.3921248,0.6386798,media,,,,
Google PMAX,54314.9140625,prior,0.8669718,0.37585312,0.5755156,media,,,,
Google PMAX,54516.078125,posterior,0.890291,0.39300632,0.63944227,media,,,,
Google PMAX,54516.078125,prior,0.8673975,0.37672076,0.57634366,media,,,,
Google PMAX,54717.2421875,posterior,0.89065015,0.3938853,0.6402008,media,,,,
Google PMAX,54717.2421875,prior,0.86782056,0.37758598,0.5771683,media,,,,
Google PMAX,54918.41015625,posterior,0.89100707,0.39476174,0.64095646,media,,,,
Google PMAX,54918.41015625,prior,0.8682409,0.37844878,0.57798934,media,,,,
Google PMAX,55119.578125,posterior,0.89136165,0.39563566,0.64170855,media,,,,
Google PMAX,55119.578125,prior,0.86865866,0.37930927,0.57880735,media,,,,
Google PMAX,55320.74609375,posterior,0.8917139,0.39650708,0.64245796,media,,,,
Google PMAX,55320.74609375,prior,0.8690737,0.3801673,0.57962215,media,,,,
Google PMAX,55521.90625,posterior,0.8920639,0.39737597,0.6432036,media,,,,
Google PMAX,55521.90625,prior,0.8694862,0.381023,0.5804327,media,,,,
Google PMAX,55723.07421875,posterior,0.89241165,0.39824235,0.6439457,media,,,,
Google PMAX,55723.07421875,prior,0.8698961,0.38187632,0.5812409,media,,,,
Google PMAX,55924.2421875,posterior,0.8927572,0.3991063,0.6446847,media,,,,
Google PMAX,55924.2421875,prior,0.87030333,0.3827273,0.58204585,media,,,,
Google PMAX,56125.41015625,posterior,0.89310044,0.3999677,0.6454199,media,,,,
Google PMAX,56125.41015625,prior,0.8707081,0.38357595,0.5828468,media,,,,
Google PMAX,56326.578125,posterior,0.89344156,0.40082666,0.6461527,media,,,,
Google PMAX,56326.578125,prior,0.8711104,0.38442227,0.58364505,media,,,,
Google PMAX,56527.7421875,posterior,0.8937805,0.40168318,0.6468822,media,,,,
Google PMAX,56527.7421875,prior,0.8715101,0.38526627,0.58444023,media,,,,
Google PMAX,56728.90625,posterior,0.8941173,0.40253723,0.64760745,media,,,,
Google PMAX,56728.90625,prior,0.8719073,0.38610792,0.58523214,media,,,,
Google PMAX,56930.07421875,posterior,0.8944519,0.40338886,0.6483311,media,,,,
Google PMAX,56930.07421875,prior,0.8723021,0.3869473,0.5860207,media,,,,
Google PMAX,57131.23828125,posterior,0.8947845,0.40423808,0.649051,media,,,,
Google PMAX,57131.23828125,prior,0.8726945,0.3877844,0.5868064,media,,,,
Google PMAX,57332.40625,posterior,0.8951149,0.40508485,0.6497684,media,,,,
Google PMAX,57332.40625,prior,0.8730845,0.38861918,0.58758867,media,,,,
Google PMAX,57533.57421875,posterior,0.89544326,0.40592924,0.65048206,media,,,,
Google PMAX,57533.57421875,prior,0.8734721,0.3894517,0.5883682,media,,,,
Google PMAX,57734.7421875,posterior,0.89576966,0.4067712,0.65119237,media,,,,
Google PMAX,57734.7421875,prior,0.8738573,0.390282,0.5891442,media,,,,
Google PMAX,57935.90234375,posterior,0.89609396,0.4076108,0.65189964,media,,,,
Google PMAX,57935.90234375,prior,0.87424034,0.39110997,0.5899177,media,,,,
Google PMAX,58137.0703125,posterior,0.89641625,0.40844804,0.6526046,media,,,,
Google PMAX,58137.0703125,prior,0.8746209,0.39193574,0.59068745,media,,,,
Google PMAX,58338.23828125,posterior,0.89673656,0.40928292,0.6533056,media,,,,
Google PMAX,58338.23828125,prior,0.8749992,0.3927593,0.5914542,media,,,,
Google PMAX,58539.40625,posterior,0.89705485,0.41011542,0.6540047,media,,,,
Google PMAX,58539.40625,prior,0.8753753,0.3935806,0.5922186,media,,,,
Google PMAX,58740.57421875,posterior,0.89737123,0.41094562,0.6546994,media,,,,
Google PMAX,58740.57421875,prior,0.875749,0.39439967,0.59297967,media,,,,
Google PMAX,58941.734375,posterior,0.8976857,0.4117734,0.65539336,media,,,,
Google PMAX,58941.734375,prior,0.87612045,0.39521652,0.59373754,media,,,,
Google PMAX,59142.90234375,posterior,0.8979982,0.41259894,0.65608215,media,,,,
Google PMAX,59142.90234375,prior,0.87648976,0.3960312,0.59449327,media,,,,
Google PMAX,59344.0703125,posterior,0.8983088,0.41342217,0.6567693,media,,,,
Google PMAX,59344.0703125,prior,0.87685686,0.39684367,0.5952454,media,,,,
Google PMAX,59545.23828125,posterior,0.8986175,0.41424304,0.65745306,media,,,,
Google PMAX,59545.23828125,prior,0.8772218,0.39765397,0.5959947,media,,,,
Google PMAX,59746.40234375,posterior,0.8989244,0.41506165,0.65813464,media,,,,
Google PMAX,59746.40234375,prior,0.87758464,0.39846212,0.5967415,media,,,,
Google PMAX,59947.5703125,posterior,0.8992294,0.41587797,0.65881306,media,,,,
Google PMAX,59947.5703125,prior,0.87794524,0.39926806,0.59748465,media,,,,
Google PMAX,60148.734375,posterior,0.89953256,0.41669202,0.65948737,media,,,,
Google PMAX,60148.734375,prior,0.8783038,0.40007186,0.5982254,media,,,,
Google PMAX,60349.90234375,posterior,0.89983386,0.4175038,0.66016096,media,,,,
Google PMAX,60349.90234375,prior,0.87866026,0.4008735,0.5989631,media,,,,
Google PMAX,60551.06640625,posterior,0.90013343,0.41831332,0.66083086,media,,,,
Google PMAX,60551.06640625,prior,0.8790146,0.40167302,0.5996981,media,,,,
Google PMAX,60752.234375,posterior,0.90043116,0.41912058,0.6614974,media,,,,
Google PMAX,60752.234375,prior,0.8793669,0.40247044,0.60043055,media,,,,
Google PMAX,60953.40234375,posterior,0.90072715,0.41992563,0.6621614,media,,,,
Google PMAX,60953.40234375,prior,0.8797171,0.40326568,0.60115993,media,,,,
Google PMAX,61154.5703125,posterior,0.9010214,0.42072845,0.6628242,media,,,,
Google PMAX,61154.5703125,prior,0.8800654,0.4040588,0.6018861,media,,,,
Google PMAX,61355.73046875,posterior,0.9013139,0.42152905,0.66348225,media,,,,
Google PMAX,61355.73046875,prior,0.88041145,0.40484983,0.60261,media,,,,
Google PMAX,61556.8984375,posterior,0.90160465,0.4223274,0.6641388,media,,,,
Google PMAX,61556.8984375,prior,0.88075566,0.40563878,0.60333157,media,,,,
Google PMAX,61758.06640625,posterior,0.90189373,0.4231236,0.66479194,media,,,,
Google PMAX,61758.06640625,prior,0.8810979,0.40642565,0.6040497,media,,,,
Google PMAX,61959.234375,posterior,0.9021811,0.4239176,0.6654424,media,,,,
Google PMAX,61959.234375,prior,0.8814382,0.4072104,0.6047654,media,,,,
Google PMAX,62160.40234375,posterior,0.9024668,0.4247094,0.66609037,media,,,,
Google PMAX,62160.40234375,prior,0.8817765,0.40799314,0.6054786,media,,,,
Google PMAX,62361.56640625,posterior,0.90275085,0.42549905,0.6667361,media,,,,
Google PMAX,62361.56640625,prior,0.8821129,0.40877375,0.60618865,media,,,,
Google PMAX,62562.73046875,posterior,0.9030332,0.4262865,0.66737914,media,,,,
Google PMAX,62562.73046875,prior,0.8824475,0.40955228,0.60689604,media,,,,
Google PMAX,62763.8984375,posterior,0.90331393,0.42707178,0.66801953,media,,,,
Google PMAX,62763.8984375,prior,0.8827801,0.41032884,0.6076013,media,,,,
Google PMAX,62965.06640625,posterior,0.90359306,0.42785493,0.66865706,media,,,,
Google PMAX,62965.06640625,prior,0.88311076,0.4111033,0.60830355,media,,,,
Google PMAX,63166.23046875,posterior,0.9038706,0.42863595,0.66929275,media,,,,
Google PMAX,63166.23046875,prior,0.88343966,0.41187578,0.6090032,media,,,,
Google PMAX,63367.3984375,posterior,0.9041465,0.42941487,0.669924,media,,,,
Google PMAX,63367.3984375,prior,0.8837667,0.41264623,0.60970074,media,,,,
Google PMAX,63568.5625,posterior,0.9044208,0.4301916,0.67055446,media,,,,
Google PMAX,63568.5625,prior,0.88409185,0.41341466,0.61039495,media,,,,
Google PMAX,63769.7265625,posterior,0.9046936,0.4309663,0.6711819,media,,,,
Google PMAX,63769.7265625,prior,0.8844152,0.41418105,0.6110872,media,,,,
Google PMAX,63970.89453125,posterior,0.9049648,0.43173885,0.67180765,media,,,,
Google PMAX,63970.89453125,prior,0.8847368,0.41494548,0.6117766,media,,,,
Google PMAX,64172.0625,posterior,0.9052345,0.4325093,0.6724299,media,,,,
Google PMAX,64172.0625,prior,0.88505656,0.4157079,0.61246324,media,,,,
Google PMAX,64373.23046875,posterior,0.9055027,0.4332777,0.67305017,media,,,,
Google PMAX,64373.23046875,prior,0.8853746,0.41646835,0.61314744,media,,,,
Google PMAX,64574.3984375,posterior,0.9057693,0.434044,0.67366785,media,,,,
Google PMAX,64574.3984375,prior,0.88569087,0.4172268,0.6138297,media,,,,
Google PMAX,64775.55859375,posterior,0.90603447,0.43480822,0.67428255,media,,,,
Google PMAX,64775.55859375,prior,0.8860054,0.4179833,0.6145085,media,,,,
Google PMAX,64976.7265625,posterior,0.9062981,0.4355704,0.67489547,media,,,,
Google PMAX,64976.7265625,prior,0.8863182,0.4187378,0.6151856,media,,,,
Google PMAX,65177.89453125,posterior,0.9065603,0.43633053,0.6755061,media,,,,
Google PMAX,65177.89453125,prior,0.88662934,0.4194904,0.61586,media,,,,
Google PMAX,65379.0625,posterior,0.906821,0.43708858,0.6761136,media,,,,
Google PMAX,65379.0625,prior,0.8869387,0.42024103,0.61653155,media,,,,
Google PMAX,65580.2265625,posterior,0.9070803,0.43784463,0.6767193,media,,,,
Google PMAX,65580.2265625,prior,0.8872464,0.42098972,0.61720115,media,,,,
Google PMAX,65781.3984375,posterior,0.90733814,0.43859863,0.6773232,media,,,,
Google PMAX,65781.3984375,prior,0.88755244,0.42173648,0.617868,media,,,,
Google PMAX,65982.5546875,posterior,0.9075945,0.4393506,0.6779232,media,,,,
Google PMAX,65982.5546875,prior,0.8878567,0.4224813,0.6185327,media,,,,
Google PMAX,66183.7265625,posterior,0.9078495,0.4401006,0.6785218,media,,,,
Google PMAX,66183.7265625,prior,0.8881595,0.42322418,0.61919475,media,,,,
Google PMAX,66384.890625,posterior,0.9081031,0.4408486,0.67911875,media,,,,
Google PMAX,66384.890625,prior,0.8884606,0.42396522,0.619855,media,,,,
Google PMAX,66586.0625,posterior,0.9083553,0.44159457,0.6797122,media,,,,
Google PMAX,66586.0625,prior,0.8887601,0.42470434,0.6205122,media,,,,
Google PMAX,66787.2265625,posterior,0.9086061,0.44233856,0.6803026,media,,,,
Google PMAX,66787.2265625,prior,0.889058,0.42544153,0.62116724,media,,,,
Google PMAX,66988.390625,posterior,0.9088555,0.44308054,0.6808923,media,,,,
Google PMAX,66988.390625,prior,0.8893543,0.42617685,0.6218203,media,,,,
Google PMAX,67189.5546875,posterior,0.9091036,0.44382057,0.68147945,media,,,,
Google PMAX,67189.5546875,prior,0.88964903,0.42691028,0.6224703,media,,,,
Google PMAX,67390.7265625,posterior,0.90935034,0.44455865,0.68206453,media,,,,
Google PMAX,67390.7265625,prior,0.88994217,0.42764187,0.62311846,media,,,,
Google PMAX,67591.890625,posterior,0.9095957,0.44529477,0.6826462,media,,,,
Google PMAX,67591.890625,prior,0.89023376,0.42837158,0.6237637,media,,,,
Google PMAX,67793.0546875,posterior,0.9098398,0.44602895,0.6832273,media,,,,
Google PMAX,67793.0546875,prior,0.89052385,0.42909944,0.6244072,media,,,,
Google PMAX,67994.2265625,posterior,0.9100826,0.44676116,0.6838062,media,,,,
Google PMAX,67994.2265625,prior,0.8908124,0.42982545,0.62504834,media,,,,
Google PMAX,68195.390625,posterior,0.91032404,0.44749144,0.6843814,media,,,,
Google PMAX,68195.390625,prior,0.89109933,0.4305496,0.6256871,media,,,,
Google PMAX,68396.5546875,posterior,0.9105642,0.4482198,0.6849553,media,,,,
Google PMAX,68396.5546875,prior,0.89138484,0.4312719,0.6263247,media,,,,
Google PMAX,68597.71875,posterior,0.9108031,0.44894627,0.68552655,media,,,,
Google PMAX,68597.71875,prior,0.8916688,0.43199238,0.62695855,media,,,,
Google PMAX,68798.890625,posterior,0.91104066,0.4496708,0.6860953,media,,,,
Google PMAX,68798.890625,prior,0.8919513,0.43271106,0.62759095,media,,,,
Google PMAX,69000.0546875,posterior,0.91127706,0.45039347,0.68666303,media,,,,
Google PMAX,69000.0546875,prior,0.8922324,0.43342793,0.6282207,media,,,,
Google PMAX,69201.2265625,posterior,0.91151214,0.45111418,0.68722755,media,,,,
Google PMAX,69201.2265625,prior,0.892512,0.43414295,0.62884825,media,,,,
Google PMAX,69402.3828125,posterior,0.91174597,0.45183304,0.68779063,media,,,,
Google PMAX,69402.3828125,prior,0.8927902,0.4348562,0.6294743,media,,,,
Google PMAX,69603.5546875,posterior,0.9119786,0.45255002,0.68835163,media,,,,
Google PMAX,69603.5546875,prior,0.89306694,0.43556765,0.6300969,media,,,,
Google PMAX,69804.71875,posterior,0.91221,0.45326513,0.6889098,media,,,,
Google PMAX,69804.71875,prior,0.8933422,0.43627727,0.6307184,media,,,,
Google PMAX,70005.890625,posterior,0.9124402,0.45397836,0.68946594,media,,,,
Google PMAX,70005.890625,prior,0.89361614,0.43698516,0.6313374,media,,,,
Google PMAX,70207.0546875,posterior,0.9126692,0.45468974,0.69002074,media,,,,
Google PMAX,70207.0546875,prior,0.8938886,0.43769124,0.6319543,media,,,,
Google PMAX,70408.21875,posterior,0.91289693,0.45539927,0.6905728,media,,,,
Google PMAX,70408.21875,prior,0.8941596,0.43839556,0.6325689,media,,,,
Google PMAX,70609.3828125,posterior,0.91312355,0.45610693,0.6911237,media,,,,
Google PMAX,70609.3828125,prior,0.89442927,0.43909812,0.6331811,media,,,,
Google PMAX,70810.5546875,posterior,0.9133489,0.4568128,0.691673,media,,,,
Google PMAX,70810.5546875,prior,0.89469767,0.43979895,0.63379157,media,,,,
Google PMAX,71011.71875,posterior,0.9135732,0.45751682,0.69221795,media,,,,
Google PMAX,71011.71875,prior,0.89496464,0.440498,0.6344002,media,,,,
Google PMAX,71212.8828125,posterior,0.9137963,0.45821902,0.69276315,media,,,,
Google PMAX,71212.8828125,prior,0.89523023,0.4411953,0.63500667,media,,,,
Google PMAX,71414.0546875,posterior,0.9140182,0.45891938,0.6933044,media,,,,
Google PMAX,71414.0546875,prior,0.8954945,0.4418909,0.63561064,media,,,,
Google PMAX,71615.21875,posterior,0.91423905,0.45961794,0.6938465,media,,,,
Google PMAX,71615.21875,prior,0.89575756,0.44258472,0.63621294,media,,,,
Google PMAX,71816.3828125,posterior,0.91445875,0.4603147,0.69438434,media,,,,
Google PMAX,71816.3828125,prior,0.8960191,0.44327685,0.6368129,media,,,,
Google PMAX,72017.546875,posterior,0.91467726,0.46100965,0.6949202,media,,,,
Google PMAX,72017.546875,prior,0.89627945,0.44396728,0.63741076,media,,,,
Google PMAX,72218.71875,posterior,0.9148947,0.46170285,0.6954549,media,,,,
Google PMAX,72218.71875,prior,0.8965385,0.44465595,0.638007,media,,,,
Google PMAX,72419.8828125,posterior,0.91511106,0.46239427,0.6959863,media,,,,
Google PMAX,72419.8828125,prior,0.8967962,0.44534296,0.6386007,media,,,,
Google PMAX,72621.0546875,posterior,0.9153263,0.4630839,0.6965175,media,,,,
Google PMAX,72621.0546875,prior,0.89705265,0.44602826,0.63919246,media,,,,
Google PMAX,72822.2109375,posterior,0.91554046,0.46377173,0.6970462,media,,,,
Google PMAX,72822.2109375,prior,0.8973078,0.44671187,0.6397828,media,,,,
Google PMAX,73023.3828125,posterior,0.91575354,0.46445784,0.69757354,media,,,,
Google PMAX,73023.3828125,prior,0.8975617,0.4473938,0.6403704,media,,,,
Google PMAX,73224.546875,posterior,0.91596556,0.4651422,0.69809765,media,,,,
Google PMAX,73224.546875,prior,0.8978144,0.44807404,0.64095616,media,,,,
Google PMAX,73425.71875,posterior,0.91617644,0.4658248,0.69862086,media,,,,
Google PMAX,73425.71875,prior,0.8980658,0.4487526,0.64154,media,,,,
Google PMAX,73626.8828125,posterior,0.91638637,0.46650568,0.69914216,media,,,,
Google PMAX,73626.8828125,prior,0.89831597,0.4494295,0.6421226,media,,,,
Google PMAX,73828.046875,posterior,0.91659516,0.46718478,0.6996612,media,,,,
Google PMAX,73828.046875,prior,0.89856493,0.45010477,0.6427023,media,,,,
Google PMAX,74029.2109375,posterior,0.91680294,0.46786222,0.70017916,media,,,,
Google PMAX,74029.2109375,prior,0.8988128,0.45077837,0.64328027,media,,,,
Google PMAX,74230.375,posterior,0.9170097,0.46853787,0.70069396,media,,,,
Google PMAX,74230.375,prior,0.8990593,0.4514503,0.64385635,media,,,,
Google PMAX,74431.546875,posterior,0.91721547,0.46921188,0.7012071,media,,,,
Google PMAX,74431.546875,prior,0.8993046,0.4521206,0.6444307,media,,,,
Google PMAX,74632.7109375,posterior,0.91742015,0.4698841,0.7017187,media,,,,
Google PMAX,74632.7109375,prior,0.89954877,0.45278928,0.6450027,media,,,,
Google PMAX,74833.8828125,posterior,0.9176239,0.47055468,0.70222807,media,,,,
Google PMAX,74833.8828125,prior,0.8997917,0.4534563,0.64557374,media,,,,
Google PMAX,75035.0390625,posterior,0.91782653,0.47122356,0.7027366,media,,,,
Google PMAX,75035.0390625,prior,0.9000335,0.4541217,0.64614207,media,,,,
Google PMAX,75236.2109375,posterior,0.91802824,0.47189072,0.7032434,media,,,,
Google PMAX,75236.2109375,prior,0.9002741,0.45478547,0.64670837,media,,,,
Google PMAX,75437.375,posterior,0.9182289,0.47255623,0.70374817,media,,,,
Google PMAX,75437.375,prior,0.9005136,0.45544764,0.6472732,media,,,,
Google PMAX,75638.546875,posterior,0.91842866,0.47322008,0.70425105,media,,,,
Google PMAX,75638.546875,prior,0.90075195,0.45610824,0.64783597,media,,,,
Google PMAX,75839.7109375,posterior,0.91862744,0.4738822,0.7047522,media,,,,
Google PMAX,75839.7109375,prior,0.90098906,0.45676723,0.6483968,media,,,,
Google PMAX,76040.875,posterior,0.91882527,0.4745427,0.7052513,media,,,,
Google PMAX,76040.875,prior,0.90122515,0.45742458,0.64895636,media,,,,
Google PMAX,76242.0390625,posterior,0.9190221,0.47520152,0.7057479,media,,,,
Google PMAX,76242.0390625,prior,0.9014601,0.45808035,0.64951324,media,,,,
Google PMAX,76443.2109375,posterior,0.919218,0.4758587,0.7062436,media,,,,
Google PMAX,76443.2109375,prior,0.90169394,0.45873454,0.6500689,media,,,,
Google PMAX,76644.375,posterior,0.9194129,0.47651425,0.7067384,media,,,,
Google PMAX,76644.375,prior,0.9019267,0.45938718,0.65062296,media,,,,
Google PMAX,76845.5390625,posterior,0.9196069,0.47716814,0.7072303,media,,,,
Google PMAX,76845.5390625,prior,0.9021583,0.46003824,0.65117496,media,,,,
Google PMAX,77046.7109375,posterior,0.9198,0.4778204,0.7077205,media,,,,
Google PMAX,77046.7109375,prior,0.9023888,0.46068773,0.65172535,media,,,,
Google PMAX,77247.875,posterior,0.91999215,0.47847104,0.7082102,media,,,,
Google PMAX,77247.875,prior,0.90261817,0.46133566,0.6522732,media,,,,
Google PMAX,77449.0390625,posterior,0.92018336,0.47912008,0.70869744,media,,,,
Google PMAX,77449.0390625,prior,0.9028466,0.46198204,0.65281916,media,,,,
Google PMAX,77650.203125,posterior,0.9203737,0.4797675,0.70918304,media,,,,
Google PMAX,77650.203125,prior,0.90307385,0.46262687,0.6533645,media,,,,
Google PMAX,77851.375,posterior,0.9205631,0.4804133,0.70966667,media,,,,
Google PMAX,77851.375,prior,0.9033001,0.46327016,0.65390736,media,,,,
Google PMAX,78052.5390625,posterior,0.92075163,0.4810575,0.7101484,media,,,,
Google PMAX,78052.5390625,prior,0.9035253,0.46391186,0.65444833,media,,,,
Google PMAX,78253.7109375,posterior,0.9209392,0.48170012,0.71062917,media,,,,
Google PMAX,78253.7109375,prior,0.90374947,0.46455207,0.65498817,media,,,,
Google PMAX,78454.8671875,posterior,0.9211259,0.48234114,0.7111069,media,,,,
Google PMAX,78454.8671875,prior,0.90397257,0.46519077,0.6555255,media,,,,
Google PMAX,78656.0390625,posterior,0.92131174,0.48298055,0.71158487,media,,,,
Google PMAX,78656.0390625,prior,0.90419465,0.46582794,0.65606153,media,,,,
Google PMAX,78857.203125,posterior,0.92149675,0.4836184,0.7120601,media,,,,
Google PMAX,78857.203125,prior,0.90441567,0.4664636,0.65659577,media,,,,
Google PMAX,79058.375,posterior,0.92168087,0.48425472,0.712534,media,,,,
Google PMAX,79058.375,prior,0.90463567,0.4670977,0.6571287,media,,,,
Google PMAX,79259.5390625,posterior,0.9218641,0.48488945,0.7130057,media,,,,
Google PMAX,79259.5390625,prior,0.9048547,0.46773034,0.65765965,media,,,,
Google PMAX,79460.703125,posterior,0.9220465,0.4855226,0.71347696,media,,,,
Google PMAX,79460.703125,prior,0.9050727,0.46836147,0.6581883,media,,,,
Google PMAX,79661.8671875,posterior,0.92222804,0.4861542,0.7139468,media,,,,
Google PMAX,79661.8671875,prior,0.90528965,0.46899107,0.6587165,media,,,,
Google PMAX,79863.0390625,posterior,0.92240876,0.48678425,0.7144143,media,,,,
Google PMAX,79863.0390625,prior,0.90550566,0.4696192,0.65924203,media,,,,
Google PMAX,80064.203125,posterior,0.9225886,0.48741278,0.71487963,media,,,,
Google PMAX,80064.203125,prior,0.9057207,0.4702459,0.659766,media,,,,
Google PMAX,80265.3671875,posterior,0.92276764,0.48803976,0.7153439,media,,,,
Google PMAX,80265.3671875,prior,0.90593475,0.47087106,0.6602885,media,,,,
Google PMAX,80466.5390625,posterior,0.92294586,0.4886652,0.715807,media,,,,
Google PMAX,80466.5390625,prior,0.90614784,0.47149473,0.6608097,media,,,,
Google PMAX,80667.703125,posterior,0.92312324,0.48928913,0.7162677,media,,,,
Google PMAX,80667.703125,prior,0.90636003,0.47211698,0.6613285,media,,,,
Google PMAX,80868.8671875,posterior,0.92329985,0.48991147,0.7167279,media,,,,
Google PMAX,80868.8671875,prior,0.9065712,0.47273773,0.66184556,media,,,,
Google PMAX,81070.03125,posterior,0.9234756,0.49053237,0.7171863,media,,,,
Google PMAX,81070.03125,prior,0.9067814,0.47335705,0.6623622,media,,,,
Google PMAX,81271.203125,posterior,0.92365056,0.49115172,0.71764183,media,,,,
Google PMAX,81271.203125,prior,0.9069907,0.4739749,0.66287637,media,,,,
Google PMAX,81472.3671875,posterior,0.9238247,0.4917696,0.71809775,media,,,,
Google PMAX,81472.3671875,prior,0.907199,0.47459134,0.66338867,media,,,,
Google PMAX,81673.5390625,posterior,0.9239981,0.49238598,0.7185508,media,,,,
Google PMAX,81673.5390625,prior,0.90740645,0.47520632,0.6639,media,,,,
Google PMAX,81874.6953125,posterior,0.9241706,0.49300084,0.7190038,media,,,,
Google PMAX,81874.6953125,prior,0.90761286,0.47581983,0.6644093,media,,,,
Google PMAX,82075.8671875,posterior,0.9243424,0.49361423,0.71945435,media,,,,
Google PMAX,82075.8671875,prior,0.90781844,0.47643197,0.6649173,media,,,,
Google PMAX,82277.03125,posterior,0.92451346,0.49422613,0.7199026,media,,,,
Google PMAX,82277.03125,prior,0.90802306,0.4770426,0.66542333,media,,,,
Google PMAX,82478.203125,posterior,0.9246837,0.49483657,0.72035015,media,,,,
Google PMAX,82478.203125,prior,0.90822685,0.4776519,0.66592777,media,,,,
Google PMAX,82679.3671875,posterior,0.92485315,0.49544552,0.7207957,media,,,,
Google PMAX,82679.3671875,prior,0.9084297,0.47825968,0.66643155,media,,,,
Google PMAX,82880.53125,posterior,0.9250219,0.496053,0.72124135,media,,,,
Google PMAX,82880.53125,prior,0.9086316,0.47886616,0.6669327,media,,,,
Google PMAX,83081.6953125,posterior,0.9251898,0.49665904,0.7216847,media,,,,
Google PMAX,83081.6953125,prior,0.9088327,0.47947115,0.66743326,media,,,,
Google PMAX,83282.8671875,posterior,0.92535704,0.4972636,0.7221252,media,,,,
Google PMAX,83282.8671875,prior,0.90903294,0.48007473,0.6679315,media,,,,
Google PMAX,83484.03125,posterior,0.9255235,0.49786672,0.72256655,media,,,,
Google PMAX,83484.03125,prior,0.9092322,0.48067695,0.6684286,media,,,,
Google PMAX,83685.1953125,posterior,0.9256892,0.4984684,0.7230044,media,,,,
Google PMAX,83685.1953125,prior,0.9094306,0.48127776,0.6689238,media,,,,
Google PMAX,83886.3671875,posterior,0.9258542,0.49906865,0.72344196,media,,,,
Google PMAX,83886.3671875,prior,0.9096282,0.48187718,0.6694178,media,,,,
Google PMAX,84087.53125,posterior,0.9260185,0.49966744,0.7238778,media,,,,
Google PMAX,84087.53125,prior,0.9098249,0.48247522,0.6699101,media,,,,
Google PMAX,84288.6953125,posterior,0.92618203,0.5002648,0.72431165,media,,,,
Google PMAX,84288.6953125,prior,0.9100207,0.48307186,0.67040056,media,,,,
Google PMAX,84489.859375,posterior,0.9263448,0.5008608,0.724746,media,,,,
Google PMAX,84489.859375,prior,0.91021574,0.48366717,0.67089057,media,,,,
Google PMAX,84691.03125,posterior,0.92650694,0.5014553,0.7251774,media,,,,
Google PMAX,84691.03125,prior,0.91040987,0.48426107,0.67137843,media,,,,
Google PMAX,84892.1953125,posterior,0.9266683,0.50204843,0.72560835,media,,,,
Google PMAX,84892.1953125,prior,0.9106032,0.48485363,0.6718647,media,,,,
Google PMAX,85093.3671875,posterior,0.926829,0.5026401,0.7260365,media,,,,
Google PMAX,85093.3671875,prior,0.9107957,0.48544484,0.6723497,media,,,,
Google PMAX,85294.53125,posterior,0.92698896,0.50323045,0.72646403,media,,,,
Google PMAX,85294.53125,prior,0.9109874,0.4860347,0.67283326,media,,,,
Google PMAX,85495.6953125,posterior,0.9271482,0.50381935,0.7268901,media,,,,
Google PMAX,85495.6953125,prior,0.9111782,0.48662317,0.67331487,media,,,,
Google PMAX,85696.8671875,posterior,0.92730683,0.50440687,0.72731507,media,,,,
Google PMAX,85696.8671875,prior,0.9113682,0.48721033,0.6737956,media,,,,
Google PMAX,85898.0234375,posterior,0.9274647,0.5049929,0.7277379,media,,,,
Google PMAX,85898.0234375,prior,0.9115574,0.48779613,0.67427474,media,,,,
Google PMAX,86099.1875,posterior,0.9276219,0.5055776,0.72816044,media,,,,
Google PMAX,86099.1875,prior,0.9117458,0.48838052,0.6747521,media,,,,
Google PMAX,86300.359375,posterior,0.9277784,0.506161,0.72858167,media,,,,
Google PMAX,86300.359375,prior,0.91193336,0.48896372,0.6752287,media,,,,
Google PMAX,86501.5234375,posterior,0.9279343,0.50674295,0.7290006,media,,,,
Google PMAX,86501.5234375,prior,0.91212016,0.48954546,0.67570287,media,,,,
Google PMAX,86702.6953125,posterior,0.9280895,0.50732356,0.72941816,media,,,,
Google PMAX,86702.6953125,prior,0.9123062,0.490126,0.67617637,media,,,,
Google PMAX,86903.859375,posterior,0.928244,0.5079028,0.72983515,media,,,,
Google PMAX,86903.859375,prior,0.91249144,0.49070513,0.67664856,media,,,,
Google PMAX,87105.0234375,posterior,0.92839783,0.50848067,0.73025084,media,,,,
Google PMAX,87105.0234375,prior,0.9126759,0.491283,0.67711854,media,,,,
Google PMAX,87306.1953125,posterior,0.9285511,0.5090572,0.7306642,media,,,,
Google PMAX,87306.1953125,prior,0.91285956,0.49185953,0.6775875,media,,,,
Google PMAX,87507.359375,posterior,0.9287036,0.5096324,0.73107815,media,,,,
Google PMAX,87507.359375,prior,0.9130424,0.49243477,0.67805576,media,,,,
Google PMAX,87708.53125,posterior,0.9288555,0.5102062,0.7314889,media,,,,
Google PMAX,87708.53125,prior,0.91322464,0.49300867,0.67852175,media,,,,
Google PMAX,87909.6953125,posterior,0.92900676,0.5107787,0.73189867,media,,,,
Google PMAX,87909.6953125,prior,0.91340595,0.49358135,0.67898655,media,,,,
Google PMAX,88110.859375,posterior,0.9291573,0.51134986,0.73230815,media,,,,
Google PMAX,88110.859375,prior,0.91358656,0.49415264,0.6794501,media,,,,
Google PMAX,88312.015625,posterior,0.9293073,0.5119197,0.732716,media,,,,
Google PMAX,88312.015625,prior,0.91376644,0.4947227,0.6799127,media,,,,
Google PMAX,88513.1875,posterior,0.92945665,0.5124881,0.73312205,media,,,,
Google PMAX,88513.1875,prior,0.91394556,0.49529147,0.6803727,media,,,,
Google PMAX,88714.3515625,posterior,0.92960536,0.5130553,0.7335265,media,,,,
Google PMAX,88714.3515625,prior,0.91412395,0.49585897,0.6808322,media,,,,
Google PMAX,88915.5234375,posterior,0.9297534,0.51362115,0.73392963,media,,,,
Google PMAX,88915.5234375,prior,0.9143016,0.49642518,0.6812903,media,,,,
Google PMAX,89116.6875,posterior,0.9299009,0.5141858,0.7343324,media,,,,
Google PMAX,89116.6875,prior,0.91447854,0.49699014,0.6817473,media,,,,
Google PMAX,89317.8515625,posterior,0.9300477,0.514749,0.7347334,media,,,,
Google PMAX,89317.8515625,prior,0.9146547,0.49755383,0.68220234,media,,,,
Google PMAX,89519.0234375,posterior,0.93019396,0.5153109,0.73513407,media,,,,
Google PMAX,89519.0234375,prior,0.91483015,0.49811625,0.68265635,media,,,,
Google PMAX,89720.1875,posterior,0.9303396,0.5158715,0.735532,media,,,,
Google PMAX,89720.1875,prior,0.91500485,0.4986774,0.6831089,media,,,,
Google PMAX,89921.359375,posterior,0.93048453,0.51643085,0.7359306,media,,,,
Google PMAX,89921.359375,prior,0.9151789,0.49923733,0.6835606,media,,,,
Google PMAX,90122.5234375,posterior,0.9306289,0.5169889,0.7363272,media,,,,
Google PMAX,90122.5234375,prior,0.91535217,0.499796,0.6840105,media,,,,
Google PMAX,90323.6953125,posterior,0.9307727,0.51754564,0.73672247,media,,,,
Google PMAX,90323.6953125,prior,0.9155248,0.5003534,0.6844592,media,,,,
Google PMAX,90524.8515625,posterior,0.93091595,0.51810104,0.73711526,media,,,,
Google PMAX,90524.8515625,prior,0.9156967,0.50090957,0.684907,media,,,,
Google PMAX,90726.015625,posterior,0.9310585,0.51865524,0.7375086,media,,,,
Google PMAX,90726.015625,prior,0.9158678,0.5014645,0.6853529,media,,,,
Google PMAX,90927.1796875,posterior,0.93120056,0.51920813,0.73789936,media,,,,
Google PMAX,90927.1796875,prior,0.91603833,0.5020182,0.68579745,media,,,,
Google PMAX,91128.3515625,posterior,0.93134207,0.5197598,0.738289,media,,,,
Google PMAX,91128.3515625,prior,0.9162082,0.5025706,0.6862413,media,,,,
Google PMAX,91329.515625,posterior,0.9314829,0.5203102,0.7386787,media,,,,
Google PMAX,91329.515625,prior,0.9163773,0.503122,0.6866838,media,,,,
Google PMAX,91530.6875,posterior,0.9316232,0.52085936,0.7390666,media,,,,
Google PMAX,91530.6875,prior,0.91654575,0.50367194,0.6871241,media,,,,
Google PMAX,91731.8515625,posterior,0.93176293,0.5214072,0.7394537,media,,,,
Google PMAX,91731.8515625,prior,0.91671354,0.5042208,0.6875641,media,,,,
Google PMAX,91933.015625,posterior,0.93190205,0.5219538,0.73983634,media,,,,
Google PMAX,91933.015625,prior,0.9168806,0.5047684,0.6880028,media,,,,
Google PMAX,92134.1875,posterior,0.93204063,0.52249914,0.7402218,media,,,,
Google PMAX,92134.1875,prior,0.9170471,0.5053148,0.68843985,media,,,,
Google PMAX,92335.3515625,posterior,0.9321787,0.5230433,0.74060553,media,,,,
Google PMAX,92335.3515625,prior,0.91721284,0.5058599,0.6888754,media,,,,
Google PMAX,92536.5234375,posterior,0.9323161,0.52358615,0.74098814,media,,,,
Google PMAX,92536.5234375,prior,0.91737795,0.506404,0.6893098,media,,,,
Google PMAX,92737.6796875,posterior,0.93245304,0.52412784,0.74136823,media,,,,
Google PMAX,92737.6796875,prior,0.91754234,0.50694674,0.68974394,media,,,,
Google PMAX,92938.84375,posterior,0.9325894,0.5246682,0.7417478,media,,,,
Google PMAX,92938.84375,prior,0.91770613,0.5074883,0.69017607,media,,,,
Google PMAX,93140.015625,posterior,0.9327252,0.52520746,0.7421273,media,,,,
Google PMAX,93140.015625,prior,0.91786927,0.50802875,0.6906067,media,,,,
Google PMAX,93341.1796875,posterior,0.93286043,0.52574545,0.74250317,media,,,,
Google PMAX,93341.1796875,prior,0.91803175,0.5085679,0.691036,media,,,,
Google PMAX,93542.34375,posterior,0.93299514,0.5262822,0.74288094,media,,,,
Google PMAX,93542.34375,prior,0.91819364,0.509106,0.69146514,media,,,,
Google PMAX,93743.515625,posterior,0.9331293,0.52681774,0.743256,media,,,,
Google PMAX,93743.515625,prior,0.9183548,0.5096429,0.69189173,media,,,,
Google PMAX,93944.6796875,posterior,0.93326294,0.5273521,0.7436288,media,,,,
Google PMAX,93944.6796875,prior,0.9185154,0.51017857,0.69231826,media,,,,
Google PMAX,94145.8515625,posterior,0.9333961,0.5278852,0.74400187,media,,,,
Google PMAX,94145.8515625,prior,0.91867536,0.5107131,0.6927429,media,,,,
Google PMAX,94347.015625,posterior,0.93352866,0.5284171,0.744373,media,,,,
Google PMAX,94347.015625,prior,0.9188347,0.51124644,0.6931665,media,,,,
Google PMAX,94548.1796875,posterior,0.9336607,0.5289479,0.7447436,media,,,,
Google PMAX,94548.1796875,prior,0.9189934,0.51177865,0.69358915,media,,,,
Google PMAX,94749.3515625,posterior,0.93379223,0.5294774,0.745114,media,,,,
Google PMAX,94749.3515625,prior,0.9191515,0.5123097,0.6940099,media,,,,
Google PMAX,94950.515625,posterior,0.93392324,0.53000575,0.7454816,media,,,,
Google PMAX,94950.515625,prior,0.91930896,0.5128396,0.69442993,media,,,,
Google PMAX,95151.671875,posterior,0.9340537,0.53053284,0.7458492,media,,,,
Google PMAX,95151.671875,prior,0.9194658,0.5133683,0.6948492,media,,,,
Google PMAX,95352.84375,posterior,0.93418366,0.53105885,0.7462155,media,,,,
Google PMAX,95352.84375,prior,0.91962206,0.51389587,0.69526666,media,,,,
Google PMAX,95554.0078125,posterior,0.9343131,0.5315836,0.7465797,media,,,,
Google PMAX,95554.0078125,prior,0.9197777,0.51442236,0.6956832,media,,,,
Google PMAX,95755.1796875,posterior,0.9344421,0.53210723,0.7469442,media,,,,
Google PMAX,95755.1796875,prior,0.9199327,0.51494765,0.6960983,media,,,,
Google PMAX,95956.34375,posterior,0.93457055,0.5326298,0.74730706,media,,,,
Google PMAX,95956.34375,prior,0.92008716,0.51547194,0.6965127,media,,,,
Google PMAX,96157.5078125,posterior,0.93469846,0.53315103,0.74766916,media,,,,
Google PMAX,96157.5078125,prior,0.920241,0.5159949,0.6969265,media,,,,
Google PMAX,96358.6796875,posterior,0.9348259,0.5336712,0.7480307,media,,,,
Google PMAX,96358.6796875,prior,0.92039424,0.51651686,0.6973379,media,,,,
Google PMAX,96559.84375,posterior,0.93495286,0.5341902,0.74839014,media,,,,
Google PMAX,96559.84375,prior,0.92054695,0.5170376,0.6977485,media,,,,
Google PMAX,96761.015625,posterior,0.9350793,0.53470796,0.7487479,media,,,,
Google PMAX,96761.015625,prior,0.920699,0.5175573,0.69815826,media,,,,
Google PMAX,96962.1796875,posterior,0.9352052,0.5352246,0.74910665,media,,,,
Google PMAX,96962.1796875,prior,0.9208505,0.5180758,0.6985667,media,,,,
Google PMAX,97163.34375,posterior,0.93533075,0.5357402,0.749462,media,,,,
Google PMAX,97163.34375,prior,0.9210015,0.5185933,0.6989744,media,,,,
Google PMAX,97364.5078125,posterior,0.93545574,0.5362546,0.74981904,media,,,,
Google PMAX,97364.5078125,prior,0.92115176,0.5191096,0.69938034,media,,,,
Google PMAX,97565.671875,posterior,0.9355802,0.53676784,0.7501731,media,,,,
Google PMAX,97565.671875,prior,0.9213016,0.5196248,0.69978565,media,,,,
Google PMAX,97766.8359375,posterior,0.93570423,0.5372799,0.7505267,media,,,,
Google PMAX,97766.8359375,prior,0.9214508,0.5201389,0.70018923,media,,,,
Google PMAX,97968.0078125,posterior,0.9358278,0.5377909,0.7508793,media,,,,
Google PMAX,97968.0078125,prior,0.9215994,0.52065194,0.7005921,media,,,,
Google PMAX,98169.171875,posterior,0.9359509,0.53830075,0.7512307,media,,,,
Google PMAX,98169.171875,prior,0.9217475,0.5211639,0.7009938,media,,,,
Google PMAX,98370.34375,posterior,0.9360735,0.53880954,0.7515806,media,,,,
Google PMAX,98370.34375,prior,0.921895,0.5216747,0.70139456,media,,,,
Google PMAX,98571.5078125,posterior,0.9361956,0.53931713,0.7519297,media,,,,
Google PMAX,98571.5078125,prior,0.922042,0.52218443,0.70179427,media,,,,
Google PMAX,98772.671875,posterior,0.9363173,0.5398236,0.7522784,media,,,,
Google PMAX,98772.671875,prior,0.9221884,0.5226931,0.7021926,media,,,,
Google PMAX,98973.84375,posterior,0.9364385,0.540329,0.7526269,media,,,,
Google PMAX,98973.84375,prior,0.9223343,0.5232007,0.7025894,media,,,,
Google PMAX,99175.0078125,posterior,0.93655926,0.54083323,0.7529728,media,,,,
Google PMAX,99175.0078125,prior,0.92247957,0.52370715,0.7029863,media,,,,
Google PMAX,99376.1796875,posterior,0.93667954,0.5413364,0.75331736,media,,,,
Google PMAX,99376.1796875,prior,0.9226244,0.5242126,0.70338124,media,,,,
Google PMAX,99577.3359375,posterior,0.9367994,0.54183847,0.7536635,media,,,,
Google PMAX,99577.3359375,prior,0.92276865,0.5247169,0.7037756,media,,,,
Google PMAX,99778.5,posterior,0.9369188,0.5423394,0.7540059,media,,,,
Google PMAX,99778.5,prior,0.9229123,0.5252202,0.7041686,media,,,,
Google PMAX,99979.6640625,posterior,0.9370377,0.5428392,0.75434816,media,,,,
Google PMAX,99979.6640625,prior,0.9230555,0.5257224,0.7045609,media,,,,
Google PMAX,100180.8359375,posterior,0.9371562,0.54333806,0.75468946,media,,,,
Google PMAX,100180.8359375,prior,0.92319816,0.5262236,0.7049513,media,,,,
Google PMAX,100382.0,posterior,0.9372743,0.54383576,0.75503063,media,,,,
Google PMAX,100382.0,prior,0.92334026,0.5267237,0.7053413,media,,,,
Google Video,0.0,posterior,0.0,0.0,0.0,media,,,,
Google Video,0.0,prior,0.0,0.0,0.0,media,,,,
Google Video,476.3467102050781,posterior,0.054491613,0.008093655,0.021563496,media,,,,
Google Video,476.3467102050781,prior,0.08167672,0.008477743,0.027450832,media,,,,
Google Video,952.6934204101562,posterior,0.10335144,0.016057348,0.041632533,media,,,,
Google Video,952.6934204101562,prior,0.15101874,0.016812949,0.052383192,media,,,,
Google Video,1429.0400390625,posterior,0.14740965,0.023894183,0.060445767,media,,,,
Google Video,1429.0400390625,prior,0.21062401,0.025009185,0.07528559,media,,,,
Google Video,1905.3868408203125,posterior,0.1873409,0.031607166,0.078178346,media,,,,
Google Video,1905.3868408203125,prior,0.26240882,0.033069894,0.09650201,media,,,,
Google Video,2381.7333984375,posterior,0.22369911,0.03919921,0.094964385,media,,,,
Google Video,2381.7333984375,prior,0.3078175,0.040998414,0.116286576,media,,,,
Google Video,2858.080078125,posterior,0.25694335,0.046673145,0.11091049,media,,,,
Google Video,2858.080078125,prior,0.3479594,0.04879797,0.13483395,media,,,,
Google Video,3334.427001953125,posterior,0.2874572,0.0540317,0.1261028,media,,,,
Google Video,3334.427001953125,prior,0.3837006,0.056471683,0.1522975,media,,,,
Google Video,3810.773681640625,posterior,0.31556377,0.061277524,0.14061289,media,,,,
Google Video,3810.773681640625,prior,0.41572717,0.06402257,0.16880096,media,,,,
Google Video,4287.1201171875,posterior,0.34153715,0.06841319,0.15450157,media,,,,
Google Video,4287.1201171875,prior,0.44458956,0.071453564,0.18444584,media,,,,
Google Video,4763.466796875,posterior,0.36561126,0.0754412,0.16781956,media,,,,
Google Video,4763.466796875,prior,0.47073463,0.078767486,0.19931778,media,,,,
Google Video,5239.81396484375,posterior,0.38798717,0.08236395,0.1806121,media,,,,
Google Video,5239.81396484375,prior,0.49452895,0.08596709,0.21348797,media,,,,
Google Video,5716.16015625,posterior,0.40883833,0.08918381,0.19291852,media,,,,
Google Video,5716.16015625,prior,0.51627576,0.09305504,0.22701819,media,,,,
Google Video,6192.5068359375,posterior,0.42831555,0.09590304,0.2047727,media,,,,
Google Video,6192.5068359375,prior,0.5362286,0.1000339,0.23996203,media,,,,
Google Video,6668.85400390625,posterior,0.44655025,0.10252386,0.21620539,media,,,,
Google Video,6668.85400390625,prior,0.5546006,0.10690619,0.2523656,media,,,,
Google Video,7145.20068359375,posterior,0.46365768,0.10904842,0.2272436,media,,,,
Google Video,7145.20068359375,prior,0.5715725,0.11367431,0.2642698,media,,,,
Google Video,7621.54736328125,posterior,0.4797392,0.1154788,0.23791176,media,,,,
Google Video,7621.54736328125,prior,0.5872984,0.12034063,0.27571094,media,,,,
Google Video,8097.8935546875,posterior,0.4948844,0.121817015,0.2482321,media,,,,
Google Video,8097.8935546875,prior,0.6019107,0.12690741,0.2867206,media,,,,
Google Video,8574.240234375,posterior,0.5091728,0.12806505,0.2582253,media,,,,
Google Video,8574.240234375,prior,0.6155237,0.13337685,0.29732835,media,,,,
Google Video,9050.5869140625,posterior,0.52267504,0.13422479,0.26790887,media,,,,
Google Video,9050.5869140625,prior,0.6282365,0.13975115,0.30755943,media,,,,
Google Video,9526.93359375,posterior,0.53545433,0.14029811,0.27729958,media,,,,
Google Video,9526.93359375,prior,0.6401354,0.14603236,0.31743774,media,,,,
Google Video,10003.28125,posterior,0.5475672,0.14628686,0.28641352,media,,,,
Google Video,10003.28125,prior,0.6512963,0.15222251,0.32698402,media,,,,
Google Video,10479.6279296875,posterior,0.55906445,0.15219271,0.2952639,media,,,,
Google Video,10479.6279296875,prior,0.6617857,0.15832357,0.33621773,media,,,,
Google Video,10955.9736328125,posterior,0.56999177,0.15801741,0.30386445,media,,,,
Google Video,10955.9736328125,prior,0.67166245,0.16433744,0.3451566,media,,,,
Google Video,11432.3203125,posterior,0.58039063,0.16376264,0.3122269,media,,,,
Google Video,11432.3203125,prior,0.6809787,0.17026597,0.3538167,media,,,,
Google Video,11908.6669921875,posterior,0.5902985,0.16942999,0.3203619,media,,,,
Google Video,11908.6669921875,prior,0.68978095,0.17611097,0.36221293,media,,,,
Google Video,12385.013671875,posterior,0.59974915,0.17502102,0.32828075,media,,,,
Google Video,12385.013671875,prior,0.69811046,0.18187422,0.37035862,media,,,,
Google Video,12861.3603515625,posterior,0.6087737,0.1805373,0.33599293,media,,,,
Google Video,12861.3603515625,prior,0.7060044,0.18755738,0.37826687,media,,,,
Google Video,13337.7080078125,posterior,0.6174002,0.1859803,0.3435078,media,,,,
Google Video,13337.7080078125,prior,0.7134959,0.19316214,0.38594943,media,,,,
Google Video,13814.0537109375,posterior,0.6256545,0.19135147,0.35083285,media,,,,
Google Video,13814.0537109375,prior,0.7206152,0.1986901,0.39341703,media,,,,
Google Video,14290.4013671875,posterior,0.63356024,0.19665222,0.35797715,media,,,,
Google Video,14290.4013671875,prior,0.7273893,0.20414282,0.40067908,media,,,,
Google Video,14766.7470703125,posterior,0.64113885,0.20188393,0.36494774,media,,,,
Google Video,14766.7470703125,prior,0.73384255,0.20952183,0.40774578,media,,,,
Google Video,15243.0947265625,posterior,0.64841044,0.20704795,0.37175134,media,,,,
Google Video,15243.0947265625,prior,0.73999745,0.21482861,0.41462585,media,,,,
Google Video,15719.44140625,posterior,0.6553931,0.21214557,0.37839434,media,,,,
Google Video,15719.44140625,prior,0.7458741,0.22006464,0.42132705,media,,,,
Google Video,16195.787109375,posterior,0.66210383,0.21717803,0.3848838,media,,,,
Google Video,16195.787109375,prior,0.751491,0.22523127,0.4278574,media,,,,
Google Video,16672.134765625,posterior,0.66855824,0.22214666,0.39122507,media,,,,
Google Video,16672.134765625,prior,0.7568649,0.23032993,0.43422437,media,,,,
Google Video,17148.48046875,posterior,0.67477065,0.22705257,0.39742324,media,,,,
Google Video,17148.48046875,prior,0.76201135,0.23536189,0.44043395,media,,,,
Google Video,17624.828125,posterior,0.68075454,0.23189703,0.40348446,media,,,,
Google Video,17624.828125,prior,0.7669444,0.2403285,0.4464933,media,,,,
Google Video,18101.173828125,posterior,0.6865221,0.2366811,0.4094135,media,,,,
Google Video,18101.173828125,prior,0.77167714,0.245231,0.4524078,media,,,,
Google Video,18577.521484375,posterior,0.692085,0.241406,0.4152146,media,,,,
Google Video,18577.521484375,prior,0.7762215,0.2500706,0.45818326,media,,,,
Google Video,19053.8671875,posterior,0.6974539,0.2460727,0.4208917,media,,,,
Google Video,19053.8671875,prior,0.78058845,0.2548486,0.46382532,media,,,,
Google Video,19530.21484375,posterior,0.7026388,0.25068235,0.42645144,media,,,,
Google Video,19530.21484375,prior,0.7847883,0.25956604,0.46933854,media,,,,
Google Video,20006.5625,posterior,0.707649,0.25523603,0.43189436,media,,,,
Google Video,20006.5625,prior,0.7888303,0.26422417,0.4747285,media,,,,
Google Video,20482.908203125,posterior,0.7124931,0.25973463,0.4372273,media,,,,
Google Video,20482.908203125,prior,0.7927233,0.26882404,0.47999826,media,,,,
Google Video,20959.255859375,posterior,0.7171794,0.26417926,0.44245344,media,,,,
Google Video,20959.255859375,prior,0.79647535,0.27336675,0.48515406,media,,,,
Google Video,21435.6015625,posterior,0.7217153,0.2685708,0.44757342,media,,,,
Google Video,21435.6015625,prior,0.800094,0.27785334,0.4901986,media,,,,
Google Video,21911.947265625,posterior,0.72610795,0.27291027,0.45259368,media,,,,
Google Video,21911.947265625,prior,0.8035862,0.2822849,0.4951354,media,,,,
Google Video,22388.294921875,posterior,0.73036414,0.2771985,0.4575173,media,,,,
Google Video,22388.294921875,prior,0.8069585,0.28666237,0.4999691,media,,,,
Google Video,22864.640625,posterior,0.7344901,0.28143647,0.4623463,media,,,,
Google Video,22864.640625,prior,0.81021696,0.29098678,0.504703,media,,,,
Google Video,23340.98828125,posterior,0.73849165,0.28562504,0.4670827,media,,,,
Google Video,23340.98828125,prior,0.81336725,0.2952591,0.5093402,media,,,,
Google Video,23817.333984375,posterior,0.74237436,0.28976506,0.47173104,media,,,,
Google Video,23817.333984375,prior,0.81641465,0.2994802,0.51388407,media,,,,
Google Video,24293.681640625,posterior,0.7461436,0.2938574,0.4762929,media,,,,
Google Video,24293.681640625,prior,0.8193641,0.30365106,0.5183373,media,,,,
Google Video,24770.02734375,posterior,0.74980396,0.2979028,0.48077118,media,,,,
Google Video,24770.02734375,prior,0.82222027,0.30777255,0.5227031,media,,,,
Google Video,25246.375,posterior,0.75336033,0.30190215,0.48516774,media,,,,
Google Video,25246.375,prior,0.8249876,0.3118455,0.52698374,media,,,,
Google Video,25722.720703125,posterior,0.75681704,0.30585614,0.48948655,media,,,,
Google Video,25722.720703125,prior,0.82767004,0.31587085,0.5311822,media,,,,
Google Video,26199.06640625,posterior,0.76017815,0.30976567,0.49372837,media,,,,
Google Video,26199.06640625,prior,0.83027154,0.31984934,0.5353017,media,,,,
Google Video,26675.416015625,posterior,0.76344764,0.31363136,0.49789605,media,,,,
Google Video,26675.416015625,prior,0.8327956,0.3237819,0.53934324,media,,,,
Google Video,27151.76171875,posterior,0.7666292,0.31745398,0.50199103,media,,,,
Google Video,27151.76171875,prior,0.8352457,0.32766917,0.5433102,media,,,,
Google Video,27628.107421875,posterior,0.7697263,0.3212343,0.5060151,media,,,,
Google Video,27628.107421875,prior,0.837625,0.33151203,0.54720426,media,,,,
Google Video,28104.45703125,posterior,0.7727423,0.32497296,0.50997114,media,,,,
Google Video,28104.45703125,prior,0.8399367,0.33531123,0.5510279,media,,,,
Google Video,28580.802734375,posterior,0.77568024,0.32867062,0.5138603,media,,,,
Google Video,28580.802734375,prior,0.84218335,0.33906743,0.55478334,media,,,,
Google Video,29057.1484375,posterior,0.77854323,0.33232802,0.51768553,media,,,,
Google Video,29057.1484375,prior,0.84436786,0.34278148,0.5584713,media,,,,
Google Video,29533.494140625,posterior,0.7813341,0.33594579,0.521446,media,,,,
Google Video,29533.494140625,prior,0.8464927,0.34645396,0.56209487,media,,,,
Google Video,30009.841796875,posterior,0.7840554,0.33952457,0.5251468,media,,,,
Google Video,30009.841796875,prior,0.84856033,0.35008568,0.56565523,media,,,,
Google Video,30486.189453125,posterior,0.7867099,0.34306496,0.5287859,media,,,,
Google Video,30486.189453125,prior,0.850573,0.35367724,0.56915474,media,,,,
Google Video,30962.53515625,posterior,0.7892999,0.34656763,0.5323671,media,,,,
Google Video,30962.53515625,prior,0.8525329,0.35722932,0.5725941,media,,,,
Google Video,31438.8828125,posterior,0.79182774,0.35003313,0.53589165,media,,,,
Google Video,31438.8828125,prior,0.85444206,0.3607426,0.5759761,media,,,,
Google Video,31915.228515625,posterior,0.79429567,0.35346207,0.53936046,media,,,,
Google Video,31915.228515625,prior,0.8563024,0.36421764,0.57930154,media,,,,
Google Video,32391.57421875,posterior,0.7967057,0.356855,0.5427753,media,,,,
Google Video,32391.57421875,prior,0.85811573,0.3676551,0.5825721,media,,,,
Google Video,32867.921875,posterior,0.79906,0.36021253,0.54613733,media,,,,
Google Video,32867.921875,prior,0.8598839,0.3710556,0.58578867,media,,,,
Google Video,33344.26953125,posterior,0.80136037,0.36353517,0.5494478,media,,,,
Google Video,33344.26953125,prior,0.86160856,0.37441975,0.5889532,media,,,,
Google Video,33820.6171875,posterior,0.80360866,0.3668235,0.55270815,media,,,,
Google Video,33820.6171875,prior,0.8632912,0.37774807,0.5920672,media,,,,
Google Video,34296.9609375,posterior,0.80580664,0.370078,0.5559186,media,,,,
Google Video,34296.9609375,prior,0.86493355,0.38104117,0.5951318,media,,,,
Google Video,34773.30859375,posterior,0.8079559,0.37329924,0.5590818,media,,,,
Google Video,34773.30859375,prior,0.86653686,0.38429967,0.5981476,media,,,,
Google Video,35249.65625,posterior,0.8100582,0.3764877,0.56219727,media,,,,
Google Video,35249.65625,prior,0.8681025,0.38752392,0.60111624,media,,,,
Google Video,35726.0,posterior,0.81211495,0.37964383,0.56526744,media,,,,
Google Video,35726.0,prior,0.8696318,0.39071465,0.6040395,media,,,,
Google Video,36202.34765625,posterior,0.81412756,0.38276824,0.56829286,media,,,,
Google Video,36202.34765625,prior,0.8711261,0.39387226,0.6069178,media,,,,
Google Video,36678.6953125,posterior,0.8160976,0.38586128,0.5712757,media,,,,
Google Video,36678.6953125,prior,0.8725866,0.3969974,0.609752,media,,,,
Google Video,37155.04296875,posterior,0.8180263,0.3889235,0.57421386,media,,,,
Google Video,37155.04296875,prior,0.8740143,0.4000904,0.6125438,media,,,,
Google Video,37631.38671875,posterior,0.81991494,0.39195535,0.57711107,media,,,,
Google Video,37631.38671875,prior,0.8754103,0.40315184,0.61529356,media,,,,
Google Video,38107.734375,posterior,0.82176477,0.3949572,0.57996744,media,,,,
Google Video,38107.734375,prior,0.87677586,0.4061822,0.61800236,media,,,,
Google Video,38584.08203125,posterior,0.823577,0.39792964,0.5827839,media,,,,
Google Video,38584.08203125,prior,0.8781117,0.40918192,0.6206716,media,,,,
Google Video,39060.4296875,posterior,0.8253527,0.40087295,0.58556116,media,,,,
Google Video,39060.4296875,prior,0.87941885,0.41215155,0.6233018,media,,,,
Google Video,39536.7734375,posterior,0.8270931,0.40378767,0.588301,media,,,,
Google Video,39536.7734375,prior,0.8806984,0.41509143,0.62589467,media,,,,
Google Video,40013.125,posterior,0.82879907,0.40667415,0.5910021,media,,,,
Google Video,40013.125,prior,0.881951,0.41800207,0.6284496,media,,,,
Google Video,40489.46875,posterior,0.8304718,0.40953282,0.59366655,media,,,,
Google Video,40489.46875,prior,0.8831775,0.42088386,0.630969,media,,,,
Google Video,40965.81640625,posterior,0.8321121,0.41236404,0.59629565,media,,,,
Google Video,40965.81640625,prior,0.8843789,0.42373726,0.633452,media,,,,
Google Video,41442.16015625,posterior,0.833721,0.41516826,0.59889,media,,,,
Google Video,41442.16015625,prior,0.88555574,0.4265627,0.6359014,media,,,,
Google Video,41918.51171875,posterior,0.83529925,0.4179459,0.60144985,media,,,,
Google Video,41918.51171875,prior,0.8867089,0.42936054,0.63831556,media,,,,
Google Video,42394.85546875,posterior,0.8368479,0.42069718,0.6039755,media,,,,
Google Video,42394.85546875,prior,0.8878391,0.43213126,0.6406968,media,,,,
Google Video,42871.203125,posterior,0.8383677,0.42342266,0.6064677,media,,,,
Google Video,42871.203125,prior,0.8889469,0.43487513,0.6430457,media,,,,
Google Video,43347.55078125,posterior,0.8398595,0.42612258,0.6089291,media,,,,
Google Video,43347.55078125,prior,0.89003307,0.4375927,0.64536244,media,,,,
Google Video,43823.89453125,posterior,0.8413239,0.42879733,0.6113579,media,,,,
Google Video,43823.89453125,prior,0.8910982,0.4402842,0.6476484,media,,,,
Google Video,44300.2421875,posterior,0.8427618,0.43144727,0.61375606,media,,,,
Google Video,44300.2421875,prior,0.8921429,0.44295007,0.6499041,media,,,,
Google Video,44776.58984375,posterior,0.8441739,0.43407273,0.6161219,media,,,,
Google Video,44776.58984375,prior,0.89316773,0.44559065,0.6521288,media,,,,
Google Video,45252.9375,posterior,0.8455609,0.43667406,0.61846,media,,,,
Google Video,45252.9375,prior,0.89417326,0.44820634,0.65432554,media,,,,
Google Video,45729.28125,posterior,0.8469233,0.43925154,0.6207678,media,,,,
Google Video,45729.28125,prior,0.8951601,0.45079747,0.656493,media,,,,
Google Video,46205.62890625,posterior,0.848262,0.44180557,0.6230477,media,,,,
Google Video,46205.62890625,prior,0.8961286,0.45336434,0.65863186,media,,,,
Google Video,46681.9765625,posterior,0.8495774,0.44433647,0.6252993,media,,,,
Google Video,46681.9765625,prior,0.89707947,0.4559074,0.6607436,media,,,,
Google Video,47158.32421875,posterior,0.8508703,0.44684452,0.6275226,media,,,,
Google Video,47158.32421875,prior,0.898013,0.45842683,0.66282874,media,,,,
Google Video,47634.66796875,posterior,0.8521411,0.44932997,0.62971884,media,,,,
Google Video,47634.66796875,prior,0.89892983,0.46092305,0.66488683,media,,,,
Google Video,48111.015625,posterior,0.85339034,0.45179322,0.63188857,media,,,,
Google Video,48111.015625,prior,0.8998302,0.4633964,0.66691905,media,,,,
Google Video,48587.36328125,posterior,0.85461885,0.45423457,0.634033,media,,,,
Google Video,48587.36328125,prior,0.9007148,0.46584713,0.66892594,media,,,,
Google Video,49063.7109375,posterior,0.8558267,0.45665425,0.63615006,media,,,,
Google Video,49063.7109375,prior,0.9015839,0.46827558,0.6709083,media,,,,
Google Video,49540.0546875,posterior,0.85701483,0.45905256,0.6382443,media,,,,
Google Video,49540.0546875,prior,0.90243787,0.47068202,0.6728653,media,,,,
Google Video,50016.40625,posterior,0.85818344,0.4614298,0.6403125,media,,,,
Google Video,50016.40625,prior,0.9032772,0.47306684,0.67479914,media,,,,
Google Video,50492.75,posterior,0.85933316,0.46378618,0.6423565,media,,,,
Google Video,50492.75,prior,0.9041021,0.47543022,0.6767088,media,,,,
Google Video,50969.09765625,posterior,0.86046433,0.46612212,0.6443768,media,,,,
Google Video,50969.09765625,prior,0.9049132,0.47777256,0.67859536,media,,,,
Google Video,51445.44140625,posterior,0.8615775,0.46843776,0.6463739,media,,,,
Google Video,51445.44140625,prior,0.9057105,0.480094,0.6804599,media,,,,
Google Video,51921.7890625,posterior,0.862673,0.47073337,0.6483481,media,,,,
Google Video,51921.7890625,prior,0.9064948,0.48239487,0.68230146,media,,,,
Google Video,52398.1328125,posterior,0.86375135,0.47300923,0.65029866,media,,,,
Google Video,52398.1328125,prior,0.9072659,0.48467553,0.6841213,media,,,,
Google Video,52874.484375,posterior,0.8648129,0.47526565,0.6522287,media,,,,
Google Video,52874.484375,prior,0.9080245,0.48693618,0.6859202,media,,,,
Google Video,53350.83203125,posterior,0.865858,0.47750282,0.6541369,media,,,,
Google Video,53350.83203125,prior,0.9087709,0.4891771,0.68769777,media,,,,
Google Video,53827.17578125,posterior,0.8668871,0.47972104,0.6560229,media,,,,
Google Video,53827.17578125,prior,0.90950507,0.49139848,0.68945414,media,,,,
Google Video,54303.5234375,posterior,0.8679005,0.48192042,0.65788704,media,,,,
Google Video,54303.5234375,prior,0.9102277,0.49360058,0.691191,media,,,,
Google Video,54779.8671875,posterior,0.86889863,0.4841013,0.6597327,media,,,,
Google Video,54779.8671875,prior,0.91093874,0.49578378,0.6929076,media,,,,
Google Video,55256.21484375,posterior,0.86988175,0.4862639,0.6615563,media,,,,
Google Video,55256.21484375,prior,0.91163874,0.49794823,0.69460446,media,,,,
Google Video,55732.5625,posterior,0.8708502,0.48840848,0.6633597,media,,,,
Google Video,55732.5625,prior,0.9123277,0.5000942,0.6962813,media,,,,
Google Video,56208.9140625,posterior,0.8718044,0.49053523,0.66514474,media,,,,
Google Video,56208.9140625,prior,0.913006,0.5022218,0.69794106,media,,,,
Google Video,56685.2578125,posterior,0.87274456,0.49264434,0.6669094,media,,,,
Google Video,56685.2578125,prior,0.91367406,0.5043314,0.69958085,media,,,,
Google Video,57161.60546875,posterior,0.87367105,0.49473602,0.6686551,media,,,,
Google Video,57161.60546875,prior,0.91433173,0.50642323,0.7012027,media,,,,
Google Video,57637.94921875,posterior,0.87458414,0.4968106,0.67038304,media,,,,
Google Video,57637.94921875,prior,0.9149796,0.50849754,0.7028069,media,,,,
Google Video,58114.296875,posterior,0.87548417,0.4988682,0.6720925,media,,,,
Google Video,58114.296875,prior,0.9156176,0.5105544,0.7043932,media,,,,
Google Video,58590.640625,posterior,0.8763713,0.500909,0.67378247,media,,,,
Google Video,58590.640625,prior,0.9162463,0.51259404,0.7059622,media,,,,
Google Video,59066.98828125,posterior,0.87724596,0.5029332,0.6754558,media,,,,
Google Video,59066.98828125,prior,0.91686547,0.51461685,0.70751417,media,,,,
Google Video,59543.33984375,posterior,0.8781083,0.50494117,0.6771123,media,,,,
Google Video,59543.33984375,prior,0.91747564,0.51662296,0.7090496,media,,,,
Google Video,60019.68359375,posterior,0.8789586,0.506933,0.67875105,media,,,,
Google Video,60019.68359375,prior,0.91807705,0.51861256,0.7105679,media,,,,
Google Video,60496.03125,posterior,0.8797971,0.50890875,0.6803728,media,,,,
Google Video,60496.03125,prior,0.9186695,0.52058583,0.7120697,media,,,,
Google Video,60972.37890625,posterior,0.8806241,0.5108688,0.6819777,media,,,,
Google Video,60972.37890625,prior,0.9192537,0.5225429,0.71355647,media,,,,
Google Video,61448.72265625,posterior,0.88143975,0.5128132,0.6835657,media,,,,
Google Video,61448.72265625,prior,0.9198294,0.52448416,0.7150278,media,,,,
Google Video,61925.0703125,posterior,0.8822444,0.51474226,0.68513817,media,,,,
Google Video,61925.0703125,prior,0.92039704,0.5264097,0.71648234,media,,,,
Google Video,62401.4140625,posterior,0.8830381,0.5166561,0.6866937,media,,,,
Google Video,62401.4140625,prior,0.9209566,0.5283196,0.7179228,media,,,,
Google Video,62877.765625,posterior,0.8838213,0.5185549,0.6882342,media,,,,
Google Video,62877.765625,prior,0.9215085,0.5302143,0.71934783,media,,,,
Google Video,63354.11328125,posterior,0.88459396,0.5204388,0.68976057,media,,,,
Google Video,63354.11328125,prior,0.9220527,0.5320937,0.7207584,media,,,,
Google Video,63830.45703125,posterior,0.8853565,0.522308,0.69127,media,,,,
Google Video,63830.45703125,prior,0.92258924,0.53395826,0.72215414,media,,,,
Google Video,64306.8046875,posterior,0.88610893,0.52416277,0.6927658,media,,,,
Google Video,64306.8046875,prior,0.9231187,0.53580797,0.72353595,media,,,,
Google Video,64783.1484375,posterior,0.88685167,0.5260032,0.6942466,media,,,,
Google Video,64783.1484375,prior,0.9236407,0.537643,0.72490364,media,,,,
Google Video,65259.49609375,posterior,0.88758475,0.52782935,0.6957118,media,,,,
Google Video,65259.49609375,prior,0.9241559,0.5394636,0.72625715,media,,,,
Google Video,65735.84375,posterior,0.88830835,0.5296415,0.6971633,media,,,,
Google Video,65735.84375,prior,0.924664,0.54126996,0.7275974,media,,,,
Google Video,66212.1953125,posterior,0.8890227,0.53143984,0.6986005,media,,,,
Google Video,66212.1953125,prior,0.9251655,0.5430622,0.72892404,media,,,,
Google Video,66688.5390625,posterior,0.889728,0.5332245,0.70002466,media,,,,
Google Video,66688.5390625,prior,0.9256603,0.54484046,0.7302379,media,,,,
Google Video,67164.8828125,posterior,0.8904244,0.5349956,0.70143473,media,,,,
Google Video,67164.8828125,prior,0.92614853,0.546605,0.7315387,media,,,,
Google Video,67641.234375,posterior,0.891112,0.53675324,0.702831,media,,,,
Google Video,67641.234375,prior,0.92663056,0.54835576,0.7328266,media,,,,
Google Video,68117.578125,posterior,0.89179105,0.5384977,0.7042144,media,,,,
Google Video,68117.578125,prior,0.9271061,0.5500932,0.7341015,media,,,,
Google Video,68593.921875,posterior,0.89246166,0.5402291,0.7055842,media,,,,
Google Video,68593.921875,prior,0.92757577,0.5518173,0.7353646,media,,,,
Google Video,69070.265625,posterior,0.89312404,0.54194754,0.7069411,media,,,,
Google Video,69070.265625,prior,0.9280392,0.55352813,0.73661476,media,,,,
Google Video,69546.6171875,posterior,0.8937783,0.5436532,0.7082862,media,,,,
Google Video,69546.6171875,prior,0.9284969,0.5552261,0.7378534,media,,,,
Google Video,70022.96875,posterior,0.8944247,0.54534614,0.70961916,media,,,,
Google Video,70022.96875,prior,0.92894876,0.55691105,0.73908,media,,,,
Google Video,70499.3125,posterior,0.89506316,0.5470265,0.7109377,media,,,,
Google Video,70499.3125,prior,0.9293949,0.55858344,0.74029505,media,,,,
Google Video,70975.65625,posterior,0.89569396,0.5486946,0.7122459,media,,,,
Google Video,70975.65625,prior,0.92983556,0.5602432,0.74149865,media,,,,
Google Video,71452.0,posterior,0.89631724,0.55035055,0.7135406,media,,,,
Google Video,71452.0,prior,0.9302707,0.5618905,0.74269056,media,,,,
Google Video,71928.3515625,posterior,0.8969331,0.55199426,0.71482444,media,,,,
Google Video,71928.3515625,prior,0.9307005,0.56352544,0.74387133,media,,,,
Google Video,72404.6953125,posterior,0.8975417,0.55362594,0.71609616,media,,,,
Google Video,72404.6953125,prior,0.9311249,0.5651483,0.74504143,media,,,,
Google Video,72881.046875,posterior,0.8981432,0.5552459,0.7173573,media,,,,
Google Video,72881.046875,prior,0.9315443,0.5667591,0.7462007,media,,,,
Google Video,73357.390625,posterior,0.8987376,0.5568541,0.71860605,media,,,,
Google Video,73357.390625,prior,0.9319587,0.5683581,0.747349,media,,,,
Google Video,73833.7421875,posterior,0.89932513,0.55845076,0.7198446,media,,,,
Google Video,73833.7421875,prior,0.93236786,0.5699452,0.7484862,media,,,,
Google Video,74310.0859375,posterior,0.89990586,0.5600359,0.7210719,media,,,,
Google Video,74310.0859375,prior,0.93277234,0.5715208,0.74961346,media,,,,
Google Video,74786.4296875,posterior,0.90048,0.5616096,0.722286,media,,,,
Google Video,74786.4296875,prior,0.93317187,0.57308483,0.75073016,media,,,,
Google Video,75262.7734375,posterior,0.90104747,0.5631722,0.7234926,media,,,,
Google Video,75262.7734375,prior,0.9335668,0.57463753,0.751837,media,,,,
Google Video,75739.125,posterior,0.90160865,0.5647238,0.7246867,media,,,,
Google Video,75739.125,prior,0.9339569,0.5761789,0.7529339,media,,,,
Google Video,76215.46875,posterior,0.9021634,0.5662643,0.72587174,media,,,,
Google Video,76215.46875,prior,0.9343426,0.57770914,0.75402075,media,,,,
Google Video,76691.8203125,posterior,0.902712,0.5677939,0.72704554,media,,,,
Google Video,76691.8203125,prior,0.93472385,0.5792284,0.755098,media,,,,
Google Video,77168.1640625,posterior,0.9032544,0.5693128,0.72820777,media,,,,
Google Video,77168.1640625,prior,0.9351006,0.5807369,0.75616586,media,,,,
Google Video,77644.515625,posterior,0.90379083,0.5708211,0.72936237,media,,,,
Google Video,77644.515625,prior,0.93547314,0.58223444,0.75722414,media,,,,
Google Video,78120.859375,posterior,0.9043214,0.5723188,0.7305062,media,,,,
Google Video,78120.859375,prior,0.9358412,0.5837214,0.75827295,media,,,,
Google Video,78597.203125,posterior,0.9048461,0.5738061,0.73163974,media,,,,
Google Video,78597.203125,prior,0.9362053,0.58519775,0.7593128,media,,,,
Google Video,79073.546875,posterior,0.905365,0.5752831,0.7327645,media,,,,
Google Video,79073.546875,prior,0.9365652,0.5866637,0.7603428,media,,,,
Google Video,79549.8984375,posterior,0.9058783,0.5767499,0.73387915,media,,,,
Google Video,79549.8984375,prior,0.9369212,0.5881194,0.7613644,media,,,,
Google Video,80026.25,posterior,0.9063862,0.5782066,0.7349843,media,,,,
Google Video,80026.25,prior,0.9372731,0.5895648,0.7623775,media,,,,
Google Video,80502.59375,posterior,0.9068885,0.5796533,0.7360812,media,,,,
Google Video,80502.59375,prior,0.937621,0.5910001,0.763382,media,,,,
Google Video,80978.9375,posterior,0.90738547,0.58109015,0.73716754,media,,,,
Google Video,80978.9375,prior,0.9379653,0.5924254,0.7643768,media,,,,
Google Video,81455.28125,posterior,0.9078772,0.58251715,0.7382451,media,,,,
Google Video,81455.28125,prior,0.9383056,0.5938408,0.76536375,media,,,,
Google Video,81931.6328125,posterior,0.9083637,0.5839345,0.7393136,media,,,,
Google Video,81931.6328125,prior,0.9386424,0.59524643,0.7663427,media,,,,
Google Video,82407.9765625,posterior,0.9088451,0.5853423,0.74037284,media,,,,
Google Video,82407.9765625,prior,0.93897533,0.5966424,0.7673125,media,,,,
Google Video,82884.3203125,posterior,0.9093215,0.5867405,0.7414254,media,,,,
Google Video,82884.3203125,prior,0.93930477,0.5980286,0.76827484,media,,,,
Google Video,83360.671875,posterior,0.9097929,0.58812934,0.7424676,media,,,,
Google Video,83360.671875,prior,0.9396307,0.59940547,0.76922894,media,,,,
Google Video,83837.0234375,posterior,0.9102595,0.58950895,0.74350154,media,,,,
Google Video,83837.0234375,prior,0.939953,0.6007729,0.7701747,media,,,,
Google Video,84313.3671875,posterior,0.9107212,0.59087926,0.7445286,media,,,,
Google Video,84313.3671875,prior,0.9402721,0.60213107,0.77111334,media,,,,
Google Video,84789.7109375,posterior,0.91117823,0.5922405,0.74554557,media,,,,
Google Video,84789.7109375,prior,0.94058764,0.6034799,0.77204317,media,,,,
Google Video,85266.0546875,posterior,0.9116306,0.59359264,0.74655485,media,,,,
Google Video,85266.0546875,prior,0.94089997,0.60481966,0.7729662,media,,,,
Google Video,85742.40625,posterior,0.9120784,0.5949359,0.74755585,media,,,,
Google Video,85742.40625,prior,0.94120896,0.6061505,0.7738813,media,,,,
Google Video,86218.75,posterior,0.9125216,0.5962703,0.7485484,media,,,,
Google Video,86218.75,prior,0.94151485,0.60747236,0.77478856,media,,,,
Google Video,86695.1015625,posterior,0.91296047,0.597596,0.7495341,media,,,,
Google Video,86695.1015625,prior,0.9418175,0.60878533,0.7756892,media,,,,
Google Video,87171.4453125,posterior,0.91339487,0.598913,0.7505117,media,,,,
Google Video,87171.4453125,prior,0.942117,0.61008954,0.776582,media,,,,
Google Video,87647.7890625,posterior,0.913825,0.60022134,0.7514823,media,,,,
Google Video,87647.7890625,prior,0.94241345,0.6113851,0.77746785,media,,,,
Google Video,88124.140625,posterior,0.91425085,0.60152113,0.75244373,media,,,,
Google Video,88124.140625,prior,0.9427069,0.6126721,0.778346,media,,,,
Google Video,88600.484375,posterior,0.91467255,0.60281265,0.7533967,media,,,,
Google Video,88600.484375,prior,0.9429974,0.61395067,0.77921844,media,,,,
Google Video,89076.828125,posterior,0.91509014,0.60409576,0.754345,media,,,,
Google Video,89076.828125,prior,0.94328487,0.6152207,0.78008306,media,,,,
Google Video,89553.1796875,posterior,0.91550356,0.6053705,0.75528514,media,,,,
Google Video,89553.1796875,prior,0.9435696,0.61648244,0.7809404,media,,,,
Google Video,90029.53125,posterior,0.91591305,0.60663724,0.7562175,media,,,,
Google Video,90029.53125,prior,0.9438514,0.6177359,0.78179157,media,,,,
Google Video,90505.875,posterior,0.91631854,0.60789573,0.7571422,media,,,,
Google Video,90505.875,prior,0.9441303,0.6189813,0.78263605,media,,,,
Google Video,90982.21875,posterior,0.9167202,0.6091463,0.7580602,media,,,,
Google Video,90982.21875,prior,0.9444066,0.62021863,0.7834732,media,,,,
Google Video,91458.5625,posterior,0.917118,0.6103889,0.7589724,media,,,,
Google Video,91458.5625,prior,0.94468015,0.6214478,0.78430533,media,,,,
Google Video,91934.9140625,posterior,0.917512,0.6116235,0.7598777,media,,,,
Google Video,91934.9140625,prior,0.94495106,0.6226691,0.78512895,media,,,,
Google Video,92411.2578125,posterior,0.91790235,0.6128504,0.7607749,media,,,,
Google Video,92411.2578125,prior,0.9452192,0.6238826,0.785948,media,,,,
Google Video,92887.6015625,posterior,0.91828895,0.6140696,0.7616662,media,,,,
Google Video,92887.6015625,prior,0.9454849,0.6250882,0.78676015,media,,,,
Google Video,93363.953125,posterior,0.9186719,0.6152811,0.76254886,media,,,,
Google Video,93363.953125,prior,0.9457479,0.6262862,0.7875655,media,,,,
Google Video,93840.296875,posterior,0.91905135,0.61648506,0.7634263,media,,,,
Google Video,93840.296875,prior,0.9460084,0.6274766,0.7883656,media,,,,
Google Video,94316.6484375,posterior,0.9194272,0.61768144,0.7642975,media,,,,
Google Video,94316.6484375,prior,0.9462665,0.6286593,0.78915906,media,,,,
Google Video,94792.9921875,posterior,0.9197997,0.6188704,0.76516134,media,,,,
Google Video,94792.9921875,prior,0.946522,0.6298346,0.7899464,media,,,,
Google Video,95269.3359375,posterior,0.92016864,0.62005204,0.76601934,media,,,,
Google Video,95269.3359375,prior,0.9467752,0.63100255,0.7907276,media,,,,
Google Video,95745.6875,posterior,0.9205342,0.6212263,0.7668723,media,,,,
Google Video,95745.6875,prior,0.94702595,0.63216305,0.7915037,media,,,,
Google Video,96222.03125,posterior,0.92089653,0.62239337,0.76771706,media,,,,
Google Video,96222.03125,prior,0.94727445,0.6333162,0.79227364,media,,,,
Google Video,96698.3828125,posterior,0.92125547,0.6235533,0.768556,media,,,,
Google Video,96698.3828125,prior,0.9475205,0.6344623,0.7930374,media,,,,
Google Video,97174.7265625,posterior,0.9216113,0.62470603,0.7693885,media,,,,
Google Video,97174.7265625,prior,0.9477643,0.6356012,0.7937957,media,,,,
Google Video,97651.0703125,posterior,0.9219638,0.62585175,0.77021635,media,,,,
Google Video,97651.0703125,prior,0.94800586,0.6367331,0.79454863,media,,,,
Google Video,98127.421875,posterior,0.92231315,0.6269906,0.7710372,media,,,,
Google Video,98127.421875,prior,0.94824517,0.63785785,0.79529625,media,,,,
Google Video,98603.765625,posterior,0.92265946,0.62812245,0.7718527,media,,,,
Google Video,98603.765625,prior,0.9484824,0.63897574,0.79603773,media,,,,
Google Video,99080.109375,posterior,0.92300266,0.6292474,0.772662,media,,,,
Google Video,99080.109375,prior,0.9487173,0.64008677,0.79677385,media,,,,
Google Video,99556.453125,posterior,0.9233428,0.63036567,0.77346426,media,,,,
Google Video,99556.453125,prior,0.94895023,0.64119095,0.79750514,media,,,,
Google Video,100032.8125,posterior,0.92368,0.6314772,0.77426267,media,,,,
Google Video,100032.8125,prior,0.9491809,0.6422883,0.7982305,media,,,,
Google Video,100509.15625,posterior,0.92401415,0.63258207,0.77505493,media,,,,
Google Video,100509.15625,prior,0.94940954,0.6433791,0.79895085,media,,,,
Google Video,100985.5,posterior,0.92434555,0.6336803,0.7758415,media,,,,
Google Video,100985.5,prior,0.9496362,0.6444632,0.7996659,media,,,,
Google Video,101461.84375,posterior,0.92467403,0.6347719,0.77662194,media,,,,
Google Video,101461.84375,prior,0.94986075,0.6455407,0.80037594,media,,,,
Google Video,101938.1953125,posterior,0.92499954,0.63585716,0.7773979,media,,,,
Google Video,101938.1953125,prior,0.9500834,0.64661175,0.80108106,media,,,,
Google Video,102414.546875,posterior,0.9253223,0.6369359,0.778168,media,,,,
Google Video,102414.546875,prior,0.95030403,0.6476763,0.8017811,media,,,,
Google Video,102890.8828125,posterior,0.9256424,0.6380083,0.7789322,media,,,,
Google Video,102890.8828125,prior,0.9505227,0.64873445,0.8024755,media,,,,
Google Video,103367.234375,posterior,0.92595965,0.6390744,0.7796925,media,,,,
Google Video,103367.234375,prior,0.95073944,0.64978623,0.803166,media,,,,
Google Video,103843.578125,posterior,0.92627424,0.6401342,0.780446,media,,,,
Google Video,103843.578125,prior,0.9509544,0.6508318,0.8038509,media,,,,
Google Video,104319.9296875,posterior,0.92658615,0.64118785,0.7811954,media,,,,
Google Video,104319.9296875,prior,0.9511674,0.6518712,0.8045314,media,,,,
Google Video,104796.265625,posterior,0.9268955,0.6422353,0.7819385,media,,,,
Google Video,104796.265625,prior,0.9513786,0.6529043,0.8052072,media,,,,
Google Video,105272.6171875,posterior,0.9272022,0.64327663,0.7826771,media,,,,
Google Video,105272.6171875,prior,0.9515879,0.6539313,0.8058778,media,,,,
Google Video,105748.96875,posterior,0.9275063,0.644312,0.783411,media,,,,
Google Video,105748.96875,prior,0.9517955,0.65495235,0.8065439,media,,,,
Google Video,106225.3125,posterior,0.927808,0.6453413,0.7841401,media,,,,
Google Video,106225.3125,prior,0.9520013,0.65596735,0.80720556,media,,,,
Google Video,106701.6640625,posterior,0.9281071,0.6463647,0.7848627,media,,,,
Google Video,106701.6640625,prior,0.95220536,0.6569764,0.80786234,media,,,,
Google Video,107178.0,posterior,0.92840374,0.6473822,0.7855826,media,,,,
Google Video,107178.0,prior,0.9524076,0.6579794,0.8085149,media,,,,
Google Video,107654.3515625,posterior,0.92869794,0.6483938,0.78629607,media,,,,
Google Video,107654.3515625,prior,0.9526082,0.65897673,0.80916286,media,,,,
Google Video,108130.6953125,posterior,0.92898977,0.64939976,0.7870054,media,,,,
Google Video,108130.6953125,prior,0.9528071,0.65996826,0.8098064,media,,,,
Google Video,108607.046875,posterior,0.92927915,0.65039986,0.78770894,media,,,,
Google Video,108607.046875,prior,0.9530044,0.660954,0.8104458,media,,,,
Google Video,109083.3984375,posterior,0.92956626,0.6513943,0.7884091,media,,,,
Google Video,109083.3984375,prior,0.95320004,0.66193396,0.8110805,media,,,,
Google Video,109559.734375,posterior,0.929851,0.6523831,0.789105,media,,,,
Google Video,109559.734375,prior,0.95339406,0.6629083,0.81171095,media,,,,
Google Video,110036.0859375,posterior,0.93013346,0.6533663,0.789795,media,,,,
Google Video,110036.0859375,prior,0.9535864,0.6638771,0.8123373,media,,,,
Google Video,110512.4296875,posterior,0.93041366,0.65434396,0.79048127,media,,,,
Google Video,110512.4296875,prior,0.95377725,0.6648404,0.8129596,media,,,,
Google Video,110988.78125,posterior,0.9306916,0.6553161,0.7911615,media,,,,
Google Video,110988.78125,prior,0.9539665,0.66579807,0.8135771,media,,,,
Google Video,111465.125,posterior,0.93096733,0.65628284,0.7918392,media,,,,
Google Video,111465.125,prior,0.95415413,0.66675025,0.81419164,media,,,,
Google Video,111941.4765625,posterior,0.9312409,0.65724415,0.79251236,media,,,,
Google Video,111941.4765625,prior,0.95434034,0.66769713,0.8148009,media,,,,
Google Video,112417.828125,posterior,0.9315123,0.6582001,0.7931799,media,,,,
Google Video,112417.828125,prior,0.95452505,0.66863865,0.81540644,media,,,,
Google Video,112894.1640625,posterior,0.93178153,0.65915066,0.7938429,media,,,,
Google Video,112894.1640625,prior,0.9547082,0.6695748,0.8160085,media,,,,
Google Video,113370.515625,posterior,0.93204874,0.66009605,0.7945029,media,,,,
Google Video,113370.515625,prior,0.95488995,0.67050576,0.8166059,media,,,,
Google Video,113846.859375,posterior,0.9323138,0.66103613,0.7951583,media,,,,
Google Video,113846.859375,prior,0.9550702,0.67143136,0.81719977,media,,,,
Google Video,114323.2109375,posterior,0.9325768,0.66197115,0.7958101,media,,,,
Google Video,114323.2109375,prior,0.9552491,0.67235184,0.81778944,media,,,,
Google Video,114799.546875,posterior,0.9328377,0.6629009,0.79645675,media,,,,
Google Video,114799.546875,prior,0.95542645,0.6732672,0.8183752,media,,,,
Google Video,115275.8984375,posterior,0.9330967,0.6638256,0.7970998,media,,,,
Google Video,115275.8984375,prior,0.95560247,0.6741774,0.81895775,media,,,,
Google Video,115752.25,posterior,0.93335366,0.6647453,0.79773855,media,,,,
Google Video,115752.25,prior,0.95577705,0.6750826,0.8195365,media,,,,
Google Video,116228.59375,posterior,0.93360865,0.66565984,0.79837304,media,,,,
Google Video,116228.59375,prior,0.9559503,0.6759827,0.8201117,media,,,,
Google Video,116704.9453125,posterior,0.93386173,0.6665695,0.79900247,media,,,,
Google Video,116704.9453125,prior,0.9561222,0.6768779,0.82068276,media,,,,
Google Video,117181.28125,posterior,0.93411285,0.66747415,0.79963,media,,,,
Google Video,117181.28125,prior,0.9562928,0.6777682,0.82124996,media,,,,
Google Video,117657.6328125,posterior,0.9343622,0.66837394,0.8002525,media,,,,
Google Video,117657.6328125,prior,0.9564621,0.6786536,0.8218142,media,,,,
Google Video,118133.9765625,posterior,0.93460953,0.66926897,0.8008721,media,,,,
Google Video,118133.9765625,prior,0.95663,0.679534,0.8223742,media,,,,
Google Video,118610.328125,posterior,0.93485504,0.67015904,0.8014863,media,,,,
Google Video,118610.328125,prior,0.95679665,0.68040967,0.8229314,media,,,,
Google Video,119086.6796875,posterior,0.93509865,0.6710444,0.80209774,media,,,,
Google Video,119086.6796875,prior,0.95696205,0.6812806,0.82348377,media,,,,
Google Video,119563.015625,posterior,0.9353405,0.671925,0.8027052,media,,,,
Google Video,119563.015625,prior,0.95712614,0.6821469,0.82403415,media,,,,
Google Video,120039.3671875,posterior,0.93558055,0.6728009,0.8033091,media,,,,
Google Video,120039.3671875,prior,0.957289,0.6830084,0.8245801,media,,,,
Google Video,120515.7109375,posterior,0.93581885,0.6736722,0.8039096,media,,,,
Google Video,120515.7109375,prior,0.9574506,0.68386513,0.825123,media,,,,
Google Video,120992.0625,posterior,0.9360554,0.6745388,0.80450433,media,,,,
Google Video,120992.0625,prior,0.957611,0.68471736,0.82566273,media,,,,
Google Video,121468.3984375,posterior,0.9362902,0.6754008,0.8050975,media,,,,
Google Video,121468.3984375,prior,0.9577703,0.68556505,0.826199,media,,,,
Google Video,121944.7578125,posterior,0.93652326,0.6762583,0.8056866,media,,,,
Google Video,121944.7578125,prior,0.9579283,0.68640816,0.82673115,media,,,,
Google Video,122421.109375,posterior,0.9367546,0.67711127,0.8062721,media,,,,
Google Video,122421.109375,prior,0.9580851,0.68724674,0.82726055,media,,,,
Google Video,122897.4453125,posterior,0.9369843,0.6779597,0.8068539,media,,,,
Google Video,122897.4453125,prior,0.9582408,0.6880808,0.82778656,media,,,,
Google Video,123373.796875,posterior,0.9372123,0.67880374,0.8074326,media,,,,
Google Video,123373.796875,prior,0.95839536,0.6889105,0.82831,media,,,,
Google Video,123850.140625,posterior,0.9374387,0.67964333,0.8080074,media,,,,
Google Video,123850.140625,prior,0.9585487,0.6897358,0.8288294,media,,,,
Google Video,124326.4921875,posterior,0.9376635,0.68047863,0.8085794,media,,,,
Google Video,124326.4921875,prior,0.958701,0.69055665,0.8293464,media,,,,
Google Video,124802.828125,posterior,0.9378866,0.68130946,0.8091465,media,,,,
Google Video,124802.828125,prior,0.9588521,0.69137317,0.8298599,media,,,,
Google Video,125279.1796875,posterior,0.93810815,0.68213606,0.80971086,media,,,,
Google Video,125279.1796875,prior,0.95900214,0.69218546,0.8303698,media,,,,
Google Video,125755.53125,posterior,0.93832815,0.68295836,0.8102721,media,,,,
Google Video,125755.53125,prior,0.9591511,0.69299346,0.83087695,media,,,,
Google Video,126231.875,posterior,0.9385466,0.6837764,0.8108306,media,,,,
Google Video,126231.875,prior,0.95929897,0.6937973,0.8313817,media,,,,
Google Video,126708.2265625,posterior,0.93876344,0.6845903,0.8113846,media,,,,
Google Video,126708.2265625,prior,0.9594458,0.6945969,0.8318827,media,,,,
Google Video,127184.5625,posterior,0.9389788,0.68539995,0.8119364,media,,,,
Google Video,127184.5625,prior,0.95959157,0.69539225,0.8323807,media,,,,
Google Video,127660.9140625,posterior,0.93919265,0.68620545,0.8124837,media,,,,
Google Video,127660.9140625,prior,0.9597362,0.6961835,0.8328762,media,,,,
Google Video,128137.2578125,posterior,0.939405,0.6870069,0.8130306,media,,,,
Google Video,128137.2578125,prior,0.95987993,0.6969707,0.8333687,media,,,,
Google Video,128613.609375,posterior,0.9396159,0.68780416,0.81357104,media,,,,
Google Video,128613.609375,prior,0.96002257,0.69775385,0.83385754,media,,,,
Google Video,129089.9609375,posterior,0.9398253,0.68859744,0.81410956,media,,,,
Google Video,129089.9609375,prior,0.96016425,0.69853294,0.83434427,media,,,,
Google Video,129566.296875,posterior,0.94003326,0.6893867,0.8146446,media,,,,
Google Video,129566.296875,prior,0.9603049,0.6993079,0.8348277,media,,,,
Google Video,130042.6484375,posterior,0.9402398,0.69017196,0.8151776,media,,,,
Google Video,130042.6484375,prior,0.9604445,0.700079,0.8353084,media,,,,
Google Video,130518.9921875,posterior,0.9404449,0.6909533,0.8157068,media,,,,
Google Video,130518.9921875,prior,0.96058315,0.70084625,0.83578634,media,,,,
Google Video,130995.34375,posterior,0.9406486,0.6917307,0.81623226,media,,,,
Google Video,130995.34375,prior,0.9607209,0.7016095,0.8362615,media,,,,
Google Video,131471.6875,posterior,0.9408509,0.6925041,0.81675655,media,,,,
Google Video,131471.6875,prior,0.9608576,0.70236874,0.83673376,media,,,,
Google Video,131948.03125,posterior,0.9410519,0.6932737,0.81727666,media,,,,
Google Video,131948.03125,prior,0.9609934,0.7031243,0.83720356,media,,,,
Google Video,132424.390625,posterior,0.94125146,0.69403946,0.8177929,media,,,,
Google Video,132424.390625,prior,0.9611283,0.70387596,0.83767015,media,,,,
Google Video,132900.71875,posterior,0.9414497,0.6948014,0.81830776,media,,,,
Google Video,132900.71875,prior,0.9612622,0.7046238,0.83813447,media,,,,
Google Video,133377.078125,posterior,0.94164664,0.6955596,0.81881845,media,,,,
Google Video,133377.078125,prior,0.9613952,0.7053679,0.83859605,media,,,,
Google Video,133853.421875,posterior,0.9418422,0.696314,0.8193272,media,,,,
Google Video,133853.421875,prior,0.96152735,0.7061083,0.839055,media,,,,
Google Video,134329.765625,posterior,0.94203645,0.69706464,0.81983334,media,,,,
Google Video,134329.765625,prior,0.96165854,0.7068449,0.8395115,media,,,,
Google Video,134806.109375,posterior,0.94222945,0.6978116,0.82033557,media,,,,
Google Video,134806.109375,prior,0.96178883,0.7075779,0.8399649,media,,,,
Google Video,135282.46875,posterior,0.9424212,0.6985549,0.82083607,media,,,,
Google Video,135282.46875,prior,0.9619183,0.70830727,0.8404157,media,,,,
Google Video,135758.8125,posterior,0.94261163,0.69929457,0.8213324,media,,,,
Google Video,135758.8125,prior,0.9620468,0.70903295,0.84086454,media,,,,
Google Video,136235.15625,posterior,0.94280076,0.70003057,0.821827,media,,,,
Google Video,136235.15625,prior,0.9621745,0.70975494,0.84131026,media,,,,
Google Video,136711.5,posterior,0.94298875,0.700763,0.8223186,media,,,,
Google Video,136711.5,prior,0.9623013,0.7104735,0.8417537,media,,,,
Google Video,137187.84375,posterior,0.94317544,0.7014919,0.82280797,media,,,,
Google Video,137187.84375,prior,0.96242726,0.7111885,0.8421948,media,,,,
Google Video,137664.203125,posterior,0.9433609,0.70221716,0.8232939,media,,,,
Google Video,137664.203125,prior,0.9625524,0.71189994,0.8426333,media,,,,
Google Video,138140.53125,posterior,0.9435452,0.702939,0.8237771,media,,,,
Google Video,138140.53125,prior,0.9626767,0.7126078,0.8430691,media,,,,
Google Video,138616.890625,posterior,0.94372827,0.7036573,0.82425874,media,,,,
Google Video,138616.890625,prior,0.9628002,0.71331227,0.8435034,media,,,,
Google Video,139093.234375,posterior,0.9439102,0.70437217,0.8247364,media,,,,
Google Video,139093.234375,prior,0.96292293,0.71401334,0.84393406,media,,,,
Google Video,139569.578125,posterior,0.94409096,0.70508355,0.8252125,media,,,,
Google Video,139569.578125,prior,0.96304476,0.7147109,0.84436285,media,,,,
Google Video,140045.9375,posterior,0.9442705,0.70579153,0.825685,media,,,,
Google Video,140045.9375,prior,0.9631658,0.71540517,0.84478956,media,,,,
Google Video,140522.265625,posterior,0.9444489,0.7064961,0.8261555,media,,,,
Google Video,140522.265625,prior,0.9632861,0.7160959,0.8452134,media,,,,
Google Video,140998.625,posterior,0.9446262,0.7071974,0.8266233,media,,,,
Google Video,140998.625,prior,0.9634056,0.71678346,0.8456352,media,,,,
Google Video,141474.96875,posterior,0.94480234,0.7078953,0.8270882,media,,,,
Google Video,141474.96875,prior,0.96352434,0.7174676,0.846055,media,,,,
Google Video,141951.3125,posterior,0.94497734,0.7085898,0.82755107,media,,,,
Google Video,141951.3125,prior,0.9636423,0.7181485,0.84647214,media,,,,
Google Video,142427.671875,posterior,0.9451513,0.70928115,0.82801265,media,,,,
Google Video,142427.671875,prior,0.9637594,0.7188262,0.8468872,media,,,,
Google Video,142904.0,posterior,0.9453241,0.7099691,0.8284703,media,,,,
Google Video,142904.0,prior,0.9638759,0.7195004,0.84729946,media,,,,
Google Video,143380.359375,posterior,0.9454959,0.7106539,0.82892543,media,,,,
Google Video,143380.359375,prior,0.9639916,0.7201716,0.84770983,media,,,,
Google Video,143856.703125,posterior,0.94566655,0.7113354,0.8293783,media,,,,
Google Video,143856.703125,prior,0.96410656,0.7208395,0.84811777,media,,,,
Google Video,144333.046875,posterior,0.9458361,0.7120137,0.82982826,media,,,,
Google Video,144333.046875,prior,0.96422076,0.7215042,0.84852356,media,,,,
Google Video,144809.390625,posterior,0.94600475,0.7126889,0.83027655,media,,,,
Google Video,144809.390625,prior,0.96433425,0.72216576,0.84892774,media,,,,
Google Video,145285.75,posterior,0.94617224,0.7133609,0.83072245,media,,,,
Google Video,145285.75,prior,0.964447,0.7228242,0.8493296,media,,,,
Google Video,145762.09375,posterior,0.94633865,0.7140297,0.8311662,media,,,,
Google Video,145762.09375,prior,0.96455914,0.72347957,0.84972894,media,,,,
Google Video,146238.4375,posterior,0.9465041,0.71469545,0.8316077,media,,,,
Google Video,146238.4375,prior,0.9646705,0.7241318,0.850126,media,,,,
Google Video,146714.78125,posterior,0.94666857,0.71535814,0.8320462,media,,,,
Google Video,146714.78125,prior,0.96478117,0.72478104,0.85052156,media,,,,
Google Video,147191.125,posterior,0.946832,0.71601766,0.8324827,media,,,,
Google Video,147191.125,prior,0.96489114,0.7254271,0.8509147,media,,,,
Google Video,147667.484375,posterior,0.94699436,0.7166742,0.83291686,media,,,,
Google Video,147667.484375,prior,0.96500045,0.72607017,0.8513061,media,,,,
Google Video,148143.8125,posterior,0.94715583,0.7173277,0.83335024,media,,,,
Google Video,148143.8125,prior,0.96510905,0.7267103,0.8516945,media,,,,
Google Video,148620.171875,posterior,0.9473163,0.7179782,0.8337799,media,,,,
Google Video,148620.171875,prior,0.965217,0.72734743,0.8520817,media,,,,
Google Video,149096.515625,posterior,0.94747573,0.7186258,0.8342067,media,,,,
Google Video,149096.515625,prior,0.9653242,0.72798157,0.85246664,media,,,,
Google Video,149572.859375,posterior,0.9476343,0.7192702,0.83463156,media,,,,
Google Video,149572.859375,prior,0.96543086,0.7286127,0.8528493,media,,,,
Google Video,150049.21875,posterior,0.9477918,0.7199119,0.8350538,media,,,,
Google Video,150049.21875,prior,0.9655368,0.729241,0.8532299,media,,,,
Google Video,150525.546875,posterior,0.94794846,0.72055054,0.83547574,media,,,,
Google Video,150525.546875,prior,0.9656421,0.7298664,0.8536087,media,,,,
Google Video,151001.90625,posterior,0.94810414,0.72118616,0.83589536,media,,,,
Google Video,151001.90625,prior,0.9657468,0.7304889,0.85398537,media,,,,
Google Video,151478.25,posterior,0.9482588,0.7218191,0.8363115,media,,,,
Google Video,151478.25,prior,0.96585083,0.7311085,0.85436106,media,,,,
Google Video,151954.59375,posterior,0.9484127,0.7224491,0.83672595,media,,,,
Google Video,151954.59375,prior,0.96595424,0.7317252,0.8547342,media,,,,
Google Video,152430.9375,posterior,0.9485656,0.7230762,0.83713937,media,,,,
Google Video,152430.9375,prior,0.966057,0.73233926,0.85510546,media,,,,
Google Video,152907.28125,posterior,0.94871765,0.72370064,0.83754873,media,,,,
Google Video,152907.28125,prior,0.96615916,0.73295045,0.85547394,media,,,,
Google Video,153383.640625,posterior,0.94886875,0.7243221,0.837958,media,,,,
Google Video,153383.640625,prior,0.96626073,0.7335588,0.855842,media,,,,
Google Video,153859.984375,posterior,0.949019,0.72494084,0.8383633,media,,,,
Google Video,153859.984375,prior,0.9663617,0.73416436,0.8562077,media,,,,
Google Video,154336.328125,posterior,0.9491683,0.72555685,0.83876705,media,,,,
Google Video,154336.328125,prior,0.966462,0.73476726,0.85657126,media,,,,
Google Video,154812.671875,posterior,0.94931686,0.72617,0.83917,media,,,,
Google Video,154812.671875,prior,0.9665618,0.73536736,0.85693246,media,,,,
Google Video,155289.03125,posterior,0.94946444,0.72678053,0.8395698,media,,,,
Google Video,155289.03125,prior,0.9666609,0.73596483,0.85729265,media,,,,
Google Video,155765.359375,posterior,0.9496112,0.72738826,0.8399679,media,,,,
Google Video,155765.359375,prior,0.9667595,0.7365595,0.85765094,media,,,,
Google Video,156241.71875,posterior,0.9497571,0.7279933,0.840364,media,,,,
Google Video,156241.71875,prior,0.96685743,0.73715156,0.8580072,media,,,,
Google Video,156718.0625,posterior,0.9499021,0.72859573,0.8407579,media,,,,
Google Video,156718.0625,prior,0.9669548,0.737741,0.85836184,media,,,,
Google Video,157194.40625,posterior,0.95004636,0.72919536,0.8411514,media,,,,
Google Video,157194.40625,prior,0.9670517,0.7383278,0.85871375,media,,,,
Google Video,157670.765625,posterior,0.95018977,0.72979254,0.84154,media,,,,
Google Video,157670.765625,prior,0.96714795,0.7389119,0.8590649,media,,,,
Google Video,158147.09375,posterior,0.95033234,0.730387,0.8419289,media,,,,
Google Video,158147.09375,prior,0.9672437,0.7394934,0.85941464,media,,,,
Google Video,158623.453125,posterior,0.9504741,0.7309788,0.8423158,media,,,,
Google Video,158623.453125,prior,0.96733886,0.7400724,0.85976166,media,,,,
Google Video,159099.796875,posterior,0.9506151,0.73156804,0.84269935,media,,,,
Google Video,159099.796875,prior,0.96743345,0.7406488,0.86010814,media,,,,
Google Video,159576.140625,posterior,0.95075524,0.73215467,0.84308285,media,,,,
Google Video,159576.140625,prior,0.9675275,0.7412227,0.8604518,media,,,,
Google Video,160052.5,posterior,0.9508946,0.73273885,0.84346366,media,,,,
Google Video,160052.5,prior,0.967621,0.741794,0.8607944,media,,,,
Google Video,160528.828125,posterior,0.9510332,0.73332036,0.8438427,media,,,,
Google Video,160528.828125,prior,0.967714,0.74236274,0.8611348,media,,,,
Google Video,161005.1875,posterior,0.951171,0.7338994,0.8442193,media,,,,
Google Video,161005.1875,prior,0.96780646,0.74292904,0.86147356,media,,,,
Google Video,161481.53125,posterior,0.951308,0.734476,0.8445949,media,,,,
Google Video,161481.53125,prior,0.96789837,0.7434929,0.8618108,media,,,,
Google Video,161957.875,posterior,0.95144427,0.7350499,0.8449679,media,,,,
Google Video,161957.875,prior,0.96798974,0.7440542,0.8621467,media,,,,
Google Video,162434.21875,posterior,0.95157975,0.7356216,0.84533954,media,,,,
Google Video,162434.21875,prior,0.96808064,0.74461305,0.8624801,media,,,,
Google Video,162910.5625,posterior,0.9517145,0.7361906,0.8457101,media,,,,
Google Video,162910.5625,prior,0.968171,0.7451695,0.8628134,media,,,,
Google Video,163386.921875,posterior,0.9518485,0.7367573,0.84607774,media,,,,
Google Video,163386.921875,prior,0.9682609,0.74572355,0.8631437,media,,,,
Google Video,163863.265625,posterior,0.9519818,0.73732156,0.8464448,media,,,,
Google Video,163863.265625,prior,0.96835023,0.74627525,0.8634722,media,,,,
Google Video,164339.609375,posterior,0.9521142,0.7378833,0.8468084,media,,,,
Google Video,164339.609375,prior,0.96843904,0.74682444,0.86380017,media,,,,
Google Video,164815.953125,posterior,0.95224607,0.7384427,0.8471717,media,,,,
Google Video,164815.953125,prior,0.9685274,0.74737126,0.8641266,media,,,,
Google Video,165292.296875,posterior,0.9523771,0.7389998,0.8475322,media,,,,
Google Video,165292.296875,prior,0.96861523,0.7479158,0.864451,media,,,,
Google Video,165768.640625,posterior,0.9525075,0.7395544,0.8478923,media,,,,
Google Video,165768.640625,prior,0.96870255,0.74845797,0.8647742,media,,,,
Google Video,166245.0,posterior,0.9526371,0.74010676,0.84824985,media,,,,
Google Video,166245.0,prior,0.96878946,0.74899787,0.8650953,media,,,,
Google Video,166721.34375,posterior,0.95276606,0.74065673,0.84860617,media,,,,
Google Video,166721.34375,prior,0.9688759,0.7495354,0.8654152,media,,,,
Google Video,167197.6875,posterior,0.9528943,0.7412044,0.84896016,media,,,,
Google Video,167197.6875,prior,0.9689618,0.7500705,0.865733,media,,,,
Google Video,167674.046875,posterior,0.9530218,0.7417497,0.849314,media,,,,
Google Video,167674.046875,prior,0.96904725,0.7506035,0.8660501,media,,,,
Google Video,168150.375,posterior,0.9531486,0.74229276,0.84966433,media,,,,
Google Video,168150.375,prior,0.9691322,0.7511343,0.8663652,media,,,,
Google Video,168626.734375,posterior,0.95327485,0.7428336,0.85001343,media,,,,
Google Video,168626.734375,prior,0.9692167,0.7516627,0.8666791,media,,,,
Google Video,169103.078125,posterior,0.9534003,0.743372,0.8503616,media,,,,
Google Video,169103.078125,prior,0.9693008,0.7521888,0.86699134,media,,,,
Google Video,169579.421875,posterior,0.9535251,0.74390835,0.8507069,media,,,,
Google Video,169579.421875,prior,0.9693844,0.7527127,0.8673026,media,,,,
Google Video,170055.78125,posterior,0.9536493,0.74444234,0.8510518,media,,,,
Google Video,170055.78125,prior,0.9694675,0.7532345,0.86761147,media,,,,
Google Video,170532.109375,posterior,0.9537727,0.7449741,0.8513944,media,,,,
Google Video,170532.109375,prior,0.9695502,0.75375414,0.86791986,media,,,,
Google Video,171008.46875,posterior,0.9538956,0.7455038,0.8517365,media,,,,
Google Video,171008.46875,prior,0.96963245,0.75427145,0.8682263,media,,,,
Google Video,171484.8125,posterior,0.95401776,0.7460311,0.8520754,media,,,,
Google Video,171484.8125,prior,0.9697143,0.7547867,0.86853087,media,,,,
Google Video,171961.15625,posterior,0.9541393,0.74655634,0.8524147,media,,,,
Google Video,171961.15625,prior,0.96979564,0.7552997,0.8688348,media,,,,
Google Video,172437.5,posterior,0.9542602,0.74707943,0.8527516,media,,,,
Google Video,172437.5,prior,0.9698765,0.7558106,0.8691371,media,,,,
Google Video,172913.84375,posterior,0.95438045,0.74760026,0.8530856,media,,,,
Google Video,172913.84375,prior,0.96995705,0.7563194,0.86943763,media,,,,
Google Video,173390.203125,posterior,0.9545,0.74811906,0.8534201,media,,,,
Google Video,173390.203125,prior,0.9700371,0.75682604,0.8697371,media,,,,
Google Video,173866.546875,posterior,0.95461905,0.74863565,0.8537519,media,,,,
Google Video,173866.546875,prior,0.9701167,0.7573306,0.8700351,media,,,,
Google Video,174342.890625,posterior,0.9547375,0.74915016,0.85408217,media,,,,
Google Video,174342.890625,prior,0.9701959,0.75783306,0.8703321,media,,,,
Google Video,174819.234375,posterior,0.9548552,0.7496626,0.85441154,media,,,,
Google Video,174819.234375,prior,0.9702747,0.75833344,0.87062734,media,,,,
Google Video,175295.578125,posterior,0.9549724,0.75017285,0.85473907,media,,,,
Google Video,175295.578125,prior,0.97035307,0.7588318,0.8709215,media,,,,
Google Video,175771.921875,posterior,0.9550889,0.7506811,0.8550657,media,,,,
Google Video,175771.921875,prior,0.9704311,0.759328,0.8712142,media,,,,
Google Video,176248.28125,posterior,0.95520484,0.75118726,0.8553892,media,,,,
Google Video,176248.28125,prior,0.97050864,0.75982225,0.87150514,media,,,,
Google Video,176724.625,posterior,0.9553202,0.75169146,0.8557132,media,,,,
Google Video,176724.625,prior,0.97058576,0.7603145,0.8717953,media,,,,
Google Video,177200.96875,posterior,0.955435,0.75219357,0.85603493,media,,,,
Google Video,177200.96875,prior,0.97066253,0.7608047,0.8720839,media,,,,
Google Video,177677.328125,posterior,0.9555491,0.75269353,0.8563548,media,,,,
Google Video,177677.328125,prior,0.9707389,0.76129293,0.87237173,media,,,,
Google Video,178153.65625,posterior,0.95566267,0.75319165,0.85667413,media,,,,
Google Video,178153.65625,prior,0.9708148,0.76177907,0.87265724,media,,,,
Google Video,178630.015625,posterior,0.95577574,0.7536877,0.8569913,media,,,,
Google Video,178630.015625,prior,0.9708904,0.7622633,0.8729423,media,,,,
Google Video,179106.359375,posterior,0.9558881,0.7541817,0.85730755,media,,,,
Google Video,179106.359375,prior,0.97096556,0.7627457,0.87322557,media,,,,
Google Video,179582.703125,posterior,0.95600003,0.7546738,0.8576228,media,,,,
Google Video,179582.703125,prior,0.97104037,0.7632259,0.8735075,media,,,,
Google Video,180059.0625,posterior,0.95611125,0.7551639,0.8579344,media,,,,
Google Video,180059.0625,prior,0.97111475,0.76370436,0.8737888,media,,,,
Google Video,180535.390625,posterior,0.956222,0.75565207,0.858247,media,,,,
Google Video,180535.390625,prior,0.9711888,0.7641807,0.87406844,media,,,,
Google Video,181011.75,posterior,0.9563322,0.75613827,0.85855806,media,,,,
Google Video,181011.75,prior,0.97126245,0.76465523,0.874347,media,,,,
Google Video,181488.09375,posterior,0.9564418,0.75662255,0.8588674,media,,,,
Google Video,181488.09375,prior,0.9713357,0.76512796,0.8746242,media,,,,
Google Video,181964.4375,posterior,0.9565509,0.75710493,0.8591746,media,,,,
Google Video,181964.4375,prior,0.9714086,0.76559865,0.8749002,media,,,,
Google Video,182440.78125,posterior,0.9566594,0.75758535,0.8594813,media,,,,
Google Video,182440.78125,prior,0.97148114,0.76606745,0.8751752,media,,,,
Google Video,182917.125,posterior,0.9567674,0.758064,0.8597858,media,,,,
Google Video,182917.125,prior,0.97155327,0.7665344,0.8754484,media,,,,
Google Video,183393.484375,posterior,0.9568749,0.75854063,0.8600903,media,,,,
Google Video,183393.484375,prior,0.97162503,0.76699954,0.8757216,media,,,,
Google Video,183869.828125,posterior,0.9569818,0.7590153,0.8603934,media,,,,
Google Video,183869.828125,prior,0.97169644,0.76746285,0.8759925,media,,,,
Google Video,184346.171875,posterior,0.9570882,0.7594884,0.86069417,media,,,,
Google Video,184346.171875,prior,0.97176754,0.76792425,0.8762623,media,,,,
Google Video,184822.515625,posterior,0.957194,0.7599594,0.8609932,media,,,,
Google Video,184822.515625,prior,0.97183824,0.7683838,0.87653136,media,,,,
Google Video,185298.859375,posterior,0.95729935,0.7604286,0.8612915,media,,,,
Google Video,185298.859375,prior,0.9719086,0.76884156,0.8767981,media,,,,
Google Video,185775.203125,posterior,0.9574042,0.7608961,0.86158895,media,,,,
Google Video,185775.203125,prior,0.9719786,0.7692976,0.8770651,media,,,,
Google Video,186251.5625,posterior,0.9575085,0.7613616,0.861885,media,,,,
Google Video,186251.5625,prior,0.9720483,0.7697518,0.8773299,media,,,,
Google Video,186727.90625,posterior,0.95761234,0.76182544,0.8621794,media,,,,
Google Video,186727.90625,prior,0.9721176,0.7702042,0.8775944,media,,,,
Google Video,187204.25,posterior,0.9577156,0.7622874,0.8624731,media,,,,
Google Video,187204.25,prior,0.97218657,0.7706548,0.87785715,media,,,,
Google Video,187680.59375,posterior,0.9578184,0.7627476,0.8627647,media,,,,
Google Video,187680.59375,prior,0.97225523,0.7711036,0.87811965,media,,,,
Google Video,188156.9375,posterior,0.95792073,0.763206,0.8630552,media,,,,
Google Video,188156.9375,prior,0.97232354,0.7715508,0.8783805,media,,,,
Google Video,188633.296875,posterior,0.9580225,0.7636626,0.8633465,media,,,,
Google Video,188633.296875,prior,0.9723915,0.7719961,0.87863946,media,,,,
Google Video,189109.640625,posterior,0.9581238,0.76411754,0.8636355,media,,,,
Google Video,189109.640625,prior,0.97245914,0.7724397,0.87889856,media,,,,
Google Video,189585.984375,posterior,0.95822465,0.76457065,0.86392206,media,,,,
Google Video,189585.984375,prior,0.97252643,0.77288157,0.8791562,media,,,,
Google Video,190062.34375,posterior,0.95832497,0.76502204,0.8642068,media,,,,
Google Video,190062.34375,prior,0.97259337,0.7733218,0.87941206,media,,,,
Google Video,190538.671875,posterior,0.9584248,0.7654718,0.86449313,media,,,,
Google Video,190538.671875,prior,0.97266,0.7737603,0.8796676,media,,,,
Google Video,191015.03125,posterior,0.95852417,0.7659197,0.864776,media,,,,
Google Video,191015.03125,prior,0.97272635,0.7741971,0.8799213,media,,,,
Google Video,191491.375,posterior,0.9586231,0.76636595,0.86506,media,,,,
Google Video,191491.375,prior,0.9727923,0.7746322,0.880175,media,,,,
Google Video,191967.71875,posterior,0.9587216,0.7668105,0.8653389,media,,,,
Google Video,191967.71875,prior,0.972858,0.7750656,0.8804271,media,,,,
Google Video,192444.0625,posterior,0.95881945,0.76725334,0.86562085,media,,,,
Google Video,192444.0625,prior,0.9729234,0.77549744,0.8806781,media,,,,
Google Video,192920.40625,posterior,0.958917,0.76769453,0.8658995,media,,,,
Google Video,192920.40625,prior,0.9729885,0.77592754,0.8809278,media,,,,
Google Video,193396.765625,posterior,0.95901406,0.768134,0.86617666,media,,,,
Google Video,193396.765625,prior,0.9730532,0.77635604,0.88117635,media,,,,
Google Video,193873.109375,posterior,0.9591106,0.7685719,0.86645335,media,,,,
Google Video,193873.109375,prior,0.97311765,0.7767829,0.88142496,media,,,,
Google Video,194349.453125,posterior,0.95920676,0.7690081,0.86672896,media,,,,
Google Video,194349.453125,prior,0.9731817,0.77720803,0.8816705,media,,,,
Google Video,194825.796875,posterior,0.9593024,0.7694426,0.86700284,media,,,,
Google Video,194825.796875,prior,0.97324556,0.7776317,0.8819171,media,,,,
Google Video,195302.140625,posterior,0.9593977,0.76987565,0.8672759,media,,,,
Google Video,195302.140625,prior,0.97330904,0.77805364,0.8821616,media,,,,
Google Video,195778.484375,posterior,0.95949244,0.7703069,0.8675477,media,,,,
Google Video,195778.484375,prior,0.9733722,0.77847403,0.8824052,media,,,,
Google Video,196254.84375,posterior,0.9595868,0.7707366,0.86781996,media,,,,
Google Video,196254.84375,prior,0.97343516,0.77889276,0.8826478,media,,,,
Google Video,196731.1875,posterior,0.95968074,0.77116466,0.8680894,media,,,,
Google Video,196731.1875,prior,0.97349775,0.77931005,0.8828895,media,,,,
Google Video,197207.53125,posterior,0.9597742,0.7715911,0.8683578,media,,,,
Google Video,197207.53125,prior,0.9735601,0.7797257,0.8831302,media,,,,
Google Video,197683.875,posterior,0.9598672,0.7720161,0.8686256,media,,,,
Google Video,197683.875,prior,0.97362214,0.7801398,0.88336945,media,,,,
Google Video,198160.21875,posterior,0.95995986,0.77243936,0.86889297,media,,,,
Google Video,198160.21875,prior,0.9736839,0.78055227,0.88360846,media,,,,
Google Video,198636.578125,posterior,0.96005195,0.7728612,0.8691587,media,,,,
Google Video,198636.578125,prior,0.97374535,0.78096324,0.88384604,media,,,,
Google Video,199112.90625,posterior,0.96014374,0.7732814,0.86942345,media,,,,
Google Video,199112.90625,prior,0.9738065,0.7813728,0.88408273,media,,,,
Google Video,199589.265625,posterior,0.9602351,0.77369994,0.86968595,media,,,,
Google Video,199589.265625,prior,0.97386736,0.78178066,0.88431925,media,,,,
Google Video,200065.625,posterior,0.9603261,0.7741171,0.8699483,media,,,,
Google Video,200065.625,prior,0.973928,0.7821871,0.884554,media,,,,
Google Video,200541.953125,posterior,0.96041656,0.7745327,0.8702081,media,,,,
Google Video,200541.953125,prior,0.97398823,0.7825919,0.8847876,media,,,,
Google Video,201018.3125,posterior,0.96050656,0.7749467,0.87046933,media,,,,
Google Video,201018.3125,prior,0.97404826,0.78299534,0.88502043,media,,,,
Google Video,201494.65625,posterior,0.9605963,0.7753592,0.8707286,media,,,,
Google Video,201494.65625,prior,0.9741081,0.7833972,0.88525224,media,,,,
Google Video,201971.0,posterior,0.9606856,0.7757702,0.870986,media,,,,
Google Video,201971.0,prior,0.9741676,0.7837977,0.8854836,media,,,,
Google Video,202447.34375,posterior,0.9607744,0.77617973,0.87124324,media,,,,
Google Video,202447.34375,prior,0.9742268,0.7841965,0.8857133,media,,,,
Google Video,202923.6875,posterior,0.96086305,0.7765877,0.8714987,media,,,,
Google Video,202923.6875,prior,0.9742857,0.784594,0.885943,media,,,,
Google Video,203400.046875,posterior,0.960951,0.7769943,0.8717553,media,,,,
Google Video,203400.046875,prior,0.9743444,0.78498995,0.8861709,media,,,,
Google Video,203876.390625,posterior,0.9610387,0.7773994,0.8720096,media,,,,
Google Video,203876.390625,prior,0.97440284,0.7853846,0.8863988,media,,,,
Google Video,204352.734375,posterior,0.961126,0.7778029,0.87226087,media,,,,
Google Video,204352.734375,prior,0.974461,0.7857777,0.8866243,media,,,,
Google Video,204829.09375,posterior,0.9612129,0.7782051,0.8725134,media,,,,
Google Video,204829.09375,prior,0.9745189,0.78616935,0.88685024,media,,,,
Google Video,205305.421875,posterior,0.9612994,0.7786058,0.872764,media,,,,
Google Video,205305.421875,prior,0.9745765,0.7865596,0.8870749,media,,,,
Google Video,205781.765625,posterior,0.96138555,0.77900493,0.8730159,media,,,,
Google Video,205781.765625,prior,0.9746339,0.7869484,0.8872988,media,,,,
Google Video,206258.125,posterior,0.96147126,0.7794028,0.8732623,media,,,,
Google Video,206258.125,prior,0.974691,0.7873358,0.8875214,media,,,,
Google Video,206734.46875,posterior,0.9615566,0.7797991,0.87351185,media,,,,
Google Video,206734.46875,prior,0.9747478,0.78772175,0.88774353,media,,,,
Google Video,207210.828125,posterior,0.96164167,0.7801941,0.87375844,media,,,,
Google Video,207210.828125,prior,0.97480434,0.7881064,0.88796496,media,,,,
Google Video,207687.15625,posterior,0.9617262,0.7805876,0.8740035,media,,,,
Google Video,207687.15625,prior,0.97486067,0.7884895,0.8881842,media,,,,
Google Video,208163.5,posterior,0.96181047,0.78097963,0.8742496,media,,,,
Google Video,208163.5,prior,0.97491676,0.7888714,0.8884043,media,,,,
Google Video,208639.859375,posterior,0.96189433,0.7813705,0.8744939,media,,,,
Google Video,208639.859375,prior,0.9749726,0.7892518,0.88862234,media,,,,
Google Video,209116.203125,posterior,0.96197784,0.78175974,0.8747374,media,,,,
Google Video,209116.203125,prior,0.97502816,0.78963095,0.88884014,media,,,,
Google Video,209592.53125,posterior,0.962061,0.78214765,0.8749792,media,,,,
Google Video,209592.53125,prior,0.97508353,0.7900086,0.88905656,media,,,,
Google Video,210068.890625,posterior,0.9621438,0.7825343,0.87521976,media,,,,
Google Video,210068.890625,prior,0.9751386,0.790385,0.88927287,media,,,,
Google Video,210545.234375,posterior,0.9622262,0.78291947,0.8754609,media,,,,
Google Video,210545.234375,prior,0.9751935,0.79076,0.8894879,media,,,,
Google Video,211021.59375,posterior,0.9623082,0.7833034,0.8757001,media,,,,
Google Video,211021.59375,prior,0.9752481,0.79113364,0.8897017,media,,,,
Google Video,211497.9375,posterior,0.96238995,0.78368574,0.8759382,media,,,,
Google Video,211497.9375,prior,0.97530246,0.791506,0.88991547,media,,,,
Google Video,211974.265625,posterior,0.9624713,0.7840669,0.87617606,media,,,,
Google Video,211974.265625,prior,0.9753566,0.79187703,0.89012796,media,,,,
Google Video,212450.625,posterior,0.96255225,0.7844468,0.87641263,media,,,,
Google Video,212450.625,prior,0.9754105,0.7922467,0.8903398,media,,,,
Google Video,212926.96875,posterior,0.9626329,0.78482515,0.8766498,media,,,,
Google Video,212926.96875,prior,0.97546417,0.7926151,0.8905505,media,,,,
Google Video,213403.328125,posterior,0.96271324,0.7852023,0.8768829,media,,,,
Google Video,213403.328125,prior,0.9755176,0.79298216,0.8907605,media,,,,
Google Video,213879.671875,posterior,0.9627931,0.78557813,0.87711775,media,,,,
Google Video,213879.671875,prior,0.9755708,0.79334795,0.89096975,media,,,,
Google Video,214356.0,posterior,0.96287274,0.7859526,0.87735134,media,,,,
Google Video,214356.0,prior,0.9756237,0.79371244,0.8911784,media,,,,
Google Video,214832.359375,posterior,0.9629521,0.7863259,0.8775837,media,,,,
Google Video,214832.359375,prior,0.9756765,0.79407567,0.89138585,media,,,,
Google Video,215308.703125,posterior,0.96303093,0.7866977,0.87781477,media,,,,
Google Video,215308.703125,prior,0.975729,0.7944376,0.8915935,media,,,,
Google Video,215785.0625,posterior,0.96310955,0.78706837,0.87804496,media,,,,
Google Video,215785.0625,prior,0.97578126,0.79479825,0.89179945,media,,,,
Google Video,216261.390625,posterior,0.9631879,0.7874377,0.87827414,media,,,,
Google Video,216261.390625,prior,0.97583336,0.7951576,0.8920046,media,,,,
Google Video,216737.734375,posterior,0.9632658,0.7878056,0.8785026,media,,,,
Google Video,216737.734375,prior,0.97588515,0.79551584,0.8922092,media,,,,
Google Video,217214.09375,posterior,0.9633434,0.7881725,0.87873167,media,,,,
Google Video,217214.09375,prior,0.9759368,0.7958727,0.8924133,media,,,,
Google Video,217690.4375,posterior,0.9634206,0.7885379,0.8789582,media,,,,
Google Video,217690.4375,prior,0.97598815,0.79622835,0.8926158,media,,,,
Google Video,218166.796875,posterior,0.96349764,0.7889022,0.879184,media,,,,
Google Video,218166.796875,prior,0.97603935,0.79658276,0.8928179,media,,,,
Google Video,218643.125,posterior,0.96357423,0.7892652,0.87941015,media,,,,
Google Video,218643.125,prior,0.9760903,0.7969359,0.8930195,media,,,,
Google Video,219119.46875,posterior,0.9636505,0.7896269,0.87963355,media,,,,
Google Video,219119.46875,prior,0.97614104,0.7972879,0.8932204,media,,,,
Google Video,219595.828125,posterior,0.9637265,0.7899875,0.87985796,media,,,,
Google Video,219595.828125,prior,0.9761916,0.79763865,0.8934202,media,,,,
Google Video,220072.171875,posterior,0.9638022,0.7903467,0.8800819,media,,,,
Google Video,220072.171875,prior,0.9762419,0.7979882,0.8936195,media,,,,
Google Video,220548.53125,posterior,0.96387756,0.7907048,0.880302,media,,,,
Google Video,220548.53125,prior,0.97629195,0.7983365,0.8938176,media,,,,
Google Video,221024.859375,posterior,0.9639526,0.79106164,0.88052446,media,,,,
Google Video,221024.859375,prior,0.97634184,0.7986836,0.89401543,media,,,,
Google Video,221501.203125,posterior,0.96402735,0.7914171,0.880743,media,,,,
Google Video,221501.203125,prior,0.9763915,0.7990295,0.89421266,media,,,,
Google Video,221977.5625,posterior,0.96410173,0.7917716,0.8809636,media,,,,
Google Video,221977.5625,prior,0.97644097,0.7993743,0.8944088,media,,,,
Google Video,222453.921875,posterior,0.9641759,0.79212475,0.8811823,media,,,,
Google Video,222453.921875,prior,0.9764902,0.79971784,0.89460456,media,,,,
Google Video,222930.25,posterior,0.9642497,0.7924768,0.88140076,media,,,,
Google Video,222930.25,prior,0.97653925,0.8000602,0.89479965,media,,,,
Google Video,223406.59375,posterior,0.9643232,0.7928276,0.8816186,media,,,,
Google Video,223406.59375,prior,0.97658813,0.80040145,0.89499307,media,,,,
Google Video,223882.953125,posterior,0.96439636,0.7931772,0.8818339,media,,,,
Google Video,223882.953125,prior,0.97663677,0.8007415,0.8951867,media,,,,
Google Video,224359.296875,posterior,0.9644693,0.7935257,0.882049,media,,,,
Google Video,224359.296875,prior,0.9766852,0.8010804,0.89537895,media,,,,
Google Video,224835.65625,posterior,0.9645419,0.79387295,0.8822645,media,,,,
Google Video,224835.65625,prior,0.9767335,0.8014182,0.89557064,media,,,,
Google Video,225311.984375,posterior,0.9646142,0.794219,0.8824784,media,,,,
Google Video,225311.984375,prior,0.97678155,0.8017548,0.8957626,media,,,,
Google Video,225788.328125,posterior,0.9646862,0.794564,0.88269234,media,,,,
Google Video,225788.328125,prior,0.97682935,0.8020902,0.8959525,media,,,,
Google Video,226264.6875,posterior,0.964758,0.7949078,0.88290423,media,,,,
Google Video,226264.6875,prior,0.97687703,0.8024246,0.8961428,media,,,,
Google Video,226741.03125,posterior,0.96482944,0.7952505,0.883116,media,,,,
Google Video,226741.03125,prior,0.9769245,0.80275774,0.896332,media,,,,
Google Video,227217.390625,posterior,0.96490055,0.7955919,0.8833265,media,,,,
Google Video,227217.390625,prior,0.97697175,0.80308986,0.89651996,media,,,,
Google Video,227693.71875,posterior,0.9649714,0.79593223,0.88353634,media,,,,
Google Video,227693.71875,prior,0.97701883,0.8034208,0.8967081,media,,,,
Google Video,228170.0625,posterior,0.965042,0.79627156,0.8837457,media,,,,
Google Video,228170.0625,prior,0.9770657,0.8037507,0.8968944,media,,,,
Google Video,228646.421875,posterior,0.96511227,0.79660964,0.8839543,media,,,,
Google Video,228646.421875,prior,0.9771124,0.8040794,0.89708173,media,,,,
Google Video,229122.765625,posterior,0.96518224,0.7969467,0.8841619,media,,,,
Google Video,229122.765625,prior,0.9771589,0.8044071,0.89726716,media,,,,
Google Video,229599.09375,posterior,0.965252,0.7972825,0.88436973,media,,,,
Google Video,229599.09375,prior,0.9772052,0.80473363,0.89745224,media,,,,
Google Video,230075.453125,posterior,0.9653215,0.79761726,0.88457507,media,,,,
Google Video,230075.453125,prior,0.97725135,0.8050591,0.89763683,media,,,,
Google Video,230551.796875,posterior,0.9653906,0.797951,0.8847818,media,,,,
Google Video,230551.796875,prior,0.97729725,0.8053835,0.89782053,media,,,,
Google Video,231028.15625,posterior,0.9654595,0.79828346,0.8849864,media,,,,
Google Video,231028.15625,prior,0.977343,0.8057068,0.8980033,media,,,,
Google Video,231504.5,posterior,0.96552813,0.798615,0.8851905,media,,,,
Google Video,231504.5,prior,0.97738856,0.806029,0.8981856,media,,,,
Google Video,231980.828125,posterior,0.9655965,0.79894537,0.8853934,media,,,,
Google Video,231980.828125,prior,0.977434,0.8063502,0.89836764,media,,,,
Google Video,232457.1875,posterior,0.96566457,0.7992746,0.8855967,media,,,,
Google Video,232457.1875,prior,0.97747916,0.8066703,0.8985488,media,,,,
Google Video,232933.53125,posterior,0.96573234,0.7996029,0.8857989,media,,,,
Google Video,232933.53125,prior,0.97752416,0.8069893,0.8987289,media,,,,
Google Video,233409.890625,posterior,0.9657999,0.79993,0.8859993,media,,,,
Google Video,233409.890625,prior,0.97756904,0.80730736,0.898908,media,,,,
Google Video,233886.234375,posterior,0.9658672,0.80025613,0.8861993,media,,,,
Google Video,233886.234375,prior,0.9776137,0.8076243,0.8990877,media,,,,
Google Video,234362.5625,posterior,0.96593416,0.80058116,0.8863991,media,,,,
Google Video,234362.5625,prior,0.97765815,0.80794024,0.8992662,media,,,,
Google Video,234838.921875,posterior,0.9660009,0.80090505,0.8866008,media,,,,
Google Video,234838.921875,prior,0.9777025,0.8082551,0.8994439,media,,,,
Google Video,235315.265625,posterior,0.96606743,0.80122805,0.8867983,media,,,,
Google Video,235315.265625,prior,0.9777466,0.80856895,0.8996211,media,,,,
Google Video,235791.625,posterior,0.9661337,0.80154985,0.88699603,media,,,,
Google Video,235791.625,prior,0.9777906,0.80888176,0.8997984,media,,,,
Google Video,236267.953125,posterior,0.96619964,0.8018707,0.88719267,media,,,,
Google Video,236267.953125,prior,0.97783434,0.8091935,0.8999737,media,,,,
Google Video,236744.296875,posterior,0.9662653,0.80219054,0.88738936,media,,,,
Google Video,236744.296875,prior,0.977878,0.80950433,0.9001492,media,,,,
Google Video,237220.65625,posterior,0.9663308,0.8025092,0.8875852,media,,,,
Google Video,237220.65625,prior,0.97792137,0.8098141,0.90032464,media,,,,
Google Video,237697.0,posterior,0.96639603,0.802827,0.8877804,media,,,,
Google Video,237697.0,prior,0.97796464,0.81012285,0.9004985,media,,,,
Meta Facebook,0.0,posterior,0.0,0.0,0.0,media,,,,
Meta Facebook,0.0,prior,0.0,0.0,0.0,media,,,,
Meta Facebook,3090.1484375,posterior,0.012094438,0.005327944,0.008030684,media,,,,
Meta Facebook,3090.1484375,prior,0.06383233,0.007514634,0.023050303,media,,,,
Meta Facebook,6180.296875,posterior,0.023899818,0.010599416,0.01592436,media,,,,
Meta Facebook,6180.296875,prior,0.12000397,0.014917172,0.044382054,media,,,,
Meta Facebook,9270.4453125,posterior,0.035426386,0.015815306,0.02368479,media,,,,
Meta Facebook,9270.4453125,prior,0.169816,0.022210099,0.06426856,media,,,,
Meta Facebook,12360.59375,posterior,0.0466839,0.020976493,0.031315517,media,,,,
Meta Facebook,12360.59375,prior,0.21429065,0.02939584,0.08291504,media,,,,
Meta Facebook,15450.7421875,posterior,0.057681676,0.026083829,0.03882007,media,,,,
Meta Facebook,15450.7421875,prior,0.25424218,0.03647673,0.10048097,media,,,,
Meta Facebook,18540.890625,posterior,0.06842859,0.031138152,0.046201747,media,,,,
Meta Facebook,18540.890625,prior,0.29032725,0.043455057,0.11709322,media,,,,
Meta Facebook,21631.0390625,posterior,0.07893314,0.03614029,0.053463694,media,,,,
Meta Facebook,21631.0390625,prior,0.32308125,0.05033303,0.13285519,media,,,,
Meta Facebook,24721.1875,posterior,0.08920344,0.04109104,0.06060922,media,,,,
Meta Facebook,24721.1875,prior,0.3529451,0.057112798,0.14785276,media,,,,
Meta Facebook,27811.3359375,posterior,0.099247225,0.045991194,0.06764091,media,,,,
Meta Facebook,27811.3359375,prior,0.38028517,0.06379645,0.16215791,media,,,,
Meta Facebook,30901.484375,posterior,0.1090719,0.050841518,0.07456198,media,,,,
Meta Facebook,30901.484375,prior,0.40540844,0.070386015,0.175832,media,,,,
Meta Facebook,33991.6328125,posterior,0.11868457,0.05564277,0.08137508,media,,,,
Meta Facebook,33991.6328125,prior,0.42857406,0.076883465,0.18892792,media,,,,
Meta Facebook,37081.78125,posterior,0.12809204,0.060395695,0.08808277,media,,,,
Meta Facebook,37081.78125,prior,0.4500022,0.08329072,0.20149173,media,,,,
Meta Facebook,40171.9296875,posterior,0.13730077,0.06510102,0.09468788,media,,,,
Meta Facebook,40171.9296875,prior,0.4698813,0.08960964,0.21356374,media,,,,
Meta Facebook,43262.078125,posterior,0.14631703,0.06975945,0.101192534,media,,,,
Meta Facebook,43262.078125,prior,0.4883735,0.09584203,0.22517914,media,,,,
Meta Facebook,46352.2265625,posterior,0.15514676,0.07437169,0.107599296,media,,,,
Meta Facebook,46352.2265625,prior,0.505619,0.101989694,0.23636982,media,,,,
Meta Facebook,49442.375,posterior,0.16379572,0.07893842,0.113910556,media,,,,
Meta Facebook,49442.375,prior,0.5217398,0.10805431,0.24716392,media,,,,
Meta Facebook,52532.5234375,posterior,0.1722694,0.0834603,0.12012845,media,,,,
Meta Facebook,52532.5234375,prior,0.5368424,0.11403757,0.25758666,media,,,,
Meta Facebook,55622.671875,posterior,0.18057306,0.08793801,0.12625541,media,,,,
Meta Facebook,55622.671875,prior,0.55102044,0.11994109,0.26766095,media,,,,
Meta Facebook,58712.8203125,posterior,0.18871176,0.092372164,0.1322932,media,,,,
Meta Facebook,58712.8203125,prior,0.5643562,0.12576646,0.27740768,media,,,,
Meta Facebook,61802.96875,posterior,0.19669041,0.09676343,0.1382439,media,,,,
Meta Facebook,61802.96875,prior,0.5769226,0.13151519,0.28684524,media,,,,
Meta Facebook,64893.1171875,posterior,0.20451364,0.1011124,0.14410968,media,,,,
Meta Facebook,64893.1171875,prior,0.5887843,0.13718885,0.29599127,media,,,,
Meta Facebook,67983.265625,posterior,0.21218595,0.10541969,0.14989218,media,,,,
Meta Facebook,67983.265625,prior,0.599999,0.14278881,0.30486158,media,,,,
Meta Facebook,71073.4140625,posterior,0.21971168,0.109685905,0.1555933,media,,,,
Meta Facebook,71073.4140625,prior,0.6106183,0.14831659,0.31347027,media,,,,
Meta Facebook,74163.5625,posterior,0.22709501,0.11391162,0.1612152,media,,,,
Meta Facebook,74163.5625,prior,0.6206883,0.15377352,0.32183072,media,,,,
Meta Facebook,77253.7109375,posterior,0.23433991,0.11809741,0.16675942,media,,,,
Meta Facebook,77253.7109375,prior,0.6302506,0.15916099,0.3299554,media,,,,
Meta Facebook,80343.859375,posterior,0.24145024,0.122243844,0.17222728,media,,,,
Meta Facebook,80343.859375,prior,0.6393426,0.16448027,0.33785608,media,,,,
Meta Facebook,83434.0078125,posterior,0.24842972,0.12635146,0.17762044,media,,,,
Meta Facebook,83434.0078125,prior,0.64799815,0.16973266,0.34554255,media,,,,
Meta Facebook,86524.15625,posterior,0.25528196,0.13042082,0.18294106,media,,,,
Meta Facebook,86524.15625,prior,0.65624803,0.17491944,0.35302538,media,,,,
Meta Facebook,89614.3046875,posterior,0.26201037,0.13445243,0.18819022,media,,,,
Meta Facebook,89614.3046875,prior,0.66412,0.18004183,0.3603133,media,,,,
Meta Facebook,92704.453125,posterior,0.2686183,0.13844684,0.19336946,media,,,,
Meta Facebook,92704.453125,prior,0.67163956,0.18510099,0.36741492,media,,,,
Meta Facebook,95794.6015625,posterior,0.2751089,0.14240456,0.19848041,media,,,,
Meta Facebook,95794.6015625,prior,0.6788298,0.19009812,0.3743386,media,,,,
Meta Facebook,98884.75,posterior,0.28148535,0.14632608,0.20352465,media,,,,
Meta Facebook,98884.75,prior,0.68571186,0.19503433,0.3810913,media,,,,
Meta Facebook,101974.8984375,posterior,0.2877506,0.1502119,0.2085026,media,,,,
Meta Facebook,101974.8984375,prior,0.69230515,0.19991073,0.38768053,media,,,,
Meta Facebook,105065.046875,posterior,0.29390752,0.1540625,0.21341646,media,,,,
Meta Facebook,105065.046875,prior,0.69862753,0.20472841,0.3941127,media,,,,
Meta Facebook,108155.1953125,posterior,0.2999589,0.15787837,0.21826725,media,,,,
Meta Facebook,108155.1953125,prior,0.70469534,0.2094884,0.4003942,media,,,,
Meta Facebook,111245.34375,posterior,0.30590746,0.16165996,0.22305647,media,,,,
Meta Facebook,111245.34375,prior,0.71052355,0.21419176,0.40653074,media,,,,
Meta Facebook,114335.4921875,posterior,0.31175578,0.16540775,0.22778502,media,,,,
Meta Facebook,114335.4921875,prior,0.7161262,0.2188395,0.41252783,media,,,,
Meta Facebook,117425.640625,posterior,0.31750637,0.16912216,0.2324541,media,,,,
Meta Facebook,117425.640625,prior,0.72151613,0.22343256,0.41839063,media,,,,
Meta Facebook,120515.7890625,posterior,0.3231616,0.17280366,0.2370647,media,,,,
Meta Facebook,120515.7890625,prior,0.72670513,0.22797194,0.4241246,media,,,,
Meta Facebook,123605.9375,posterior,0.32872397,0.17645268,0.24161881,media,,,,
Meta Facebook,123605.9375,prior,0.73170435,0.23245856,0.42973378,media,,,,
Meta Facebook,126696.0859375,posterior,0.3341956,0.18006967,0.24611667,media,,,,
Meta Facebook,126696.0859375,prior,0.7365239,0.23689334,0.4352231,media,,,,
Meta Facebook,129786.234375,posterior,0.3395788,0.18365501,0.25056,media,,,,
Meta Facebook,129786.234375,prior,0.7411734,0.24127716,0.44059598,media,,,,
Meta Facebook,132876.390625,posterior,0.34487557,0.18720913,0.25494877,media,,,,
Meta Facebook,132876.390625,prior,0.7456617,0.24561088,0.44585764,media,,,,
Meta Facebook,135966.53125,posterior,0.35008812,0.19073243,0.25928485,media,,,,
Meta Facebook,135966.53125,prior,0.7499969,0.24989538,0.4510111,media,,,,
Meta Facebook,139056.6875,posterior,0.35521835,0.19422533,0.26356924,media,,,,
Meta Facebook,139056.6875,prior,0.75418675,0.2541315,0.45605987,media,,,,
Meta Facebook,142146.828125,posterior,0.36026824,0.1976882,0.26780212,media,,,,
Meta Facebook,142146.828125,prior,0.75823855,0.25832003,0.46100754,media,,,,
Meta Facebook,145236.984375,posterior,0.36523962,0.20112143,0.27198568,media,,,,
Meta Facebook,145236.984375,prior,0.762159,0.2624618,0.46585763,media,,,,
Meta Facebook,148327.125,posterior,0.37013435,0.20452543,0.27612013,media,,,,
Meta Facebook,148327.125,prior,0.76595426,0.26655754,0.47061276,media,,,,
Meta Facebook,151417.28125,posterior,0.37495416,0.20790052,0.28020543,media,,,,
Meta Facebook,151417.28125,prior,0.7696302,0.2706081,0.47527683,media,,,,
Meta Facebook,154507.421875,posterior,0.37970078,0.21124709,0.2842444,media,,,,
Meta Facebook,154507.421875,prior,0.7731926,0.27461413,0.47985196,media,,,,
Meta Facebook,157597.578125,posterior,0.3843758,0.21456549,0.2882365,media,,,,
Meta Facebook,157597.578125,prior,0.7766465,0.27857634,0.484341,media,,,,
Meta Facebook,160687.71875,posterior,0.38898093,0.21785611,0.29218325,media,,,,
Meta Facebook,160687.71875,prior,0.7799967,0.2824956,0.48874652,media,,,,
Meta Facebook,163777.875,posterior,0.39351767,0.22111927,0.2960843,media,,,,
Meta Facebook,163777.875,prior,0.7832479,0.28637245,0.49307108,media,,,,
Meta Facebook,166868.015625,posterior,0.3979875,0.2243553,0.29994184,media,,,,
Meta Facebook,166868.015625,prior,0.78640443,0.2902076,0.49731728,media,,,,
Meta Facebook,169958.171875,posterior,0.402392,0.22756456,0.30375603,media,,,,
Meta Facebook,169958.171875,prior,0.7894704,0.29400182,0.5014866,media,,,,
Meta Facebook,173048.3125,posterior,0.40673244,0.23074737,0.307528,media,,,,
Meta Facebook,173048.3125,prior,0.79244953,0.29775566,0.5055825,media,,,,
Meta Facebook,176138.46875,posterior,0.41101035,0.23390406,0.31125733,media,,,,
Meta Facebook,176138.46875,prior,0.7953454,0.30146977,0.5096063,media,,,,
Meta Facebook,179228.609375,posterior,0.41522697,0.23703496,0.314946,media,,,,
Meta Facebook,179228.609375,prior,0.7981618,0.30514485,0.5135596,media,,,,
Meta Facebook,182318.765625,posterior,0.41938365,0.24014036,0.31859425,media,,,,
Meta Facebook,182318.765625,prior,0.80090165,0.30878142,0.51744556,media,,,,
Meta Facebook,185408.90625,posterior,0.42348164,0.24322055,0.32220262,media,,,,
Meta Facebook,185408.90625,prior,0.80356807,0.31238014,0.5212647,media,,,,
Meta Facebook,188499.046875,posterior,0.4275222,0.2462759,0.32577214,media,,,,
Meta Facebook,188499.046875,prior,0.8061641,0.31594154,0.52502,media,,,,
Meta Facebook,191589.203125,posterior,0.4315065,0.24930671,0.32930273,media,,,,
Meta Facebook,191589.203125,prior,0.8086923,0.3194663,0.5287127,media,,,,
Meta Facebook,194679.375,posterior,0.4354358,0.25231323,0.33279595,media,,,,
Meta Facebook,194679.375,prior,0.81115544,0.32295492,0.532344,media,,,,
Meta Facebook,197769.5,posterior,0.4393111,0.25529572,0.33625174,media,,,,
Meta Facebook,197769.5,prior,0.813556,0.3264079,0.5359162,media,,,,
Meta Facebook,200859.640625,posterior,0.44313353,0.25825456,0.3396713,media,,,,
Meta Facebook,200859.640625,prior,0.8158962,0.32982588,0.53943074,media,,,,
Meta Facebook,203949.796875,posterior,0.44690427,0.26118997,0.3430548,media,,,,
Meta Facebook,203949.796875,prior,0.8181785,0.33320934,0.5428884,media,,,,
Meta Facebook,207039.96875,posterior,0.45062423,0.26410225,0.34640247,media,,,,
Meta Facebook,207039.96875,prior,0.8204049,0.33655882,0.54629165,media,,,,
Meta Facebook,210130.09375,posterior,0.45429447,0.26699162,0.34971577,media,,,,
Meta Facebook,210130.09375,prior,0.8225773,0.3398748,0.5496411,media,,,,
Meta Facebook,213220.234375,posterior,0.45791605,0.26985842,0.35299453,media,,,,
Meta Facebook,213220.234375,prior,0.82469785,0.3431578,0.5529381,media,,,,
Meta Facebook,216310.390625,posterior,0.46148983,0.27270284,0.35623944,media,,,,
Meta Facebook,216310.390625,prior,0.82676834,0.3464083,0.5561845,media,,,,
Meta Facebook,219400.5625,posterior,0.46501684,0.27552524,0.35945195,media,,,,
Meta Facebook,219400.5625,prior,0.8287904,0.3496268,0.55938107,media,,,,
Meta Facebook,222490.6875,posterior,0.4684979,0.2783258,0.36263102,media,,,,
Meta Facebook,222490.6875,prior,0.8307659,0.35281375,0.56252915,media,,,,
Meta Facebook,225580.828125,posterior,0.471934,0.28110474,0.36577773,media,,,,
Meta Facebook,225580.828125,prior,0.8326963,0.3559696,0.5656298,media,,,,
Meta Facebook,228670.984375,posterior,0.47532597,0.28386244,0.36889303,media,,,,
Meta Facebook,228670.984375,prior,0.83458316,0.3590949,0.5686847,media,,,,
Meta Facebook,231761.15625,posterior,0.47867462,0.28659904,0.37197733,media,,,,
Meta Facebook,231761.15625,prior,0.8364279,0.36218995,0.571694,media,,,,
Meta Facebook,234851.28125,posterior,0.48198077,0.28931475,0.37503085,media,,,,
Meta Facebook,234851.28125,prior,0.83823204,0.36525524,0.5746594,media,,,,
Meta Facebook,237941.421875,posterior,0.48524526,0.29200992,0.3780537,media,,,,
Meta Facebook,237941.421875,prior,0.83999676,0.3682912,0.57758176,media,,,,
Meta Facebook,241031.578125,posterior,0.48846886,0.2946847,0.38104743,media,,,,
Meta Facebook,241031.578125,prior,0.8417234,0.37129828,0.5804621,media,,,,
Meta Facebook,244121.75,posterior,0.49165237,0.2973394,0.38401154,media,,,,
Meta Facebook,244121.75,prior,0.8434131,0.3742769,0.58330125,media,,,,
Meta Facebook,247211.875,posterior,0.49479645,0.29997414,0.3869469,media,,,,
Meta Facebook,247211.875,prior,0.8450672,0.3772274,0.58609986,media,,,,
Meta Facebook,250302.015625,posterior,0.4979019,0.3025892,0.38985345,media,,,,
Meta Facebook,250302.015625,prior,0.84668666,0.3801502,0.58885896,media,,,,
Meta Facebook,253392.171875,posterior,0.50096947,0.3051848,0.39273214,media,,,,
Meta Facebook,253392.171875,prior,0.8482727,0.3830457,0.59158057,media,,,,
Meta Facebook,256482.34375,posterior,0.5039997,0.30776116,0.39558262,media,,,,
Meta Facebook,256482.34375,prior,0.84982616,0.3859143,0.59426415,media,,,,
Meta Facebook,259572.46875,posterior,0.5069934,0.31031847,0.39840704,media,,,,
Meta Facebook,259572.46875,prior,0.85134816,0.38875628,0.5969106,media,,,,
Meta Facebook,262662.625,posterior,0.5099511,0.31285694,0.4012043,media,,,,
Meta Facebook,262662.625,prior,0.85283965,0.3915721,0.5995214,media,,,,
Meta Facebook,265752.78125,posterior,0.5128736,0.31537682,0.40397498,media,,,,
Meta Facebook,265752.78125,prior,0.85430145,0.3943621,0.6020962,media,,,,
Meta Facebook,268842.9375,posterior,0.5157614,0.31787828,0.4067192,media,,,,
Meta Facebook,268842.9375,prior,0.8557346,0.39712667,0.6046375,media,,,,
Meta Facebook,271933.0625,posterior,0.5186152,0.32036152,0.4094386,media,,,,
Meta Facebook,271933.0625,prior,0.8571397,0.39986607,0.6071447,media,,,,
Meta Facebook,275023.21875,posterior,0.5214355,0.32282677,0.41213107,media,,,,
Meta Facebook,275023.21875,prior,0.85851777,0.4025807,0.6096187,media,,,,
Meta Facebook,278113.375,posterior,0.524223,0.3252742,0.41479996,media,,,,
Meta Facebook,278113.375,prior,0.8598695,0.4052709,0.6120602,media,,,,
Meta Facebook,281203.53125,posterior,0.52697825,0.32770395,0.41744334,media,,,,
Meta Facebook,281203.53125,prior,0.8611956,0.407937,0.61446995,media,,,,
Meta Facebook,284293.65625,posterior,0.5297017,0.3301163,0.42006308,media,,,,
Meta Facebook,284293.65625,prior,0.8624969,0.41057923,0.6168484,media,,,,
Meta Facebook,287383.8125,posterior,0.53239405,0.33251137,0.42265907,media,,,,
Meta Facebook,287383.8125,prior,0.863774,0.41319802,0.6191963,media,,,,
Meta Facebook,290473.96875,posterior,0.5350557,0.3348894,0.42523107,media,,,,
Meta Facebook,290473.96875,prior,0.8650276,0.41579363,0.6215149,media,,,,
Meta Facebook,293564.125,posterior,0.53768724,0.3372506,0.42777994,media,,,,
Meta Facebook,293564.125,prior,0.8662583,0.4183664,0.6238038,media,,,,
Meta Facebook,296654.25,posterior,0.5402891,0.33959502,0.4303059,media,,,,
Meta Facebook,296654.25,prior,0.86746687,0.4209166,0.6260648,media,,,,
Meta Facebook,299744.40625,posterior,0.5428619,0.34192294,0.43280864,media,,,,
Meta Facebook,299744.40625,prior,0.86865366,0.42344454,0.6282964,media,,,,
Meta Facebook,302834.5625,posterior,0.5454061,0.3442345,0.43528956,media,,,,
Meta Facebook,302834.5625,prior,0.86981946,0.42595053,0.63050133,media,,,,
Meta Facebook,305924.71875,posterior,0.5479221,0.3465299,0.43774846,media,,,,
Meta Facebook,305924.71875,prior,0.87096477,0.4284348,0.63267857,media,,,,
Meta Facebook,309014.84375,posterior,0.55041033,0.34880924,0.4401855,media,,,,
Meta Facebook,309014.84375,prior,0.87209004,0.43089762,0.63482964,media,,,,
Meta Facebook,312105.0,posterior,0.5528713,0.3510728,0.4426016,media,,,,
Meta Facebook,312105.0,prior,0.8731959,0.43333936,0.6369542,media,,,,
Meta Facebook,315195.15625,posterior,0.55530554,0.3533206,0.4449961,media,,,,
Meta Facebook,315195.15625,prior,0.8742827,0.43576023,0.63905394,media,,,,
Meta Facebook,318285.3125,posterior,0.55771345,0.3555529,0.44736993,media,,,,
Meta Facebook,318285.3125,prior,0.87535113,0.4381605,0.6411279,media,,,,
Meta Facebook,321375.4375,posterior,0.5600954,0.35776988,0.44972333,media,,,,
Meta Facebook,321375.4375,prior,0.87640154,0.44054043,0.64317733,media,,,,
Meta Facebook,324465.59375,posterior,0.56245184,0.3599716,0.45205674,media,,,,
Meta Facebook,324465.59375,prior,0.8774344,0.44290027,0.6452035,media,,,,
Meta Facebook,327555.75,posterior,0.5647832,0.36215833,0.45436934,media,,,,
Meta Facebook,327555.75,prior,0.8784501,0.44524035,0.64720434,media,,,,
Meta Facebook,330645.90625,posterior,0.5670898,0.36433017,0.4566622,media,,,,
Meta Facebook,330645.90625,prior,0.8794492,0.4475608,0.64918274,media,,,,
Meta Facebook,333736.03125,posterior,0.5693721,0.36648723,0.45893532,media,,,,
Meta Facebook,333736.03125,prior,0.8804319,0.4498619,0.6511379,media,,,,
Meta Facebook,336826.1875,posterior,0.5716304,0.3686297,0.46118978,media,,,,
Meta Facebook,336826.1875,prior,0.88139874,0.45214394,0.65307134,media,,,,
Meta Facebook,339916.34375,posterior,0.5738652,0.3707578,0.46342495,media,,,,
Meta Facebook,339916.34375,prior,0.8823501,0.4544071,0.6549822,media,,,,
Meta Facebook,343006.5,posterior,0.5760768,0.37287155,0.46564132,media,,,,
Meta Facebook,343006.5,prior,0.8832862,0.4566517,0.6568717,media,,,,
Meta Facebook,346096.625,posterior,0.57826555,0.37497115,0.4678391,media,,,,
Meta Facebook,346096.625,prior,0.8842076,0.45887783,0.65873927,media,,,,
Meta Facebook,349186.78125,posterior,0.5804318,0.37705672,0.47001824,media,,,,
Meta Facebook,349186.78125,prior,0.8851146,0.4610858,0.66058624,media,,,,
Meta Facebook,352276.9375,posterior,0.582576,0.37912843,0.47218066,media,,,,
Meta Facebook,352276.9375,prior,0.8860075,0.46327588,0.6624126,media,,,,
Meta Facebook,355367.09375,posterior,0.58469826,0.38118646,0.47432354,media,,,,
Meta Facebook,355367.09375,prior,0.88688666,0.46544823,0.6642186,media,,,,
Meta Facebook,358457.21875,posterior,0.58679914,0.3832308,0.47644925,media,,,,
Meta Facebook,358457.21875,prior,0.88775235,0.46760303,0.66600573,media,,,,
Meta Facebook,361547.375,posterior,0.5888788,0.38526174,0.47855824,media,,,,
Meta Facebook,361547.375,prior,0.8886048,0.46974054,0.6677718,media,,,,
Meta Facebook,364637.53125,posterior,0.5909377,0.3872793,0.4806498,media,,,,
Meta Facebook,364637.53125,prior,0.8894444,0.47186092,0.66951936,media,,,,
Meta Facebook,367727.6875,posterior,0.59297603,0.38928372,0.48272458,media,,,,
Meta Facebook,367727.6875,prior,0.8902715,0.47396445,0.6712478,media,,,,
Meta Facebook,370817.8125,posterior,0.5949942,0.39127502,0.48478207,media,,,,
Meta Facebook,370817.8125,prior,0.8910863,0.47605127,0.6729574,media,,,,
Meta Facebook,373907.96875,posterior,0.59699243,0.3932534,0.48682314,media,,,,
Meta Facebook,373907.96875,prior,0.8918891,0.4781216,0.6746497,media,,,,
Meta Facebook,376998.09375,posterior,0.598971,0.39521894,0.48884776,media,,,,
Meta Facebook,376998.09375,prior,0.8926801,0.48017564,0.6763236,media,,,,
Meta Facebook,380088.28125,posterior,0.60093033,0.3971718,0.4908565,media,,,,
Meta Facebook,380088.28125,prior,0.8934598,0.4822136,0.6779795,media,,,,
Meta Facebook,383178.40625,posterior,0.60287046,0.39911208,0.49284902,media,,,,
Meta Facebook,383178.40625,prior,0.8942281,0.48423558,0.679618,media,,,,
Meta Facebook,386268.5625,posterior,0.60479194,0.4010399,0.49482572,media,,,,
Meta Facebook,386268.5625,prior,0.8949854,0.48624188,0.68124,media,,,,
Meta Facebook,389358.75,posterior,0.60669494,0.40295547,0.49678734,media,,,,
Meta Facebook,389358.75,prior,0.89573187,0.48823267,0.6828445,media,,,,
Meta Facebook,392448.875,posterior,0.60857964,0.40485874,0.49873286,media,,,,
Meta Facebook,392448.875,prior,0.89646786,0.49020803,0.68443286,media,,,,
Meta Facebook,395539.0,posterior,0.61044633,0.40674993,0.5006639,media,,,,
Meta Facebook,395539.0,prior,0.89719355,0.49216822,0.6860045,media,,,,
Meta Facebook,398629.15625,posterior,0.6122953,0.40862915,0.50257915,media,,,,
Meta Facebook,398629.15625,prior,0.8979091,0.4941134,0.6875606,media,,,,
Meta Facebook,401719.28125,posterior,0.61412686,0.4104965,0.5044803,media,,,,
Meta Facebook,401719.28125,prior,0.8986148,0.49604368,0.6891003,media,,,,
Meta Facebook,404809.46875,posterior,0.61594117,0.41235214,0.50636625,media,,,,
Meta Facebook,404809.46875,prior,0.8993109,0.49795938,0.69062537,media,,,,
Meta Facebook,407899.59375,posterior,0.61773854,0.41419607,0.50823766,media,,,,
Meta Facebook,407899.59375,prior,0.8999974,0.49986053,0.6921347,media,,,,
Meta Facebook,410989.75,posterior,0.6195191,0.41602847,0.5100947,media,,,,
Meta Facebook,410989.75,prior,0.90067464,0.5017473,0.6936287,media,,,,
Meta Facebook,414079.9375,posterior,0.62128323,0.41784948,0.5119376,media,,,,
Meta Facebook,414079.9375,prior,0.9013427,0.5036199,0.6951079,media,,,,
Meta Facebook,417170.0625,posterior,0.623031,0.41965914,0.5137673,media,,,,
Meta Facebook,417170.0625,prior,0.9020018,0.5054785,0.6965725,media,,,,
Meta Facebook,420260.1875,posterior,0.6247627,0.42145756,0.515582,media,,,,
Meta Facebook,420260.1875,prior,0.90265226,0.5073232,0.6980226,media,,,,
Meta Facebook,423350.34375,posterior,0.6264786,0.4232449,0.5173837,media,,,,
Meta Facebook,423350.34375,prior,0.9032941,0.5091542,0.6994593,media,,,,
Meta Facebook,426440.46875,posterior,0.6281789,0.42502123,0.51917166,media,,,,
Meta Facebook,426440.46875,prior,0.9039275,0.51097167,0.70088136,media,,,,
Meta Facebook,429530.65625,posterior,0.6298638,0.42678666,0.5209471,media,,,,
Meta Facebook,429530.65625,prior,0.9045528,0.51277566,0.70228976,media,,,,
Meta Facebook,432620.78125,posterior,0.63153344,0.42854124,0.522708,media,,,,
Meta Facebook,432620.78125,prior,0.9051699,0.5145665,0.7036845,media,,,,
Meta Facebook,435710.9375,posterior,0.6331881,0.43028516,0.52445674,media,,,,
Meta Facebook,435710.9375,prior,0.90577906,0.51634413,0.70506597,media,,,,
Meta Facebook,438801.125,posterior,0.634828,0.4320185,0.526191,media,,,,
Meta Facebook,438801.125,prior,0.9063804,0.51810884,0.7064343,media,,,,
Meta Facebook,441891.25,posterior,0.6364533,0.43374124,0.527914,media,,,,
Meta Facebook,441891.25,prior,0.9069742,0.5198607,0.7077897,media,,,,
Meta Facebook,444981.375,posterior,0.63806415,0.4354536,0.5296233,media,,,,
Meta Facebook,444981.375,prior,0.90756047,0.5215999,0.7091324,media,,,,
Meta Facebook,448071.53125,posterior,0.6396608,0.43715563,0.5313216,media,,,,
Meta Facebook,448071.53125,prior,0.9081394,0.5233265,0.7104619,media,,,,
Meta Facebook,451161.65625,posterior,0.64124346,0.43884742,0.53300655,media,,,,
Meta Facebook,451161.65625,prior,0.90871114,0.5250407,0.7117797,media,,,,
Meta Facebook,454251.84375,posterior,0.6428122,0.44052914,0.53467995,media,,,,
Meta Facebook,454251.84375,prior,0.9092759,0.52674264,0.7130853,media,,,,
Meta Facebook,457341.96875,posterior,0.64436734,0.44220072,0.5363404,media,,,,
Meta Facebook,457341.96875,prior,0.9098336,0.52843237,0.71437824,media,,,,
Meta Facebook,460432.125,posterior,0.645909,0.44386235,0.53798884,media,,,,
Meta Facebook,460432.125,prior,0.91038454,0.5301101,0.71566,media,,,,
Meta Facebook,463522.3125,posterior,0.6474374,0.44551414,0.5396259,media,,,,
Meta Facebook,463522.3125,prior,0.91092867,0.53177595,0.7169297,media,,,,
Meta Facebook,466612.4375,posterior,0.6489526,0.44715613,0.54125106,media,,,,
Meta Facebook,466612.4375,prior,0.91146636,0.53343004,0.718188,media,,,,
Meta Facebook,469702.5625,posterior,0.6504548,0.44878843,0.54286444,media,,,,
Meta Facebook,469702.5625,prior,0.9119975,0.53507245,0.7194344,media,,,,
Meta Facebook,472792.71875,posterior,0.6519442,0.4504111,0.544467,media,,,,
Meta Facebook,472792.71875,prior,0.9125224,0.53670335,0.7206699,media,,,,
Meta Facebook,475882.84375,posterior,0.65342104,0.45202428,0.5460581,media,,,,
Meta Facebook,475882.84375,prior,0.913041,0.5383228,0.7218942,media,,,,
Meta Facebook,478973.03125,posterior,0.65488535,0.453628,0.5476373,media,,,,
Meta Facebook,478973.03125,prior,0.9135536,0.53993106,0.7231078,media,,,,
Meta Facebook,482063.15625,posterior,0.6563374,0.45522237,0.549207,media,,,,
Meta Facebook,482063.15625,prior,0.9140601,0.5415281,0.72431004,media,,,,
Meta Facebook,485153.3125,posterior,0.6577772,0.45680743,0.5507633,media,,,,
Meta Facebook,485153.3125,prior,0.9145608,0.54311407,0.7255022,media,,,,
Meta Facebook,488243.5,posterior,0.659205,0.45838338,0.55231065,media,,,,
Meta Facebook,488243.5,prior,0.9150555,0.5446892,0.72668403,media,,,,
Meta Facebook,491333.625,posterior,0.6606209,0.45995012,0.5538465,media,,,,
Meta Facebook,491333.625,prior,0.9155446,0.54625344,0.7278548,media,,,,
Meta Facebook,494423.75,posterior,0.6620252,0.46150786,0.55537164,media,,,,
Meta Facebook,494423.75,prior,0.91602814,0.547807,0.7290164,media,,,,
Meta Facebook,497513.90625,posterior,0.6634179,0.46305662,0.5568867,media,,,,
Meta Facebook,497513.90625,prior,0.9165062,0.5493499,0.73016626,media,,,,
Meta Facebook,500604.03125,posterior,0.6647991,0.4645965,0.558392,media,,,,
Meta Facebook,500604.03125,prior,0.9169788,0.55088234,0.73130816,media,,,,
Meta Facebook,503694.21875,posterior,0.6661691,0.46612763,0.5598863,media,,,,
Meta Facebook,503694.21875,prior,0.9174461,0.5524044,0.73243845,media,,,,
Meta Facebook,506784.34375,posterior,0.66752785,0.46764997,0.56136996,media,,,,
Meta Facebook,506784.34375,prior,0.9179082,0.55391616,0.7335605,media,,,,
Meta Facebook,509874.5,posterior,0.66887563,0.46916366,0.56284326,media,,,,
Meta Facebook,509874.5,prior,0.91836506,0.5554178,0.7346721,media,,,,
Meta Facebook,512964.6875,posterior,0.6702125,0.47066876,0.5643078,media,,,,
Meta Facebook,512964.6875,prior,0.91881686,0.55690926,0.73577434,media,,,,
Meta Facebook,516054.8125,posterior,0.67153865,0.47216538,0.56576186,media,,,,
Meta Facebook,516054.8125,prior,0.9192637,0.5583908,0.73686737,media,,,,
Meta Facebook,519144.9375,posterior,0.6728542,0.47365353,0.5672058,media,,,,
Meta Facebook,519144.9375,prior,0.91970575,0.5598625,0.7379517,media,,,,
Meta Facebook,522235.09375,posterior,0.6741591,0.4751333,0.5686407,media,,,,
Meta Facebook,522235.09375,prior,0.9201429,0.56132436,0.739026,media,,,,
Meta Facebook,525325.25,posterior,0.6754538,0.47660476,0.5700658,media,,,,
Meta Facebook,525325.25,prior,0.9205753,0.56277657,0.7400921,media,,,,
Meta Facebook,528415.4375,posterior,0.67673814,0.47806802,0.57148093,media,,,,
Meta Facebook,528415.4375,prior,0.92100316,0.5642192,0.7411496,media,,,,
Meta Facebook,531505.5625,posterior,0.67801243,0.47952315,0.5728869,media,,,,
Meta Facebook,531505.5625,prior,0.92142636,0.5656524,0.74219775,media,,,,
Meta Facebook,534595.6875,posterior,0.6792767,0.48097014,0.5742849,media,,,,
Meta Facebook,534595.6875,prior,0.921845,0.5670761,0.7432373,media,,,,
Meta Facebook,537685.875,posterior,0.68053114,0.48240918,0.57567143,media,,,,
Meta Facebook,537685.875,prior,0.9222592,0.5684906,0.7442681,media,,,,
Meta Facebook,540776.0,posterior,0.68177575,0.48384023,0.57705,media,,,,
Meta Facebook,540776.0,prior,0.9226691,0.5698958,0.7452908,media,,,,
Meta Facebook,543866.125,posterior,0.6830107,0.48526335,0.5784194,media,,,,
Meta Facebook,543866.125,prior,0.92307466,0.5712919,0.74630576,media,,,,
Meta Facebook,546956.25,posterior,0.6842361,0.48667866,0.5797804,media,,,,
Meta Facebook,546956.25,prior,0.92347604,0.572679,0.7473117,media,,,,
Meta Facebook,550046.4375,posterior,0.68545204,0.48808622,0.5811322,media,,,,
Meta Facebook,550046.4375,prior,0.9238732,0.5740571,0.7483098,media,,,,
Meta Facebook,553136.625,posterior,0.68665874,0.48948613,0.5824752,media,,,,
Meta Facebook,553136.625,prior,0.92426634,0.57542646,0.74930054,media,,,,
Meta Facebook,556226.75,posterior,0.6878561,0.49087834,0.5838098,media,,,,
Meta Facebook,556226.75,prior,0.9246554,0.57678694,0.7502822,media,,,,
Meta Facebook,559316.875,posterior,0.6890444,0.492263,0.5851355,media,,,,
Meta Facebook,559316.875,prior,0.9250404,0.5781387,0.7512563,media,,,,
Meta Facebook,562407.0625,posterior,0.69022363,0.49364012,0.58645236,media,,,,
Meta Facebook,562407.0625,prior,0.92542154,0.5794819,0.7522233,media,,,,
Meta Facebook,565497.1875,posterior,0.69139403,0.4950098,0.58776164,media,,,,
Meta Facebook,565497.1875,prior,0.92579883,0.58081657,0.753182,media,,,,
Meta Facebook,568587.3125,posterior,0.6925556,0.4963721,0.58906114,media,,,,
Meta Facebook,568587.3125,prior,0.9261723,0.5821428,0.7541335,media,,,,
Meta Facebook,571677.4375,posterior,0.6937085,0.49772707,0.59035325,media,,,,
Meta Facebook,571677.4375,prior,0.92654204,0.5834606,0.7550781,media,,,,
Meta Facebook,574767.625,posterior,0.69485265,0.49907476,0.591638,media,,,,
Meta Facebook,574767.625,prior,0.92690814,0.5847702,0.75601435,media,,,,
Meta Facebook,577857.8125,posterior,0.69598836,0.5004152,0.59291315,media,,,,
Meta Facebook,577857.8125,prior,0.9272706,0.58607155,0.75694376,media,,,,
Meta Facebook,580947.9375,posterior,0.69711566,0.50174856,0.5941813,media,,,,
Meta Facebook,580947.9375,prior,0.92762953,0.58736473,0.7578665,media,,,,
Meta Facebook,584038.0625,posterior,0.6982346,0.50307477,0.5954423,media,,,,
Meta Facebook,584038.0625,prior,0.92798483,0.5886499,0.75878125,media,,,,
Meta Facebook,587128.25,posterior,0.6993454,0.504394,0.59669363,media,,,,
Meta Facebook,587128.25,prior,0.9283366,0.58992714,0.7596903,media,,,,
Meta Facebook,590218.375,posterior,0.700448,0.5057062,0.59793764,media,,,,
Meta Facebook,590218.375,prior,0.92868507,0.5911964,0.7605913,media,,,,
Meta Facebook,593308.5,posterior,0.70154244,0.5070115,0.5991736,media,,,,
Meta Facebook,593308.5,prior,0.9290301,0.5924579,0.7614854,media,,,,
Meta Facebook,596398.625,posterior,0.702629,0.50830984,0.60040283,media,,,,
Meta Facebook,596398.625,prior,0.9293719,0.59371156,0.7623732,media,,,,
Meta Facebook,599488.8125,posterior,0.7037077,0.5096014,0.6016239,media,,,,
Meta Facebook,599488.8125,prior,0.9297104,0.59495753,0.76325417,media,,,,
Meta Facebook,602579.0,posterior,0.7047786,0.5108863,0.60283804,media,,,,
Meta Facebook,602579.0,prior,0.93004566,0.596196,0.7641282,media,,,,
Meta Facebook,605669.125,posterior,0.7058418,0.51216435,0.6040447,media,,,,
Meta Facebook,605669.125,prior,0.9303777,0.59742683,0.7649959,media,,,,
Meta Facebook,608759.25,posterior,0.70689726,0.5134358,0.6052438,media,,,,
Meta Facebook,608759.25,prior,0.9307067,0.59865016,0.7658576,media,,,,
Meta Facebook,611849.4375,posterior,0.7079452,0.5147006,0.6064352,media,,,,
Meta Facebook,611849.4375,prior,0.9310324,0.5998661,0.76671207,media,,,,
Meta Facebook,614939.5625,posterior,0.70898575,0.51595885,0.60761887,media,,,,
Meta Facebook,614939.5625,prior,0.9313552,0.60107464,0.7675604,media,,,,
Meta Facebook,618029.6875,posterior,0.7100189,0.5172106,0.6087965,media,,,,
Meta Facebook,618029.6875,prior,0.93167496,0.60227597,0.7684037,media,,,,
Meta Facebook,621119.8125,posterior,0.7110447,0.5184559,0.60996777,media,,,,
Meta Facebook,621119.8125,prior,0.93199176,0.6034701,0.76924014,media,,,,
Meta Facebook,624210.0,posterior,0.7120633,0.5196948,0.6111303,media,,,,
Meta Facebook,624210.0,prior,0.93230563,0.604657,0.7700688,media,,,,
Meta Facebook,627300.1875,posterior,0.7130747,0.5209273,0.61228615,media,,,,
Meta Facebook,627300.1875,prior,0.9326167,0.60583687,0.77089345,media,,,,
Meta Facebook,630390.3125,posterior,0.714079,0.52215356,0.61343604,media,,,,
Meta Facebook,630390.3125,prior,0.9329248,0.6070097,0.77171195,media,,,,
Meta Facebook,633480.4375,posterior,0.7150764,0.5233735,0.61457735,media,,,,
Meta Facebook,633480.4375,prior,0.9332302,0.6081756,0.77252364,media,,,,
Meta Facebook,636570.625,posterior,0.71606684,0.5245873,0.6157128,media,,,,
Meta Facebook,636570.625,prior,0.9335327,0.60933465,0.77333,media,,,,
Meta Facebook,639660.75,posterior,0.7170504,0.52579486,0.616842,media,,,,
Meta Facebook,639660.75,prior,0.9338326,0.61048675,0.77413046,media,,,,
Meta Facebook,642750.875,posterior,0.7180272,0.5269963,0.61796474,media,,,,
Meta Facebook,642750.875,prior,0.9341298,0.61163217,0.7749252,media,,,,
Meta Facebook,645841.0,posterior,0.7189971,0.5281917,0.6190802,media,,,,
Meta Facebook,645841.0,prior,0.9344242,0.6127708,0.77571404,media,,,,
Meta Facebook,648931.1875,posterior,0.7199605,0.52938104,0.6201889,media,,,,
Meta Facebook,648931.1875,prior,0.9347161,0.6139028,0.77649736,media,,,,
Meta Facebook,652021.375,posterior,0.7209174,0.5305645,0.62129134,media,,,,
Meta Facebook,652021.375,prior,0.9350055,0.61502826,0.7772756,media,,,,
Meta Facebook,655111.5,posterior,0.7218677,0.5317419,0.62238795,media,,,,
Meta Facebook,655111.5,prior,0.9352922,0.6161471,0.7780486,media,,,,
Meta Facebook,658201.625,posterior,0.7228115,0.53291345,0.6234776,media,,,,
Meta Facebook,658201.625,prior,0.9355764,0.6172595,0.7788153,media,,,,
Meta Facebook,661291.8125,posterior,0.723749,0.5340792,0.6245599,media,,,,
Meta Facebook,661291.8125,prior,0.93585813,0.6183654,0.7795769,media,,,,
Meta Facebook,664381.9375,posterior,0.72468007,0.5352391,0.62563795,media,,,,
Meta Facebook,664381.9375,prior,0.9361374,0.619465,0.7803334,media,,,,
Meta Facebook,667472.0625,posterior,0.72560495,0.5363932,0.626709,media,,,,
Meta Facebook,667472.0625,prior,0.93641424,0.62055826,0.78108484,media,,,,
Meta Facebook,670562.1875,posterior,0.72652364,0.5375416,0.62777334,media,,,,
Meta Facebook,670562.1875,prior,0.93668866,0.6216452,0.78183067,media,,,,
Meta Facebook,673652.375,posterior,0.7274362,0.53868437,0.62883246,media,,,,
Meta Facebook,673652.375,prior,0.9369608,0.622726,0.7825713,media,,,,
Meta Facebook,676742.5625,posterior,0.72834265,0.5398215,0.62988526,media,,,,
Meta Facebook,676742.5625,prior,0.93723065,0.6238007,0.7833069,media,,,,
Meta Facebook,679832.6875,posterior,0.72924316,0.54095304,0.6309305,media,,,,
Meta Facebook,679832.6875,prior,0.9374981,0.6248692,0.7840378,media,,,,
Meta Facebook,682922.8125,posterior,0.7301376,0.542079,0.63197273,media,,,,
Meta Facebook,682922.8125,prior,0.93776333,0.6259317,0.7847636,media,,,,
Meta Facebook,686013.0,posterior,0.7310263,0.5431995,0.633007,media,,,,
Meta Facebook,686013.0,prior,0.93802625,0.6269882,0.7854846,media,,,,
Meta Facebook,689103.125,posterior,0.7319091,0.54431444,0.6340357,media,,,,
Meta Facebook,689103.125,prior,0.938287,0.6280387,0.7862004,media,,,,
Meta Facebook,692193.25,posterior,0.7327861,0.545424,0.6350591,media,,,,
Meta Facebook,692193.25,prior,0.9385456,0.62908334,0.7869114,media,,,,
Meta Facebook,695283.375,posterior,0.7336574,0.54652816,0.6360761,media,,,,
Meta Facebook,695283.375,prior,0.938802,0.63012207,0.7876177,media,,,,
Meta Facebook,698373.5625,posterior,0.73452306,0.547627,0.6370884,media,,,,
Meta Facebook,698373.5625,prior,0.93905634,0.631155,0.78831947,media,,,,
Meta Facebook,701463.75,posterior,0.7353831,0.54872054,0.63809395,media,,,,
Meta Facebook,701463.75,prior,0.9393085,0.6321823,0.7890163,media,,,,
Meta Facebook,704553.875,posterior,0.7362376,0.54980874,0.6390931,media,,,,
Meta Facebook,704553.875,prior,0.9395586,0.6332038,0.7897086,media,,,,
Meta Facebook,707644.0,posterior,0.7370866,0.55089176,0.64008915,media,,,,
Meta Facebook,707644.0,prior,0.93980664,0.63421965,0.790396,media,,,,
Meta Facebook,710734.1875,posterior,0.7379301,0.5519695,0.6410787,media,,,,
Meta Facebook,710734.1875,prior,0.9400526,0.6352298,0.79107946,media,,,,
Meta Facebook,713824.3125,posterior,0.7387682,0.5530422,0.6420621,media,,,,
Meta Facebook,713824.3125,prior,0.94029665,0.6362345,0.7917576,media,,,,
Meta Facebook,716914.4375,posterior,0.739601,0.5541097,0.64304036,media,,,,
Meta Facebook,716914.4375,prior,0.9405387,0.6372337,0.79243207,media,,,,
Meta Facebook,720004.5625,posterior,0.7404285,0.55517215,0.6440138,media,,,,
Meta Facebook,720004.5625,prior,0.94077873,0.63822734,0.7931013,media,,,,
Meta Facebook,723094.75,posterior,0.74125075,0.55622953,0.64498067,media,,,,
Meta Facebook,723094.75,prior,0.9410169,0.6392156,0.79376763,media,,,,
Meta Facebook,726184.9375,posterior,0.74206775,0.55728185,0.6459438,media,,,,
Meta Facebook,726184.9375,prior,0.94125324,0.6401984,0.7944285,media,,,,
Meta Facebook,729275.0625,posterior,0.7428797,0.5583292,0.64690125,media,,,,
Meta Facebook,729275.0625,prior,0.94148755,0.6411759,0.7950855,media,,,,
Meta Facebook,732365.1875,posterior,0.74368656,0.5593717,0.6478527,media,,,,
Meta Facebook,732365.1875,prior,0.94172007,0.6421482,0.79573756,media,,,,
Meta Facebook,735455.375,posterior,0.74448836,0.56040925,0.64879984,media,,,,
Meta Facebook,735455.375,prior,0.9419507,0.64311516,0.7963862,media,,,,
Meta Facebook,738545.5,posterior,0.74528515,0.5614419,0.6497422,media,,,,
Meta Facebook,738545.5,prior,0.94217956,0.64407694,0.79703015,media,,,,
Meta Facebook,741635.625,posterior,0.7460769,0.5624697,0.65067804,media,,,,
Meta Facebook,741635.625,prior,0.9424066,0.64503354,0.7976708,media,,,,
Meta Facebook,744725.75,posterior,0.74686384,0.5634927,0.6516099,media,,,,
Meta Facebook,744725.75,prior,0.94263184,0.645985,0.7983063,media,,,,
Meta Facebook,747815.9375,posterior,0.74764585,0.56451094,0.6525365,media,,,,
Meta Facebook,747815.9375,prior,0.94285536,0.64693135,0.7989385,media,,,,
Meta Facebook,750906.0625,posterior,0.7484231,0.5655244,0.6534585,media,,,,
Meta Facebook,750906.0625,prior,0.94307715,0.6478727,0.7995665,media,,,,
Meta Facebook,753996.1875,posterior,0.7491956,0.5665332,0.6543743,media,,,,
Meta Facebook,753996.1875,prior,0.94329715,0.648809,0.8001905,media,,,,
Meta Facebook,757086.4375,posterior,0.74996334,0.5675373,0.6552863,media,,,,
Meta Facebook,757086.4375,prior,0.94351554,0.6497404,0.800811,media,,,,
Meta Facebook,760176.5625,posterior,0.75072634,0.5685368,0.6561942,media,,,,
Meta Facebook,760176.5625,prior,0.94373226,0.65066683,0.80142707,media,,,,
Meta Facebook,763266.6875,posterior,0.75148475,0.5695317,0.6570966,media,,,,
Meta Facebook,763266.6875,prior,0.9439473,0.6515884,0.8020392,media,,,,
Meta Facebook,766356.8125,posterior,0.7522386,0.570522,0.6579942,media,,,,
Meta Facebook,766356.8125,prior,0.94416064,0.65250504,0.8026481,media,,,,
Meta Facebook,769446.9375,posterior,0.7529878,0.57150775,0.6588868,media,,,,
Meta Facebook,769446.9375,prior,0.9443725,0.65341693,0.8032529,media,,,,
Meta Facebook,772537.125,posterior,0.75373256,0.57248896,0.659775,media,,,,
Meta Facebook,772537.125,prior,0.94458264,0.65432405,0.80385345,media,,,,
Meta Facebook,775627.25,posterior,0.7544728,0.5734657,0.6606581,media,,,,
Meta Facebook,775627.25,prior,0.94479126,0.6552264,0.80445176,media,,,,
Meta Facebook,778717.5,posterior,0.7552086,0.574438,0.6615374,media,,,,
Meta Facebook,778717.5,prior,0.94499826,0.6561241,0.8050444,media,,,,
Meta Facebook,781807.625,posterior,0.75593996,0.57540584,0.66241163,media,,,,
Meta Facebook,781807.625,prior,0.9452038,0.6570171,0.80563545,media,,,,
Meta Facebook,784897.75,posterior,0.7566671,0.57636935,0.6632809,media,,,,
Meta Facebook,784897.75,prior,0.9454077,0.6579055,0.8062211,media,,,,
Meta Facebook,787987.875,posterior,0.7573898,0.57732844,0.6641463,media,,,,
Meta Facebook,787987.875,prior,0.94561017,0.6587893,0.8068043,media,,,,
Meta Facebook,791078.0,posterior,0.75810826,0.5782832,0.6650072,media,,,,
Meta Facebook,791078.0,prior,0.9458111,0.6596685,0.8073832,media,,,,
Meta Facebook,794168.1875,posterior,0.7588225,0.5792337,0.66586417,media,,,,
Meta Facebook,794168.1875,prior,0.94601053,0.66054326,0.8079594,media,,,,
Meta Facebook,797258.3125,posterior,0.7595325,0.58017987,0.66671544,media,,,,
Meta Facebook,797258.3125,prior,0.94620854,0.6614135,0.80853224,media,,,,
Meta Facebook,800348.4375,posterior,0.76023835,0.5811218,0.6675633,media,,,,
Meta Facebook,800348.4375,prior,0.9464051,0.6622793,0.80910116,media,,,,
Meta Facebook,803438.5625,posterior,0.76094,0.58205956,0.66840684,media,,,,
Meta Facebook,803438.5625,prior,0.94660026,0.66314065,0.80966663,media,,,,
Meta Facebook,806528.8125,posterior,0.7616376,0.58299315,0.66924536,media,,,,
Meta Facebook,806528.8125,prior,0.946794,0.6639977,0.81022877,media,,,,
Meta Facebook,809618.9375,posterior,0.7623312,0.58392256,0.6700803,media,,,,
Meta Facebook,809618.9375,prior,0.94698626,0.6648503,0.8107873,media,,,,
Meta Facebook,812709.0625,posterior,0.76302075,0.5848478,0.67091143,media,,,,
Meta Facebook,812709.0625,prior,0.9471772,0.66569865,0.8113428,media,,,,
Meta Facebook,815799.1875,posterior,0.76370627,0.58576894,0.671738,media,,,,
Meta Facebook,815799.1875,prior,0.9473668,0.66654265,0.81189495,media,,,,
Meta Facebook,818889.375,posterior,0.76438785,0.586686,0.6725597,media,,,,
Meta Facebook,818889.375,prior,0.94755495,0.6673825,0.8124438,media,,,,
Meta Facebook,821979.5,posterior,0.76506555,0.58759904,0.6733768,media,,,,
Meta Facebook,821979.5,prior,0.9477418,0.668218,0.81298965,media,,,,
Meta Facebook,825069.625,posterior,0.76573926,0.588508,0.67419153,media,,,,
Meta Facebook,825069.625,prior,0.9479273,0.6690494,0.8135326,media,,,,
Meta Facebook,828159.875,posterior,0.7664092,0.589413,0.6750017,media,,,,
Meta Facebook,828159.875,prior,0.94811153,0.66987664,0.81407195,media,,,,
Meta Facebook,831250.0,posterior,0.7670753,0.59031403,0.6758081,media,,,,
Meta Facebook,831250.0,prior,0.94829446,0.6706997,0.81460816,media,,,,
Meta Facebook,834340.125,posterior,0.7677376,0.5912111,0.6766084,media,,,,
Meta Facebook,834340.125,prior,0.9484761,0.67151874,0.8151414,media,,,,
Meta Facebook,837430.25,posterior,0.7683962,0.59210426,0.6774074,media,,,,
Meta Facebook,837430.25,prior,0.94865644,0.67233366,0.815671,media,,,,
Meta Facebook,840520.375,posterior,0.769051,0.59299356,0.6782004,media,,,,
Meta Facebook,840520.375,prior,0.9488356,0.6731446,0.81619817,media,,,,
Meta Facebook,843610.5625,posterior,0.7697022,0.5938789,0.6789905,media,,,,
Meta Facebook,843610.5625,prior,0.9490134,0.67395145,0.81672186,media,,,,
Meta Facebook,846700.6875,posterior,0.7703496,0.5947605,0.67977625,media,,,,
Meta Facebook,846700.6875,prior,0.94919,0.6747544,0.8172434,media,,,,
Meta Facebook,849790.8125,posterior,0.7709935,0.5956382,0.68055785,media,,,,
Meta Facebook,849790.8125,prior,0.94936544,0.6755534,0.81776035,media,,,,
Meta Facebook,852880.9375,posterior,0.77163374,0.59651214,0.68133634,media,,,,
Meta Facebook,852880.9375,prior,0.94953966,0.67634845,0.8182755,media,,,,
Meta Facebook,855971.1875,posterior,0.77227044,0.5973823,0.6821115,media,,,,
Meta Facebook,855971.1875,prior,0.9497127,0.67713964,0.81878775,media,,,,
Meta Facebook,859061.3125,posterior,0.77290356,0.5982487,0.6828821,media,,,,
Meta Facebook,859061.3125,prior,0.94988453,0.67792696,0.8192969,media,,,,
Meta Facebook,862151.4375,posterior,0.7735332,0.59911144,0.68364924,media,,,,
Meta Facebook,862151.4375,prior,0.9500551,0.67871046,0.819803,media,,,,
Meta Facebook,865241.5625,posterior,0.7741594,0.5999704,0.6844126,media,,,,
Meta Facebook,865241.5625,prior,0.95022464,0.67949015,0.8203066,media,,,,
Meta Facebook,868331.75,posterior,0.774782,0.6008257,0.6851717,media,,,,
Meta Facebook,868331.75,prior,0.950393,0.680266,0.82080656,media,,,,
Meta Facebook,871421.875,posterior,0.7754013,0.6016774,0.6859284,media,,,,
Meta Facebook,871421.875,prior,0.9505602,0.6810382,0.8213042,media,,,,
Meta Facebook,874512.0,posterior,0.7760172,0.60252553,0.6866799,media,,,,
Meta Facebook,874512.0,prior,0.9507263,0.6818066,0.8217997,media,,,,
Meta Facebook,877602.25,posterior,0.7766297,0.60337,0.6874285,media,,,,
Meta Facebook,877602.25,prior,0.9508913,0.6825714,0.82229185,media,,,,
Meta Facebook,880692.375,posterior,0.77723885,0.60421085,0.68817383,media,,,,
Meta Facebook,880692.375,prior,0.95105517,0.6833325,0.8227816,media,,,,
Meta Facebook,883782.5,posterior,0.7778447,0.6050482,0.6889154,media,,,,
Meta Facebook,883782.5,prior,0.9512179,0.68408996,0.82326835,media,,,,
Meta Facebook,886872.625,posterior,0.7784473,0.6058819,0.6896528,media,,,,
Meta Facebook,886872.625,prior,0.95137966,0.6848438,0.82375246,media,,,,
Meta Facebook,889962.75,posterior,0.7790466,0.60671216,0.6903878,media,,,,
Meta Facebook,889962.75,prior,0.9515403,0.685594,0.82423353,media,,,,
Meta Facebook,893052.9375,posterior,0.77964264,0.60753894,0.69111896,media,,,,
Meta Facebook,893052.9375,prior,0.95169985,0.6863407,0.8247119,media,,,,
Meta Facebook,896143.0625,posterior,0.78023547,0.60836226,0.6918465,media,,,,
Meta Facebook,896143.0625,prior,0.9518584,0.6870838,0.8251881,media,,,,
Meta Facebook,899233.1875,posterior,0.7808252,0.6091821,0.6925708,media,,,,
Meta Facebook,899233.1875,prior,0.9520159,0.6878234,0.8256616,media,,,,
Meta Facebook,902323.3125,posterior,0.7814117,0.6099985,0.6932908,media,,,,
Meta Facebook,902323.3125,prior,0.95217234,0.68855953,0.826133,media,,,,
Meta Facebook,905413.5625,posterior,0.7819951,0.6108116,0.69400805,media,,,,
Meta Facebook,905413.5625,prior,0.9523278,0.68929225,0.82660097,media,,,,
Meta Facebook,908503.6875,posterior,0.7825754,0.61162126,0.6947225,media,,,,
Meta Facebook,908503.6875,prior,0.9524822,0.69002146,0.827067,media,,,,
Meta Facebook,911593.8125,posterior,0.78315264,0.61242753,0.6954324,media,,,,
Meta Facebook,911593.8125,prior,0.9526357,0.6907473,0.82753026,media,,,,
Meta Facebook,914683.9375,posterior,0.78372675,0.6132304,0.6961412,media,,,,
Meta Facebook,914683.9375,prior,0.9527882,0.6914697,0.827991,media,,,,
Meta Facebook,917774.125,posterior,0.7842979,0.61403006,0.69684386,media,,,,
Meta Facebook,917774.125,prior,0.9529397,0.6921888,0.8284493,media,,,,
Meta Facebook,920864.25,posterior,0.784866,0.6148264,0.6975445,media,,,,
Meta Facebook,920864.25,prior,0.95309013,0.69290453,0.8289055,media,,,,
Meta Facebook,923954.375,posterior,0.78543115,0.6156194,0.69824195,media,,,,
Meta Facebook,923954.375,prior,0.9532397,0.6936169,0.82935894,media,,,,
Meta Facebook,927044.625,posterior,0.7859933,0.61640924,0.6989357,media,,,,
Meta Facebook,927044.625,prior,0.9533883,0.69432604,0.82980967,media,,,,
Meta Facebook,930134.75,posterior,0.78655255,0.6171958,0.699627,media,,,,
Meta Facebook,930134.75,prior,0.953536,0.6950319,0.830258,media,,,,
Meta Facebook,933224.875,posterior,0.78710884,0.6179791,0.7003152,media,,,,
Meta Facebook,933224.875,prior,0.9536827,0.69573444,0.83070517,media,,,,
Meta Facebook,936315.0,posterior,0.78766227,0.6187592,0.70099926,media,,,,
Meta Facebook,936315.0,prior,0.95382845,0.6964338,0.8311487,media,,,,
Meta Facebook,939405.125,posterior,0.7882128,0.6195362,0.7016819,media,,,,
Meta Facebook,939405.125,prior,0.9539734,0.6971299,0.8315901,media,,,,
Meta Facebook,942495.3125,posterior,0.7887605,0.62031,0.70235914,media,,,,
Meta Facebook,942495.3125,prior,0.95411736,0.69782287,0.83202976,media,,,,
Meta Facebook,945585.4375,posterior,0.7893054,0.62108064,0.70303446,media,,,,
Meta Facebook,945585.4375,prior,0.95426047,0.6985127,0.83246624,media,,,,
Meta Facebook,948675.5625,posterior,0.78984743,0.62184817,0.70370734,media,,,,
Meta Facebook,948675.5625,prior,0.9544026,0.69919926,0.83290064,media,,,,
Meta Facebook,951765.6875,posterior,0.79038674,0.62261254,0.7043762,media,,,,
Meta Facebook,951765.6875,prior,0.954544,0.6998828,0.83333355,media,,,,
Meta Facebook,954855.9375,posterior,0.7909233,0.6233739,0.7050431,media,,,,
Meta Facebook,954855.9375,prior,0.9546844,0.70056325,0.83376366,media,,,,
Meta Facebook,957946.0625,posterior,0.7914571,0.6241322,0.70570505,media,,,,
Meta Facebook,957946.0625,prior,0.954824,0.7012406,0.8341909,media,,,,
Meta Facebook,961036.1875,posterior,0.7919882,0.6248874,0.7063659,media,,,,
Meta Facebook,961036.1875,prior,0.9549627,0.70191485,0.8346171,media,,,,
Meta Facebook,964126.3125,posterior,0.79251647,0.6256396,0.70702267,media,,,,
Meta Facebook,964126.3125,prior,0.9551006,0.7025861,0.83504033,media,,,,
Meta Facebook,967216.5,posterior,0.7930422,0.6263888,0.7076774,media,,,,
Meta Facebook,967216.5,prior,0.9552376,0.70325434,0.83546203,media,,,,
Meta Facebook,970306.625,posterior,0.7935652,0.62713504,0.70832825,media,,,,
Meta Facebook,970306.625,prior,0.95537376,0.7039196,0.8358809,media,,,,
Meta Facebook,973396.75,posterior,0.7940856,0.62787825,0.7089776,media,,,,
Meta Facebook,973396.75,prior,0.9555092,0.70458186,0.83629817,media,,,,
Meta Facebook,976487.0,posterior,0.79460347,0.6286185,0.7096222,media,,,,
Meta Facebook,976487.0,prior,0.9556437,0.70524114,0.83671296,media,,,,
Meta Facebook,979577.125,posterior,0.79511863,0.6293558,0.71026504,media,,,,
Meta Facebook,979577.125,prior,0.9557774,0.7058975,0.8371251,media,,,,
Meta Facebook,982667.25,posterior,0.7956313,0.6300902,0.7109053,media,,,,
Meta Facebook,982667.25,prior,0.9559104,0.706551,0.83753645,media,,,,
Meta Facebook,985757.375,posterior,0.7961413,0.6308217,0.71154207,media,,,,
Meta Facebook,985757.375,prior,0.9560425,0.70720154,0.83794445,media,,,,
Meta Facebook,988847.5,posterior,0.7966488,0.63155025,0.71217567,media,,,,
Meta Facebook,988847.5,prior,0.9561739,0.7078492,0.8383514,media,,,,
Meta Facebook,991937.6875,posterior,0.7971538,0.632276,0.7128075,media,,,,
Meta Facebook,991937.6875,prior,0.9563044,0.708494,0.8387549,media,,,,
Meta Facebook,995027.8125,posterior,0.7976563,0.6329989,0.7134362,media,,,,
Meta Facebook,995027.8125,prior,0.9564342,0.709136,0.83915806,media,,,,
Meta Facebook,998117.9375,posterior,0.79815626,0.6337189,0.7140617,media,,,,
Meta Facebook,998117.9375,prior,0.95656323,0.70977515,0.83955824,media,,,,
Meta Facebook,1001208.0625,posterior,0.79865384,0.6344362,0.7146847,media,,,,
Meta Facebook,1001208.0625,prior,0.9566915,0.7104115,0.83995664,media,,,,
Meta Facebook,1004298.3125,posterior,0.7991489,0.6351506,0.7153054,media,,,,
Meta Facebook,1004298.3125,prior,0.956819,0.7110451,0.8403528,media,,,,
Meta Facebook,1007388.4375,posterior,0.7996416,0.63586223,0.7159223,media,,,,
Meta Facebook,1007388.4375,prior,0.9569458,0.7116759,0.8407475,media,,,,
Meta Facebook,1010478.5625,posterior,0.80013186,0.6365711,0.7165382,media,,,,
Meta Facebook,1010478.5625,prior,0.9570718,0.71230394,0.84113973,media,,,,
Meta Facebook,1013568.6875,posterior,0.8006197,0.6372772,0.7171505,media,,,,
Meta Facebook,1013568.6875,prior,0.95719707,0.71292925,0.8415301,media,,,,
Meta Facebook,1016658.875,posterior,0.80110514,0.6379806,0.7177588,media,,,,
Meta Facebook,1016658.875,prior,0.9573216,0.7135519,0.84191906,media,,,,
Meta Facebook,1019749.0,posterior,0.8015883,0.63868123,0.71836585,media,,,,
Meta Facebook,1019749.0,prior,0.9574454,0.71417177,0.84230536,media,,,,
Meta Facebook,1022839.125,posterior,0.80206907,0.63937914,0.7189713,media,,,,
Meta Facebook,1022839.125,prior,0.9575685,0.71478903,0.84269035,media,,,,
Meta Facebook,1025929.375,posterior,0.8025476,0.64007443,0.7195731,media,,,,
Meta Facebook,1025929.375,prior,0.9576909,0.7154036,0.8430738,media,,,,
Meta Facebook,1029019.5,posterior,0.80302376,0.64076704,0.7201723,media,,,,
Meta Facebook,1029019.5,prior,0.9578126,0.7160156,0.84345454,media,,,,
Meta Facebook,1032109.625,posterior,0.8034976,0.64145696,0.7207688,media,,,,
Meta Facebook,1032109.625,prior,0.9579336,0.71662486,0.8438335,media,,,,
Meta Facebook,1035199.75,posterior,0.8039692,0.64214426,0.7213629,media,,,,
Meta Facebook,1035199.75,prior,0.9580539,0.7172316,0.8442105,media,,,,
Meta Facebook,1038289.875,posterior,0.80443853,0.6428289,0.7219538,media,,,,
Meta Facebook,1038289.875,prior,0.9581735,0.71783566,0.8445861,media,,,,
Meta Facebook,1041380.0625,posterior,0.8049056,0.6435109,0.7225437,media,,,,
Meta Facebook,1041380.0625,prior,0.9582925,0.7184372,0.84496,media,,,,
Meta Facebook,1044470.1875,posterior,0.80537045,0.6441903,0.7231299,media,,,,
Meta Facebook,1044470.1875,prior,0.95841074,0.7190362,0.84533215,media,,,,
Meta Facebook,1047560.3125,posterior,0.8058331,0.6448671,0.72371435,media,,,,
Meta Facebook,1047560.3125,prior,0.95852834,0.7196327,0.8457015,media,,,,
Meta Facebook,1050650.5,posterior,0.80629355,0.6455414,0.72429454,media,,,,
Meta Facebook,1050650.5,prior,0.9586452,0.7202266,0.8460697,media,,,,
Meta Facebook,1053740.625,posterior,0.80675185,0.6462132,0.72487426,media,,,,
Meta Facebook,1053740.625,prior,0.9587616,0.720818,0.8464362,media,,,,
Meta Facebook,1056830.875,posterior,0.80720794,0.64688236,0.7254511,media,,,,
Meta Facebook,1056830.875,prior,0.95887715,0.7214069,0.84680116,media,,,,
Meta Facebook,1059921.0,posterior,0.80766195,0.64754903,0.7260254,media,,,,
Meta Facebook,1059921.0,prior,0.9589921,0.72199327,0.84716386,media,,,,
Meta Facebook,1063011.125,posterior,0.80811375,0.64821315,0.72659725,media,,,,
Meta Facebook,1063011.125,prior,0.95910645,0.7225773,0.8475255,media,,,,
Meta Facebook,1066101.25,posterior,0.8085635,0.6488748,0.7271668,media,,,,
Meta Facebook,1066101.25,prior,0.9592202,0.7231588,0.8478849,media,,,,
Meta Facebook,1069191.375,posterior,0.8090111,0.6495339,0.72773373,media,,,,
Meta Facebook,1069191.375,prior,0.9593332,0.72373784,0.8482438,media,,,,
Meta Facebook,1072281.5,posterior,0.8094566,0.65019065,0.72829837,media,,,,
Meta Facebook,1072281.5,prior,0.95944566,0.7243145,0.848599,media,,,,
Meta Facebook,1075371.75,posterior,0.80990005,0.6508448,0.7288608,media,,,,
Meta Facebook,1075371.75,prior,0.9595575,0.72488874,0.8489541,media,,,,
Meta Facebook,1078461.875,posterior,0.8103414,0.6514966,0.7294211,media,,,,
Meta Facebook,1078461.875,prior,0.9596687,0.72546065,0.8493062,media,,,,
Meta Facebook,1081552.0,posterior,0.8107808,0.652146,0.7299786,media,,,,
Meta Facebook,1081552.0,prior,0.9597793,0.7260301,0.8496573,media,,,,
Meta Facebook,1084642.125,posterior,0.81121814,0.6527929,0.7305344,media,,,,
Meta Facebook,1084642.125,prior,0.9598893,0.72659725,0.85000664,media,,,,
Meta Facebook,1087732.25,posterior,0.81165344,0.6534375,0.73108834,media,,,,
Meta Facebook,1087732.25,prior,0.95999867,0.72716206,0.850355,media,,,,
Meta Facebook,1090822.375,posterior,0.8120867,0.6540796,0.7316379,media,,,,
Meta Facebook,1090822.375,prior,0.96010745,0.7277245,0.85070145,media,,,,
Meta Facebook,1093912.5,posterior,0.81251806,0.6547194,0.7321859,media,,,,
Meta Facebook,1093912.5,prior,0.9602157,0.72828466,0.8510456,media,,,,
Meta Facebook,1097002.75,posterior,0.8129474,0.6553568,0.7327327,media,,,,
Meta Facebook,1097002.75,prior,0.9603233,0.7288425,0.851389,media,,,,
Meta Facebook,1100092.875,posterior,0.8133747,0.65599185,0.73327714,media,,,,
Meta Facebook,1100092.875,prior,0.9604303,0.7293981,0.8517308,media,,,,
Meta Facebook,1103183.0,posterior,0.81380016,0.65662456,0.7338201,media,,,,
Meta Facebook,1103183.0,prior,0.9605368,0.7299513,0.8520705,media,,,,
Meta Facebook,1106273.25,posterior,0.81422365,0.65725493,0.73435825,media,,,,
Meta Facebook,1106273.25,prior,0.9606427,0.73050237,0.852409,media,,,,
Meta Facebook,1109363.375,posterior,0.8146452,0.65788305,0.7348965,media,,,,
Meta Facebook,1109363.375,prior,0.960748,0.73105115,0.8527452,media,,,,
Meta Facebook,1112453.5,posterior,0.81506485,0.65850884,0.73543036,media,,,,
Meta Facebook,1112453.5,prior,0.9608528,0.7315977,0.85308075,media,,,,
Meta Facebook,1115543.625,posterior,0.8154826,0.6591324,0.7359642,media,,,,
Meta Facebook,1115543.625,prior,0.960957,0.73214203,0.8534143,media,,,,
Meta Facebook,1118633.75,posterior,0.8158985,0.6597536,0.73649544,media,,,,
Meta Facebook,1118633.75,prior,0.96106064,0.7326842,0.8537463,media,,,,
Meta Facebook,1121723.875,posterior,0.8163125,0.6603726,0.73702544,media,,,,
Meta Facebook,1121723.875,prior,0.96116376,0.73322415,0.8540772,media,,,,
Meta Facebook,1124814.125,posterior,0.81672466,0.66098934,0.737551,media,,,,
Meta Facebook,1124814.125,prior,0.96126634,0.73376197,0.85440654,media,,,,
Meta Facebook,1127904.25,posterior,0.817135,0.66160387,0.73807526,media,,,,
Meta Facebook,1127904.25,prior,0.9613683,0.7342976,0.8547342,media,,,,
Meta Facebook,1130994.375,posterior,0.8175434,0.6622161,0.7385983,media,,,,
Meta Facebook,1130994.375,prior,0.9614698,0.73483104,0.8550604,media,,,,
Meta Facebook,1134084.5,posterior,0.81795007,0.6628262,0.73911816,media,,,,
Meta Facebook,1134084.5,prior,0.9615708,0.73536235,0.855385,media,,,,
Meta Facebook,1137174.625,posterior,0.8183549,0.663434,0.73963624,media,,,,
Meta Facebook,1137174.625,prior,0.96167123,0.7358915,0.85570806,media,,,,
Meta Facebook,1140264.75,posterior,0.81875795,0.6640397,0.7401526,media,,,,
Meta Facebook,1140264.75,prior,0.9617711,0.7364186,0.8560301,media,,,,
Meta Facebook,1143354.875,posterior,0.8191592,0.66464317,0.74066776,media,,,,
Meta Facebook,1143354.875,prior,0.96187043,0.7369436,0.85635006,media,,,,
Meta Facebook,1146445.125,posterior,0.8195587,0.6652446,0.74117935,media,,,,
Meta Facebook,1146445.125,prior,0.9619693,0.7374665,0.8566695,media,,,,
Meta Facebook,1149535.25,posterior,0.8199564,0.6658437,0.7416899,media,,,,
Meta Facebook,1149535.25,prior,0.9620677,0.73798734,0.85698676,media,,,,
Meta Facebook,1152625.375,posterior,0.82035244,0.66644084,0.7421986,media,,,,
Meta Facebook,1152625.375,prior,0.9621656,0.73850614,0.8573028,media,,,,
Meta Facebook,1155715.625,posterior,0.82074666,0.6670357,0.74270445,media,,,,
Meta Facebook,1155715.625,prior,0.96226287,0.73902285,0.85761786,media,,,,
Meta Facebook,1158805.75,posterior,0.8211391,0.6676285,0.7432076,media,,,,
Meta Facebook,1158805.75,prior,0.9623597,0.73953754,0.857931,media,,,,
Meta Facebook,1161895.875,posterior,0.8215299,0.66821915,0.74370986,media,,,,
Meta Facebook,1161895.875,prior,0.96245605,0.74005014,0.8582429,media,,,,
Meta Facebook,1164986.0,posterior,0.821919,0.66880774,0.7442109,media,,,,
Meta Facebook,1164986.0,prior,0.96255195,0.74056077,0.8585536,media,,,,
Meta Facebook,1168076.125,posterior,0.82230645,0.66939425,0.7447083,media,,,,
Meta Facebook,1168076.125,prior,0.9626473,0.74106944,0.8588622,media,,,,
Meta Facebook,1171166.25,posterior,0.82269216,0.6699787,0.745206,media,,,,
Meta Facebook,1171166.25,prior,0.9627422,0.7415761,0.85917044,media,,,,
Meta Facebook,1174256.5,posterior,0.8230762,0.670561,0.7456991,media,,,,
Meta Facebook,1174256.5,prior,0.9628366,0.7420807,0.85947734,media,,,,
Meta Facebook,1177346.625,posterior,0.8234586,0.6711414,0.74619186,media,,,,
Meta Facebook,1177346.625,prior,0.9629305,0.7425834,0.8597823,media,,,,
Meta Facebook,1180436.75,posterior,0.82383937,0.6717197,0.7466822,media,,,,
Meta Facebook,1180436.75,prior,0.96302396,0.7430842,0.8600857,media,,,,
Meta Facebook,1183526.875,posterior,0.82421845,0.67229587,0.7471707,media,,,,
Meta Facebook,1183526.875,prior,0.96311694,0.74358296,0.8603883,media,,,,
Meta Facebook,1186617.0,posterior,0.8245959,0.6728701,0.74765795,media,,,,
Meta Facebook,1186617.0,prior,0.96320945,0.7440798,0.8606895,media,,,,
Meta Facebook,1189707.125,posterior,0.82497174,0.6734423,0.7481427,media,,,,
Meta Facebook,1189707.125,prior,0.96330154,0.7445748,0.8609893,media,,,,
Meta Facebook,1192797.25,posterior,0.825346,0.6740125,0.7486259,media,,,,
Meta Facebook,1192797.25,prior,0.96339315,0.7450678,0.8612877,media,,,,
Meta Facebook,1195887.5,posterior,0.82571864,0.67458075,0.7491074,media,,,,
Meta Facebook,1195887.5,prior,0.9634842,0.7455589,0.8615851,media,,,,
Meta Facebook,1198977.625,posterior,0.8260897,0.675147,0.749586,media,,,,
Meta Facebook,1198977.625,prior,0.96357495,0.74604815,0.86188114,media,,,,
Meta Facebook,1202067.75,posterior,0.82645917,0.6757113,0.75006354,media,,,,
Meta Facebook,1202067.75,prior,0.9636652,0.7465355,0.8621757,media,,,,
Meta Facebook,1205158.0,posterior,0.8268271,0.6762736,0.7505382,media,,,,
Meta Facebook,1205158.0,prior,0.96375495,0.74702096,0.86246985,media,,,,
Meta Facebook,1208248.125,posterior,0.8271935,0.676834,0.7510133,media,,,,
Meta Facebook,1208248.125,prior,0.9638443,0.7475046,0.86276174,media,,,,
Meta Facebook,1211338.25,posterior,0.8275583,0.6773924,0.7514848,media,,,,
Meta Facebook,1211338.25,prior,0.96393317,0.7479864,0.8630523,media,,,,
Meta Facebook,1214428.375,posterior,0.82792157,0.67794895,0.7519545,media,,,,
Meta Facebook,1214428.375,prior,0.9640217,0.7484664,0.86334234,media,,,,
Meta Facebook,1217518.5,posterior,0.8282833,0.6785035,0.7524243,media,,,,
Meta Facebook,1217518.5,prior,0.9641097,0.74894446,0.86363083,media,,,,
Meta Facebook,1220608.625,posterior,0.82864356,0.6790562,0.7528902,media,,,,
Meta Facebook,1220608.625,prior,0.96419734,0.7494208,0.86391854,media,,,,
Meta Facebook,1223698.875,posterior,0.82900226,0.67960703,0.7533549,media,,,,
Meta Facebook,1223698.875,prior,0.96428454,0.7498954,0.8642037,media,,,,
Meta Facebook,1226789.0,posterior,0.8293595,0.68015593,0.75381744,media,,,,
Meta Facebook,1226789.0,prior,0.96437126,0.7503681,0.86448914,media,,,,
Meta Facebook,1229879.125,posterior,0.82971525,0.680703,0.7542806,media,,,,
Meta Facebook,1229879.125,prior,0.9644576,0.75083905,0.86477304,media,,,,
Meta Facebook,1232969.25,posterior,0.8300695,0.6812482,0.7547395,media,,,,
Meta Facebook,1232969.25,prior,0.9645435,0.7513082,0.8650552,media,,,,
Meta Facebook,1236059.375,posterior,0.8304223,0.6817915,0.7551982,media,,,,
Meta Facebook,1236059.375,prior,0.96462905,0.75177556,0.8653364,media,,,,
Meta Facebook,1239149.5,posterior,0.8307736,0.68233293,0.7556537,media,,,,
Meta Facebook,1239149.5,prior,0.9647141,0.75224125,0.865617,media,,,,
Meta Facebook,1242239.625,posterior,0.8311235,0.68287253,0.7561087,media,,,,
Meta Facebook,1242239.625,prior,0.9647988,0.75270516,0.86589533,media,,,,
Meta Facebook,1245329.875,posterior,0.8314719,0.68341035,0.7565612,media,,,,
Meta Facebook,1245329.875,prior,0.9648831,0.7531673,0.86617315,media,,,,
Meta Facebook,1248420.0,posterior,0.8318189,0.68394625,0.7570122,media,,,,
Meta Facebook,1248420.0,prior,0.964967,0.7536277,0.8664495,media,,,,
Meta Facebook,1251510.125,posterior,0.83216447,0.6844805,0.75746167,media,,,,
Meta Facebook,1251510.125,prior,0.96505046,0.7540865,0.8667254,media,,,,
Meta Facebook,1254600.375,posterior,0.83250856,0.6850128,0.7579087,media,,,,
Meta Facebook,1254600.375,prior,0.96513355,0.75454354,0.867,media,,,,
Meta Facebook,1257690.5,posterior,0.8328513,0.68554336,0.75835633,media,,,,
Meta Facebook,1257690.5,prior,0.96521616,0.75499886,0.86727315,media,,,,
Meta Facebook,1260780.625,posterior,0.83319265,0.6860721,0.75879955,media,,,,
Meta Facebook,1260780.625,prior,0.96529853,0.7554525,0.8675454,media,,,,
Meta Facebook,1263870.75,posterior,0.8335326,0.6865992,0.75924295,media,,,,
Meta Facebook,1263870.75,prior,0.96538043,0.7559045,0.8678163,media,,,,
Meta Facebook,1266960.875,posterior,0.8338711,0.68712443,0.7596843,media,,,,
Meta Facebook,1266960.875,prior,0.9654619,0.75635475,0.8680861,media,,,,
Meta Facebook,1270051.0,posterior,0.83420837,0.6876479,0.7601241,media,,,,
Meta Facebook,1270051.0,prior,0.9655431,0.7568034,0.8683546,media,,,,
Meta Facebook,1273141.25,posterior,0.83454424,0.6881696,0.7605622,media,,,,
Meta Facebook,1273141.25,prior,0.96562386,0.75725037,0.8686227,media,,,,
Meta Facebook,1276231.375,posterior,0.8348787,0.68868953,0.76099813,media,,,,
Meta Facebook,1276231.375,prior,0.9657042,0.75769573,0.86888903,media,,,,
Meta Facebook,1279321.5,posterior,0.8352118,0.6892078,0.7614324,media,,,,
Meta Facebook,1279321.5,prior,0.96578425,0.75813943,0.8691538,media,,,,
Meta Facebook,1282411.625,posterior,0.83554363,0.6897243,0.76186615,media,,,,
Meta Facebook,1282411.625,prior,0.9658638,0.7585815,0.8694185,media,,,,
Meta Facebook,1285501.75,posterior,0.8358741,0.69023913,0.7622986,media,,,,
Meta Facebook,1285501.75,prior,0.96594316,0.759022,0.8696818,media,,,,
Meta Facebook,1288591.875,posterior,0.83620316,0.69075227,0.7627286,media,,,,
Meta Facebook,1288591.875,prior,0.966022,0.7594609,0.8699437,media,,,,
Meta Facebook,1291682.0,posterior,0.8365309,0.6912637,0.7631574,media,,,,
Meta Facebook,1291682.0,prior,0.9661006,0.7598982,0.87020516,media,,,,
Meta Facebook,1294772.25,posterior,0.83685744,0.6917734,0.76358443,media,,,,
Meta Facebook,1294772.25,prior,0.9661787,0.7603339,0.8704654,media,,,,
Meta Facebook,1297862.375,posterior,0.83718264,0.6922815,0.764009,media,,,,
Meta Facebook,1297862.375,prior,0.9662565,0.760768,0.8707242,media,,,,
Meta Facebook,1300952.5,posterior,0.8375066,0.6927878,0.7644343,media,,,,
Meta Facebook,1300952.5,prior,0.966334,0.7612005,0.8709829,media,,,,
Meta Facebook,1304042.75,posterior,0.8378292,0.6932925,0.76485676,media,,,,
Meta Facebook,1304042.75,prior,0.96641105,0.7616315,0.8712394,media,,,,
Meta Facebook,1307132.875,posterior,0.8381505,0.69379556,0.76527727,media,,,,
Meta Facebook,1307132.875,prior,0.9664878,0.76206094,0.87149584,media,,,,
Meta Facebook,1310223.0,posterior,0.8384706,0.69429696,0.7656962,media,,,,
Meta Facebook,1310223.0,prior,0.9665642,0.76248884,0.87175083,media,,,,
Meta Facebook,1313313.125,posterior,0.8387894,0.69479674,0.76611394,media,,,,
Meta Facebook,1313313.125,prior,0.9666403,0.7629152,0.8720046,media,,,,
Meta Facebook,1316403.25,posterior,0.8391069,0.69529486,0.7665302,media,,,,
Meta Facebook,1316403.25,prior,0.96671593,0.76334006,0.8722574,media,,,,
Meta Facebook,1319493.375,posterior,0.83942324,0.6957914,0.7669441,media,,,,
Meta Facebook,1319493.375,prior,0.96679133,0.76376337,0.8725097,media,,,,
Meta Facebook,1322583.625,posterior,0.83973825,0.6962864,0.7673587,media,,,,
Meta Facebook,1322583.625,prior,0.9668663,0.7641852,0.8727606,media,,,,
Meta Facebook,1325673.75,posterior,0.840052,0.6967796,0.76777095,media,,,,
Meta Facebook,1325673.75,prior,0.966941,0.7646055,0.8730103,media,,,,
Meta Facebook,1328763.875,posterior,0.84036463,0.69727135,0.76818085,media,,,,
Meta Facebook,1328763.875,prior,0.9670154,0.7650243,0.87325966,media,,,,
Meta Facebook,1331854.0,posterior,0.840676,0.6977614,0.7685892,media,,,,
Meta Facebook,1331854.0,prior,0.96708935,0.7654416,0.87350744,media,,,,
Meta Facebook,1334944.125,posterior,0.84098613,0.69824994,0.76899767,media,,,,
Meta Facebook,1334944.125,prior,0.9671631,0.7658574,0.87375474,media,,,,
Meta Facebook,1338034.25,posterior,0.8412951,0.69873685,0.7694033,media,,,,
Meta Facebook,1338034.25,prior,0.9672364,0.76627177,0.8740005,media,,,,
Meta Facebook,1341124.375,posterior,0.84160286,0.6992222,0.7698089,media,,,,
Meta Facebook,1341124.375,prior,0.9673094,0.76668465,0.87424535,media,,,,
Meta Facebook,1344214.625,posterior,0.84190947,0.699706,0.7702119,media,,,,
Meta Facebook,1344214.625,prior,0.96738213,0.7670961,0.8744895,media,,,,
Meta Facebook,1347304.75,posterior,0.8422148,0.7001883,0.7706133,media,,,,
Meta Facebook,1347304.75,prior,0.9674545,0.76750606,0.8747328,media,,,,
Meta Facebook,1350394.875,posterior,0.842519,0.700669,0.77101433,media,,,,
Meta Facebook,1350394.875,prior,0.96752656,0.7679147,0.8749748,media,,,,
Meta Facebook,1353485.125,posterior,0.842822,0.7011482,0.77141285,media,,,,
Meta Facebook,1353485.125,prior,0.9675983,0.7683218,0.8752164,media,,,,
Meta Facebook,1356575.25,posterior,0.8431239,0.7016258,0.77181137,media,,,,
Meta Facebook,1356575.25,prior,0.9676697,0.7687275,0.8754566,media,,,,
Meta Facebook,1359665.375,posterior,0.8434246,0.70210195,0.77220756,media,,,,
Meta Facebook,1359665.375,prior,0.96774083,0.7691318,0.87569606,media,,,,
Meta Facebook,1362755.5,posterior,0.8437242,0.7025765,0.77260166,media,,,,
Meta Facebook,1362755.5,prior,0.96781164,0.7695346,0.87593436,media,,,,
Meta Facebook,1365845.625,posterior,0.8440226,0.7030496,0.772995,media,,,,
Meta Facebook,1365845.625,prior,0.9678821,0.7699361,0.8761723,media,,,,
Meta Facebook,1368935.75,posterior,0.8443198,0.7035212,0.7733871,media,,,,
Meta Facebook,1368935.75,prior,0.9679523,0.7703361,0.8764091,media,,,,
Meta Facebook,1372026.0,posterior,0.84461606,0.70399123,0.77377856,media,,,,
Meta Facebook,1372026.0,prior,0.96802217,0.7707348,0.87664455,media,,,,
Meta Facebook,1375116.125,posterior,0.8449111,0.70445985,0.7741679,media,,,,
Meta Facebook,1375116.125,prior,0.9680917,0.77113205,0.8768801,media,,,,
Meta Facebook,1378206.25,posterior,0.84520495,0.70492697,0.77455634,media,,,,
Meta Facebook,1378206.25,prior,0.968161,0.77152795,0.8771141,media,,,,
Meta Facebook,1381296.375,posterior,0.8454978,0.70539266,0.7749431,media,,,,
Meta Facebook,1381296.375,prior,0.96822995,0.7719225,0.8773467,media,,,,
Meta Facebook,1384386.5,posterior,0.8457895,0.7058568,0.77532864,media,,,,
Meta Facebook,1384386.5,prior,0.9682986,0.7723157,0.8775788,media,,,,
Meta Facebook,1387476.625,posterior,0.84608006,0.7063195,0.77571297,media,,,,
Meta Facebook,1387476.625,prior,0.968367,0.7727075,0.87781006,media,,,,
Meta Facebook,1390566.75,posterior,0.84636956,0.7067808,0.77609575,media,,,,
Meta Facebook,1390566.75,prior,0.96843505,0.773098,0.87804115,media,,,,
Meta Facebook,1393657.0,posterior,0.846658,0.7072406,0.7764759,media,,,,
Meta Facebook,1393657.0,prior,0.9685029,0.77348715,0.8782702,media,,,,
Meta Facebook,1396747.125,posterior,0.8469453,0.70769894,0.7768573,media,,,,
Meta Facebook,1396747.125,prior,0.96857035,0.77387494,0.87849915,media,,,,
Meta Facebook,1399837.25,posterior,0.8472316,0.7081559,0.7772373,media,,,,
Meta Facebook,1399837.25,prior,0.9686375,0.7742614,0.8787269,media,,,,
Meta Facebook,1402927.5,posterior,0.8475167,0.70861137,0.7776142,media,,,,
Meta Facebook,1402927.5,prior,0.96870446,0.7746466,0.8789534,media,,,,
Meta Facebook,1406017.625,posterior,0.84780085,0.70906544,0.77799034,media,,,,
Meta Facebook,1406017.625,prior,0.9687711,0.77503043,0.87917995,media,,,,
Meta Facebook,1409107.75,posterior,0.8480839,0.70951813,0.778365,media,,,,
Meta Facebook,1409107.75,prior,0.96883744,0.775413,0.87940574,media,,,,
Meta Facebook,1412197.875,posterior,0.84836596,0.70996946,0.7787395,media,,,,
Meta Facebook,1412197.875,prior,0.96890354,0.77579427,0.87962973,media,,,,
Meta Facebook,1415288.0,posterior,0.84864694,0.7104193,0.7791116,media,,,,
Meta Facebook,1415288.0,prior,0.96896935,0.7761742,0.8798536,media,,,,
Meta Facebook,1418378.125,posterior,0.84892684,0.7108678,0.7794827,media,,,,
Meta Facebook,1418378.125,prior,0.9690348,0.7765529,0.88007617,media,,,,
Meta Facebook,1421468.375,posterior,0.84920573,0.7113149,0.7798526,media,,,,
Meta Facebook,1421468.375,prior,0.96910006,0.77693033,0.8802979,media,,,,
Meta Facebook,1424558.5,posterior,0.8494836,0.71176064,0.78022194,media,,,,
Meta Facebook,1424558.5,prior,0.969165,0.77730644,0.8805189,media,,,,
Meta Facebook,1427648.625,posterior,0.8497605,0.712205,0.7805895,media,,,,
Meta Facebook,1427648.625,prior,0.9692297,0.7776813,0.88073987,media,,,,
Meta Facebook,1430738.75,posterior,0.85003626,0.7126479,0.78095555,media,,,,
Meta Facebook,1430738.75,prior,0.96929413,0.7780549,0.88095856,media,,,,
Meta Facebook,1433828.875,posterior,0.8503111,0.7130895,0.78131986,media,,,,
Meta Facebook,1433828.875,prior,0.96935827,0.77842724,0.8811778,media,,,,
Meta Facebook,1436919.0,posterior,0.8505849,0.71352977,0.7816846,media,,,,
Meta Facebook,1436919.0,prior,0.96942216,0.77879834,0.881395,media,,,,
Meta Facebook,1440009.125,posterior,0.85085773,0.7139687,0.7820477,media,,,,
Meta Facebook,1440009.125,prior,0.96948576,0.7791682,0.88161254,media,,,,
Meta Facebook,1443099.375,posterior,0.8511295,0.7144063,0.7824087,media,,,,
Meta Facebook,1443099.375,prior,0.9695491,0.77953684,0.88182896,media,,,,
Meta Facebook,1446189.5,posterior,0.8514003,0.7148425,0.78276974,media,,,,
Meta Facebook,1446189.5,prior,0.96961224,0.7799042,0.88204396,media,,,,
Meta Facebook,1449279.625,posterior,0.85167015,0.71527743,0.7831282,media,,,,
Meta Facebook,1449279.625,prior,0.969675,0.7802704,0.8822591,media,,,,
Meta Facebook,1452369.875,posterior,0.851939,0.715711,0.78348535,media,,,,
Meta Facebook,1452369.875,prior,0.9697376,0.78063536,0.8824728,media,,,,
Meta Facebook,1455460.0,posterior,0.8522069,0.71614325,0.78384316,media,,,,
Meta Facebook,1455460.0,prior,0.96979994,0.7809991,0.88268596,media,,,,
Meta Facebook,1458550.125,posterior,0.85247386,0.7165742,0.78419787,media,,,,
Meta Facebook,1458550.125,prior,0.969862,0.78136164,0.8828987,media,,,,
Meta Facebook,1461640.25,posterior,0.8527398,0.7170038,0.78455216,media,,,,
Meta Facebook,1461640.25,prior,0.9699238,0.781723,0.88311005,media,,,,
Meta Facebook,1464730.375,posterior,0.8530048,0.71743214,0.7849062,media,,,,
Meta Facebook,1464730.375,prior,0.9699853,0.78208315,0.8833205,media,,,,
Meta Facebook,1467820.5,posterior,0.85326886,0.7178592,0.7852581,media,,,,
Meta Facebook,1467820.5,prior,0.97004664,0.7824421,0.88353115,media,,,,
Meta Facebook,1470910.75,posterior,0.8535321,0.7182849,0.78560877,media,,,,
Meta Facebook,1470910.75,prior,0.97010773,0.78279984,0.8837403,media,,,,
Meta Facebook,1474000.875,posterior,0.8537942,0.7187094,0.78595823,media,,,,
Meta Facebook,1474000.875,prior,0.97016853,0.78315645,0.88394856,media,,,,
Meta Facebook,1477091.0,posterior,0.85405546,0.7191326,0.7863073,media,,,,
Meta Facebook,1477091.0,prior,0.9702291,0.7835119,0.88415664,media,,,,
Meta Facebook,1480181.125,posterior,0.85431576,0.71955454,0.7866536,media,,,,
Meta Facebook,1480181.125,prior,0.97028935,0.78386617,0.88436353,media,,,,
Meta Facebook,1483271.25,posterior,0.8545751,0.7199752,0.7870005,media,,,,
Meta Facebook,1483271.25,prior,0.97034943,0.7842193,0.8845693,media,,,,
Meta Facebook,1486361.375,posterior,0.85483354,0.72039455,0.78734666,media,,,,
Meta Facebook,1486361.375,prior,0.9704093,0.7845713,0.88477564,media,,,,
Meta Facebook,1489451.5,posterior,0.85509104,0.7208127,0.78769034,media,,,,
Meta Facebook,1489451.5,prior,0.9704688,0.7849221,0.88497967,media,,,,
Meta Facebook,1492541.75,posterior,0.8553477,0.72122955,0.78803223,media,,,,
Meta Facebook,1492541.75,prior,0.9705282,0.7852718,0.88518447,media,,,,
Meta Facebook,1495631.875,posterior,0.8556034,0.72164524,0.78837496,media,,,,
Meta Facebook,1495631.875,prior,0.97058725,0.78562033,0.8853876,media,,,,
Meta Facebook,1498722.0,posterior,0.8558582,0.7220596,0.78871566,media,,,,
Meta Facebook,1498722.0,prior,0.97064614,0.78596777,0.8855902,media,,,,
Meta Facebook,1501812.125,posterior,0.8561121,0.7224728,0.78905493,media,,,,
Meta Facebook,1501812.125,prior,0.97070473,0.786314,0.88579154,media,,,,
Meta Facebook,1504902.25,posterior,0.85636514,0.7228848,0.78939444,media,,,,
Meta Facebook,1504902.25,prior,0.97076315,0.7866592,0.8859933,media,,,,
Meta Facebook,1507992.375,posterior,0.8566173,0.7232955,0.78973144,media,,,,
Meta Facebook,1507992.375,prior,0.9708213,0.7870033,0.8861942,media,,,,
Meta Facebook,1511082.75,posterior,0.85686857,0.72370505,0.79006714,media,,,,
Meta Facebook,1511082.75,prior,0.97087926,0.78734624,0.8863937,media,,,,
Meta Facebook,1514172.875,posterior,0.8571189,0.72411335,0.7904029,media,,,,
Meta Facebook,1514172.875,prior,0.97093695,0.7876881,0.8865927,media,,,,
Meta Facebook,1517263.0,posterior,0.8573684,0.72452044,0.79073656,media,,,,
Meta Facebook,1517263.0,prior,0.9709945,0.78802884,0.8867911,media,,,,
Meta Facebook,1520353.125,posterior,0.857617,0.72492635,0.7910708,media,,,,
Meta Facebook,1520353.125,prior,0.9710517,0.78836846,0.8869897,media,,,,
Meta Facebook,1523443.25,posterior,0.8578648,0.725331,0.79140246,media,,,,
Meta Facebook,1523443.25,prior,0.97110873,0.788707,0.8871862,media,,,,
Meta Facebook,1526533.375,posterior,0.8581117,0.72573453,0.79173356,media,,,,
Meta Facebook,1526533.375,prior,0.9711655,0.7890445,0.8873818,media,,,,
Meta Facebook,1529623.5,posterior,0.85835767,0.72613686,0.7920628,media,,,,
Meta Facebook,1529623.5,prior,0.97122204,0.78938097,0.8875779,media,,,,
Meta Facebook,1532713.625,posterior,0.8586029,0.726538,0.7923929,media,,,,
Meta Facebook,1532713.625,prior,0.9712784,0.7897163,0.88777304,media,,,,
Meta Facebook,1535803.75,posterior,0.85884726,0.726938,0.79272014,media,,,,
Meta Facebook,1535803.75,prior,0.9713346,0.79005057,0.88796717,media,,,,
Meta Facebook,1538893.875,posterior,0.85909075,0.7273368,0.7930466,media,,,,
Meta Facebook,1538893.875,prior,0.9713905,0.79038376,0.88816094,media,,,,
Meta Facebook,1541984.125,posterior,0.8593334,0.7277345,0.7933727,media,,,,
Meta Facebook,1541984.125,prior,0.97144616,0.79071593,0.8883536,media,,,,
Meta Instagram,0.0,posterior,0.0,0.0,0.0,media,,,,
Meta Instagram,0.0,prior,0.0,0.0,0.0,media,,,,
Meta Instagram,2590.933837890625,posterior,0.006852001,0.002924014,0.004533561,media,,,,
Meta Instagram,2590.933837890625,prior,0.033997063,0.0035355496,0.010979717,media,,,,
Meta Instagram,5181.86767578125,posterior,0.013610742,0.005830978,0.009023205,media,,,,
Meta Instagram,5181.86767578125,prior,0.0657585,0.007046187,0.0215302,media,,,,
Meta Instagram,7772.80126953125,posterior,0.020278111,0.008721041,0.013469588,media,,,,
Meta Instagram,7772.80126953125,prior,0.09549779,0.010532174,0.031689893,media,,,,
Meta Instagram,10363.7353515625,posterior,0.026855953,0.011594351,0.017873425,media,,,,
Meta Instagram,10363.7353515625,prior,0.12340212,0.013993772,0.041491646,media,,,,
Meta Instagram,12954.6689453125,posterior,0.033346057,0.014451051,0.022235379,media,,,,
Meta Instagram,12954.6689453125,prior,0.14963622,0.017431233,0.050963867,media,,,,
Meta Instagram,15545.6025390625,posterior,0.039750166,0.017291285,0.026556043,media,,,,
Meta Instagram,15545.6025390625,prior,0.17434569,0.020844808,0.060131103,media,,,,
Meta Instagram,18136.537109375,posterior,0.04606998,0.020115197,0.030836048,media,,,,
Meta Instagram,18136.537109375,prior,0.19765975,0.024234748,0.06901513,media,,,,
Meta Instagram,20727.470703125,posterior,0.052307148,0.022922924,0.03507602,media,,,,
Meta Instagram,20727.470703125,prior,0.21969327,0.027601296,0.077635065,media,,,,
Meta Instagram,23318.404296875,posterior,0.058463283,0.025714606,0.039276533,media,,,,
Meta Instagram,23318.404296875,prior,0.24054897,0.030944692,0.086007796,media,,,,
Meta Instagram,25909.337890625,posterior,0.06453996,0.028490383,0.043438204,media,,,,
Meta Instagram,25909.337890625,prior,0.26031885,0.03426518,0.09414866,media,,,,
Meta Instagram,28500.2734375,posterior,0.0705387,0.031250387,0.047561675,media,,,,
Meta Instagram,28500.2734375,prior,0.27908555,0.037562985,0.10207144,media,,,,
Meta Instagram,31091.205078125,posterior,0.07646099,0.033994757,0.0516473,media,,,,
Meta Instagram,31091.205078125,prior,0.2969235,0.04083835,0.10978823,media,,,,
Meta Instagram,33682.140625,posterior,0.08230829,0.036723617,0.055695806,media,,,,
Meta Instagram,33682.140625,prior,0.31390002,0.044091493,0.1173105,media,,,,
Meta Instagram,36273.07421875,posterior,0.08808202,0.03943711,0.059707716,media,,,,
Meta Instagram,36273.07421875,prior,0.33007607,0.047322646,0.12464838,media,,,,
Meta Instagram,38864.0078125,posterior,0.09378354,0.04213535,0.063683495,media,,,,
Meta Instagram,38864.0078125,prior,0.34550685,0.05053202,0.13181114,media,,,,
Meta Instagram,41454.94140625,posterior,0.09941422,0.044818476,0.0676237,media,,,,
Meta Instagram,41454.94140625,prior,0.3602428,0.05371985,0.13880758,media,,,,
Meta Instagram,44045.87109375,posterior,0.104975365,0.047486614,0.071528904,media,,,,
Meta Instagram,44045.87109375,prior,0.3743298,0.05688634,0.1456453,media,,,,
Meta Instagram,46636.80859375,posterior,0.11046823,0.050139885,0.07539945,media,,,,
Meta Instagram,46636.80859375,prior,0.38780984,0.06003172,0.15233171,media,,,,
Meta Instagram,49227.7421875,posterior,0.1158941,0.052778423,0.079235725,media,,,,
Meta Instagram,49227.7421875,prior,0.4007212,0.06315619,0.15887365,media,,,,
Meta Instagram,51818.67578125,posterior,0.121254176,0.055402335,0.083038785,media,,,,
Meta Instagram,51818.67578125,prior,0.4130993,0.06625994,0.16527715,media,,,,
Meta Instagram,54409.61328125,posterior,0.12654968,0.058011755,0.086808376,media,,,,
Meta Instagram,54409.61328125,prior,0.4249763,0.06934321,0.17154844,media,,,,
Meta Instagram,57000.546875,posterior,0.1317817,0.060606796,0.09054536,media,,,,
Meta Instagram,57000.546875,prior,0.4363822,0.07240618,0.17769235,media,,,,
Meta Instagram,59591.4765625,posterior,0.1369514,0.06318758,0.09425008,media,,,,
Meta Instagram,59591.4765625,prior,0.44734433,0.07544905,0.18371446,media,,,,
Meta Instagram,62182.41015625,posterior,0.14205995,0.06575421,0.097922966,media,,,,
Meta Instagram,62182.41015625,prior,0.45788822,0.07847202,0.18961902,media,,,,
Meta Instagram,64773.34375,posterior,0.14710835,0.06830683,0.10156456,media,,,,
Meta Instagram,64773.34375,prior,0.4680373,0.081475295,0.19541107,media,,,,
Meta Instagram,67364.28125,posterior,0.1520977,0.07084554,0.105175205,media,,,,
Meta Instagram,67364.28125,prior,0.47781336,0.084459044,0.2010943,media,,,,
Meta Instagram,69955.2109375,posterior,0.157029,0.07337044,0.10875532,media,,,,
Meta Instagram,69955.2109375,prior,0.48723662,0.08742349,0.20667288,media,,,,
Meta Instagram,72546.1484375,posterior,0.16190326,0.07588166,0.11230527,media,,,,
Meta Instagram,72546.1484375,prior,0.4963258,0.09036879,0.21215035,media,,,,
Meta Instagram,75137.078125,posterior,0.16672151,0.0783793,0.11582554,media,,,,
Meta Instagram,75137.078125,prior,0.50509834,0.093295135,0.21753033,media,,,,
Meta Instagram,77728.015625,posterior,0.17148465,0.08086349,0.11931642,media,,,,
Meta Instagram,77728.015625,prior,0.5135705,0.096202716,0.22281596,media,,,,
Meta Instagram,80318.9453125,posterior,0.17619365,0.08333432,0.12277838,media,,,,
Meta Instagram,80318.9453125,prior,0.5217575,0.099091716,0.22801062,media,,,,
Meta Instagram,82909.8828125,posterior,0.18084945,0.085791886,0.12621164,media,,,,
Meta Instagram,82909.8828125,prior,0.52967346,0.1019623,0.23311718,media,,,,
Meta Instagram,85500.8125,posterior,0.1854529,0.088236324,0.12961687,media,,,,
Meta Instagram,85500.8125,prior,0.53733164,0.10481464,0.23813824,media,,,,
Meta Instagram,88091.7421875,posterior,0.19000487,0.090667725,0.13299415,media,,,,
Meta Instagram,88091.7421875,prior,0.5447445,0.10764894,0.2430766,media,,,,
Meta Instagram,90682.6796875,posterior,0.19450627,0.09308619,0.13634402,media,,,,
Meta Instagram,90682.6796875,prior,0.5519234,0.110465325,0.2479348,media,,,,
Meta Instagram,93273.6171875,posterior,0.19895795,0.09549183,0.13966686,media,,,,
Meta Instagram,93273.6171875,prior,0.55887955,0.113264,0.2527154,media,,,,
Meta Instagram,95864.546875,posterior,0.20336065,0.09788473,0.14296283,media,,,,
Meta Instagram,95864.546875,prior,0.565623,0.11604512,0.2574205,media,,,,
Meta Instagram,98455.484375,posterior,0.20771523,0.10026501,0.14623228,media,,,,
Meta Instagram,98455.484375,prior,0.57216334,0.11880885,0.2620524,media,,,,
Meta Instagram,101046.421875,posterior,0.21202247,0.10263276,0.14947562,media,,,,
Meta Instagram,101046.421875,prior,0.5785097,0.12155534,0.26661307,media,,,,
Meta Instagram,103637.3515625,posterior,0.21628314,0.10498808,0.1526933,media,,,,
Meta Instagram,103637.3515625,prior,0.5846704,0.12428478,0.27110445,media,,,,
Meta Instagram,106228.2890625,posterior,0.22049795,0.10733108,0.15588546,media,,,,
Meta Instagram,106228.2890625,prior,0.5906537,0.12699729,0.27552906,media,,,,
Meta Instagram,108819.2265625,posterior,0.22466768,0.10966183,0.1590525,media,,,,
Meta Instagram,108819.2265625,prior,0.59646714,0.12969308,0.27988765,media,,,,
Meta Instagram,111410.15625,posterior,0.22879305,0.11198045,0.1621948,media,,,,
Meta Instagram,111410.15625,prior,0.6021176,0.13237226,0.28418314,media,,,,
Meta Instagram,114001.09375,posterior,0.23287477,0.114287026,0.16531244,media,,,,
Meta Instagram,114001.09375,prior,0.6076121,0.135035,0.28841633,media,,,,
Meta Instagram,116592.015625,posterior,0.23691346,0.116581626,0.16840579,media,,,,
Meta Instagram,116592.015625,prior,0.6129569,0.13768141,0.29258928,media,,,,
Meta Instagram,119182.953125,posterior,0.24090989,0.11886439,0.17147529,media,,,,
Meta Instagram,119182.953125,prior,0.61815804,0.1403117,0.29670316,media,,,,
Meta Instagram,121773.8828125,posterior,0.24486466,0.121135384,0.17452146,media,,,,
Meta Instagram,121773.8828125,prior,0.6232212,0.142926,0.30075976,media,,,,
Meta Instagram,124364.8203125,posterior,0.24877843,0.1233947,0.17754401,media,,,,
Meta Instagram,124364.8203125,prior,0.6281519,0.14552444,0.30476043,media,,,,
Meta Instagram,126955.7578125,posterior,0.25265184,0.12564243,0.18054314,media,,,,
Meta Instagram,126955.7578125,prior,0.6329553,0.14810717,0.30870676,media,,,,
Meta Instagram,129546.6875,posterior,0.25648555,0.12787868,0.18352002,media,,,,
Meta Instagram,129546.6875,prior,0.63763607,0.15067434,0.31259987,media,,,,
Meta Instagram,132137.625,posterior,0.2602801,0.1301035,0.18647401,media,,,,
Meta Instagram,132137.625,prior,0.6421989,0.15322608,0.31644073,media,,,,
Meta Instagram,134728.5625,posterior,0.26403612,0.13231699,0.18940589,media,,,,
Meta Instagram,134728.5625,prior,0.64664835,0.15576252,0.32023123,media,,,,
Meta Instagram,137319.5,posterior,0.26775417,0.13451926,0.19231571,media,,,,
Meta Instagram,137319.5,prior,0.6509885,0.15828384,0.32397205,media,,,,
Meta Instagram,139910.421875,posterior,0.27143487,0.13671038,0.19520377,media,,,,
Meta Instagram,139910.421875,prior,0.6552233,0.16079012,0.3276646,media,,,,
Meta Instagram,142501.359375,posterior,0.27507874,0.13889043,0.19807056,media,,,,
Meta Instagram,142501.359375,prior,0.6593566,0.16328155,0.3313096,media,,,,
Meta Instagram,145092.296875,posterior,0.2786863,0.1410595,0.20091577,media,,,,
Meta Instagram,145092.296875,prior,0.66339195,0.16575819,0.33490822,media,,,,
Meta Instagram,147683.234375,posterior,0.28225818,0.14321767,0.20374002,media,,,,
Meta Instagram,147683.234375,prior,0.6673329,0.16822025,0.33846188,media,,,,
Meta Instagram,150274.15625,posterior,0.28579485,0.145365,0.20654379,media,,,,
Meta Instagram,150274.15625,prior,0.6711824,0.17066778,0.34197116,media,,,,
Meta Instagram,152865.09375,posterior,0.28929684,0.14750162,0.20932703,media,,,,
Meta Instagram,152865.09375,prior,0.674944,0.17310098,0.3454373,media,,,,
Meta Instagram,155456.03125,posterior,0.29276466,0.14962757,0.21208958,media,,,,
Meta Instagram,155456.03125,prior,0.6786205,0.17551993,0.34886092,media,,,,
Meta Instagram,158046.953125,posterior,0.29619882,0.15174294,0.2148324,media,,,,
Meta Instagram,158046.953125,prior,0.68221474,0.17792477,0.35224327,media,,,,
Meta Instagram,160637.890625,posterior,0.29959977,0.15384781,0.2175554,media,,,,
Meta Instagram,160637.890625,prior,0.68572944,0.18031563,0.35558516,media,,,,
Meta Instagram,163228.828125,posterior,0.30296797,0.15594228,0.22025907,media,,,,
Meta Instagram,163228.828125,prior,0.6891673,0.18269263,0.35888717,media,,,,
Meta Instagram,165819.765625,posterior,0.30630398,0.15802641,0.2229429,media,,,,
Meta Instagram,165819.765625,prior,0.69253075,0.18505587,0.36215028,media,,,,
Meta Instagram,168410.703125,posterior,0.3096082,0.16010025,0.22560783,media,,,,
Meta Instagram,168410.703125,prior,0.69582224,0.18740548,0.3653752,media,,,,
Meta Instagram,171001.625,posterior,0.31288108,0.16216391,0.22825374,media,,,,
Meta Instagram,171001.625,prior,0.69904387,0.18974158,0.36856246,media,,,,
Meta Instagram,173592.5625,posterior,0.3161231,0.16421746,0.23088072,media,,,,
Meta Instagram,173592.5625,prior,0.7021981,0.1920643,0.37171352,media,,,,
Meta Instagram,176183.484375,posterior,0.31933463,0.16626094,0.23348951,media,,,,
Meta Instagram,176183.484375,prior,0.7052868,0.19437371,0.3748284,media,,,,
Meta Instagram,178774.4375,posterior,0.32251617,0.16829449,0.23607975,media,,,,
Meta Instagram,178774.4375,prior,0.70831215,0.19667,0.37790838,media,,,,
Meta Instagram,181365.359375,posterior,0.3256681,0.17031813,0.23865181,media,,,,
Meta Instagram,181365.359375,prior,0.711276,0.1989532,0.3809537,media,,,,
Meta Instagram,183956.3125,posterior,0.3287908,0.17233194,0.24120559,media,,,,
Meta Instagram,183956.3125,prior,0.7141803,0.20122348,0.383965,media,,,,
Meta Instagram,186547.234375,posterior,0.33188474,0.174336,0.24374221,media,,,,
Meta Instagram,186547.234375,prior,0.71702665,0.20348093,0.38694322,media,,,,
Meta Instagram,189138.171875,posterior,0.33495033,0.17633039,0.24626103,media,,,,
Meta Instagram,189138.171875,prior,0.71981686,0.20572565,0.38988867,media,,,,
Meta Instagram,191729.09375,posterior,0.33798787,0.17831515,0.24876262,media,,,,
Meta Instagram,191729.09375,prior,0.72255266,0.20795773,0.39280236,media,,,,
Meta Instagram,194320.046875,posterior,0.34099782,0.18029037,0.25124705,media,,,,
Meta Instagram,194320.046875,prior,0.72523546,0.21017733,0.3956846,media,,,,
Meta Instagram,196910.96875,posterior,0.3439805,0.18225612,0.2537142,media,,,,
Meta Instagram,196910.96875,prior,0.72786695,0.2123845,0.39853582,media,,,,
Meta Instagram,199501.890625,posterior,0.3469363,0.18421245,0.2561651,media,,,,
Meta Instagram,199501.890625,prior,0.7304485,0.2145794,0.40135676,media,,,,
Meta Instagram,202092.84375,posterior,0.3498656,0.18615946,0.25859892,media,,,,
Meta Instagram,202092.84375,prior,0.7329815,0.2167621,0.40414804,media,,,,
Meta Instagram,204683.765625,posterior,0.3527687,0.18809721,0.2610165,media,,,,
Meta Instagram,204683.765625,prior,0.7354674,0.21893266,0.40691006,media,,,,
Meta Instagram,207274.703125,posterior,0.355646,0.19002575,0.26341715,media,,,,
Meta Instagram,207274.703125,prior,0.73790735,0.22109127,0.4096434,media,,,,
Meta Instagram,209865.625,posterior,0.35849786,0.19194512,0.26580244,media,,,,
Meta Instagram,209865.625,prior,0.7403028,0.22323795,0.41234866,media,,,,
Meta Instagram,212456.578125,posterior,0.3613246,0.19385545,0.26817146,media,,,,
Meta Instagram,212456.578125,prior,0.74265474,0.22537285,0.415026,media,,,,
Meta Instagram,215047.5,posterior,0.3641265,0.19575673,0.27052465,media,,,,
Meta Instagram,215047.5,prior,0.74496454,0.22749603,0.41767627,media,,,,
Meta Instagram,217638.453125,posterior,0.36690396,0.19764909,0.27286237,media,,,,
Meta Instagram,217638.453125,prior,0.7472332,0.22960761,0.42029938,media,,,,
Meta Instagram,220229.375,posterior,0.3696572,0.19953257,0.2751847,media,,,,
Meta Instagram,220229.375,prior,0.74946195,0.23170766,0.42289692,media,,,,
Meta Instagram,222820.3125,posterior,0.37238663,0.20140722,0.27749142,media,,,,
Meta Instagram,222820.3125,prior,0.75165164,0.23379633,0.4254679,media,,,,
Meta Instagram,225411.234375,posterior,0.37509254,0.2032731,0.27978343,media,,,,
Meta Instagram,225411.234375,prior,0.7538035,0.23587365,0.42801374,media,,,,
Meta Instagram,228002.1875,posterior,0.3777752,0.20513032,0.2820602,media,,,,
Meta Instagram,228002.1875,prior,0.75591826,0.23793976,0.43053436,media,,,,
Meta Instagram,230593.109375,posterior,0.38043493,0.20697886,0.28432232,media,,,,
Meta Instagram,230593.109375,prior,0.75799704,0.23999469,0.43303046,media,,,,
Meta Instagram,233184.03125,posterior,0.38307202,0.20881882,0.28656948,media,,,,
Meta Instagram,233184.03125,prior,0.7600407,0.24203856,0.4355023,media,,,,
Meta Instagram,235774.984375,posterior,0.38568676,0.21065028,0.2888021,media,,,,
Meta Instagram,235774.984375,prior,0.7620502,0.2440715,0.43795034,media,,,,
Meta Instagram,238365.90625,posterior,0.3882794,0.21247327,0.29102054,media,,,,
Meta Instagram,238365.90625,prior,0.7640263,0.24609359,0.44037524,media,,,,
Meta Instagram,240956.84375,posterior,0.39085028,0.21428786,0.2932244,media,,,,
Meta Instagram,240956.84375,prior,0.7659698,0.24810484,0.4427763,media,,,,
Meta Instagram,243547.765625,posterior,0.39339963,0.21609414,0.29541427,media,,,,
Meta Instagram,243547.765625,prior,0.7678816,0.2501054,0.44515505,media,,,,
Meta Instagram,246138.71875,posterior,0.39592776,0.21789211,0.29759052,media,,,,
Meta Instagram,246138.71875,prior,0.76976234,0.25209537,0.44751164,media,,,,
Meta Instagram,248729.640625,posterior,0.39843485,0.21968183,0.29975218,media,,,,
Meta Instagram,248729.640625,prior,0.7716129,0.25407478,0.449846,media,,,,
Meta Instagram,251320.578125,posterior,0.4009213,0.2214634,0.30190077,media,,,,
Meta Instagram,251320.578125,prior,0.773434,0.25604373,0.45215854,media,,,,
Meta Instagram,253911.515625,posterior,0.40338722,0.22323686,0.30403566,media,,,,
Meta Instagram,253911.515625,prior,0.77522624,0.2580023,0.45445,media,,,,
Meta Instagram,256502.453125,posterior,0.40583292,0.22500224,0.3061573,media,,,,
Meta Instagram,256502.453125,prior,0.77699035,0.25995064,0.45672017,media,,,,
Meta Instagram,259093.375,posterior,0.40825862,0.22675963,0.3082653,media,,,,
Meta Instagram,259093.375,prior,0.77872694,0.2618887,0.45897025,media,,,,
Meta Instagram,261684.328125,posterior,0.41066468,0.22850907,0.31035995,media,,,,
Meta Instagram,261684.328125,prior,0.78043675,0.2638167,0.46119937,media,,,,
Meta Instagram,264275.25,posterior,0.41305116,0.2302506,0.31244197,media,,,,
Meta Instagram,264275.25,prior,0.78212035,0.26573464,0.46340856,media,,,,
Meta Instagram,266866.1875,posterior,0.41541845,0.23198427,0.31451073,media,,,,
Meta Instagram,266866.1875,prior,0.78377825,0.26764262,0.4655979,media,,,,
Meta Instagram,269457.125,posterior,0.4177667,0.23371017,0.31656715,media,,,,
Meta Instagram,269457.125,prior,0.78541124,0.2695407,0.46776745,media,,,,
Meta Instagram,272048.03125,posterior,0.4200962,0.2354283,0.31861043,media,,,,
Meta Instagram,272048.03125,prior,0.7870196,0.27142894,0.4699179,media,,,,
Meta Instagram,274639.0,posterior,0.4224071,0.2371388,0.32064116,media,,,,
Meta Instagram,274639.0,prior,0.78860414,0.27330747,0.4720498,media,,,,
Meta Instagram,277229.90625,posterior,0.42469963,0.23884161,0.3226603,media,,,,
Meta Instagram,277229.90625,prior,0.79016525,0.27517635,0.4741629,media,,,,
Meta Instagram,279820.84375,posterior,0.42697406,0.24053685,0.3246658,media,,,,
Meta Instagram,279820.84375,prior,0.79170346,0.27703565,0.4762574,media,,,,
Meta Instagram,282411.78125,posterior,0.42923057,0.24222459,0.32666054,media,,,,
Meta Instagram,282411.78125,prior,0.7932192,0.2788854,0.47833404,media,,,,
Meta Instagram,285002.71875,posterior,0.43146938,0.24390481,0.3286416,media,,,,
Meta Instagram,285002.71875,prior,0.79471314,0.28072572,0.4803923,media,,,,
Meta Instagram,287593.65625,posterior,0.4336907,0.2455776,0.33061197,media,,,,
Meta Instagram,287593.65625,prior,0.7961856,0.28255665,0.4824333,media,,,,
Meta Instagram,290184.59375,posterior,0.43589473,0.24724302,0.33256972,media,,,,
Meta Instagram,290184.59375,prior,0.7976371,0.28437832,0.4844567,media,,,,
Meta Instagram,292775.53125,posterior,0.43808168,0.24890108,0.3345158,media,,,,
Meta Instagram,292775.53125,prior,0.79906815,0.28619075,0.4864632,media,,,,
Meta Instagram,295366.46875,posterior,0.44025174,0.25055188,0.33645055,media,,,,
Meta Instagram,295366.46875,prior,0.800479,0.28799403,0.4884528,media,,,,
Meta Instagram,297957.375,posterior,0.4424051,0.25219542,0.33837357,media,,,,
Meta Instagram,297957.375,prior,0.8018702,0.2897882,0.49042544,media,,,,
Meta Instagram,300548.3125,posterior,0.4445419,0.25383174,0.3402856,media,,,,
Meta Instagram,300548.3125,prior,0.80324215,0.29157335,0.4923817,media,,,,
Meta Instagram,303139.25,posterior,0.44666246,0.25546098,0.3421858,media,,,,
Meta Instagram,303139.25,prior,0.8045953,0.2933496,0.494322,media,,,,
Meta Instagram,305730.1875,posterior,0.44876686,0.25708306,0.34407476,media,,,,
Meta Instagram,305730.1875,prior,0.80592984,0.2951169,0.49624574,media,,,,
Meta Instagram,308321.125,posterior,0.4508553,0.2586981,0.34595278,media,,,,
Meta Instagram,308321.125,prior,0.80724627,0.2968754,0.49815464,media,,,,
Meta Instagram,310912.0625,posterior,0.452928,0.26030615,0.34781954,media,,,,
Meta Instagram,310912.0625,prior,0.8085451,0.29862514,0.500047,media,,,,
Meta Instagram,313503.0,posterior,0.4549851,0.26190725,0.34967542,media,,,,
Meta Instagram,313503.0,prior,0.80982643,0.30036622,0.5019245,media,,,,
Meta Instagram,316093.90625,posterior,0.4570268,0.2635014,0.3515214,media,,,,
Meta Instagram,316093.90625,prior,0.8110908,0.30209866,0.5037863,media,,,,
Meta Instagram,318684.875,posterior,0.45905328,0.2650887,0.35335532,media,,,,
Meta Instagram,318684.875,prior,0.8123385,0.30382258,0.50563365,media,,,,
Meta Instagram,321275.78125,posterior,0.46106464,0.26666918,0.3551793,media,,,,
Meta Instagram,321275.78125,prior,0.81356966,0.30553797,0.5074659,media,,,,
Meta Instagram,323866.71875,posterior,0.46306112,0.26824287,0.35699248,media,,,,
Meta Instagram,323866.71875,prior,0.8147848,0.30724493,0.50928354,media,,,,
Meta Instagram,326457.65625,posterior,0.4650429,0.2698098,0.35879558,media,,,,
Meta Instagram,326457.65625,prior,0.81598425,0.3089435,0.5110869,media,,,,
Meta Instagram,329048.59375,posterior,0.46701008,0.27137008,0.3605877,media,,,,
Meta Instagram,329048.59375,prior,0.8171683,0.31063378,0.51287585,media,,,,
Meta Instagram,331639.53125,posterior,0.4689628,0.27292365,0.3623693,media,,,,
Meta Instagram,331639.53125,prior,0.8183372,0.31231582,0.5146515,media,,,,
Meta Instagram,334230.4375,posterior,0.47090128,0.27447066,0.3641421,media,,,,
Meta Instagram,334230.4375,prior,0.8194913,0.31398964,0.5164123,media,,,,
Meta Instagram,336821.40625,posterior,0.47282568,0.27601108,0.36590433,media,,,,
Meta Instagram,336821.40625,prior,0.8206307,0.31565535,0.51815975,media,,,,
Meta Instagram,339412.3125,posterior,0.4747361,0.27754498,0.36765638,media,,,,
Meta Instagram,339412.3125,prior,0.8217559,0.31731302,0.51989377,media,,,,
Meta Instagram,342003.25,posterior,0.47663274,0.27907234,0.36939806,media,,,,
Meta Instagram,342003.25,prior,0.82286704,0.31896263,0.52161473,media,,,,
Meta Instagram,344594.1875,posterior,0.47851574,0.2805933,0.37113032,media,,,,
Meta Instagram,344594.1875,prior,0.82396436,0.32060432,0.523322,media,,,,
Meta Instagram,347185.125,posterior,0.48038527,0.28210786,0.37285256,media,,,,
Meta Instagram,347185.125,prior,0.8250482,0.3222381,0.5250166,media,,,,
Meta Instagram,349776.09375,posterior,0.48224142,0.28361607,0.37456572,media,,,,
Meta Instagram,349776.09375,prior,0.8261189,0.32386404,0.5266982,media,,,,
Meta Instagram,352366.96875,posterior,0.48408437,0.2851179,0.37626877,media,,,,
Meta Instagram,352366.96875,prior,0.8271765,0.32548222,0.5283665,media,,,,
Meta Instagram,354957.9375,posterior,0.48591423,0.2866135,0.37796253,media,,,,
Meta Instagram,354957.9375,prior,0.82822126,0.32709268,0.5300231,media,,,,
Meta Instagram,357548.875,posterior,0.48773116,0.28810284,0.37964725,media,,,,
Meta Instagram,357548.875,prior,0.8292535,0.32869545,0.5316668,media,,,,
Meta Instagram,360139.8125,posterior,0.4895353,0.28958598,0.38132218,media,,,,
Meta Instagram,360139.8125,prior,0.83027345,0.3302906,0.53329843,media,,,,
Meta Instagram,362730.71875,posterior,0.49132678,0.29106292,0.3829878,media,,,,
Meta Instagram,362730.71875,prior,0.83128107,0.33187816,0.5349178,media,,,,
Meta Instagram,365321.65625,posterior,0.4931057,0.2925338,0.3846446,media,,,,
Meta Instagram,365321.65625,prior,0.832277,0.33345821,0.53652537,media,,,,
Meta Instagram,367912.625,posterior,0.49487224,0.29399854,0.3862917,media,,,,
Meta Instagram,367912.625,prior,0.8332612,0.33503085,0.538121,media,,,,
Meta Instagram,370503.5,posterior,0.49662647,0.29545724,0.38793108,media,,,,
Meta Instagram,370503.5,prior,0.834234,0.33659604,0.5397048,media,,,,
Meta Instagram,373094.46875,posterior,0.4983686,0.2969099,0.38956034,media,,,,
Meta Instagram,373094.46875,prior,0.8351954,0.33815393,0.54127735,media,,,,
Meta Instagram,375685.40625,posterior,0.5000987,0.2983566,0.391181,media,,,,
Meta Instagram,375685.40625,prior,0.8361458,0.33970448,0.54283834,media,,,,
Meta Instagram,378276.34375,posterior,0.5018169,0.2997974,0.3927929,media,,,,
Meta Instagram,378276.34375,prior,0.83708525,0.3412478,0.544388,media,,,,
Meta Instagram,380867.25,posterior,0.5035233,0.30123222,0.3943964,media,,,,
Meta Instagram,380867.25,prior,0.8380138,0.34278393,0.5459268,media,,,,
Meta Instagram,383458.1875,posterior,0.5052181,0.3026612,0.39599067,media,,,,
Meta Instagram,383458.1875,prior,0.8389321,0.3443129,0.5474539,media,,,,
Meta Instagram,386049.15625,posterior,0.5069014,0.30408436,0.39757735,media,,,,
Meta Instagram,386049.15625,prior,0.83984,0.3458348,0.5489707,media,,,,
Meta Instagram,388640.09375,posterior,0.50857323,0.30550173,0.3991537,media,,,,
Meta Instagram,388640.09375,prior,0.84073764,0.3473496,0.5504765,media,,,,
Meta Instagram,391231.0,posterior,0.51023376,0.3069133,0.40072316,media,,,,
Meta Instagram,391231.0,prior,0.8416254,0.34885743,0.5519717,media,,,,
Meta Instagram,393821.9375,posterior,0.51188314,0.30831918,0.40228388,media,,,,
Meta Instagram,393821.9375,prior,0.84250325,0.3503583,0.5534565,media,,,,
Meta Instagram,396412.875,posterior,0.51352143,0.30971932,0.40383676,media,,,,
Meta Instagram,396412.875,prior,0.8433714,0.3518523,0.554931,media,,,,
Meta Instagram,399003.78125,posterior,0.51514876,0.31111383,0.4053804,media,,,,
Meta Instagram,399003.78125,prior,0.84422994,0.35333937,0.5563945,media,,,,
Meta Instagram,401594.71875,posterior,0.51676524,0.31250274,0.40691677,media,,,,
Meta Instagram,401594.71875,prior,0.8450792,0.35481972,0.5578486,media,,,,
Meta Instagram,404185.6875,posterior,0.518371,0.31388608,0.4084447,media,,,,
Meta Instagram,404185.6875,prior,0.84591925,0.35629326,0.559292,media,,,,
Meta Instagram,406776.625,posterior,0.5199661,0.31526384,0.40996456,media,,,,
Meta Instagram,406776.625,prior,0.8467503,0.35776007,0.5607258,media,,,,
Meta Instagram,409367.53125,posterior,0.52155066,0.31663603,0.41147605,media,,,,
Meta Instagram,409367.53125,prior,0.84757245,0.35922024,0.5621495,media,,,,
Meta Instagram,411958.46875,posterior,0.5231248,0.3180028,0.41298005,media,,,,
Meta Instagram,411958.46875,prior,0.8483858,0.36067376,0.5635638,media,,,,
Meta Instagram,414549.40625,posterior,0.5246886,0.31936407,0.41447645,media,,,,
Meta Instagram,414549.40625,prior,0.8491904,0.36212072,0.56496817,media,,,,
Meta Instagram,417140.34375,posterior,0.5262422,0.32071996,0.41596523,media,,,,
Meta Instagram,417140.34375,prior,0.8499867,0.36356118,0.5663629,media,,,,
Meta Instagram,419731.25,posterior,0.52778566,0.3220704,0.41744483,media,,,,
Meta Instagram,419731.25,prior,0.85077435,0.3649951,0.5677484,media,,,,
Meta Instagram,422322.21875,posterior,0.5293191,0.32341552,0.418918,media,,,,
Meta Instagram,422322.21875,prior,0.851554,0.3664226,0.5691245,media,,,,
Meta Instagram,424913.15625,posterior,0.53084266,0.32475528,0.42038432,media,,,,
Meta Instagram,424913.15625,prior,0.85232544,0.3678437,0.57049143,media,,,,
Meta Instagram,427504.09375,posterior,0.5323563,0.3260898,0.42184198,media,,,,
Meta Instagram,427504.09375,prior,0.853089,0.36925837,0.5718495,media,,,,
Meta Instagram,430095.0,posterior,0.5338603,0.32741898,0.4232925,media,,,,
Meta Instagram,430095.0,prior,0.8538447,0.37066677,0.573198,media,,,,
Meta Instagram,432685.9375,posterior,0.5353546,0.32874298,0.42473546,media,,,,
Meta Instagram,432685.9375,prior,0.8545926,0.3720689,0.5745375,media,,,,
Meta Instagram,435276.90625,posterior,0.53683937,0.3300618,0.42617115,media,,,,
Meta Instagram,435276.90625,prior,0.8553329,0.37346482,0.5758687,media,,,,
Meta Instagram,437867.78125,posterior,0.5383147,0.3313754,0.42759967,media,,,,
Meta Instagram,437867.78125,prior,0.85606563,0.3748545,0.57719034,media,,,,
Meta Instagram,440458.75,posterior,0.5397807,0.33268386,0.42902052,media,,,,
Meta Instagram,440458.75,prior,0.8567911,0.37623805,0.578504,media,,,,
Meta Instagram,443049.6875,posterior,0.5412373,0.33398724,0.43043482,media,,,,
Meta Instagram,443049.6875,prior,0.8575092,0.37761548,0.57980925,media,,,,
Meta Instagram,445640.625,posterior,0.5426848,0.3352855,0.43184096,media,,,,
Meta Instagram,445640.625,prior,0.8582202,0.37898687,0.58110535,media,,,,
Meta Instagram,448231.53125,posterior,0.5441231,0.33657876,0.4332404,media,,,,
Meta Instagram,448231.53125,prior,0.85892415,0.38035217,0.58239335,media,,,,
Meta Instagram,450822.46875,posterior,0.54555243,0.33786696,0.4346337,media,,,,
Meta Instagram,450822.46875,prior,0.85962117,0.38171154,0.583673,media,,,,
Meta Instagram,453413.4375,posterior,0.5469729,0.33915016,0.43601954,media,,,,
Meta Instagram,453413.4375,prior,0.86031127,0.38306496,0.5849448,media,,,,
Meta Instagram,456004.375,posterior,0.5483844,0.34042844,0.43739766,media,,,,
Meta Instagram,456004.375,prior,0.86099464,0.38441244,0.5862081,media,,,,
Meta Instagram,458595.28125,posterior,0.54978716,0.34170172,0.43876985,media,,,,
Meta Instagram,458595.28125,prior,0.86167127,0.38575405,0.58746314,media,,,,
Meta Instagram,461186.21875,posterior,0.55118126,0.34297013,0.44013467,media,,,,
Meta Instagram,461186.21875,prior,0.8623414,0.38708982,0.5887101,media,,,,
Meta Instagram,463777.15625,posterior,0.5525667,0.3442337,0.44149363,media,,,,
Meta Instagram,463777.15625,prior,0.8630051,0.3884198,0.58994955,media,,,,
Meta Instagram,466368.0625,posterior,0.5539437,0.34549233,0.4428452,media,,,,
Meta Instagram,466368.0625,prior,0.8636624,0.38974404,0.5911811,media,,,,
Meta Instagram,468959.0,posterior,0.5553122,0.3467462,0.44419062,media,,,,
Meta Instagram,468959.0,prior,0.8643135,0.39106253,0.5924047,media,,,,
Meta Instagram,471549.96875,posterior,0.55667233,0.34799525,0.4455282,media,,,,
Meta Instagram,471549.96875,prior,0.8649584,0.39237535,0.5936209,media,,,,
Meta Instagram,474140.90625,posterior,0.55802417,0.34923956,0.4468604,media,,,,
Meta Instagram,474140.90625,prior,0.8655971,0.39368254,0.594829,media,,,,
Meta Instagram,476731.8125,posterior,0.55936784,0.3504791,0.4481854,media,,,,
Meta Instagram,476731.8125,prior,0.8662298,0.39498404,0.5960305,media,,,,
Meta Instagram,479322.75,posterior,0.56070334,0.35171396,0.44950405,media,,,,
Meta Instagram,479322.75,prior,0.8668566,0.39628002,0.5972238,media,,,,
Meta Instagram,481913.6875,posterior,0.56203073,0.35294414,0.45081654,media,,,,
Meta Instagram,481913.6875,prior,0.8674776,0.3975705,0.5984096,media,,,,
Meta Instagram,484504.625,posterior,0.56335014,0.35416964,0.45212254,media,,,,
Meta Instagram,484504.625,prior,0.8680928,0.3988554,0.5995891,media,,,,
Meta Instagram,487095.53125,posterior,0.5646616,0.3553905,0.45342287,media,,,,
Meta Instagram,487095.53125,prior,0.8687023,0.40013483,0.6007603,media,,,,
Meta Instagram,489686.5,posterior,0.56596524,0.35660672,0.4547159,media,,,,
Meta Instagram,489686.5,prior,0.8693062,0.40140888,0.6019244,media,,,,
Meta Instagram,492277.4375,posterior,0.5672611,0.3578184,0.45600262,media,,,,
Meta Instagram,492277.4375,prior,0.8699046,0.4026775,0.60308146,media,,,,
Meta Instagram,494868.375,posterior,0.5685492,0.35902554,0.45728457,media,,,,
Meta Instagram,494868.375,prior,0.8704975,0.40394077,0.6042324,media,,,,
Meta Instagram,497459.28125,posterior,0.5698297,0.3602281,0.4585593,media,,,,
Meta Instagram,497459.28125,prior,0.871085,0.40519872,0.60537523,media,,,,
Meta Instagram,500050.21875,posterior,0.5711026,0.3614262,0.45982847,media,,,,
Meta Instagram,500050.21875,prior,0.8716672,0.40645134,0.60651207,media,,,,
Meta Instagram,502641.15625,posterior,0.572368,0.36261982,0.4610911,media,,,,
Meta Instagram,502641.15625,prior,0.87224424,0.4076987,0.6076415,media,,,,
Meta Instagram,505232.0625,posterior,0.573626,0.36380893,0.46234807,media,,,,
Meta Instagram,505232.0625,prior,0.8728161,0.40894085,0.6087641,media,,,,
Meta Instagram,507823.03125,posterior,0.57487655,0.36499363,0.4635985,media,,,,
Meta Instagram,507823.03125,prior,0.87338287,0.4101778,0.6098802,media,,,,
Meta Instagram,510413.96875,posterior,0.5761198,0.36617398,0.46484387,media,,,,
Meta Instagram,510413.96875,prior,0.8739446,0.41140956,0.61098987,media,,,,
Meta Instagram,513004.90625,posterior,0.5773558,0.36734992,0.46608257,media,,,,
Meta Instagram,513004.90625,prior,0.8745013,0.4126362,0.6120927,media,,,,
Meta Instagram,515595.8125,posterior,0.5785846,0.36852148,0.4673162,media,,,,
Meta Instagram,515595.8125,prior,0.8750531,0.4138577,0.6131888,media,,,,
Meta Instagram,518186.75,posterior,0.5798063,0.36968878,0.46854347,media,,,,
Meta Instagram,518186.75,prior,0.8756001,0.41507417,0.61427885,media,,,,
Meta Instagram,520777.6875,posterior,0.58102095,0.3708517,0.46976545,media,,,,
Meta Instagram,520777.6875,prior,0.8761423,0.41628557,0.6153619,media,,,,
Meta Instagram,523368.65625,posterior,0.5822286,0.3720104,0.470981,media,,,,
Meta Instagram,523368.65625,prior,0.8766799,0.41749203,0.61644,media,,,,
Meta Instagram,525959.5625,posterior,0.5834293,0.3731648,0.47219208,media,,,,
Meta Instagram,525959.5625,prior,0.8772129,0.41869342,0.6175105,media,,,,
Meta Instagram,528550.5,posterior,0.5846231,0.37431496,0.47339606,media,,,,
Meta Instagram,528550.5,prior,0.87774116,0.41988993,0.61857444,media,,,,
Meta Instagram,531141.4375,posterior,0.58581007,0.3754609,0.47459522,media,,,,
Meta Instagram,531141.4375,prior,0.8782649,0.4210815,0.61963356,media,,,,
Meta Instagram,533732.375,posterior,0.58699024,0.37660265,0.47578895,media,,,,
Meta Instagram,533732.375,prior,0.87878424,0.4222682,0.6206857,media,,,,
Meta Instagram,536323.3125,posterior,0.5881638,0.37774023,0.47697678,media,,,,
Meta Instagram,536323.3125,prior,0.8792991,0.42345005,0.6217325,media,,,,
Meta Instagram,538914.25,posterior,0.5893307,0.3788737,0.47816014,media,,,,
Meta Instagram,538914.25,prior,0.8798097,0.42462707,0.6227725,media,,,,
Meta Instagram,541505.1875,posterior,0.59049094,0.38000304,0.47933638,media,,,,
Meta Instagram,541505.1875,prior,0.8803159,0.42579928,0.62380725,media,,,,
Meta Instagram,544096.0625,posterior,0.5916447,0.38112825,0.48050871,media,,,,
Meta Instagram,544096.0625,prior,0.88081795,0.42696673,0.6248352,media,,,,
Meta Instagram,546687.0,posterior,0.592792,0.38224941,0.481675,media,,,,
Meta Instagram,546687.0,prior,0.8813157,0.42812946,0.62585807,media,,,,
Meta Instagram,549278.0,posterior,0.5939328,0.38336653,0.48283598,media,,,,
Meta Instagram,549278.0,prior,0.8818094,0.42928746,0.6268748,media,,,,
Meta Instagram,551868.9375,posterior,0.5950672,0.38447958,0.48399112,media,,,,
Meta Instagram,551868.9375,prior,0.882299,0.43044078,0.627886,media,,,,
Meta Instagram,554459.8125,posterior,0.59619534,0.3855886,0.48514232,media,,,,
Meta Instagram,554459.8125,prior,0.8827844,0.43158942,0.6288911,media,,,,
Meta Instagram,557050.75,posterior,0.59731716,0.38669372,0.48628765,media,,,,
Meta Instagram,557050.75,prior,0.883266,0.43273348,0.62989104,media,,,,
Meta Instagram,559641.6875,posterior,0.59843284,0.38779476,0.48742828,media,,,,
Meta Instagram,559641.6875,prior,0.8837436,0.43387294,0.6308854,media,,,,
Meta Instagram,562232.625,posterior,0.5995423,0.38889197,0.48856196,media,,,,
Meta Instagram,562232.625,prior,0.8842173,0.4350078,0.6318736,media,,,,
Meta Instagram,564823.5625,posterior,0.60064566,0.38998517,0.4896928,media,,,,
Meta Instagram,564823.5625,prior,0.88468724,0.43613815,0.63285697,media,,,,
Meta Instagram,567414.5,posterior,0.601743,0.3910745,0.4908186,media,,,,
Meta Instagram,567414.5,prior,0.88515335,0.437264,0.6338348,media,,,,
Meta Instagram,570005.4375,posterior,0.6028343,0.39215994,0.49193755,media,,,,
Meta Instagram,570005.4375,prior,0.88561565,0.43838534,0.6348067,media,,,,
Meta Instagram,572596.375,posterior,0.60391957,0.3932415,0.49305287,media,,,,
Meta Instagram,572596.375,prior,0.8860742,0.4395022,0.6357736,media,,,,
Meta Instagram,575187.3125,posterior,0.60499895,0.39431924,0.49416262,media,,,,
Meta Instagram,575187.3125,prior,0.88652915,0.44061464,0.6367351,media,,,,
Meta Instagram,577778.25,posterior,0.6060725,0.39539316,0.49526712,media,,,,
Meta Instagram,577778.25,prior,0.8869805,0.4417227,0.63769126,media,,,,
Meta Instagram,580369.1875,posterior,0.60714024,0.39646327,0.49636704,media,,,,
Meta Instagram,580369.1875,prior,0.8874282,0.44282636,0.6386429,media,,,,
Meta Instagram,582960.0625,posterior,0.6082022,0.39752954,0.49746293,media,,,,
Meta Instagram,582960.0625,prior,0.88787246,0.44392568,0.6395886,media,,,,
Meta Instagram,585551.0625,posterior,0.6092584,0.3985921,0.49855295,media,,,,
Meta Instagram,585551.0625,prior,0.88831323,0.44502065,0.6405297,media,,,,
Meta Instagram,588142.0,posterior,0.61030895,0.39965096,0.49963892,media,,,,
Meta Instagram,588142.0,prior,0.8887505,0.44611132,0.6414653,media,,,,
Meta Instagram,590732.9375,posterior,0.6113538,0.40070605,0.5007194,media,,,,
Meta Instagram,590732.9375,prior,0.88918436,0.44719774,0.6423957,media,,,,
Meta Instagram,593323.8125,posterior,0.6123932,0.40175745,0.50179553,media,,,,
Meta Instagram,593323.8125,prior,0.8896148,0.44827986,0.64332163,media,,,,
Meta Instagram,595914.75,posterior,0.613427,0.4028052,0.50286716,media,,,,
Meta Instagram,595914.75,prior,0.89004195,0.44935775,0.6442427,media,,,,
Meta Instagram,598505.75,posterior,0.6144552,0.40384924,0.5039336,media,,,,
Meta Instagram,598505.75,prior,0.89046586,0.45043147,0.64515793,media,,,,
Meta Instagram,601096.625,posterior,0.61547804,0.40488967,0.5049964,media,,,,
Meta Instagram,601096.625,prior,0.8908865,0.45150098,0.64606875,media,,,,
Meta Instagram,603687.5625,posterior,0.61649543,0.40592647,0.506053,media,,,,
Meta Instagram,603687.5625,prior,0.8913039,0.45256636,0.6469754,media,,,,
Meta Instagram,606278.5,posterior,0.6175075,0.40695965,0.50710654,media,,,,
Meta Instagram,606278.5,prior,0.8917181,0.4536276,0.6478763,media,,,,
Meta Instagram,608869.4375,posterior,0.61851424,0.40798923,0.5081541,media,,,,
Meta Instagram,608869.4375,prior,0.8921292,0.45468476,0.64877295,media,,,,
Meta Instagram,611460.375,posterior,0.6195156,0.40901524,0.509198,media,,,,
Meta Instagram,611460.375,prior,0.89253706,0.4557378,0.6496645,media,,,,
Meta Instagram,614051.3125,posterior,0.62051183,0.4100377,0.51023775,media,,,,
Meta Instagram,614051.3125,prior,0.89294195,0.4567868,0.6505515,media,,,,
Meta Instagram,616642.25,posterior,0.6215028,0.41105664,0.51127285,media,,,,
Meta Instagram,616642.25,prior,0.89334387,0.45783177,0.6514338,media,,,,
Meta Instagram,619233.1875,posterior,0.6224886,0.4120721,0.512303,media,,,,
Meta Instagram,619233.1875,prior,0.8937426,0.4588727,0.65231216,media,,,,
Meta Instagram,621824.125,posterior,0.62346935,0.413084,0.51332927,media,,,,
Meta Instagram,621824.125,prior,0.8941386,0.45990968,0.65318537,media,,,,
Meta Instagram,624415.0625,posterior,0.6244449,0.41409245,0.5143509,media,,,,
Meta Instagram,624415.0625,prior,0.8945315,0.46094266,0.6540539,media,,,,
Meta Instagram,627006.0,posterior,0.62541544,0.41509745,0.51536804,media,,,,
Meta Instagram,627006.0,prior,0.89492154,0.4619717,0.6549184,media,,,,
Meta Instagram,629596.9375,posterior,0.62638104,0.416099,0.5163807,media,,,,
Meta Instagram,629596.9375,prior,0.89530873,0.46299687,0.65577835,media,,,,
Meta Instagram,632187.8125,posterior,0.6273417,0.41709712,0.5173894,media,,,,
Meta Instagram,632187.8125,prior,0.89569294,0.46401805,0.6566335,media,,,,
Meta Instagram,634778.8125,posterior,0.6282973,0.4180919,0.51839423,media,,,,
Meta Instagram,634778.8125,prior,0.8960744,0.46503538,0.65748465,media,,,,
Meta Instagram,637369.75,posterior,0.62924814,0.41908318,0.51939404,media,,,,
Meta Instagram,637369.75,prior,0.89645314,0.4660489,0.6583315,media,,,,
Meta Instagram,639960.625,posterior,0.63019407,0.42007118,0.52039015,media,,,,
Meta Instagram,639960.625,prior,0.8968291,0.46705854,0.65917367,media,,,,
Meta Instagram,642551.5625,posterior,0.63113517,0.4210558,0.52138215,media,,,,
Meta Instagram,642551.5625,prior,0.8972024,0.4680644,0.66001177,media,,,,
Meta Instagram,645142.5,posterior,0.6320715,0.42203707,0.52236974,media,,,,
Meta Instagram,645142.5,prior,0.89757293,0.46906644,0.66084576,media,,,,
Meta Instagram,647733.4375,posterior,0.6330031,0.423015,0.52335334,media,,,,
Meta Instagram,647733.4375,prior,0.8979409,0.47006473,0.6616749,media,,,,
Meta Instagram,650324.375,posterior,0.63392997,0.42398962,0.5243329,media,,,,
Meta Instagram,650324.375,prior,0.8983061,0.4710593,0.66250074,media,,,,
Meta Instagram,652915.3125,posterior,0.63485223,0.424961,0.5253078,media,,,,
Meta Instagram,652915.3125,prior,0.89866877,0.4720501,0.663322,media,,,,
Meta Instagram,655506.25,posterior,0.63576984,0.42592907,0.52627957,media,,,,
Meta Instagram,655506.25,prior,0.89902884,0.47303724,0.6641393,media,,,,
Meta Instagram,658097.1875,posterior,0.6366828,0.4268939,0.5272466,media,,,,
Meta Instagram,658097.1875,prior,0.89938635,0.4740207,0.664952,media,,,,
Meta Instagram,660688.125,posterior,0.6375912,0.42785546,0.5282099,media,,,,
Meta Instagram,660688.125,prior,0.89974135,0.47500044,0.66576064,media,,,,
Meta Instagram,663279.0625,posterior,0.6384951,0.42881384,0.52916926,media,,,,
Meta Instagram,663279.0625,prior,0.9000939,0.4759766,0.66656595,media,,,,
Meta Instagram,665870.0,posterior,0.6393945,0.429769,0.5301248,media,,,,
Meta Instagram,665870.0,prior,0.9004439,0.47694907,0.6673664,media,,,,
Meta Instagram,668460.875,posterior,0.6402894,0.430721,0.53107655,media,,,,
Meta Instagram,668460.875,prior,0.90079147,0.47791794,0.6681635,media,,,,
Meta Instagram,671051.875,posterior,0.64118,0.4316698,0.53202313,media,,,,
Meta Instagram,671051.875,prior,0.9011367,0.47888327,0.6689569,media,,,,
Meta Instagram,673642.8125,posterior,0.64206606,0.4326155,0.5329669,media,,,,
Meta Instagram,673642.8125,prior,0.9014794,0.47984502,0.6697457,media,,,,
Meta Instagram,676233.75,posterior,0.6429478,0.43355796,0.53390694,media,,,,
Meta Instagram,676233.75,prior,0.9018198,0.48080322,0.6705314,media,,,,
Meta Instagram,678824.625,posterior,0.6438252,0.43449736,0.53484285,media,,,,
Meta Instagram,678824.625,prior,0.90215796,0.48175788,0.6713126,media,,,,
Meta Instagram,681415.5625,posterior,0.64469826,0.43543363,0.5357749,media,,,,
Meta Instagram,681415.5625,prior,0.9024937,0.48270905,0.67208976,media,,,,
Meta Instagram,684006.5,posterior,0.6455671,0.43636683,0.53670317,media,,,,
Meta Instagram,684006.5,prior,0.9028272,0.48365676,0.6728642,media,,,,
Meta Instagram,686597.5,posterior,0.64643174,0.43729693,0.53762835,media,,,,
Meta Instagram,686597.5,prior,0.9031583,0.48460102,0.6736341,media,,,,
Meta Instagram,689188.375,posterior,0.6472921,0.43822393,0.5385487,media,,,,
Meta Instagram,689188.375,prior,0.9034872,0.4855418,0.6744004,media,,,,
Meta Instagram,691779.3125,posterior,0.64814824,0.43914792,0.53946626,media,,,,
Meta Instagram,691779.3125,prior,0.9038139,0.4864791,0.6751635,media,,,,
Meta Instagram,694370.25,posterior,0.6490003,0.44006887,0.54037976,media,,,,
Meta Instagram,694370.25,prior,0.90413845,0.4874131,0.6759221,media,,,,
Meta Instagram,696961.1875,posterior,0.6498483,0.44098675,0.5412889,media,,,,
Meta Instagram,696961.1875,prior,0.9044608,0.48834366,0.6766774,media,,,,
Meta Instagram,699552.1875,posterior,0.6506921,0.4419017,0.5421952,media,,,,
Meta Instagram,699552.1875,prior,0.90478086,0.48927084,0.677429,media,,,,
Meta Instagram,702143.0,posterior,0.65153193,0.44281366,0.543099,media,,,,
Meta Instagram,702143.0,prior,0.9050989,0.49019462,0.6781771,media,,,,
Meta Instagram,704733.9375,posterior,0.6523677,0.44372258,0.5439975,media,,,,
Meta Instagram,704733.9375,prior,0.9054148,0.49111512,0.67892176,media,,,,
Meta Instagram,707324.9375,posterior,0.6531995,0.44462863,0.54489267,media,,,,
Meta Instagram,707324.9375,prior,0.9057286,0.4920323,0.6796626,media,,,,
Meta Instagram,709915.875,posterior,0.65402734,0.4455316,0.54578453,media,,,,
Meta Instagram,709915.875,prior,0.9060403,0.49294618,0.68039995,media,,,,
Meta Instagram,712506.8125,posterior,0.6548512,0.44643176,0.54667276,media,,,,
Meta Instagram,712506.8125,prior,0.90635,0.49385676,0.6811342,media,,,,
Meta Instagram,715097.75,posterior,0.6556711,0.44732893,0.5475578,media,,,,
Meta Instagram,715097.75,prior,0.9066577,0.4947641,0.6818648,media,,,,
Meta Instagram,717688.6875,posterior,0.65648717,0.44822326,0.5484385,media,,,,
Meta Instagram,717688.6875,prior,0.9069633,0.49566817,0.68259186,media,,,,
Meta Instagram,720279.625,posterior,0.6572994,0.44911462,0.5493164,media,,,,
Meta Instagram,720279.625,prior,0.9072669,0.49656904,0.68331534,media,,,,
Meta Instagram,722870.5,posterior,0.6581077,0.45000318,0.550191,media,,,,
Meta Instagram,722870.5,prior,0.9075685,0.49746665,0.6840355,media,,,,
Meta Instagram,725461.4375,posterior,0.6589122,0.45088884,0.5510622,media,,,,
Meta Instagram,725461.4375,prior,0.90786827,0.49836105,0.6847521,media,,,,
Meta Instagram,728052.375,posterior,0.659713,0.45177168,0.5519293,media,,,,
Meta Instagram,728052.375,prior,0.908166,0.49925235,0.6854661,media,,,,
Meta Instagram,730643.3125,posterior,0.66051006,0.45265165,0.5527936,media,,,,
Meta Instagram,730643.3125,prior,0.90846187,0.5001404,0.68617654,media,,,,
Meta Instagram,733234.25,posterior,0.66130334,0.45352882,0.55365497,media,,,,
Meta Instagram,733234.25,prior,0.9087558,0.50102544,0.68688375,media,,,,
Meta Instagram,735825.25,posterior,0.662093,0.4544032,0.55451244,media,,,,
Meta Instagram,735825.25,prior,0.90904784,0.5019072,0.6875874,media,,,,
Meta Instagram,738416.1875,posterior,0.66287893,0.45527476,0.55536646,media,,,,
Meta Instagram,738416.1875,prior,0.90933806,0.502786,0.68828696,media,,,,
Meta Instagram,741007.0,posterior,0.66366124,0.45614356,0.55621684,media,,,,
Meta Instagram,741007.0,prior,0.9096264,0.5036616,0.6889852,media,,,,
Meta Instagram,743598.0,posterior,0.6644399,0.45700952,0.5570643,media,,,,
Meta Instagram,743598.0,prior,0.90991294,0.5045341,0.6896788,media,,,,
Meta Instagram,746188.9375,posterior,0.66521496,0.45787284,0.5579091,media,,,,
Meta Instagram,746188.9375,prior,0.9101976,0.5054036,0.6903696,media,,,,
Meta Instagram,748779.875,posterior,0.6659865,0.45873332,0.55874914,media,,,,
Meta Instagram,748779.875,prior,0.91048056,0.50627,0.69105715,media,,,,
Meta Instagram,751370.8125,posterior,0.6667544,0.45959118,0.5595873,media,,,,
Meta Instagram,751370.8125,prior,0.91076165,0.5071334,0.6917422,media,,,,
Meta Instagram,753961.75,posterior,0.66751885,0.4604462,0.5604218,media,,,,
Meta Instagram,753961.75,prior,0.91104114,0.5079938,0.69242364,media,,,,
Meta Instagram,756552.6875,posterior,0.66827977,0.46129864,0.56125313,media,,,,
Meta Instagram,756552.6875,prior,0.9113187,0.50885123,0.69310194,media,,,,
Meta Instagram,759143.625,posterior,0.6690372,0.4621483,0.56208134,media,,,,
Meta Instagram,759143.625,prior,0.9115946,0.5097056,0.6937772,media,,,,
Meta Instagram,761734.5,posterior,0.66979116,0.46299532,0.5629064,media,,,,
Meta Instagram,761734.5,prior,0.9118688,0.51055706,0.6944495,media,,,,
Meta Instagram,764325.4375,posterior,0.6705417,0.46383968,0.56372786,media,,,,
Meta Instagram,764325.4375,prior,0.9121413,0.51140547,0.6951191,media,,,,
Meta Instagram,766916.375,posterior,0.6712889,0.4646814,0.56454647,media,,,,
Meta Instagram,766916.375,prior,0.91241217,0.5122511,0.69578505,media,,,,
Meta Instagram,769507.3125,posterior,0.6720327,0.46552044,0.56536204,media,,,,
Meta Instagram,769507.3125,prior,0.91268134,0.51309365,0.6964485,media,,,,
Meta Instagram,772098.3125,posterior,0.6727731,0.4663569,0.5661746,media,,,,
Meta Instagram,772098.3125,prior,0.9129488,0.5139334,0.6971086,media,,,,
Meta Instagram,774689.25,posterior,0.67351025,0.4671907,0.56698424,media,,,,
Meta Instagram,774689.25,prior,0.9132147,0.51477027,0.6977655,media,,,,
Meta Instagram,777280.1875,posterior,0.67424405,0.46802193,0.56779087,media,,,,
Meta Instagram,777280.1875,prior,0.913479,0.51560426,0.6984204,media,,,,
Meta Instagram,779871.0625,posterior,0.67497456,0.46885058,0.5685932,media,,,,
Meta Instagram,779871.0625,prior,0.9137416,0.5164353,0.69907147,media,,,,
Meta Instagram,782462.0,posterior,0.67570174,0.46967658,0.56939435,media,,,,
Meta Instagram,782462.0,prior,0.91400266,0.51726353,0.69972026,media,,,,
Meta Instagram,785052.9375,posterior,0.67642576,0.47050014,0.5701914,media,,,,
Meta Instagram,785052.9375,prior,0.9142621,0.51808894,0.7003664,media,,,,
Meta Instagram,787643.875,posterior,0.67714643,0.47132102,0.5709858,media,,,,
Meta Instagram,787643.875,prior,0.91452,0.51891154,0.701009,media,,,,
Meta Instagram,790234.8125,posterior,0.677864,0.47213948,0.5717774,media,,,,
Meta Instagram,790234.8125,prior,0.91477644,0.51973134,0.70164925,media,,,,
Meta Instagram,792825.75,posterior,0.6785784,0.4729553,0.5725662,media,,,,
Meta Instagram,792825.75,prior,0.91503125,0.52054834,0.70228565,media,,,,
Meta Instagram,795416.6875,posterior,0.6792896,0.47376868,0.57335144,media,,,,
Meta Instagram,795416.6875,prior,0.91528463,0.5213626,0.702921,media,,,,
Meta Instagram,798007.5625,posterior,0.67999756,0.47457948,0.5741339,media,,,,
Meta Instagram,798007.5625,prior,0.9155364,0.522174,0.70355296,media,,,,
Meta Instagram,800598.5,posterior,0.6807025,0.4753878,0.57491374,media,,,,
Meta Instagram,800598.5,prior,0.91578674,0.5229828,0.704182,media,,,,
Meta Instagram,803189.4375,posterior,0.68140435,0.4761937,0.57569057,media,,,,
Meta Instagram,803189.4375,prior,0.9160356,0.52378875,0.7048076,media,,,,
Meta Instagram,805780.375,posterior,0.68210316,0.47699708,0.5764655,media,,,,
Meta Instagram,805780.375,prior,0.916283,0.52459204,0.7054315,media,,,,
Meta Instagram,808371.375,posterior,0.68279886,0.477798,0.5772356,media,,,,
Meta Instagram,808371.375,prior,0.9165289,0.52539253,0.706052,media,,,,
Meta Instagram,810962.3125,posterior,0.6834915,0.4785965,0.57800406,media,,,,
Meta Instagram,810962.3125,prior,0.9167734,0.5261905,0.70667046,media,,,,
Meta Instagram,813553.25,posterior,0.68418115,0.47939253,0.57876945,media,,,,
Meta Instagram,813553.25,prior,0.91701645,0.52698565,0.7072856,media,,,,
Meta Instagram,816144.1875,posterior,0.6848678,0.48018613,0.57953197,media,,,,
Meta Instagram,816144.1875,prior,0.9172581,0.5277782,0.7078985,media,,,,
Meta Instagram,818735.0625,posterior,0.6855515,0.48097733,0.58029217,media,,,,
Meta Instagram,818735.0625,prior,0.91749835,0.528568,0.7085083,media,,,,
Meta Instagram,821326.0,posterior,0.6862322,0.48176607,0.5810494,media,,,,
Meta Instagram,821326.0,prior,0.9177371,0.5293553,0.709117,media,,,,
Meta Instagram,823916.9375,posterior,0.68691,0.48255253,0.58180344,media,,,,
Meta Instagram,823916.9375,prior,0.91797465,0.5301399,0.7097218,media,,,,
Meta Instagram,826507.875,posterior,0.6875848,0.4833365,0.582555,media,,,,
Meta Instagram,826507.875,prior,0.91821074,0.53092194,0.71032435,media,,,,
Meta Instagram,829098.8125,posterior,0.68825674,0.4841182,0.58330315,media,,,,
Meta Instagram,829098.8125,prior,0.91844547,0.5317013,0.7109242,media,,,,
Meta Instagram,831689.75,posterior,0.68892586,0.48489743,0.58405,media,,,,
Meta Instagram,831689.75,prior,0.9186789,0.53247815,0.71152174,media,,,,
Meta Instagram,834280.6875,posterior,0.68959206,0.4856744,0.58479345,media,,,,
Meta Instagram,834280.6875,prior,0.918911,0.53325236,0.7121168,media,,,,
Meta Instagram,836871.5625,posterior,0.69025534,0.48644897,0.5855335,media,,,,
Meta Instagram,836871.5625,prior,0.9191417,0.53402406,0.71270865,media,,,,
Meta Instagram,839462.5,posterior,0.6909158,0.48722124,0.5862729,media,,,,
Meta Instagram,839462.5,prior,0.9193711,0.53479326,0.71329856,media,,,,
Meta Instagram,842053.5,posterior,0.69157356,0.48799118,0.58700806,media,,,,
Meta Instagram,842053.5,prior,0.9195993,0.5355598,0.713886,media,,,,
Meta Instagram,844644.4375,posterior,0.6922285,0.48875883,0.58774054,media,,,,
Meta Instagram,844644.4375,prior,0.91982615,0.5363239,0.7144709,media,,,,
Meta Instagram,847235.375,posterior,0.69288063,0.48952416,0.5884705,media,,,,
Meta Instagram,847235.375,prior,0.92005175,0.5370855,0.7150532,media,,,,
Meta Instagram,849826.3125,posterior,0.69353,0.4902872,0.5891979,media,,,,
Meta Instagram,849826.3125,prior,0.92027605,0.5378446,0.7156331,media,,,,
Meta Instagram,852417.25,posterior,0.6941767,0.49104798,0.5899233,media,,,,
Meta Instagram,852417.25,prior,0.9204991,0.5386011,0.716211,media,,,,
Meta Instagram,855008.1875,posterior,0.6948205,0.4918065,0.5906462,media,,,,
Meta Instagram,855008.1875,prior,0.9207209,0.5393553,0.7167864,media,,,,
Meta Instagram,857599.0625,posterior,0.69546175,0.49256274,0.5913655,media,,,,
Meta Instagram,857599.0625,prior,0.9209415,0.5401069,0.71735895,media,,,,
Meta Instagram,860190.0,posterior,0.6961003,0.4933167,0.59208214,media,,,,
Meta Instagram,860190.0,prior,0.9211608,0.5408561,0.7179294,media,,,,
Meta Instagram,862780.9375,posterior,0.69673616,0.4940685,0.5927975,media,,,,
Meta Instagram,862780.9375,prior,0.92137897,0.54160285,0.7184979,media,,,,
Meta Instagram,865371.875,posterior,0.69736934,0.494818,0.5935092,media,,,,
Meta Instagram,865371.875,prior,0.92159593,0.5423472,0.71906364,media,,,,
Meta Instagram,867962.8125,posterior,0.6979999,0.49556535,0.5942193,media,,,,
Meta Instagram,867962.8125,prior,0.92181164,0.54308915,0.7196273,media,,,,
Meta Instagram,870553.8125,posterior,0.6986278,0.4963104,0.5949271,media,,,,
Meta Instagram,870553.8125,prior,0.9220262,0.54382867,0.7201882,media,,,,
Meta Instagram,873144.75,posterior,0.6992532,0.49705338,0.59563047,media,,,,
Meta Instagram,873144.75,prior,0.9222396,0.5445658,0.7207471,media,,,,
Meta Instagram,875735.5625,posterior,0.6998759,0.49779406,0.59633243,media,,,,
Meta Instagram,875735.5625,prior,0.92245185,0.5453005,0.7213037,media,,,,
Meta Instagram,878326.5625,posterior,0.700496,0.49853262,0.5970331,media,,,,
Meta Instagram,878326.5625,prior,0.9226629,0.546033,0.7218581,media,,,,
Meta Instagram,880917.5,posterior,0.70111364,0.49926898,0.5977296,media,,,,
Meta Instagram,880917.5,prior,0.92287284,0.54676294,0.72240996,media,,,,
Meta Instagram,883508.4375,posterior,0.7017287,0.5000032,0.5984254,media,,,,
Meta Instagram,883508.4375,prior,0.9230816,0.5474907,0.72296005,media,,,,
Meta Instagram,886099.375,posterior,0.70234126,0.5007353,0.599118,media,,,,
Meta Instagram,886099.375,prior,0.92328924,0.54821604,0.7235076,media,,,,
Meta Instagram,888690.3125,posterior,0.70295125,0.5014652,0.5998079,media,,,,
Meta Instagram,888690.3125,prior,0.92349577,0.5489391,0.7240529,media,,,,
Meta Instagram,891281.25,posterior,0.7035588,0.502193,0.60049534,media,,,,
Meta Instagram,891281.25,prior,0.9237012,0.5496598,0.72459656,media,,,,
Meta Instagram,893872.1875,posterior,0.70416385,0.50291866,0.6011809,media,,,,
Meta Instagram,893872.1875,prior,0.92390555,0.55037826,0.7251375,media,,,,
Meta Instagram,896463.0625,posterior,0.70476645,0.5036422,0.6018645,media,,,,
Meta Instagram,896463.0625,prior,0.92410874,0.5510944,0.7256761,media,,,,
Meta Instagram,899054.0,posterior,0.7053666,0.50436366,0.6025447,media,,,,
Meta Instagram,899054.0,prior,0.9243109,0.55180824,0.7262129,media,,,,
Meta Instagram,901644.9375,posterior,0.7059643,0.505083,0.6032229,media,,,,
Meta Instagram,901644.9375,prior,0.924512,0.5525198,0.7267475,media,,,,
Meta Instagram,904235.875,posterior,0.7065596,0.5058003,0.60389894,media,,,,
Meta Instagram,904235.875,prior,0.924712,0.5532292,0.7272801,media,,,,
Meta Instagram,906826.875,posterior,0.7071525,0.5065155,0.60457224,media,,,,
Meta Instagram,906826.875,prior,0.92491096,0.55393624,0.7278103,media,,,,
Meta Instagram,909417.8125,posterior,0.707743,0.5072286,0.60524386,media,,,,
Meta Instagram,909417.8125,prior,0.92510885,0.5546411,0.72833866,media,,,,
Meta Instagram,912008.75,posterior,0.7083311,0.50793976,0.6059127,media,,,,
Meta Instagram,912008.75,prior,0.9253057,0.5553438,0.72886485,media,,,,
Meta Instagram,914599.625,posterior,0.7089168,0.50864875,0.60657865,media,,,,
Meta Instagram,914599.625,prior,0.9255015,0.55604416,0.72938865,media,,,,
Meta Instagram,917190.5625,posterior,0.7095002,0.5093557,0.60724354,media,,,,
Meta Instagram,917190.5625,prior,0.92569643,0.55674237,0.7299106,media,,,,
Meta Instagram,919781.5,posterior,0.7100813,0.51006067,0.60790527,media,,,,
Meta Instagram,919781.5,prior,0.9258902,0.55743843,0.7304306,media,,,,
Meta Instagram,922372.4375,posterior,0.71066,0.5107636,0.6085655,media,,,,
Meta Instagram,922372.4375,prior,0.92608297,0.5581323,0.73094887,media,,,,
Meta Instagram,924963.375,posterior,0.7112364,0.51146454,0.609223,media,,,,
Meta Instagram,924963.375,prior,0.9262747,0.5588239,0.7314647,media,,,,
Meta Instagram,927554.3125,posterior,0.7118106,0.51216346,0.6098784,media,,,,
Meta Instagram,927554.3125,prior,0.9264656,0.5595135,0.7319783,media,,,,
Meta Instagram,930145.25,posterior,0.71238244,0.51286036,0.6105311,media,,,,
Meta Instagram,930145.25,prior,0.92665535,0.56020075,0.7324905,media,,,,
Meta Instagram,932736.125,posterior,0.7129521,0.5135552,0.61118287,media,,,,
Meta Instagram,932736.125,prior,0.9268442,0.56088597,0.73300034,media,,,,
Meta Instagram,935327.0625,posterior,0.71351945,0.51424825,0.61183107,media,,,,
Meta Instagram,935327.0625,prior,0.92703205,0.5615691,0.7335077,media,,,,
Meta Instagram,937918.0,posterior,0.71408457,0.5149392,0.6124781,media,,,,
Meta Instagram,937918.0,prior,0.927219,0.56225,0.7340136,media,,,,
Meta Instagram,940508.9375,posterior,0.7146475,0.5156282,0.6131225,media,,,,
Meta Instagram,940508.9375,prior,0.9274049,0.56292886,0.73451823,media,,,,
Meta Instagram,943099.9375,posterior,0.7152082,0.5163152,0.6137643,media,,,,
Meta Instagram,943099.9375,prior,0.9275899,0.56360567,0.73502,media,,,,
Meta Instagram,945690.875,posterior,0.71576667,0.5170004,0.6144047,media,,,,
Meta Instagram,945690.875,prior,0.92777395,0.5642803,0.73552024,media,,,,
Meta Instagram,948281.8125,posterior,0.71632296,0.5176835,0.61504275,media,,,,
Meta Instagram,948281.8125,prior,0.92795706,0.5649529,0.7360185,media,,,,
Meta Instagram,950872.75,posterior,0.71687704,0.5183648,0.61567867,media,,,,
Meta Instagram,950872.75,prior,0.92813927,0.5656234,0.7365144,media,,,,
Meta Instagram,953463.625,posterior,0.717429,0.5190441,0.61631244,media,,,,
Meta Instagram,953463.625,prior,0.9283205,0.56629175,0.7370092,media,,,,
Meta Instagram,956054.5625,posterior,0.7179788,0.5197215,0.6169432,media,,,,
Meta Instagram,956054.5625,prior,0.9285009,0.56695825,0.73750156,media,,,,
Meta Instagram,958645.5,posterior,0.7185264,0.520397,0.6175743,media,,,,
Meta Instagram,958645.5,prior,0.92868036,0.5676225,0.7379918,media,,,,
Meta Instagram,961236.4375,posterior,0.719072,0.5210706,0.61820024,media,,,,
Meta Instagram,961236.4375,prior,0.9288589,0.5682848,0.7384807,media,,,,
Meta Instagram,963827.375,posterior,0.7196154,0.52174234,0.6188264,media,,,,
Meta Instagram,963827.375,prior,0.9290366,0.56894505,0.73896754,media,,,,
Meta Instagram,966418.3125,posterior,0.7201568,0.5224122,0.61944956,media,,,,
Meta Instagram,966418.3125,prior,0.92921335,0.5696034,0.7394526,media,,,,
Meta Instagram,969009.25,posterior,0.72069603,0.5230801,0.6200711,media,,,,
Meta Instagram,969009.25,prior,0.9293893,0.57025963,0.73993564,media,,,,
Meta Instagram,971600.125,posterior,0.72123325,0.5237462,0.6206904,media,,,,
Meta Instagram,971600.125,prior,0.9295643,0.57091385,0.74041766,media,,,,
Meta Instagram,974191.0625,posterior,0.7217684,0.5244105,0.62130725,media,,,,
Meta Instagram,974191.0625,prior,0.92973846,0.5715661,0.74089694,media,,,,
Meta Instagram,976782.0,posterior,0.7223014,0.5250728,0.62192273,media,,,,
Meta Instagram,976782.0,prior,0.9299118,0.5722164,0.7413749,media,,,,
Meta Instagram,979373.0,posterior,0.7228325,0.5257334,0.6225354,media,,,,
Meta Instagram,979373.0,prior,0.9300842,0.5728647,0.74185103,media,,,,
Meta Instagram,981963.9375,posterior,0.7233615,0.52639204,0.62314695,media,,,,
Meta Instagram,981963.9375,prior,0.93025583,0.57351106,0.74232495,media,,,,
Meta Instagram,984554.875,posterior,0.7238885,0.527049,0.62375605,media,,,,
Meta Instagram,984554.875,prior,0.9304266,0.57415545,0.7427969,media,,,,
Meta Instagram,987145.8125,posterior,0.72441345,0.527704,0.62436396,media,,,,
Meta Instagram,987145.8125,prior,0.93059653,0.57479787,0.7432674,media,,,,
Meta Instagram,989736.75,posterior,0.7249364,0.5283573,0.6249686,media,,,,
Meta Instagram,989736.75,prior,0.9307657,0.57543844,0.7437365,media,,,,
Meta Instagram,992327.625,posterior,0.7254574,0.5290087,0.6255713,media,,,,
Meta Instagram,992327.625,prior,0.9309339,0.576077,0.74420387,media,,,,
Meta Instagram,994918.5625,posterior,0.7259764,0.5296584,0.62617314,media,,,,
Meta Instagram,994918.5625,prior,0.9311014,0.57671374,0.74466944,media,,,,
Meta Instagram,997509.5,posterior,0.7264935,0.5303062,0.62677205,media,,,,
Meta Instagram,997509.5,prior,0.9312681,0.5773484,0.74513274,media,,,,
Meta Instagram,1000100.4375,posterior,0.72700864,0.5309523,0.62736964,media,,,,
Meta Instagram,1000100.4375,prior,0.9314339,0.5779813,0.74559516,media,,,,
Meta Instagram,1002691.375,posterior,0.72752184,0.5315966,0.6279651,media,,,,
Meta Instagram,1002691.375,prior,0.93159896,0.57861227,0.7460548,media,,,,
Meta Instagram,1005282.3125,posterior,0.7280331,0.53223914,0.6285586,media,,,,
Meta Instagram,1005282.3125,prior,0.9317632,0.5792414,0.7465138,media,,,,
Meta Instagram,1007873.3125,posterior,0.7285425,0.5328799,0.6291502,media,,,,
Meta Instagram,1007873.3125,prior,0.9319267,0.57986856,0.7469708,media,,,,
Meta Instagram,1010464.125,posterior,0.72905,0.53351885,0.62974024,media,,,,
Meta Instagram,1010464.125,prior,0.9320894,0.5804939,0.7474259,media,,,,
Meta Instagram,1013055.0625,posterior,0.72955555,0.5341562,0.6303278,media,,,,
Meta Instagram,1013055.0625,prior,0.9322513,0.58111745,0.7478794,media,,,,
Meta Instagram,1015646.0625,posterior,0.7300592,0.5347917,0.6309138,media,,,,
Meta Instagram,1015646.0625,prior,0.93241245,0.581739,0.7483317,media,,,,
Meta Instagram,1018237.0,posterior,0.730561,0.53542554,0.63149846,media,,,,
Meta Instagram,1018237.0,prior,0.93257284,0.5823588,0.74878186,media,,,,
Meta Instagram,1020827.9375,posterior,0.731061,0.5360576,0.6320803,media,,,,
Meta Instagram,1020827.9375,prior,0.93273246,0.5829768,0.74923044,media,,,,
Meta Instagram,1023418.875,posterior,0.73155904,0.53668797,0.6326602,media,,,,
Meta Instagram,1023418.875,prior,0.9328913,0.5835929,0.74967736,media,,,,
Meta Instagram,1026009.8125,posterior,0.7320553,0.53731656,0.6332383,media,,,,
Meta Instagram,1026009.8125,prior,0.93304944,0.58420724,0.75012285,media,,,,
Meta Instagram,1028600.6875,posterior,0.7325496,0.53794354,0.63381535,media,,,,
Meta Instagram,1028600.6875,prior,0.9332068,0.58481973,0.75056714,media,,,,
Meta Instagram,1031191.625,posterior,0.73304224,0.5385688,0.6343911,media,,,,
Meta Instagram,1031191.625,prior,0.93336344,0.58543044,0.751009,media,,,,
Meta Instagram,1033782.5625,posterior,0.733533,0.5391924,0.6349626,media,,,,
Meta Instagram,1033782.5625,prior,0.93351936,0.58603936,0.7514495,media,,,,
Meta Instagram,1036373.5,posterior,0.734022,0.53981423,0.6355341,media,,,,
Meta Instagram,1036373.5,prior,0.9336746,0.58664644,0.7518884,media,,,,
Meta Instagram,1038964.4375,posterior,0.7345092,0.5404345,0.636104,media,,,,
Meta Instagram,1038964.4375,prior,0.933829,0.58725184,0.75232553,media,,,,
Meta Instagram,1041555.375,posterior,0.7349946,0.541053,0.6366716,media,,,,
Meta Instagram,1041555.375,prior,0.93398273,0.5878554,0.75276095,media,,,,
Meta Instagram,1044146.375,posterior,0.7354783,0.5416699,0.637238,media,,,,
Meta Instagram,1044146.375,prior,0.9341358,0.5884572,0.753196,media,,,,
Meta Instagram,1046737.3125,posterior,0.7359601,0.5422851,0.6378016,media,,,,
Meta Instagram,1046737.3125,prior,0.9342881,0.5890572,0.7536286,media,,,,
Meta Instagram,1049328.125,posterior,0.7364403,0.54289865,0.6383641,media,,,,
Meta Instagram,1049328.125,prior,0.93443966,0.5896556,0.75406015,media,,,,
Meta Instagram,1051919.125,posterior,0.7369187,0.5435106,0.63892525,media,,,,
Meta Instagram,1051919.125,prior,0.9345906,0.5902521,0.7544892,media,,,,
Meta Instagram,1054510.0,posterior,0.73739535,0.54412085,0.6394843,media,,,,
Meta Instagram,1054510.0,prior,0.93474084,0.59084696,0.75491744,media,,,,
Meta Instagram,1057101.0,posterior,0.7378703,0.54472953,0.64004016,media,,,,
Meta Instagram,1057101.0,prior,0.9348904,0.5914401,0.755344,media,,,,
Meta Instagram,1059691.875,posterior,0.7383435,0.54533654,0.64059585,media,,,,
Meta Instagram,1059691.875,prior,0.9350392,0.5920315,0.7557693,media,,,,
Meta Instagram,1062282.875,posterior,0.73881495,0.545942,0.64114946,media,,,,
Meta Instagram,1062282.875,prior,0.9351874,0.59262115,0.75619316,media,,,,
Meta Instagram,1064873.875,posterior,0.73928475,0.54654574,0.6417014,media,,,,
Meta Instagram,1064873.875,prior,0.93533486,0.59320915,0.7566151,media,,,,
Meta Instagram,1067464.75,posterior,0.7397528,0.5471479,0.6422512,media,,,,
Meta Instagram,1067464.75,prior,0.9354817,0.5937954,0.75703573,media,,,,
Meta Instagram,1070055.625,posterior,0.74021924,0.54774857,0.6428002,media,,,,
Meta Instagram,1070055.625,prior,0.9356279,0.59438,0.75745475,media,,,,
Meta Instagram,1072646.625,posterior,0.74068403,0.5483476,0.6433472,media,,,,
Meta Instagram,1072646.625,prior,0.9357734,0.59496295,0.7578731,media,,,,
Meta Instagram,1075237.5,posterior,0.74114716,0.548945,0.6438919,media,,,,
Meta Instagram,1075237.5,prior,0.9359182,0.59554416,0.7582897,media,,,,
Meta Instagram,1077828.5,posterior,0.7416086,0.5495409,0.64443475,media,,,,
Meta Instagram,1077828.5,prior,0.93606246,0.5961238,0.75870353,media,,,,
Meta Instagram,1080419.375,posterior,0.7420684,0.55013514,0.6449782,media,,,,
Meta Instagram,1080419.375,prior,0.936206,0.5967016,0.75911695,media,,,,
Meta Instagram,1083010.375,posterior,0.74252665,0.55072784,0.6455172,media,,,,
Meta Instagram,1083010.375,prior,0.9363489,0.597278,0.75952905,media,,,,
Meta Instagram,1085601.25,posterior,0.7429832,0.551319,0.6460553,media,,,,
Meta Instagram,1085601.25,prior,0.93649113,0.5978525,0.7599393,media,,,,
Meta Instagram,1088192.125,posterior,0.7434382,0.55190855,0.6465926,media,,,,
Meta Instagram,1088192.125,prior,0.93663275,0.59842557,0.7603485,media,,,,
Meta Instagram,1090783.125,posterior,0.74389154,0.5524967,0.6471283,media,,,,
Meta Instagram,1090783.125,prior,0.9367737,0.5989969,0.76075685,media,,,,
Meta Instagram,1093374.0,posterior,0.7443433,0.5530831,0.64766157,media,,,,
Meta Instagram,1093374.0,prior,0.93691415,0.5995667,0.7611621,media,,,,
Meta Instagram,1095965.0,posterior,0.7447934,0.55366814,0.6481933,media,,,,
Meta Instagram,1095965.0,prior,0.93705386,0.6001348,0.76156646,media,,,,
Meta Instagram,1098556.0,posterior,0.745242,0.55425155,0.64872336,media,,,,
Meta Instagram,1098556.0,prior,0.93719304,0.60070133,0.7619703,media,,,,
Meta Instagram,1101146.875,posterior,0.7456889,0.55483353,0.64925206,media,,,,
Meta Instagram,1101146.875,prior,0.93733156,0.6012662,0.7623723,media,,,,
Meta Instagram,1103737.875,posterior,0.74613434,0.55541384,0.64977926,media,,,,
Meta Instagram,1103737.875,prior,0.9374694,0.6018295,0.7627737,media,,,,
Meta Instagram,1106328.75,posterior,0.74657816,0.5559928,0.65030587,media,,,,
Meta Instagram,1106328.75,prior,0.93760675,0.60239124,0.76317245,media,,,,
Meta Instagram,1108919.625,posterior,0.7470205,0.5565702,0.6508288,media,,,,
Meta Instagram,1108919.625,prior,0.9377434,0.60295135,0.76357067,media,,,,
Meta Instagram,1111510.625,posterior,0.74746126,0.557146,0.65135115,media,,,,
Meta Instagram,1111510.625,prior,0.93787956,0.60350996,0.76396763,media,,,,
Meta Instagram,1114101.5,posterior,0.7479005,0.5577204,0.6518716,media,,,,
Meta Instagram,1114101.5,prior,0.93801504,0.6040669,0.7643623,media,,,,
Meta Instagram,1116692.5,posterior,0.7483382,0.55829334,0.65239054,media,,,,
Meta Instagram,1116692.5,prior,0.93815,0.60462236,0.7647564,media,,,,
Meta Instagram,1119283.375,posterior,0.7487744,0.5588648,0.65290797,media,,,,
Meta Instagram,1119283.375,prior,0.93828434,0.6051762,0.76514864,media,,,,
Meta Instagram,1121874.375,posterior,0.7492091,0.5594347,0.6534241,media,,,,
Meta Instagram,1121874.375,prior,0.9384181,0.60572857,0.76554006,media,,,,
Meta Instagram,1124465.25,posterior,0.7496423,0.56000316,0.6539392,media,,,,
Meta Instagram,1124465.25,prior,0.93855125,0.6062793,0.7659299,media,,,,
Meta Instagram,1127056.125,posterior,0.750074,0.5605702,0.654452,media,,,,
Meta Instagram,1127056.125,prior,0.9386838,0.6068286,0.76631856,media,,,,
Meta Instagram,1129647.125,posterior,0.75050426,0.56113577,0.6549638,media,,,,
Meta Instagram,1129647.125,prior,0.9388159,0.6073763,0.766706,media,,,,
Meta Instagram,1132238.125,posterior,0.750933,0.5616998,0.6554732,media,,,,
Meta Instagram,1132238.125,prior,0.9389473,0.60792243,0.76709175,media,,,,
Meta Instagram,1134829.0,posterior,0.75136024,0.5622625,0.65598154,media,,,,
Meta Instagram,1134829.0,prior,0.9390783,0.60846716,0.7674761,media,,,,
Meta Instagram,1137420.0,posterior,0.75178605,0.56282365,0.65648884,media,,,,
Meta Instagram,1137420.0,prior,0.9392086,0.6090103,0.7678599,media,,,,
Meta Instagram,1140010.875,posterior,0.7522103,0.56338346,0.6569951,media,,,,
Meta Instagram,1140010.875,prior,0.9393384,0.60955197,0.76824194,media,,,,
Meta Instagram,1142601.875,posterior,0.7526332,0.5639418,0.6574985,media,,,,
Meta Instagram,1142601.875,prior,0.9394676,0.6100921,0.76862323,media,,,,
Meta Instagram,1145192.75,posterior,0.7530546,0.56449866,0.6580008,media,,,,
Meta Instagram,1145192.75,prior,0.9395963,0.6106308,0.76900244,media,,,,
Meta Instagram,1147783.625,posterior,0.75347465,0.5650542,0.6585017,media,,,,
Meta Instagram,1147783.625,prior,0.9397244,0.6111679,0.76938117,media,,,,
Meta Instagram,1150374.625,posterior,0.75389326,0.56560826,0.65900046,media,,,,
Meta Instagram,1150374.625,prior,0.939852,0.6117037,0.7697572,media,,,,
Meta Instagram,1152965.5,posterior,0.7543104,0.5661609,0.65949935,media,,,,
Meta Instagram,1152965.5,prior,0.939979,0.6122378,0.770134,media,,,,
Meta Instagram,1155556.5,posterior,0.7547262,0.5667122,0.6599958,media,,,,
Meta Instagram,1155556.5,prior,0.94010556,0.6127707,0.7705084,media,,,,
Meta Instagram,1158147.375,posterior,0.75514054,0.56726205,0.66049063,media,,,,
Meta Instagram,1158147.375,prior,0.94023156,0.6133019,0.7708813,media,,,,
Meta Instagram,1160738.375,posterior,0.75555354,0.56781054,0.6609841,media,,,,
Meta Instagram,1160738.375,prior,0.940357,0.6138318,0.7712535,media,,,,
Meta Instagram,1163329.25,posterior,0.7559651,0.5683576,0.66147566,media,,,,
Meta Instagram,1163329.25,prior,0.94048196,0.61436015,0.7716246,media,,,,
Meta Instagram,1165920.125,posterior,0.7563753,0.56890327,0.6619669,media,,,,
Meta Instagram,1165920.125,prior,0.94060636,0.6148871,0.77199364,media,,,,
Meta Instagram,1168511.125,posterior,0.75678414,0.56944764,0.66245645,media,,,,
Meta Instagram,1168511.125,prior,0.9407302,0.6154126,0.7723626,media,,,,
Meta Instagram,1171102.125,posterior,0.75719154,0.5699905,0.6629446,media,,,,
Meta Instagram,1171102.125,prior,0.9408536,0.6159367,0.77272993,media,,,,
Meta Instagram,1173693.0,posterior,0.7575976,0.57053214,0.66343075,media,,,,
Meta Instagram,1173693.0,prior,0.94097644,0.6164593,0.77309567,media,,,,
Meta Instagram,1176284.0,posterior,0.75800234,0.5710723,0.6639153,media,,,,
Meta Instagram,1176284.0,prior,0.9410988,0.61698055,0.7734605,media,,,,
Meta Instagram,1178874.875,posterior,0.7584057,0.5716112,0.66439927,media,,,,
Meta Instagram,1178874.875,prior,0.94122064,0.61750036,0.77382433,media,,,,
Meta Instagram,1181465.875,posterior,0.7588077,0.5721487,0.66488194,media,,,,
Meta Instagram,1181465.875,prior,0.941342,0.6180188,0.77418685,media,,,,
Meta Instagram,1184056.75,posterior,0.7592083,0.5726848,0.66536283,media,,,,
Meta Instagram,1184056.75,prior,0.9414628,0.61853576,0.7745477,media,,,,
Meta Instagram,1186647.625,posterior,0.75960773,0.57321966,0.66584253,media,,,,
Meta Instagram,1186647.625,prior,0.94158316,0.61905134,0.774908,media,,,,
Meta Instagram,1189238.625,posterior,0.7600058,0.5737531,0.6663195,media,,,,
Meta Instagram,1189238.625,prior,0.941703,0.6195656,0.7752672,media,,,,
Meta Instagram,1191829.5,posterior,0.7604025,0.57428527,0.6667966,media,,,,
Meta Instagram,1191829.5,prior,0.9418224,0.6200784,0.77562475,media,,,,
Meta Instagram,1194420.5,posterior,0.7607979,0.5748161,0.6672721,media,,,,
Meta Instagram,1194420.5,prior,0.94194126,0.6205899,0.77598166,media,,,,
Meta Instagram,1197011.5,posterior,0.761192,0.5753456,0.6677462,media,,,,
Meta Instagram,1197011.5,prior,0.94205964,0.6210999,0.7763377,media,,,,
Meta Instagram,1199602.375,posterior,0.7615848,0.5758738,0.6682176,media,,,,
Meta Instagram,1199602.375,prior,0.9421776,0.6216087,0.77669126,media,,,,
Meta Instagram,1202193.25,posterior,0.7619764,0.57640064,0.6686898,media,,,,
Meta Instagram,1202193.25,prior,0.94229496,0.6221159,0.7770444,media,,,,
Meta Instagram,1204784.25,posterior,0.76236665,0.5769262,0.66915953,media,,,,
Meta Instagram,1204784.25,prior,0.9424119,0.62262195,0.7773966,media,,,,
Meta Instagram,1207375.125,posterior,0.76275563,0.57745045,0.6696289,media,,,,
Meta Instagram,1207375.125,prior,0.94252837,0.6231265,0.7777474,media,,,,
Meta Instagram,1209966.125,posterior,0.7631433,0.57797337,0.670096,media,,,,
Meta Instagram,1209966.125,prior,0.9426444,0.6236298,0.7780975,media,,,,
Meta Instagram,1212557.0,posterior,0.7635297,0.5784951,0.6705614,media,,,,
Meta Instagram,1212557.0,prior,0.94275993,0.62413174,0.77844596,media,,,,
Meta Instagram,1215148.0,posterior,0.7639149,0.57901543,0.6710264,media,,,,
Meta Instagram,1215148.0,prior,0.942875,0.62463236,0.7787936,media,,,,
Meta Instagram,1217738.875,posterior,0.7642988,0.5795346,0.67148954,media,,,,
Meta Instagram,1217738.875,prior,0.94298965,0.6251316,0.7791402,media,,,,
Meta Instagram,1220329.875,posterior,0.76468146,0.5800524,0.67195165,media,,,,
Meta Instagram,1220329.875,prior,0.9431038,0.62562954,0.77948576,media,,,,
Meta Instagram,1222920.75,posterior,0.7650628,0.5805689,0.6724125,media,,,,
Meta Instagram,1222920.75,prior,0.94321746,0.62612617,0.77982986,media,,,,
Meta Instagram,1225511.625,posterior,0.765443,0.5810842,0.6728716,media,,,,
Meta Instagram,1225511.625,prior,0.94333076,0.6266214,0.78017324,media,,,,
Meta Instagram,1228102.625,posterior,0.765822,0.5815982,0.6733304,media,,,,
Meta Instagram,1228102.625,prior,0.94344354,0.6271155,0.78051573,media,,,,
Meta Instagram,1230693.5,posterior,0.7661997,0.58211094,0.6737857,media,,,,
Meta Instagram,1230693.5,prior,0.94355583,0.6276081,0.7808563,media,,,,
Meta Instagram,1233284.5,posterior,0.7665763,0.58262247,0.6742412,media,,,,
Meta Instagram,1233284.5,prior,0.94366777,0.62809956,0.7811968,media,,,,
Meta Instagram,1235875.5,posterior,0.76695156,0.58313274,0.67469597,media,,,,
Meta Instagram,1235875.5,prior,0.94377923,0.6285896,0.78153574,media,,,,
Meta Instagram,1238466.375,posterior,0.7673257,0.58364177,0.67514986,media,,,,
Meta Instagram,1238466.375,prior,0.9438902,0.62907845,0.7818732,media,,,,
Meta Instagram,1241057.25,posterior,0.76769865,0.5841495,0.6756007,media,,,,
Meta Instagram,1241057.25,prior,0.94400084,0.6295659,0.78220975,media,,,,
Meta Instagram,1243648.25,posterior,0.76807034,0.584656,0.67605096,media,,,,
Meta Instagram,1243648.25,prior,0.944111,0.6300522,0.7825457,media,,,,
Meta Instagram,1246239.125,posterior,0.7684409,0.5851613,0.6765001,media,,,,
Meta Instagram,1246239.125,prior,0.94422066,0.6305371,0.7828803,media,,,,
Meta Instagram,1248830.125,posterior,0.7688103,0.58566535,0.6769484,media,,,,
Meta Instagram,1248830.125,prior,0.94433,0.63102084,0.78321415,media,,,,
Meta Instagram,1251421.0,posterior,0.76917845,0.5861682,0.67739433,media,,,,
Meta Instagram,1251421.0,prior,0.9444388,0.6315032,0.78354686,media,,,,
Meta Instagram,1254012.0,posterior,0.76954544,0.5866698,0.67784023,media,,,,
Meta Instagram,1254012.0,prior,0.94454724,0.6319844,0.78387827,media,,,,
Meta Instagram,1256602.875,posterior,0.7699112,0.58717024,0.678284,media,,,,
Meta Instagram,1256602.875,prior,0.94465524,0.6324643,0.78420913,media,,,,
Meta Instagram,1259193.875,posterior,0.7702759,0.5876694,0.6787269,media,,,,
Meta Instagram,1259193.875,prior,0.9447628,0.632943,0.7845381,media,,,,
Meta Instagram,1261784.75,posterior,0.77063936,0.58816737,0.6791688,media,,,,
Meta Instagram,1261784.75,prior,0.94487005,0.6334204,0.7848673,media,,,,
Meta Instagram,1264375.625,posterior,0.77100176,0.5886642,0.6796096,media,,,,
Meta Instagram,1264375.625,prior,0.94497675,0.6338965,0.7851949,media,,,,
Meta Instagram,1266966.625,posterior,0.77136296,0.5891597,0.68004894,media,,,,
Meta Instagram,1266966.625,prior,0.9450831,0.6343716,0.78552085,media,,,,
Meta Instagram,1269557.625,posterior,0.7717231,0.58965415,0.68048644,media,,,,
Meta Instagram,1269557.625,prior,0.94518906,0.6348452,0.78584677,media,,,,
Meta Instagram,1272148.5,posterior,0.77208203,0.5901474,0.6809235,media,,,,
Meta Instagram,1272148.5,prior,0.94529456,0.63531774,0.78617096,media,,,,
Meta Instagram,1274739.5,posterior,0.7724399,0.59063935,0.681359,media,,,,
Meta Instagram,1274739.5,prior,0.9453997,0.6357889,0.7864945,media,,,,
Meta Instagram,1277330.375,posterior,0.7727966,0.5911302,0.6817936,media,,,,
Meta Instagram,1277330.375,prior,0.94550437,0.6362591,0.78681684,media,,,,
Meta Instagram,1279921.25,posterior,0.77315223,0.5916199,0.6822276,media,,,,
Meta Instagram,1279921.25,prior,0.94560874,0.6367278,0.7871384,media,,,,
Meta Instagram,1282512.25,posterior,0.7735067,0.59210837,0.68265873,media,,,,
Meta Instagram,1282512.25,prior,0.9457126,0.63719547,0.787459,media,,,,
Meta Instagram,1285103.125,posterior,0.7738601,0.59259576,0.68309003,media,,,,
Meta Instagram,1285103.125,prior,0.94581616,0.6376619,0.7877787,media,,,,
Meta Instagram,1287694.125,posterior,0.77421236,0.59308183,0.68351954,media,,,,
Meta Instagram,1287694.125,prior,0.9459193,0.63812715,0.78809696,media,,,,
Meta Instagram,1290285.0,posterior,0.77456355,0.5935669,0.68394774,media,,,,
Meta Instagram,1290285.0,prior,0.946022,0.6385912,0.78841466,media,,,,
Meta Instagram,1292876.0,posterior,0.7749136,0.5940507,0.6843754,media,,,,
Meta Instagram,1292876.0,prior,0.9461244,0.639054,0.7887315,media,,,,
Google Paid Search,,,,,,media,1.0,0.00022129932668141645,0.0,2408.12
Google Paid Search,,,,,,media,0.45147058823529407,9.991013719293359e-05,2408.12,4816.24
Google Paid Search,,,,,,media,0.22058823529411764,4.88160279444301e-05,4816.24,7224.3604
Google Paid Search,,,,,,media,0.1588235294117647,3.514754011998967e-05,7224.3604,9632.48
Google Paid Search,,,,,,media,0.03529411764705882,7.810564471108816e-06,9632.48,12040.601
Google Paid Search,,,,,,media,0.004411764705882353,9.76320558888602e-07,12040.601,14448.721
Google Paid Search,,,,,,media,0.0,0.0,14448.721,16856.84
Google Paid Search,,,,,,media,0.0014705876389282091,3.2544005432082666e-07,16856.84,19264.96
Google Paid Search,,,,,,media,0.0,0.0,19264.96,21673.082
Google Paid Search,,,,,,media,0.0,0.0,21673.082,24081.201
Google Paid Search,,,,,,media,0.0,0.0,24081.201,26489.32
Google Paid Search,,,,,,media,0.0,0.0,26489.32,28897.441
Google Paid Search,,,,,,media,0.0014705876389282091,3.2544005432082666e-07,28897.441,31305.562
Google Paid Search,,,,,,media,0.0,0.0,31305.562,33713.68
Google Paid Search,,,,,,media,0.0,0.0,33713.68,36121.8
Google Paid Search,,,,,,media,0.0,0.0,36121.8,38529.92
Google Paid Search,,,,,,media,0.0,0.0,38529.92,40938.043
Google Paid Search,,,,,,media,0.0,0.0,40938.043,43346.164
Google Paid Search,,,,,,media,0.0,0.0,43346.164,45754.28
Google Paid Search,,,,,,media,0.0014705876389282091,3.2544005432082666e-07,45754.28,48162.402
Google Paid Search,,,,,,media,0.0,0.0,48162.402,50570.523
Google Paid Search,,,,,,media,0.0,0.0,50570.523,52978.64
Google Paid Search,,,,,,media,0.0,0.0,52978.64,55386.76
Google Paid Search,,,,,,media,0.0,0.0,55386.76,57794.883
Google Paid Search,,,,,,media,0.0014705900243947446,3.254405822229648e-07,57794.883,60203.0
Google Shopping,,,,,,media,1.0,1.222733152741744e-05,0.0,79797.08
Google Shopping,,,,,,media,0.014457831325301205,1.767806967819389e-07,79797.08,159594.16
Google Shopping,,,,,,media,0.001606425702811245,1.9642299642437655e-08,159594.16,239391.23
Google Shopping,,,,,,media,0.0008032128514056225,9.821149821218828e-09,239391.23,319188.3
Google Shopping,,,,,,media,0.0,0.0,319188.3,398985.38
Google Shopping,,,,,,media,0.0016064253882584157,1.9642295796295928e-08,398985.38,478782.47
Google Shopping,,,,,,media,0.0008032126941292079,9.821147898147964e-09,478782.47,558579.56
Google Shopping,,,,,,media,0.0008032130086820988,9.821151744290444e-09,558579.56,638376.6
Google Shopping,,,,,,media,0.0,0.0,638376.6,718173.7
Google Shopping,,,,,,media,0.0008032130086820988,9.821151744290444e-09,718173.7,797970.75
Google Shopping,,,,,,media,0.0008032123795765633,9.821144052008497e-09,797970.75,877767.9
Google Shopping,,,,,,media,0.0,0.0,877767.9,957564.94
Google Shopping,,,,,,media,0.0016064260173641975,1.9642303488580888e-08,957564.94,1.037362e+06
Google Shopping,,,,,,media,0.0008032123795765633,9.821144052008497e-09,1.037362e+06,1.1171591e+06
Google Shopping,,,,,,media,0.0,0.0,1.1171591e+06,1.1969561e+06
Google Shopping,,,,,,media,0.0,0.0,1.1969561e+06,1.2767532e+06
Google Shopping,,,,,,media,0.0,0.0,1.2767532e+06,1.3565504e+06
Google Shopping,,,,,,media,0.0,0.0,1.3565504e+06,1.4363474e+06
Google Shopping,,,,,,media,0.0,0.0,1.4363474e+06,1.5161445e+06
Google Shopping,,,,,,media,0.0,0.0,1.5161445e+06,1.5959415e+06
Google Shopping,,,,,,media,0.0,0.0,1.5959415e+06,1.6757386e+06
Google Shopping,,,,,,media,0.0,0.0,1.6757386e+06,1.7555358e+06
Google Shopping,,,,,,media,0.0,0.0,1.7555358e+06,1.8353328e+06
Google Shopping,,,,,,media,0.0,0.0,1.8353328e+06,1.9151299e+06
Google Shopping,,,,,,media,0.0008032123795765633,9.821144052008497e-09,1.9151299e+06,1.994927e+06
Google PMAX,,,,,,media,1.0,0.00012881825813800592,0.0,4015.28
Google PMAX,,,,,,media,0.004545454545454545,5.85537536990936e-07,4015.28,8030.56
Google PMAX,,,,,,media,0.036363638574650636,4.684300580746495e-06,8030.56,12045.84
Google PMAX,,,,,,media,0.027272725614466767,3.513225008331386e-06,12045.84,16061.12
Google PMAX,,,,,,media,0.004545454269077795,5.855375013885644e-07,16061.12,20076.4
Google PMAX,,,,,,media,0.012121214332226663,1.5614337167948713e-06,20076.4,24091.68
Google PMAX,,,,,,media,0.02424241687237936,3.1228659145553144e-06,24091.68,28106.96
Google PMAX,,,,,,media,0.03181818762209499,4.098763506586537e-06,28106.96,32122.24
Google PMAX,,,,,,media,0.07575758957641664,9.758960729967945e-06,32122.24,36137.52
Google PMAX,,,,,,media,0.14545450123427617,1.873719548733189e-05,36137.52,40152.8
Google PMAX,,,,,,media,0.1848484286518926,2.381185259848427e-05,40152.8,44168.082
Google PMAX,,,,,,media,0.14090918515363154,1.815167578713658e-05,44168.082,48183.36
Google PMAX,,,,,,media,0.10454542276213599,1.3467359256519795e-05,48183.36,52198.64
Google PMAX,,,,,,media,0.054545437962853556,7.0264483077494575e-06,52198.64,56213.92
Google PMAX,,,,,,media,0.030303050570673448,3.90358619078206e-06,56213.92,60229.2
Google PMAX,,,,,,media,0.02272726581785565,2.9276867948956074e-06,60229.2,64244.48
Google PMAX,,,,,,media,0.015151525285336724,1.95179309539103e-06,64244.48,68259.76
Google PMAX,,,,,,media,0.00757575527261855,9.758955982985359e-07,68259.76,72275.04
Google PMAX,,,,,,media,0.00303030210904742,3.903582393194143e-07,72275.04,76290.32
Google PMAX,,,,,,media,0.00454545316357113,5.855373589791215e-07,76290.32,80305.6
Google PMAX,,,,,,media,0.00151515105452371,1.9517911965970715e-07,80305.6,84320.88
Google PMAX,,,,,,media,0.0,0.0,84320.88,88336.164
Google PMAX,,,,,,media,0.0,0.0,88336.164,92351.44
Google PMAX,,,,,,media,0.0,0.0,92351.44,96366.72
Google PMAX,,,,,,media,0.00151515105452371,1.9517911965970715e-07,96366.72,100382.0
Google Video,,,,,,media,1.0,7.748069233806373e-05,0.0,9507.88
Google Video,,,,,,media,0.09042553191489364,7.006232817803637e-06,9507.88,19015.76
Google Video,,,,,,media,0.09042552262721061,7.006232098187526e-06,19015.76,28523.64
Google Video,,,,,,media,0.0489361752390425,3.7916087378978245e-06,28523.64,38031.52
Google Video,,,,,,media,0.025531917516022178,1.9782306458597347e-06,38031.52,47539.4
Google Video,,,,,,media,0.01702127135093653,1.3188198887446118e-06,47539.4,57047.28
Google Video,,,,,,media,0.030851079673491544,2.39036301247889e-06,57047.28,66555.16
Google Video,,,,,,media,0.020212759729237133,1.5660986178842267e-06,66555.16,76063.04
Google Video,,,,,,media,0.008510635675468265,6.594099443723059e-07,76063.04,85570.92
Google Video,,,,,,media,0.009574473002118066,7.418367969762073e-07,85570.92,95078.8
Google Video,,,,,,media,0.0021276589188670664,1.6485248609307647e-07,95078.8,104586.68
Google Video,,,,,,media,0.0031914883783005998,2.472787291396147e-07,104586.68,114094.56
Google Video,,,,,,media,0.002127660667137348,1.6485262155026829e-07,114094.56,123602.44
Google Video,,,,,,media,0.002127660667137348,1.6485262155026829e-07,123602.44,133110.31
Google Video,,,,,,media,0.002127657170599658,1.6485235063610726e-07,133110.31,142618.2
Google Video,,,,,,media,0.002127660667137348,1.6485262155026829e-07,142618.2,152126.08
Google Video,,,,,,media,0.001063830333568674,8.242631077513414e-08,152126.08,161633.95
Google Video,,,,,,media,0.0,0.0,161633.95,171141.84
Google Video,,,,,,media,0.0,0.0,171141.84,180649.72
Google Video,,,,,,media,0.0,0.0,180649.72,190157.6
Google Video,,,,,,media,0.0,0.0,190157.6,199665.48
Google Video,,,,,,media,0.0,0.0,199665.48,209173.36
Google Video,,,,,,media,0.0,0.0,209173.36,218681.23
Google Video,,,,,,media,0.0,0.0,218681.23,228189.12
Google Video,,,,,,media,0.001063830333568674,8.242631077513414e-08,228189.12,237697.0
Meta Facebook,,,,,,media,0.2843450479233226,1.1317918732703866e-06,1303.0,62930.246
Meta Facebook,,,,,,media,1.0,3.980346700377878e-06,62930.246,124557.49
Meta Facebook,,,,,,media,0.7539936580156158,3.001156168788302e-06,124557.49,186184.73
Meta Facebook,,,,,,media,0.41533543693270203,1.6531790359450846e-06,186184.73,247811.98
Meta Facebook,,,,,,media,0.35463265529471844,1.4115609193485777e-06,247811.98,309439.22
Meta Facebook,,,,,,media,0.39936099705067496,1.5895952268702735e-06,309439.22,371066.47
Meta Facebook,,,,,,media,0.33546323752256696,1.3352599905710297e-06,371066.47,432693.72
Meta Facebook,,,,,,media,0.2140574944191618,8.520230416024667e-07,432693.72,494320.97
Meta Facebook,,,,,,media,0.1789138174024779,7.12139022749963e-07,494320.97,555948.2
Meta Facebook,,,,,,media,0.0702875354809188,2.7976875992916817e-07,555948.2,617575.44
Meta Facebook,,,,,,media,0.041533543693270204,1.6531790359450846e-07,617575.44,679202.7
Meta Facebook,,,,,,media,0.015974439882026997,6.358380907481093e-08,679202.7,740829.94
Meta Facebook,,,,,,media,0.009584663929216199,3.815028544488656e-08,740829.94,802457.2
Meta Facebook,,,,,,media,0.0,0.0,802457.2,864084.44
Meta Facebook,,,,,,media,0.0,0.0,864084.44,925711.7
Meta Facebook,,,,,,media,0.0,0.0,925711.7,987338.94
Meta Facebook,,,,,,media,0.0,0.0,987338.94,1.0489662e+06
Meta Facebook,,,,,,media,0.0,0.0,1.0489662e+06,1.1105934e+06
Meta Facebook,,,,,,media,0.0,0.0,1.1105934e+06,1.1722206e+06
Meta Facebook,,,,,,media,0.0,0.0,1.1722206e+06,1.2338479e+06
Meta Facebook,,,,,,media,0.0,0.0,1.2338479e+06,1.2954751e+06
Meta Facebook,,,,,,media,0.0,0.0,1.2954751e+06,1.3571024e+06
Meta Facebook,,,,,,media,0.0,0.0,1.3571024e+06,1.4187296e+06
Meta Facebook,,,,,,media,0.0,0.0,1.4187296e+06,1.4803569e+06
Meta Facebook,,,,,,media,0.0031948879764053997,1.2716761814962188e-08,1.4803569e+06,1.5419841e+06
Meta Instagram,,,,,,media,1.0,3.9552412267977205e-06,0.0,51715.04
Meta Instagram,,,,,,media,0.2988505747126437,1.1820261137556407e-06,51715.04,103430.08
Meta Instagram,,,,,,media,0.3295018659315449,1.3032593644392216e-06,103430.08,155145.12
Meta Instagram,,,,,,media,0.19540232836966082,7.728633449799483e-07,155145.12,206860.16
Meta Instagram,,,,,,media,0.17241381914970072,6.819382455705426e-07,206860.16,258575.19
Meta Instagram,,,,,,media,0.3409960140413711,1.3487214929101254e-06,258575.19,310290.25
Meta Instagram,,,,,,media,0.3409962200960748,1.3487223079061842e-06,310290.25,362005.28
Meta Instagram,,,,,,media,0.3180077108761147,1.2577972084967786e-06,362005.28,413720.3
Meta Instagram,,,,,,media,0.4061303295526284,1.6063434228995004e-06,413720.3,465435.34
Meta Instagram,,,,,,media,0.32183912907944134,1.2729513917316794e-06,465435.34,517150.38
Meta Instagram,,,,,,media,0.24521061683873874,9.698671409690788e-07,517150.38,568865.44
Meta Instagram,,,,,,media,0.24521061683873874,9.698671409690788e-07,568865.44,620580.5
Meta Instagram,,,,,,media,0.15325682074203478,6.06167695686844e-07,620580.5,672295.5
Meta Instagram,,,,,,media,0.14176238785989584,5.607044408727487e-07,672295.5,724010.56
Meta Instagram,,,,,,media,0.09578551296377175,3.7885480980427754e-07,724010.56,775725.56
Meta Instagram,,,,,,media,0.08812256542642173,3.485460037857627e-07,775725.56,827440.6
Meta Instagram,,,,,,media,0.04980840654536881,1.9700426300934416e-07,827440.6,879155.7
Meta Instagram,,,,,,media,0.038314205185508696,1.51541923921711e-07,879155.7,930870.7
Meta Instagram,,,,,,media,0.03831415888105294,1.515417407764186e-07,930870.7,982585.75
Meta Instagram,,,,,,media,0.02298852311130522,9.092515435302661e-08,982585.75,1.03430075e+06
Meta Instagram,,,,,,media,0.019157056288354544,7.57707788157844e-08,1.03430075e+06,1.0860159e+06
Meta Instagram,,,,,,media,0.00383142051855087,1.5154192392171102e-08,1.0860159e+06,1.1377309e+06
Meta Instagram,,,,,,media,0.00766284103710174,3.0308384784342205e-08,1.1377309e+06,1.1894459e+06
Meta Instagram,,,,,,media,0.011494233773012726,4.5462467289470645e-08,1.1894459e+06,1.241161e+06
Meta Instagram,,,,,,media,0.00383142051855087,1.5154192392171102e-08,1.241161e+06,1.292876e+06
