DATE_DAY,Google Paid Search,Google Shopping,Google PMAX,Google Video,Meta Facebook,Meta Instagram,Trend,Dow Friday,Dow Saturday,Dow Sunday,Dow Thursday,Dow Tuesday,Dow Wednesday,Year Sin 1,Year Cos 1,Year Sin 2,Year Cos 2,Black Friday Period,Log Organic Search Clicks,Log Email Clicks,Log Referral Clicks,Log All Other Clicks
2020-11-21,-5.238061238387057,-0.4792518187955158,-15.293996040405144,-0.15560934327354162,-23.100760066660573,-23.113874798192256,-78.56229594153318,-0.037601957519851334,-0.2428861149508768,-1.5233096298416036,0.6367202648984864,0.02243211596646036,0.11438240726134498,-1.2891444521287367,15.27851214304858,-1.2185550116001767,0.6279765889651849,-9.37843677131821,-1.7017639394007502,-31.897337441880996,-0.11944831971192489,-0.9286934353494336
2020-11-23,-5.428627543486273,0.9918378732305159,-15.049481024680167,-0.1130960664176335,19.502229983863273,-19.203180701664433,-78.86115983156519,-0.03980323735573199,0.006687077072118973,-1.3190959353093654,0.5812617547620476,0.010999835334051857,0.10145498964998717,0.0005802493920076175,16.82463163272437,-0.7168121938503421,0.8233551524147981,-9.140482436945337,-1.5891426524854495,-28.67565834681679,-0.058801318506073695,-0.8989520828401485
2020-11-24,-4.115623689140235,-0.10433267341553308,-15.027609807812361,-0.14965331848302743,-8.044468953875894,-21.113804690976263,-74.75623862199016,-0.0394781563203532,0.028229771425617497,-1.3173027695770763,0.5085552013704129,-0.05760350845123236,0.12694012438681684,0.053425738467642814,17.922248921969565,-0.4354515135028945,0.6802860237661498,-9.208895518993158,-1.571229295630308,-29.658067173858036,-0.10787554649262694,-0.883202342024752
2020-11-26,-1.5556876012645338,4.048282146176139,-19.505669974079655,-0.1647160463275579,-14.96914402551317,-11.255856555983884,-64.56167038838345,-0.015950100509292037,0.015535865307264867,-0.8273358892516911,-1.3251209227360703,0.011243900715008174,0.070743660733573,1.3431210111857759,25.07358710078541,1.4366201228980722,0.8028938172923028,372.3365529466027,-1.7911925842471117,-27.623314741061794,-1.4447322935893865,-2.0611045550420584
2020-11-27,-0.5924154564329154,3.9917264773793177,-19.500280964863926,-0.14887863328073478,20.353537848609523,-10.42366181643784,-71.13653781950251,0.11443855696867115,0.00514282420508573,-0.8346466481119301,0.3428553644932677,0.017143569503338923,0.07560069305456535,1.7618973651757883,19.96540051324782,1.2581578815547565,1.3840357927968014,355.0822817361732,-1.7458178610770339,-26.100800538729228,-1.3745393886736634,-2.001853036887204
2020-11-28,-0.6729590742928907,-0.4056415022002483,-20.071285463690053,-0.15678391709185543,23.20782152552225,-10.54323770540707,-71.9030948241698,-0.019059186179752878,-0.032078919342376146,-0.8211733159512236,0.3544943096977829,0.02086817678053735,0.07469271937456516,1.9705236351218642,18.34647866028411,1.2550925985585675,1.2741048980898004,356.0675363392626,-1.7059134852790645,-26.981068057170866,-1.3701205906677492,-2.0037334834353957
2020-11-30,-0.4000437108885796,3.872815245923661,-19.41924557580361,-0.1436496963033914,19.884281821005366,-10.72247236605807,-70.6686176176452,-0.019879979202795918,0.006474985729886598,-0.8680568583179227,0.34833508001973335,0.017188736966044206,0.07657921410998189,1.6813056193501867,14.488501090088429,1.1246337991058164,0.7978613976570234,355.7011424947313,-1.6587869607914103,-25.23018637616669,-1.375911817809658,-1.9951329413367629
2020-12-01,1.490273624178747,0.3223910489855473,-14.376128820146167,-0.13788721512408253,37.44438911005729,-17.42690665818338,-71.02976410043458,-0.02351556320047161,0.014774860642715243,-1.5019059416399163,0.5611153296291931,-0.058475896768734686,0.10760607977365905,1.7488180039708432,8.178696458041713,0.137773508878701,0.3085054780761336,-6.832497624026086,-1.3343533546613215,-25.08555935518232,-0.0029014127661010814,-0.7592978451844533
2020-12-02,1.7783133764304035,0.03289236134074862,-14.197442232412767,-0.13634906336377006,35.7452773588837,-17.464922492428443,-71.48688069164055,-0.022805487373611714,0.012153116596303914,-1.5057207187145782,0.5515164108479474,0.026761858919437928,-0.3808982166718241,2.0205142300072576,8.140104575132963,0.1048336980358756,0.2705660687058635,-6.83105409883748,-1.3334661144468278,-25.360046609781993,0.004221886723290796,-0.7525101112227472
2020-12-03,0.9881499880047702,0.2614026113163089,-14.572763092353794,-0.10664556976536965,28.6130687768551,-18.021497426056378,-73.28564043781734,-0.0332373770223722,0.011993380334754684,-1.513624805366993,-2.373028723615504,0.012048432563732394,0.09014420265211545,2.087354668002219,7.553279339033315,-0.2743943858545061,0.27369981015858086,-6.891711886543787,-1.3268378603829103,-26.78113233231694,0.0010101288118608577,-0.7600444782562168
2020-12-09,9.994129982342555,1.3989893260896067,-13.516110428772468,-0.06710833122226278,13.619514686341759,-18.175482764509226,-64.33869665423876,-0.03065980688618994,0.009518974645652193,-1.2170284672209808,0.5293411080841652,0.014638873344053751,-0.3394948182872325,3.390663493544925,8.670919676494064,1.0226817280672134,1.4339754974570496,-6.781649659305916,-1.5068745040507812,-25.845383601258806,-0.020283127457173145,-0.629853948721842
2020-12-14,1.0334751395306028,2.62038981045849,-14.042075529012251,-0.11073299016546848,38.04584514861759,-16.780226500026256,-66.98937475611174,-0.025523869807204315,0.007310395754763465,-1.456516132224673,0.5715429462227238,0.031885217120996914,0.11296619191580089,4.34790614385364,8.634066264988261,1.1325383843632881,1.7987519623115835,-6.741006444551519,-1.3441829457865415,-24.215236740562975,-0.009441698422542036,-0.7542581392581665
2020-12-15,-5.600680432486948,2.364258654321993,-14.337281289231596,-0.07694965526607636,19.816836977122822,-18.403608364472248,-70.40292502274845,-0.045478595465256726,0.008618988407421174,-1.4068954777977245,0.6007144056612815,-0.04242544271272976,0.09597510496024159,3.313061023321675,6.5090853823803,0.9241157385918893,1.135007158160172,-6.863282986238328,-1.3517102968765626,-27.171403706823465,0.009719493415765149,-0.7488293328268351
2020-12-16,-5.619591508336213,2.2311150876973986,-14.391059734761624,-0.07584854651685466,16.67385701605381,-18.62468447094965,-72.40706241271877,-0.04493336620349118,0.008090540831261244,-1.5229049381397675,0.6074992122291522,0.01051125454091593,-0.3804387682677568,3.0954873792538407,4.8722521339913545,0.7379912587168628,0.9082911033804164,-6.898756293401359,-1.3758392517655835,-27.027828166626854,0.021581559119823963,-0.7418442147885179
2020-12-18,-6.519948083056179,2.1534646939552733,-14.946503109863052,-0.0705407943117699,19.993193272365865,-19.174970224919488,-78.44917015704131,0.14818708583119103,0.013812003953732345,-1.6585439267955826,0.6398922523001768,0.014867159489685,0.11223022598590751,2.498351775178583,3.263117109356828,0.5505625529809589,0.6731122243809463,-6.9304035137154605,-1.3846098237372022,-28.85811176254419,0.01799257955929286,-0.7672641797656459
2020-12-19,-5.836231165035628,1.7470912619817556,-14.83591929624119,-0.13241383819761826,-4.092531480396481,-20.711605992183234,-75.19041320764086,-0.04739254393957811,-0.06441485893521746,-1.6156589697971948,0.5412189622367958,0.01999912059149308,0.1566886010786644,1.8406365340454673,2.647371565188777,0.5470108049007872,0.3479382784121727,-7.036602341908523,-1.3679907408121694,-29.779685551292857,0.024969712077346544,-0.7328665346073044
2020-12-20,-4.78717761490728,0.8216269005487027,-14.866012884880996,-0.14702841746807463,-17.249640861857277,-21.14703674910855,-77.58917497020121,-0.028038047801941947,0.045640866836409506,10.203184167034827,0.5611701386775256,0.022443212132255457,0.14484009093548858,2.0279835115527316,1.429510429727785,0.3063014714045585,0.1714408794768199,-7.065905389408458,-1.4419845801064481,-30.216988648352924,-0.032705712550840815,-0.7509249060649581
2020-12-21,-5.22530702449125,0.6151436717173505,-15.471366416555528,-0.13818215954891955,-18.84149141545981,-22.811958339383573,-80.231311710577,-0.027734713942898,0.05406355008748572,-1.7733534194888096,0.5733528517190873,0.028606237103088485,0.14024047638669324,1.715519214005459,1.4731966868216537,0.20392385237317082,0.3162158207847438,-7.205817498883061,-1.4401202763039103,-31.53947506551213,-0.014373521237141694,-0.784614703936278
2020-12-22,-5.38291439452107,0.5149341248178341,-15.782038928972895,-0.1376562446600867,-24.61792420095226,-24.097853443502427,-82.70118196304509,-0.03457929184255631,0.038708400484779276,-1.8186237321510605,0.6915732169421153,-0.09756445583253388,0.13403246967668586,1.4262740989103944,0.8088805057935535,-0.18338706978825842,0.2435206080095208,-7.2885158915239705,-1.4742781363210335,-32.42944248296316,-0.050894274162273684,-0.8393785189746061
2020-12-23,-5.385637932095766,1.2487170590509198,-15.86456269319706,-0.1274689617350695,-27.552016644191994,-24.500327889344227,-83.59773098427209,-0.03050642054596762,0.020545945758723486,-1.777113208075151,0.7402780236172375,0.029639008361652047,-0.47533310818096214,1.509740686971408,0.3698387013493175,-0.35219244254465915,0.17538231290155543,-7.312229088791911,-1.5170945537002103,-32.62597199848421,-0.054136237683430344,-0.837879283197
2020-12-24,-5.382722106933104,0.43114433671375607,-16.217158789547632,-0.1330053405781274,-33.81785563850274,-26.01858938755519,-85.29412440264194,-0.030826457741348824,0.011506873191759186,-1.6609777659823446,-3.9080477442399486,0.014717599309550985,0.10784425898652082,1.6119337990393985,0.17368057038031626,-0.33132838112984614,0.15431627786559163,-7.3853043409182995,-1.5358300870092179,-34.103362173286534,-0.04927852540757298,-0.7954412584449216
2020-12-30,-5.1731578991963,0.6545562208591952,-15.520859842481434,-0.13328258756002204,-16.68271438726619,-23.470003354093237,-81.04643995012844,-0.02752958774436035,0.04481308568516865,-1.7892093651822287,0.5427735838712808,0.025535897561855363,-0.5019680319002587,1.691011835291483,1.1167981873570154,-0.027736235468828807,0.2096755851049233,-7.179723618681729,-1.4020603217070984,-32.067064860797025,-0.012573198171189976,-0.8095450930812772
2021-01-01,-6.391374425537812,0.19862438810622787,-15.347023291432464,-0.09695684131133675,36.12318005490229,-18.714819187041368,-79.34391477851322,0.09022553820806428,0.00916857100577647,-2.004788001332124,0.7721666095774513,0.06671015146853333,0.14622430487539406,2.9596779250977225,2.767881811469102,0.23898094938037207,0.30637771471366276,-6.899313414006716,-1.3793644557511306,-28.238330002651253,-0.007476389103709063,-0.7746119080569771
2021-01-02,-5.9898586330393515,2.2872962742519176,-15.141271070685358,-0.06956043049007367,35.639743789572904,-18.498497921010607,-78.20487494344061,-0.019374993245861227,-0.03926288839125566,-1.9958425374465136,0.7118114488055503,0.05062468506704197,0.14983008333418635,3.1171667701776693,3.029229325186934,0.24018903488585808,0.4303426473512432,-6.883016597750379,-1.3748610074503358,-27.740756086724456,0.0019393900975364267,-0.7782652099967464
2021-01-03,-5.492242091694828,3.716226171678502,-14.597442536472544,-0.07292043298802166,36.65874553033931,-17.64480756683093,-76.78885802343672,-0.008681627982581014,0.01030224651226103,8.993010026147548,0.6747650308252948,0.05372759253581423,0.14734109170544002,3.4429477602723715,3.015642980660817,0.20196936750093483,0.49192192478927826,-6.776297927065112,-1.3710648310015177,-26.582004202040697,-0.01714534346875394,-0.7670754524622491
2021-01-04,-5.286129916999386,3.8492312956454544,-15.108527905482335,0.0067280073820347635,31.809222209792452,-18.477693622846214,-78.8770931437023,-0.022412622019923324,0.002167747620304732,-2.0094314744662,0.710572927129383,0.058135030697871806,0.1562095368876484,3.0651061207334402,2.900852243077502,0.04247117658006575,0.22934299027202618,-6.896538829467915,-1.368729035758507,-27.63624577492212,-0.015209215717002665,-0.7855265134992572
2021-01-07,-6.839055792022458,2.9698279607021036,-15.547057742180586,-0.26355559351297947,27.80443782357616,-19.41244774351801,-81.42485161494761,-0.03286148750812642,0.00791260123806891,-2.1470747576157705,-3.154792428362798,0.0321339343594801,0.1383708152794587,2.470179198337766,2.0234470123563733,0.020235233902779037,0.1628706329979003,-6.978396289710161,-1.377074846501897,-29.40517721280943,0.0041929116508126,-0.7778790609218061
2021-01-09,-0.28996785767387195,3.932032610074129,-14.810794667907718,-0.13110794531980413,36.93681870192144,-17.990016605931793,-77.60630986439763,-0.011615871935672258,-0.035491431861430445,-1.9948052187331817,0.662130040879829,0.047108002657984996,0.15825154700201058,3.0171679757493814,2.976890927712339,0.046517724802025276,0.1564776810182885,-6.835605639502419,-1.371457920898185,-26.82920129792072,-0.029377063585733595,-0.7711787923642219
2021-01-11,-1.0370047630155113,4.113544884000991,-15.065398862202434,-0.07955034178483975,30.96957431087044,-18.34845090456827,-78.98051939554729,-0.019740299165081156,0.008428511956906694,-1.9300617934610915,0.7095370543204402,0.04448770370582516,0.16193233599775897,2.78702597046355,2.5230236261355947,0.08036803705338821,0.1505706653103732,-6.883733301801881,-1.3633748351784656,-27.34267870010801,-0.02452441454558207,-0.7704432329682676
2021-01-14,-4.673290829098811,3.364934140028298,-15.644352287424288,-0.2355858855946397,21.66356417931334,-19.86389769096433,-84.12753721788278,-0.044226915381871616,0.0039030210628952515,-2.0842772470349082,-2.9406628693573222,0.02108662106865927,0.11439736801111698,1.869439975487052,1.2061892440468005,-0.2106443182362114,-0.22069984221046063,-7.021483255343636,-1.3881465777768678,-29.614489802688308,-0.002292891805632391,-0.7792398257605608
2021-01-15,-0.8237006135791562,2.905866791006563,-15.10923651178962,-0.12959602907562062,19.233319118032515,-19.29117314629966,-81.6719550646633,0.12040997537253899,0.007998653649229774,-1.921935000852407,0.6161058209268541,0.022778413215840468,0.12441984577672714,1.9736275493514153,1.339807387701646,-0.28020436409729244,-0.1924333655669533,-6.952160016181859,-1.3769494149863972,-28.440124418658783,-0.023540431728354964,-0.7657473785726822
2021-01-16,1.079722892760435,2.435349703967239,-15.240098752004599,-0.07688098265276169,20.421343959895456,-19.38208703494629,-82.06050694064935,-0.03569116748740559,-0.04980316119378786,-1.9272824226322238,0.6093578660876707,0.018721885705420646,0.12140722605146718,2.0235902008609097,1.4289466286615786,-0.17354193784892188,-0.19849038274949085,-6.935984231584079,-1.3786219895930303,-28.36475319359713,-0.022490840230305734,-0.7512986016035914
2021-01-18,0.9539192789538192,2.368972917292691,-15.193853358304695,-0.07755918724748788,29.72175050085508,-18.451811609998845,-80.43133512475488,-0.032552710876623994,0.011263720343160992,-2.063320833660675,0.7129546729769275,0.04341967552954748,0.16617308133424427,2.3385106069038395,1.6715916188037023,-0.06872278863944035,-0.43031469335988654,-6.887277306395341,-1.353318889350847,-27.080176356982143,-0.02931130209482852,-0.7648622001848417
2021-01-19,1.3207680845800807,2.2028913699942803,-15.246283572917658,-0.09095702164954803,29.140117573550025,-18.693909571276922,-80.82994111443305,-0.03234586578935925,0.0112621370675329,-2.107555289765954,0.6995173205937688,-0.14408906445654324,0.15209325369617763,2.1888387420587314,1.3803847917805285,-0.15513750295812187,-0.6761528552798874,-6.893787138159991,-1.3375037234340192,-27.065422791079065,-0.029089371401035145,-0.7601667545227777
2021-01-20,0.44423113006371995,2.0414706221187346,-15.245687250749745,-0.09681305448039439,28.898884145042466,-18.62370454520176,-81.154562327691,-0.03461769914737178,0.009836502285171163,-2.1483560646318938,0.6917662404081178,0.042500015420320315,-0.5150807525477213,2.0719565165855203,1.2432303301473586,-0.20582974347776684,-0.6889619818900555,-6.906162662905753,-1.3375448083467933,-27.145985044324682,-0.02987813670919604,-0.7593030653043482
2021-01-21,0.6626044406644828,2.4139797382042234,-15.239520806953559,-0.09548297881185382,28.508417218170553,-18.8449767739744,-81.26172917965751,-0.03672010929884995,0.009680658287242743,-2.1882512406696195,-3.0236946040925874,0.03008739499938804,0.12684810453917503,2.024465463232667,1.4678416753725003,-0.16088956965444765,-0.7113702950083493,-6.931849572513103,-1.3572871319083946,-27.59719119198482,-0.026363484722353957,-0.75975100229222
2021-01-22,0.30400811705899866,3.422848959305191,-15.203471415336388,-0.06960645639686015,29.70464592862306,-18.453352681113177,-80.50368816077412,0.14101165706007954,0.00745431847978246,-2.0694567618702355,0.7362553527314776,0.05091098757353606,0.15912730906654335,2.3100008747008904,1.6410723060108385,-0.011044225258552524,-0.47107951521257335,-6.888777313470447,-1.3318105681902273,-26.91304117808945,-0.027745469925804792,-0.7570596698558978
2021-01-23,1.1974598395189033,4.258142296083158,-15.071326582181825,-0.07278499349832711,30.3905797045718,-18.299732073736507,-80.11680259929263,-0.031649436429405355,-0.03366797150685236,-2.0555409666019546,0.7360545711808817,0.05279703492203265,0.16382026206754954,2.3543165069123755,1.695556855134764,0.07626943577701471,-0.4185172064113931,-6.876104629253535,-1.3307547902490764,-26.681436342590086,-0.030535381705800693,-0.7494199066382303
2021-01-25,1.0295075737953296,4.415261005141231,-15.059009744171327,-0.0699697027346687,30.57889202415806,-18.313394285017946,-79.96748103782319,-0.03138030825050372,0.014512670990516821,-2.0618417577346233,0.7642439308469954,0.05609011019978587,0.15063986870599255,2.3679488018663717,1.4118449885061128,0.6893223928862707,-0.4433773238611651,-6.874563421701157,-1.3277094226523785,-26.721244902389195,-0.03462532589744112,-0.7415223639752406
2021-01-26,-6.005727891447698,0.2632640295568668,-16.01727634821302,-0.10704968923390427,25.646618489772997,-19.70229071015892,-84.33326097506564,-0.039541317426823576,0.010902964891046269,-2.436425350348155,0.8851170285886175,-0.175547675715572,0.15423786264367612,1.8055963649719344,0.1839979373829005,0.4389090810754371,-0.4998883479057867,-7.012908969307444,-1.327053156745698,-29.15604747364898,0.002608243877195293,-0.774793387148164
2021-01-27,-5.976372942624211,-1.7299727979908737,-16.11662978319113,-0.1191236982395159,25.25565353504785,-19.95771564469493,-84.95726549514863,-0.037174784566080234,0.006917933570145596,-2.61697286388119,0.9086975789150247,0.059502515372687914,-0.5327954760095118,1.8013606332396064,0.031908308927719814,0.45014364653869654,-0.4985368675182792,-7.04244117176481,-1.328420246457984,-29.533163513230576,0.005684801117755369,-0.7788260308653423
2021-01-29,-5.595117838313555,0.1996897021583289,-16.084171839171358,-0.1183459871206395,20.94504178580914,-20.296885131526583,-85.77057186368965,0.11458666195940302,0.010940646005517765,-2.1884507238782906,0.8123915577094301,0.038230383867292585,0.1312656560235755,1.6836837531910318,-0.1771530583199536,0.5700888147505955,-0.3686944667076785,-7.043468571733142,-1.345331325387545,-30.08169541344771,0.012968714749848209,-0.7797729416260301
2021-01-30,-5.919798440301844,-0.7615368771219936,-16.097324616028814,-0.12455211938474971,25.271529408654796,-19.956441266156638,-85.21278243038854,-0.033304963993601465,-0.04005374858440327,-2.559119743632084,0.9323137120598618,0.06703045787099006,0.16093506260171883,1.7389416667411095,-0.20927450271249082,0.4804893071729604,-0.4492678475059438,-7.036497263729939,-1.3242697148673452,-29.59679047352808,0.008883270931409245,-0.7740371227106105
2021-01-31,-5.219191427843228,-0.7808772615486687,-15.38603174208428,-0.13305361458868317,28.061085066190397,-18.849713099131225,-82.32156125229764,-0.023857759540170182,0.010649104390932057,11.97367020039393,0.851208550882112,0.0841826333366452,0.15230826565384326,2.2100891656441504,0.15731007320658547,0.5177291282967789,-0.2296889286276459,-6.913478002477329,-1.3383521669717355,-27.856247433710077,-0.03038401848242833,-0.7617451496621244
2021-02-01,-5.931666892900598,-0.9428015139839967,-16.077051367155306,-0.1330392391985716,27.546312044931213,-19.933532840004776,-85.07256016242728,-0.029691341561041914,0.006481246187891994,-2.6025261052014836,0.9554540291525674,0.094557544705459,0.16560833853114465,1.6936631052880873,-0.8108959446889845,0.43133217884901404,-0.5569870847488917,-7.029123167800603,-1.3390831176211164,-29.1871960378377,-0.00790740167144245,-0.7683779112823707
2021-02-02,-5.687319126537738,-1.628547979106696,-16.097145839760948,-0.14222328593015318,27.744708854824154,-20.092172303284052,-85.8736207263116,-0.026133344978724833,0.010209790070899966,-2.596250053099766,0.9684460747368902,-0.260964934165952,0.15020439108906117,1.7700595288113903,-1.5432140332050182,0.19608442303340645,-0.601239957505061,-7.045226297920197,-1.3457183849764254,-29.429079720418297,-0.013999208350166341,-0.7758072880634809
2021-02-03,-5.77357585750614,-2.1042991299297733,-16.166943610283855,-0.14010280867512523,25.843136846774716,-20.38116581143688,-86.73093788565785,-0.019887922783250536,0.008151408178575112,-2.781280671575958,0.956357244468306,0.07438237712810557,-0.5360043042083504,1.7767014207379261,-2.2344501685762705,0.19861977402613748,-0.6542168811110415,-7.069622447309341,-1.3411298826420508,-29.828859836876042,-0.02101128045478764,-0.7695057862047298
2021-02-05,-5.246184590896452,-1.2877150820456857,-16.292742502907856,-0.13250877172427186,19.626590348609454,-20.44951950781904,-87.65207528158788,0.05580067008368544,0.011129519805913625,-2.4379095157468624,0.926015243368855,0.04376298362898909,0.12963275592179613,1.690648902179896,-2.046651689560821,0.27860384280949574,-0.5870134939957502,-7.090200100596475,-1.3457804713520365,-30.795001389288164,-0.013016646181814485,-0.779363936745563
2021-02-06,-5.283571310464848,0.00830125108296914,-15.882481037514435,-0.1358102027879701,16.73201604026968,-20.99653928353308,-86.10243084165232,-0.025535955374845345,-0.05074902799728602,-2.2446562340961913,0.8423338200791944,0.03212034137841183,0.13136968309301425,1.748124384727101,-2.1606446468326874,0.2428072714742857,-0.6117186614639861,-7.064134040212666,-1.3427761316378681,-30.320822638379692,-0.013623129819675414,-0.7659152155120129
2021-02-07,-4.9908845039748835,-0.1852613630520372,-15.5257335996963,-0.1436715243748318,25.432205081515292,-18.683995143723518,-83.55418871946814,-0.016223610500128376,0.01631122932456575,11.67877217983994,0.9380473005723872,0.07711761275231178,0.15049900824256052,2.3281529734379696,-1.334540078892052,0.20320891870359548,-0.3640362203297517,-6.926503290161622,-1.3240119807786306,-28.365847903457038,-0.044180287123349093,-0.7580863787042608
2021-02-08,-5.228998018523429,-0.7318455110175541,-15.981136213083706,-0.14133906223615048,29.613309113951935,-19.281034537123176,-85.24799354756858,-0.018625486648742296,0.01040729876129862,-2.4188897898303594,1.059797076886559,0.13926693848313626,0.1602949696100537,2.0696173756665415,-2.094263025450007,0.2146315163515949,-0.5035512508259697,-7.027320235432814,-1.3363926066945224,-29.078353553851247,-0.022706867780644322,-0.7616598470545148
2021-02-09,-5.464561609362082,-1.2605047284881221,-16.220300584322025,-0.136055617331611,24.22321354129641,-18.943452015107166,-86.40180234010518,-0.019847707107769143,0.011961825717987304,-2.643635563695532,1.0398828124194013,-0.22810860601932653,0.14180221867650347,1.8232951627198533,-2.4911240573353823,0.038771148015151365,-0.6418801860855897,-7.060447050173356,-1.3211321282576947,-29.814836902070198,-0.016864449272333,-0.7714533455429652
2021-02-10,-5.117188030675083,-0.9892905540554845,-16.151499856826053,-0.13423478157479582,18.270847574630913,-20.521764739332514,-87.21529467575505,-0.022257440377443878,0.010859732834033787,-2.405463142857178,0.8671688679363415,0.036472122666250655,-0.4142488761925563,1.755858692360205,-2.5238106034370906,0.12871581506225668,-0.7083696215558382,-7.099027831362425,-1.3561439189141042,-30.50731654194579,-0.009405720182064878,-0.7673482771325729
2021-02-11,-5.2339890447014215,-1.4148999810701335,-16.41953025957602,-0.13101080779822022,19.333668927284066,-21.453423132368915,-88.72136887650754,-0.022804325902489753,0.00587830717395475,-2.5114900943309477,-3.905094788182174,0.02373063515531999,0.09540501534472373,1.7362937754159282,-2.870599859826395,0.09012732397728511,-0.6622972192071748,-7.1472521610170165,-1.3705124429413726,-31.436490423694707,-0.00869785940533366,-0.7767690269538667
2021-02-12,-5.064402354163251,-1.2763703564764775,-16.258601096914123,-0.1343602990926376,18.04433365720943,-21.24534505420486,-87.69651915748345,0.056479700806686524,0.005841678269498471,-2.4063695952568467,0.8900974813754308,0.028004421269580318,0.12526987033890638,1.8819743371998359,-2.63183446839166,0.09030166879777639,-0.524264224247442,-7.100705479953098,-1.359788851098912,-30.69242955768456,-0.013828224378738417,-0.7765220340916248
2021-02-13,-5.095336556165299,-1.0140316976270891,-16.31901648263926,-0.13450438773432752,18.887716117728583,-21.149846241065433,-88.04565222039209,-0.021805595106233526,-0.03665623975140485,-2.3844253963161313,0.888285858877644,0.03080796391406285,0.12567200280557536,1.870642686598715,-2.5787023886517284,0.07504364906861687,-0.5779065522424223,-7.102581998830011,-1.3613240624848821,-30.795136068439902,-0.00888987759705596,-0.7736434000060223
2021-02-15,-5.277309725246118,0.2213788692990248,-16.00135100041328,-0.1417553246696108,29.613516983700215,-19.304628703278812,-85.14104595106257,-0.019774469354742495,0.010487819334463518,-2.3840277660032956,1.045547449157147,0.11742229964165453,0.15962363378910552,2.492168825798321,-2.2043137280895735,0.18301294153112055,-0.8098763637908205,-7.012109581521197,-1.3359952362187015,-29.038168131665365,-0.02074798079323048,-0.7550898896297482
2021-02-17,-5.287778741478584,-1.2506977335605938,-16.164295369402264,-0.13917876752896116,26.385590724970083,-18.98555307053973,-86.11511779724424,-0.020497617364880455,0.011626431715247122,-2.6803007772579694,1.0417955007141337,0.09650998911334392,-0.524985237879971,2.411450298935142,-2.3509293545589274,-0.02160171764951663,-1.1867863969226222,-7.0572676249121695,-1.3315351826642985,-29.49467727084001,-0.016222475891183304,-0.7623506359542424
2021-02-18,-5.465302128446662,-1.3592708317003561,-16.2945697079413,-0.1365985782882325,25.078156333927886,-19.640602798409304,-87.19386227721424,-0.020635756740604427,0.010784356689380277,-2.710930832433093,-4.62701483045344,0.06219015164032883,0.10417843810639578,2.1191935997070313,-2.8112572927625865,0.0005419797022503602,-1.2367654510526986,-7.103471971010676,-1.3535232338345058,-30.35329469400868,-0.014538215252186756,-0.7620431581299577
2021-02-19,-5.261056510437096,-1.317685973750767,-16.176919059925122,-0.14045740436514856,27.060018790232665,-19.153620296792305,-86.08098903923545,0.06393692195529001,0.011104425981159058,-2.7319414722848814,1.0724203196724718,0.11653436314651043,0.1633402744233755,2.4816268332202003,-2.3344162712477448,-0.03055956460541814,-1.075673037410307,-7.048196881008543,-1.3386243459491147,-29.460494647159976,-0.01942870443137552,-0.7659644443455095
2021-02-21,-4.681551416946945,-0.598880452085972,-15.351885690981128,-0.16000170122969484,31.869510577630027,-18.207904408707638,-82.49983921928118,-0.015144531948208305,0.012258971640234009,10.684452871596084,0.9663009078213687,0.12182215894290511,0.15301011090984412,3.1147933071301828,-1.4922288323866177,0.07845809269399054,-0.9143450859864649,-6.903861330389731,-1.346342011527015,-27.698390432930687,-0.04492663106053475,-0.7564342204475392
2021-02-23,-5.101929431586736,-1.0602676885737308,-15.934867038011953,-0.1494433800474275,31.630178208200224,-19.152008635246688,-84.93278984008393,-0.019513824289879154,0.011288902317277222,-2.3571393931598275,1.0438894318516383,-0.31122215690630867,0.14416330234219124,2.6746096658606273,-2.201888652864814,-0.02688322057555569,-0.9634750197392892,-7.017380944991147,-1.3465633812258233,-28.93208218888719,-0.020889077204194646,-0.7605632220725345
2021-02-25,-5.554601657464898,-1.6807166448077402,-16.202901605449828,-0.1418548322290866,26.257926297699225,-19.96069346874379,-86.62515061760912,-0.019765656754687947,0.00989091118047035,-2.7090248654328137,-4.528695343566689,0.058359925145807526,0.10258608352787647,2.184199109722261,-3.104586599418838,-0.08136100826730121,-1.0831664242502883,-7.09771878861071,-1.3577626002368728,-30.17371384654658,-0.019409729718416462,-0.7683696386104876
2021-02-26,-5.3438356058273,-1.2561642576589331,-16.18866218066834,-0.14142491076880973,25.197844729689372,-20.083179286200334,-86.05376724281521,0.06114030677022446,0.01032209107561791,-2.6584338423738303,1.0779451724973976,0.08409634257031809,0.15999125900837557,2.3107369391346806,-2.612262403392641,-0.07219476987644811,-0.8129912480649808,-7.061839200352522,-1.3412469356048105,-29.7941423155961,-0.021113258977768685,-0.7602414665096744
2021-03-01,-4.9967430791036325,-1.230496423210612,-15.832865440124761,-0.15117209264722878,32.01137143563849,-19.527854998518038,-84.29807912313896,-0.016434861970875552,0.009890145215121403,-2.33826216901264,1.0931028442507695,0.127952803658059,0.15900050454967038,2.560842804908577,-2.50511745101393,-0.045507392299108274,-0.3333259360142301,-7.012533445370562,-1.3532449795094728,-28.8292131890904,-0.021719816034045308,-0.7719577073390523
2021-03-02,-5.089074014579236,-1.2831806807429627,-15.857613047778926,-0.15384024962363843,31.195972153725144,-19.084151010370384,-84.58085675154909,-0.016612774564356024,0.011398753736812702,-2.3596878029864,1.0460414608561552,-0.2909650719493125,0.1448976087652113,2.4529775430095055,-2.7419422197296877,-0.058222125288473536,-0.5635441080707977,-7.01635458891235,-1.3472709462909989,-28.914752354556075,-0.023450952602985495,-0.7748049373664362
2021-03-05,-5.2065134673995574,-2.063296974501607,-15.816046437377366,-0.14406928835885865,28.389782136072967,-19.339202381153125,-85.4316114686396,0.0492535540706546,0.01142524303980028,-2.4394181675698325,1.0310177963162517,0.13209170018940486,0.155432210213382,2.1747998129242063,-2.993335926491265,-0.25762180368782683,-0.519855394829712,-7.062427784220188,-1.350204091864318,-29.059657225879878,-0.01726648599212743,-0.7744714149708363
2021-03-07,-4.694127104476305,0.2297030647211246,-15.15778533833868,-0.1382388133777184,17.007988750150787,-19.363225649120988,-82.78152861738334,-0.021162472619934217,0.017928459595951782,10.390515686315805,0.7909209149538863,0.04358481976036589,0.12517515656704342,2.130079775009181,-2.5609605947439906,-0.24584458690351088,-0.3294960587310606,-6.952269781111722,-1.3507208181703665,-28.855118325482813,-0.03510777901003166,-0.753688023337561
2021-03-08,-4.771590855859049,-0.9343633444624796,-15.439563858267158,-0.13679252174783035,4.51139027568025,-20.666075123647218,-81.27711029456087,-0.021642846027637788,0.009752902205689938,-2.2740372671474645,0.8004573240000153,0.037990959068385455,0.1371010411294634,2.0802099089449624,-2.9695163228810526,-0.33017175257240355,-0.5940880259243253,-7.0900024653389035,-1.3533198542939668,-29.254677740722844,-0.04609252377632628,-0.7295676091731244
2021-03-09,-4.6340325401698665,-0.510101342325171,-15.914589094209575,-0.14509229464983842,-9.758270171043314,-24.060925982695263,-84.46764944935418,-0.02544202429988764,0.03877382539612274,-1.972485452719911,0.6325957770774876,-0.09528397364479013,0.11444652870627964,1.9330507373116974,-2.8472237214453706,-0.3655880188631072,-0.342831658632229,-7.2161818372290085,-1.3504713773744874,-31.450212553032497,-0.020549406284659764,-0.7798943229863725
2021-03-10,-4.695949974314481,-0.45914310813754877,-15.904139691038004,-0.14633794777297315,-12.058712407708882,-24.491465618041193,-84.68031416427323,-0.022474501398686026,0.04808021523779038,-2.0421732946676876,0.5862235831716431,0.026180842289976063,-0.44939285222811465,1.989939127857611,-2.796769938235908,-0.3608615650338705,-0.203905755611457,-7.233549111502656,-1.3529956000556547,-31.76350665284601,-0.015405697659187343,-0.7664571210044141
2021-03-11,-4.595207685966461,-1.0310271899807222,-15.762076891418964,-0.13725853377755431,-0.9210713267934196,-22.653325467147372,-83.48452089284991,-0.022465280315300096,0.004866856857121596,-2.295614883021168,-2.7833611137952974,0.019631820852835616,0.10937476794687627,1.734349363620201,-3.608843111805014,-0.3546086361333605,-0.4841096263064884,-7.174318664088183,-1.3639724479008848,-30.69943738118047,-0.04099728892503085,-0.7709951139884086
2021-03-12,-4.816394002440342,-1.0513008171266458,-15.616884472485712,-0.14159713302250604,-3.5602396596174257,-22.829787423179177,-82.92130392131236,0.06634856384135222,0.007687789846748019,-2.2452427600255507,0.6778503865344438,0.028317129900454662,0.1472708401544386,1.759909126606979,-3.3415349074026257,-0.2634044029533739,-0.11604334173912291,-7.162135947548084,-1.3462272551226504,-30.71802306543901,-0.028268396133731163,-0.7618911593516728
2021-03-14,-4.543158723773506,-0.666354129078866,-14.917674417348568,-0.15051400438440551,12.81225579283944,-19.664043807853147,-80.69566816216214,-0.019397891500602827,0.010193359874327925,11.365942781931198,0.8162354655872811,0.04589497754230022,0.125037431392025,2.2963560709935606,-2.713968646312549,-0.15263391887219557,-0.03396705164550434,-6.956589056829825,-1.3515058398857813,-28.0586422976604,-0.03523958797890302,-0.7371327983694772
2021-03-15,-4.699827045274893,-1.0537718346521843,-15.849385069396487,-0.13422799183168668,17.28951367044791,-19.71219725592058,-86.10658149645234,-0.018161070886323134,0.006614196258595194,-2.3114225455141875,0.8826793175971885,0.0450637117326401,0.12513758833655342,1.883245177573797,-3.3195328851116193,-0.15380222651926384,-0.22264006143395448,-7.077855536052371,-1.3426883349096526,-30.161576102876484,-0.00915556013947808,-0.7817472275257437
2021-03-19,-4.72407610488045,-1.2614445071387124,-16.05030419660054,-0.12962530394493618,18.890190347480083,-20.41513739683087,-86.89524658096533,0.04730642084778035,0.005876682207357756,-2.3207109258600602,0.8808847828500738,0.05040378305487133,0.12211517591833962,1.8853940267520044,-3.5255959282747993,-0.18850733720768015,-0.16857708349285128,-7.096675381287493,-1.356401295057446,-30.47838140628136,-0.009303041692738387,-0.7787273020806098
2021-03-21,-4.366079717291432,-0.625562238470175,-15.351990958456788,-0.14274259649950952,25.32910498323062,-18.57319574719246,-83.41465681730156,-0.011549432917797049,0.010554810529051644,11.885327367835746,0.9308204257993992,0.07851616431950816,0.14768398175329145,2.6069459787800553,-2.919297845279199,-0.2719917093874279,-0.1893226590484494,-6.949807272094956,-1.335527571527541,-28.289879058851362,-0.03589981625431388,-0.7583026176437766
2021-03-24,-3.7294955527813225,-0.9343539696706722,-15.574000770853466,-0.13557426831443642,-3.0246952158832574,-22.274200006936393,-82.87641289853802,-0.022098879728784923,0.009329312527661662,-2.2034815539393153,0.673621294605962,0.0292023850582349,-0.5128934003376234,1.7651050955053689,-3.779317431579314,-0.2110859650524653,-0.2053006946899124,-7.15270722858438,-1.3584562828006057,-30.028558090636373,-0.03858476094635231,-0.7701620298545034
2021-03-26,-4.677264724524942,-1.2957718871225605,-15.773792486397541,-0.12945006184936608,17.53691520586623,-20.9515353810974,-86.23361865445206,0.047417644077989485,0.002250158480037426,-2.2171105078579134,0.876368076801036,0.046240254094743215,0.1252670124691773,1.9488410861569272,-3.702634995349165,-0.1194722579341036,-0.17896927351202246,-7.085731890599695,-1.3655812454670477,-30.438360230656734,-0.016246108639886802,-0.7822700754207781
2021-03-29,-4.450779567056028,-0.4731281227448337,-15.77424675281831,-0.13933937517374045,-11.300008355982529,-23.217507557359227,-83.80114887001226,-0.022770492881899165,0.0639975454476048,-2.00282014538548,0.6467241184717645,0.030576231659972475,0.12615862105944514,2.1650138629886824,-3.3327961721786377,0.002007834353047578,0.15412275680401782,-7.212777334714802,-1.3723430807777943,-31.939788368400706,-0.02524610488015536,-0.7638756062248472
2021-03-30,-4.580388399735139,-0.5157354666722809,-15.858683966246163,-0.13950071004172004,-12.855639551046522,-23.459393040408244,-84.46385921258896,-0.022518697389362585,0.064589491750672,-2.025014622444728,0.6373803361521914,-0.08706854553883273,0.1193338885703621,2.105896052387556,-3.3415619477675977,0.0026867435997494924,0.09636456461113606,-7.230316698646285,-1.3787607004691336,-32.256442034930096,-0.034507550986077454,-0.7769275519582467
2021-04-01,-4.421550271723174,-0.6350251688379948,-15.771024391913366,-0.13574867247790173,-9.071082184072397,-22.84267020686194,-83.72896286739874,-0.02598211880466398,0.04781253329974277,-1.9902893177354022,-2.7068265443486372,0.02123028472711992,0.0969708313884586,2.0463506960849536,-3.7924763784180637,0.05047886682986127,0.22832980615425252,-7.224180824707816,-1.3908516853350341,-32.61741276480213,-0.038118395592139115,-0.8128972136462811
2021-04-02,-4.571705973096319,-0.9604682422465777,-15.542301521321683,-0.1383112219765404,-4.642546957292103,-21.68522391168461,-82.03357748144794,0.06862732036968382,0.01109566430098866,-2.1522106927702023,0.7008426640306508,0.03188637847301992,0.13918339848733108,1.9570602649213231,-3.8572146008194985,0.007060301169753687,0.20407492045134473,-7.156297279210699,-1.3752067122077272,-31.70034923007568,-0.031700423531001096,-0.772642543871817
2021-04-03,-4.597341724814826,-0.36180240628065036,-15.828437484307768,-0.13935850957481227,-10.106370934797724,-23.315026910338865,-83.91027084575573,-0.026056324247008617,-0.2020785839492714,-1.9491212498775592,0.662997919142158,0.03179096142219879,0.11893173817021241,2.0793128707625814,-3.676451505943562,0.06740756100186375,0.2503455113155727,-7.2084332971729,-1.376221121696447,-32.50488959831673,-0.03301983215892304,-0.7919060460816524
2021-04-05,-4.2089067087146335,-0.589790215068111,-15.583445563506523,-0.13480252052473826,-1.2716833567082215,-20.19724843776898,-81.84813307381074,-0.02057686858770348,0.014999692842939923,-2.1265964733520044,0.6880440622430316,0.02784184647829357,0.13166249977134328,2.2734211488729157,-3.735118878568193,0.07984584506966773,0.2522204633325237,-7.121808848521684,-1.3660091620290584,-30.882111135440997,-0.04299230614059582,-0.7720020004471676
2021-04-06,-4.384324822257915,-1.1515945151390334,-16.05907448771653,-0.12756312652031454,20.660040271786258,-19.504318519454724,-86.5900755748087,-0.018173517449040496,0.007997667183141613,-2.2274711496161035,0.8995667344434569,-0.16036885196040368,0.10772556540109271,2.104121576563281,-4.002229299247174,0.01304910327037058,0.19134141138774274,-7.0837443126479025,-1.3605492945186726,-31.090340654205345,-0.020271009782614455,-0.790811220539187
2021-04-07,-4.612206847950546,-0.8535391815135633,-15.535321085585574,-0.1364000263621791,-3.114290784668508,-22.180320942186285,-82.1561492259055,-0.023303921053179213,0.008877116105895599,-2.16180981564529,0.6704400909941126,0.02741245680081551,-0.4971396145049536,2.087849623284607,-3.8783167883757548,-0.06383614266252374,0.19701162408407713,-7.1561268209712,-1.3718796675816476,-31.462902357294816,-0.03445578148815817,-0.7712216280948517
2021-04-08,-3.6012321094859168,-0.5488806399452099,-15.730031626958773,-0.1353621262953625,-9.213867346391044,-23.63944180499381,-83.6558759398451,-0.02555018294331786,0.031296844649794334,-1.9647252842747658,-2.6723216446584335,0.02418056321731868,0.09748260334660779,2.016074652951172,-4.251911312530246,0.00913039872887067,0.2576617753434251,-7.223372655672944,-1.402023136581751,-32.489322567128646,-0.040196788017221444,-0.8095162455840043
2021-04-09,-3.718158192845846,-1.0336374571993037,-15.457532985600015,-0.1295162921508597,3.028367539327475,-20.52751558325087,-81.19413196249646,0.05388462694102221,0.009731693318163476,-2.1665854265767113,0.7213027805320241,0.0321417690990993,0.12995798896196226,2.225386578914416,-4.1680038319111885,-0.01683098313605235,0.26662528252590384,-7.091115900019764,-1.3779323357684774,-30.1699232123814,-0.05175218905878985,-0.7546142861634099
2021-04-10,-4.004558526300903,-0.5861328574856735,-15.443958259584804,-0.13658934482940646,-3.795188771714913,-21.035476226482658,-81.27913028380114,-0.021408035890972905,-0.05893951803949969,-2.0945197312196697,0.692284072166837,0.02487682135086201,0.1355404651060901,2.1149095943733194,-3.9928760420435325,0.026333030308852697,0.25170299449749833,-7.139340018450304,-1.3723920517477213,-31.187984796314545,-0.03865476129347031,-0.7741680512579324
2021-04-11,-3.3860587919881673,-0.4641501134609095,-15.219547417877948,-0.1327900996551597,19.456502357903496,-17.545313525506508,-82.89121368141595,-0.011110551524255047,0.01525007844702159,9.857566086172891,0.7998590631110438,0.04691426144334368,0.11129441123767723,2.51960286502536,-3.7176416090402378,0.12424587704792639,0.26112817955379436,-6.959195547184451,-1.37480519342689,-29.30634278243869,-0.027987508106693208,-0.7775572494872645
2021-04-14,-3.233722058744937,-0.5488008932103784,-15.63064283347425,-0.12822805517106758,22.531949885548265,-17.828961779741228,-84.41824021718149,-0.017242393592273,0.011976315147848146,-1.9290763208428539,0.9286058481160226,0.07266045124585904,-0.35589876715253843,2.448363076038203,-3.4446062324362408,0.2250499917641187,0.5712917482055083,-7.048407395675385,-1.3416434518566789,-30.050094810729796,0.0044278185904713,-0.7973352148014345
2021-04-15,-3.809232421499595,-0.3750703266404505,-15.224140584705648,-0.13350462511052116,-1.8794383604321099,-21.56620522977347,-80.74044894012408,-0.021792993143323086,0.01059378079278865,-2.058722252051748,-2.7879796975659032,0.028208611474784963,0.11678631576878738,1.6588976306995842,-4.135758981415618,-0.016604133940575798,0.23528406344362418,-7.15787180394084,-1.3635620367295143,-31.184801638952525,-0.017108283842287787,-0.788045306171976
2021-04-17,-1.2055610424571932,0.7600737074016415,-15.228455677497266,-0.13347672675817232,20.60863821444777,-17.515140362983637,-83.40491453359907,-0.030944637846570967,-0.06706856400167911,-1.6998807378353513,0.822294436160577,0.05877411646250117,0.10992264165894179,2.3624502331671287,-4.3602633790333645,0.05081832912914696,0.36527352838536625,-7.003153933030869,-1.3447306068656428,-29.704050578266116,-0.00648363610688972,-0.7807296370917577
2021-04-18,-0.9081622860229486,-0.5059102454508062,-15.01762868425398,-0.14902725431071492,26.615106376583427,-16.89948178534768,-81.82660728992948,-0.007922125497739997,0.01976266709500428,8.913628472661388,0.832480143099418,0.06115060396730831,0.11360656755816555,2.698018468112088,-4.887858048538601,-0.2396559858404802,0.1570753789817674,-6.90236747545232,-1.3550070772378764,-28.307179019697635,-0.03361219443693895,-0.7776270643382698
2021-04-25,-2.5303419476774414,0.022777777983904016,-14.597766386264745,-0.14724723118065283,-2.343939214731768,-19.59281289484698,-77.80035190627919,-0.022143198953191938,0.020683469284571928,11.10709120360703,0.6378566454514165,0.03088318213719142,0.13747309130212673,1.809180291553304,-4.36794799956969,-0.10458083089099857,0.29570158246659933,-7.0210721925274795,-1.395174457560976,-29.762016623387552,-0.03982947689166719,-0.7259778589341422
2021-04-26,-2.7454252586824364,0.09376646376147703,-15.553091348975382,-0.14081668109694243,-10.769588477713112,-23.279004939985885,-82.69497841732976,-0.02615173284928451,0.04522227769782799,-1.8422221464811803,0.6364494377891328,0.034303683814461264,0.12135247006154215,1.627343336669383,-4.927829364877343,-0.09366963606406524,0.39135689827848913,-7.175145660830215,-1.408527785887181,-32.318335353940604,-0.011491887445182526,-0.7671215859332496
2021-04-28,-3.977677699385321,0.25817939609468976,-15.656700489076908,-0.14030833923225736,-14.170220942734487,-23.736067882718995,-83.58973970645094,-0.02559075635037221,0.051707081984887826,-1.9185207661113188,0.5870889684973066,0.02820597400140059,-0.4288951112357411,1.3979195966927283,-3.9487216298759917,-0.052412552560261026,0.41897031952264424,-7.223382462536449,-1.4327125945185923,-32.47659828515492,-0.00337866426938726,-0.760801806005973
2021-05-02,-2.6765104069755887,0.28180436962583894,-15.027835057160377,-0.1501375312785139,-14.117388626918334,-21.5699823054689,-81.02451479586904,-0.019062574697514142,0.045254074918474475,11.531753025475222,0.6073294561790349,0.02948538557634602,0.12260831927023408,1.4521127948154535,-4.134282497491676,-0.1579944122612025,0.44830498009228514,-7.098170260544193,-1.4063799363518041,-31.074323506525165,-0.023834193409767824,-0.7344956917113259
2021-05-03,-2.8333169487946277,0.42129278359953204,-15.662429249163207,-0.14074717613803142,-17.09951611044374,-23.06053004482915,-83.60637110426471,-0.02778799951044193,0.051122095954891644,-1.9207114462404078,0.6543542346018097,0.028840720075276265,0.11804418868083554,1.301337740808797,-4.198129510126981,-0.2972583711139122,0.553546685717446,-7.24457575346841,-1.4362272887415326,-32.35327823048207,-0.011208878962738398,-0.7614355400960594
2021-05-04,-3.446610139248554,-0.28930200310676746,-16.0275924846839,-0.1427271657758589,-22.314123929164904,-24.523663850332166,-85.63982886440564,-0.03846069957299596,0.02334531514798327,-1.841409986640517,0.8222949797446565,-0.12525670446117196,0.1257153764462633,1.1228432795740122,-4.110444384919983,-0.42081077915827486,0.5123206682100575,-7.346054302659059,-1.4831357449200315,-33.028578182232124,-0.03380239293484423,-0.7690467749331062
2021-05-05,-2.7534837019869047,-0.33526518650660025,-15.833820219655022,-0.14294380320460778,-19.596570578993294,-24.36729509641522,-85.01497038475512,-0.036178065489665574,0.030020856747614857,-1.9519852976965608,0.7311101640940871,0.02814972384937838,-0.46289515454060304,1.054760311845914,-4.727306565469721,-0.3936787028809489,0.4368983407764351,-7.30493457437551,-1.4566393284184436,-33.00135175906154,-0.028649690188550198,-0.7810183274424034
2021-05-08,-1.6898752617932435,-0.4593392079243227,-15.78520450010208,-0.14241333352196298,-17.692544189729876,-24.639855829515746,-85.005056878773,-0.034511799309989745,-0.15920822069015236,-1.9555351047117597,0.747302574538173,0.023300384538965532,0.11983947749367567,1.1822661328651503,-4.697855429840372,-0.3525664817493928,0.500537899814125,-7.278028063854553,-1.4430993067618616,-33.32214327999753,-0.02112196842944138,-0.7587187552713096
2021-05-09,-2.541953935158928,-0.2862429996169171,-15.250194433057024,-0.151825030070443,-16.815302947238006,-22.622102069960505,-82.19379422574947,-0.025938961662182895,0.03049604892307136,11.829612622179036,0.70165855890529,0.024447114544351795,0.1163935006339196,1.2370792498512941,-4.278664289079415,-0.3539809824012412,0.40043544092402344,-7.175670681071939,-1.4223881666621516,-31.763081320727018,-0.03794002575933407,-0.7432624862365156
2021-05-10,-2.2496336600450673,-1.020214226964087,-15.21751318864238,-0.13597021160890668,3.0295186654997353,-19.26256546717029,-80.60532171112911,-0.019603315351446295,0.014835969276647746,-2.0594199568630516,0.6828646464886895,0.029045614398446894,0.1364524978819708,1.4544095923605946,-5.203960269702512,-0.26625480447637756,0.6839087734154556,-7.069099293611697,-1.3990661005343776,-30.33850366621548,-0.0114123876234003,-0.7435425130751016
2021-05-12,-1.9846789403413485,-0.49815032073884724,-15.77761990817419,-0.143381115882964,-15.727080010153164,-24.3232741709343,-84.51737996908918,-0.0299402334550376,0.045905158398072625,-1.9406083714839937,0.6604201873130826,0.018338326386244365,-0.42856083230033104,0.5149711390735184,-4.670193766886213,-0.26327182028167273,0.520262003922569,-7.269450033035824,-1.433444859448386,-32.926613160971414,-0.007434280825161632,-0.7669745283587521
2021-05-13,-2.4999042231428974,-0.5243427151744436,-16.013750907474606,-0.14031014440739595,-18.41821830047365,-25.20812144923276,-85.59665663515334,-0.0348868746177789,0.03396759050232689,-1.9342532356539266,-3.4512681851798432,0.016861307507113038,0.09428238413770434,0.09928625608317646,-4.850465081639042,-0.2500842983932252,0.5356059197295917,-7.337819309154126,-1.4849755610331605,-33.60626396043519,-0.032722795849868716,-0.8141634558600667
2021-05-14,-2.3949738688514692,-0.37526419668052474,-15.948770062414793,-0.14317567319052907,-18.784158693083157,-24.666259800918372,-85.22071401242049,0.11118528920337949,0.03614957199746261,-1.883063859749539,0.8148248245356905,0.025067073586677705,0.12150468346550534,0.23155566772386976,-4.667989439939251,-0.2737689677456553,0.6780711058675013,-7.307619506644935,-1.457182474074681,-33.05586647758759,-0.020680217994351605,-0.7828650031231388
2021-05-16,-2.447402375354024,-0.19001394603953606,-15.212050451947723,-0.15227757043549484,-13.751121074420219,-21.649650284631377,-81.25564613111673,-0.023575392639482003,0.0498040286284678,11.51381923048112,0.6649674707762292,0.021550960459437503,0.11883403174267812,0.3134466125056754,-4.100586578991008,-0.30306743302445416,0.749848976367504,-7.1499973133254535,-1.4362783998246094,-31.19545071883869,-0.013418596312193776,-0.7374919996228344
2021-05-17,-0.8667467639969401,-0.2966463879099809,-15.747917282065211,-0.14353074453450368,-14.171948951194851,-24.336121450485038,-84.39414806497535,-0.028258550424487064,0.044904670341433466,-1.8593470956229836,0.6623908226253633,0.020332061603355427,0.11870962744400508,0.36489849133594654,-4.558364734725393,-0.28739375083373314,0.9125862161350411,-7.212876425327604,-1.4840822359214128,-33.5391624395267,-0.0005388282760366567,-0.7413914651766487
2021-05-18,-0.5696417592608779,-0.3769502776697476,-15.848747074341924,-0.1451177236404728,-15.861078710176086,-24.579477317570657,-84.6850799576172,-0.03132003682145441,0.04385700051400559,-1.9090305887087073,0.7053395258220612,-0.054413253041278316,0.11257601965039495,0.3097609223551587,-4.523291244652478,-0.3059950990204577,0.9392014945934077,-7.259139813193611,-1.4910970449556575,-33.62442075010252,-0.009304725499386678,-0.7523459888298816
2021-05-21,-0.8454099958722311,-0.393091218990761,-15.947026177845933,-0.14531656614686264,-18.172813864094728,-24.978799637394815,-85.50024628199802,0.10726238613080484,0.03565072777496318,-1.8686247876789546,0.8138272073640657,0.023002690482862655,0.12326895668668199,0.19432017425254244,-4.450049891507675,-0.23589674553086984,0.9356490095550773,-7.287531595223709,-1.5062374017789437,-33.887163052544835,-0.014527464214270746,-0.7574147213492513
2021-05-22,-1.8591546825778185,-0.3164032161909599,-15.910746125776077,-0.1439027229849332,-17.21888258482253,-24.70736395692283,-85.0295433599839,-0.03506773207963027,-0.1905068075110475,-1.916935436327287,0.7508918691656276,0.024761193233327684,0.11964891552262401,0.17184001144851346,-4.304819178778504,-0.12178648272406248,0.940791990235889,-7.276074196085169,-1.468259811684905,-33.27759354049562,-0.005914976197438258,-0.7762265707504091
2021-05-23,4.631646490907926,-0.02700334545058665,-15.156731753220827,-0.15328469932984912,-11.799132004672419,-23.03356852386074,-82.12011460558257,-0.019743927248299462,0.0392588149831029,11.132218847409328,0.5951297387523774,0.021304591500879627,0.11908099759440505,0.3191652840158076,-4.438678915440773,-0.09075992355328118,0.9141577373168969,-7.114509073580243,-1.5899985944994575,-33.04143427085775,-0.018143934117754144,-0.7175291260793943
2021-05-24,0.0664234946285924,-0.12988973178321114,-15.721438332996543,-0.14433700473595767,-13.834746673636255,-23.916696548789645,-83.81116074412124,-0.019066534901725083,0.0437978494751342,-1.8260362700039352,0.6612764883278256,0.025429652478055675,0.11822217286689472,0.4202566347106165,-4.332055460845512,0.09686374711062795,1.016773192164083,-7.22972350689237,-1.4831809040770016,-33.25434238518674,0.0017175660616567346,-0.7506183159621581
2021-05-25,-0.8419916431103686,-0.20066305161368345,-15.75975797331792,-0.14426220608999862,-13.123180445789734,-24.32640078318333,-84.33284825733608,-0.019283474021878647,0.046180325106872984,-1.8567083008800231,0.6318976751566096,-0.06712498184776862,0.11572546626825951,0.3746642898026464,-4.796105368251481,0.13205117664532132,1.0304970317921647,-7.202738960687868,-1.4927741110372426,-33.85338069439142,0.006753849408689255,-0.746637522899111
2021-06-01,-1.60731631107393,-0.300036339286709,-15.396987553855247,-0.1403107149786842,-4.377964502898432,-22.7359961204191,-81.75874707163455,-0.02141806669182424,0.020584023938056983,-1.8304827747442733,0.6759488688043402,-0.06293224245673516,0.13154915639177217,0.7046914132908509,-5.217642904184467,0.22066487710377203,0.7055597725725303,-7.15192877669599,-1.4122025305788621,-31.98808552874835,0.015813630157393007,-0.7766940032408342
2021-06-02,-1.0037370813297546,-0.33127730020391655,-15.616905623499136,-0.14428423105298788,-11.387937763137693,-24.291934225033785,-83.70460964828906,-0.020411091073140392,0.04558103799870474,-1.862035775833605,0.6231540979106185,0.020088350591948398,-0.4405845423792306,0.4939164382420153,-5.0928987548252875,0.3173549307253607,0.651687868696932,-7.21266643091585,-1.443858848013174,-33.62248269577873,0.009418322796295743,-0.7537132736191997
2021-06-03,-2.008064395967909,-0.3824149330681743,-15.621746191136008,-0.13854631007594115,-8.343620298801405,-23.66333800592192,-83.25250562669936,-0.025391635657196054,0.03559592552500072,-1.8331989692748951,-2.651725624749211,0.01848468155974119,0.09540838659505545,0.49912707535066014,-5.321802626878479,0.29899545826787577,0.6611455547417566,-7.218808649606354,-1.4345184385116083,-32.96667386395526,0.009233293435419409,-0.7925708562602153
2021-06-05,0.06895315449640742,-0.5339784872053975,-15.350545114077283,-0.1420014879827617,-4.916596271317185,-21.0727157947133,-81.31877953684942,-0.02421303663579999,-0.11253556016362948,-1.7962501513971418,0.7077815568660734,0.022855631111649163,0.1335525199612243,0.7861504791854269,-4.610043314117439,0.4525135851567097,0.7090018574607618,-7.132174661335806,-1.4243987220264456,-32.3367141783594,0.014353231575450917,-0.7594122439062788
2021-06-07,0.037283432808342044,-0.49969976595435456,-15.316103014247878,-0.1375064538376305,-0.029718971247677233,-20.382698086530535,-81.11709527703516,-0.020635149995636946,0.016099205904428534,-1.961487684918023,0.668723061321739,0.022918909193718237,0.1335526761732688,0.6080078717696173,-5.081318112661059,0.5649867141522026,0.7634459022936271,-7.095966447551183,-1.4231570279596042,-31.77726933327196,-0.0014617798240842083,-0.7453782294967249
2021-06-08,-0.8340812570136616,-0.16518840081963262,-15.658771887700174,-0.14237511696395944,-12.419617385355593,-22.11929499744456,-83.36451100501436,-0.01909838920331101,0.0873987192690655,-1.8402649918148082,0.6580189439744613,-0.04946012461100609,0.10725139312948458,-0.752677396870895,-4.090919228541825,0.40850536520979747,0.5967990140777297,-7.212225397315207,-1.458174892235441,-33.706053263340365,0.01579262470562345,-0.7397859459943759
2021-06-13,4.809634887621057,0.02784666498182244,-15.15922299039505,-0.15194127589565457,-12.98547990622,-22.15006597015011,-81.61919983575937,-0.0184486447538478,0.06938907647715967,11.414223910927339,0.6546159621606666,0.020471662085273942,0.10829820207038873,-0.5042199557396856,-3.7930574241417694,0.47500081117773096,0.5164902897366537,-7.177117009845974,-1.578941619117503,-32.67385830181667,-0.01867111832545223,-0.7107339039953794
2021-06-17,-0.3321572848649156,-0.20759578195860642,-16.02376912611195,-0.14214228218147412,-20.15096293701007,-25.49318787634304,-85.24342913814722,-0.030932815790889315,0.03181113811216242,-1.806362677358532,-3.856764717880037,0.02777397873118406,0.09277122494050082,-1.6248965026710178,-4.405098483744383,0.2315883155386736,0.3234504731781364,-7.3689425165837505,-1.503461532781944,-34.67438618890687,-0.017822451278323184,-0.7627531175380285
2021-06-18,-2.140308188781712,-0.04188484249649001,-16.06183911218304,-0.14650229340261156,-21.59753685680422,-25.07250616176088,-84.87061072190141,0.09449036033098107,0.027971335325380833,-1.7540276534948993,0.9530678717949055,0.042126842475231664,0.1294348668611397,-1.6678119880047513,-3.9495243717265547,0.2006312087081614,0.37374839346144517,-7.353073165255071,-1.4423418314222065,-33.546848359380256,-0.007326202470967558,-0.7412752321642868
2021-06-19,-2.5194102076950995,-0.008748755220445884,-16.058119851779352,-0.14808952100566342,-21.16399509259796,-24.851858839328127,-84.57841953716638,-0.0306602771800135,-0.1586473257473121,-1.768543813672101,0.9060735962527073,0.04372308051246218,0.12938318891175765,-1.9381576418978452,-4.0876589307213695,0.21281075383103218,0.35732747293615325,-7.343273981773625,-1.4217843455031172,-33.54238163221716,-0.009756909652677509,-0.7584428776417158
2021-06-20,-1.8335949502356783,0.32093353360674226,-15.261883747722791,-0.1557249630658827,-16.69226723412352,-22.610808552570145,-81.05679000699702,-0.019224285471259,0.06423945877286935,11.454378046994986,0.752351009796636,0.022704425035434798,0.11290598147230413,-1.497448764655303,-3.8361529600073285,0.26755722067925075,0.37954213334948284,-7.20249853612332,-1.3809085349371613,-31.767949171972777,-0.0010573327080333865,-0.746000985515018
2021-06-21,-1.507506916267741,0.288600805713324,-15.771395468443139,-0.14665877627216428,-17.81976610996787,-24.45646658600166,-83.37061078831752,-0.024047916758486297,0.05847292752193896,-1.8606508556954975,0.8300835133121983,0.025923882826355,0.12112905828954403,-1.563703045984538,-4.1273480258037765,0.205353030842685,0.34593879067366323,-7.305571984626645,-1.3812331841667649,-33.12110525907213,0.011132300138394075,-0.7715732462058387
2021-06-22,-1.9815751428162092,0.11863943832255863,-15.897376707826451,-0.14867350559367287,-20.45403093586849,-25.249432851761313,-84.44343333708917,-0.0306764904146984,0.03157586589116112,-1.7941680587443056,0.8829102808522936,-0.11915563845603462,0.12623525310884504,-2.1256497003851558,-4.342474258576891,-0.03678082357265745,0.22824674253719507,-7.339038389049642,-1.3931402949143157,-33.49662038113201,0.004379304281299603,-0.7636105266943133
2021-06-23,-2.122835581384823,-0.11873705718478486,-15.918260020824485,-0.14842775117008028,-20.5669586136928,-25.285052014841934,-84.54038556172016,-0.032220274651961145,0.028355293677975894,-1.8052737347477665,0.8747211111714533,0.042819055856317914,-0.45317338189073714,-2.146657737625701,-4.321491169422972,-0.15435789740355707,0.20806229031897427,-7.356834501557354,-1.3957714795930978,-33.5549824299659,0.005385860912524785,-0.7571852026298395
2021-06-24,0.1914745533672481,-0.2043935165581751,-15.961226115802464,-0.1464875897400728,-20.40914012592115,-25.965338764869145,-85.02180338353669,-0.030385141350871264,0.027264415299025756,-1.8215580762211012,-3.9369381123397336,0.028457398925435307,0.09193887958000187,-2.4527126756853055,-4.465442825606049,-0.24516987435722634,0.12342469788313569,-7.397427841018863,-1.444307410361513,-34.8352525599872,-0.006834471576753342,-0.7742067396052287
2021-06-27,-0.8996654080213546,0.3450293401494259,-15.18455133087607,-0.16749652074077728,-16.55415060569396,-22.997378928141945,-81.17842240545657,-0.009973086749116445,0.06571901821775489,11.430193104919978,0.7720614554642263,0.02437705073148004,0.11172512577726729,-1.7296760034209135,-3.631014713375435,0.028019247806611344,0.22853054034740336,-7.201609533817275,-1.397001208863858,-32.38906752865794,0.0010824589739798643,-0.7502078328712858
2021-06-29,-1.9676449587694038,-0.0005848997553174351,-16.445844113743913,-0.15000347454561824,-31.846994353823856,-27.017947307975067,-87.3127734750488,-0.01924318366734788,0.011756555794740126,-1.406495652123026,1.3735818858294262,-0.10894119569799932,0.11113124993152224,-2.3036488368495998,-3.2667565772486906,-0.07820606690134371,0.3697260572781132,-7.425355837651013,-1.401737822708873,-34.95898783576126,0.009945968790005477,-0.6754019510280557
2021-06-30,-4.763489935414886,-0.315619556894539,-16.69619015719226,-0.14769641838845404,-32.02172828479399,-27.210505866111106,-87.8064776153388,-0.014779262434251757,0.012009088244227983,-1.3791369723497278,1.425717156331273,0.038538339700269805,-0.3616124359009263,-2.239822634992499,-2.7775033560243507,-0.07708509294610094,0.4596333320557331,-7.47626400252625,-1.4134450787957848,-34.90086216149854,0.005632757532122835,-0.669868375740428
2021-07-02,-4.030115700928325,-0.3625874480921133,-16.694201413675415,-0.1470082655999282,-32.37836608877626,-27.384678196635882,-87.91336978219762,0.044642923559335655,0.013815031414166352,-1.3586304237583013,1.430079040833023,0.0372577103062351,0.10808695967770104,-2.3351884710822497,-2.9430112027937194,-0.11779114836654364,0.46563038384516614,-7.469545258157484,-1.423120870575147,-34.671436658505186,-0.00025189559199507235,-0.6834877576173788
2021-07-03,-4.040778415327677,-0.2884227905951803,-15.871987888531708,-0.14740082659175857,-17.808480571222525,-22.77297081919162,-83.35384537524386,-0.022851618210183205,-0.31293459574051113,-1.8803414645611225,0.8748979234635418,0.03292256434994018,0.11881695872972876,-2.113254569857778,-3.0558773834834208,-0.01356650129262416,0.3552925468103654,-7.345411163050061,-1.4106533222122843,-32.60458237534393,0.020992864907696248,-0.7893413134510879
2021-07-05,-4.575272977632847,-0.22436316878340437,-16.039149863293282,-0.14753582083886574,-19.348976016917504,-24.713373850910944,-84.5015062499399,-0.025044853556392518,0.03478746447555722,-1.829571131644108,0.9403107973190769,0.049104720056149756,0.12250228071739548,-2.1329522119027207,-3.2228621931567947,-0.28334667441439426,0.34246650152963565,-7.375230985228638,-1.424570835462414,-33.28880692221774,0.008697052687094857,-0.7841125102693903
2021-07-06,-4.3359843231248085,-0.2191932139239834,-16.05602353425302,-0.14825652430188285,-19.805007086878177,-24.693195051816595,-84.63068633171684,-0.02782045570442242,0.03542075183035273,-1.831396104902317,0.9181791998897139,-0.13240359093903523,0.11960845151650563,-2.175832266540466,-3.267976931946631,-0.42146030472139173,0.3019714220191429,-7.376954782917657,-1.4273394923850964,-33.206402129282225,0.0062775655213477355,-0.7853016338120644
2021-07-07,-4.383767732718115,-0.2838404859697929,-15.760297876488783,-0.14820036879603088,-13.112494860814184,-23.295303002783616,-82.71858385924935,-0.009933538479745502,0.0851931241969346,-1.8971420010986306,0.6902539328133874,0.024627503937644468,-0.4029331765562814,-1.7827861198233208,-3.132852883275276,-0.23967907306836225,0.3055870482515115,-7.305703605849294,-1.3679949972886118,-32.44651251314863,0.03429620346106055,-0.7732962875937431
2021-07-10,-4.588142664110337,-0.4628425192135877,-15.532706388567613,-0.14550478781798556,-5.606616111195947,-21.626951243005,-81.22222069725134,-0.021491935540346195,-0.20173353664808122,-1.843180255573195,0.7301389816854255,0.022441460587135614,0.1443805285593175,-2.0128557435610257,-3.428369159087811,-0.012317874923175993,0.3474361927656079,-7.205710989044625,-1.3518182283850082,-31.997833665058682,0.04932285707957637,-0.7830550314278083
2021-07-11,-3.9344082269187046,0.8192613223618054,-14.296757991784315,-0.15544562773174847,-7.933988616909711,-6.960327229346623,-76.11582639976791,-0.019355972247146604,0.07826903979242783,9.225184941471257,0.6195315771628506,0.02050529839529164,0.11154721806421324,-1.4093989111559042,-1.9280006237946035,-0.04317178652200939,0.40635946154144525,-7.016870466792692,-1.2796660244383613,-30.176876377053105,0.05133703303689262,-0.8874450956979317
2021-07-12,-3.958073623730462,0.06384522430558282,-15.807488214910286,-0.14816609282684948,-16.81808761438547,-21.883324024325788,-82.5883301922804,-0.026220829002348362,0.1001643032930416,-1.8290263421232569,0.8821288177844875,0.030358382230490685,0.11564338602775832,-1.8949265925080292,-2.7366902746707518,-0.07045208108457456,0.44863068506547593,-7.3237752837341805,-1.399559327110571,-32.122086112098344,0.02692563269561331,-0.7972959271172699
2021-07-13,-4.242908719392939,0.25997938356032396,-15.533590408968418,-0.14893219138772287,-16.518700912592244,-16.610899130685283,-81.56006368280268,-0.034725699960411985,0.06670854908341717,-1.702109512903013,0.7354791050542211,-0.06377227577921904,0.11357739436162238,-1.7801856803398024,-2.825427170966095,-0.37891335955870853,0.2915031982449071,-7.290197909256823,-1.3845075699651483,-32.2538043531579,-0.017487521829201973,-0.9102488471281939
2021-07-14,-3.782256134241443,0.2224440494098551,-15.815109445636494,-0.1495084809954695,-26.053300991549253,-13.734533534162473,-83.77017320252888,-0.025887190729801623,0.02421633008226554,-1.3865686242803081,1.0831062723422733,0.03155965055418753,-0.34537862228252797,-2.0250019801783647,-2.4527873137676153,-0.307988484130417,0.3775703766633038,-7.349425991355243,-1.3702513411440334,-32.73208282932647,-0.03889175573572819,-0.8113665594996523
2021-07-16,-4.602594023268264,0.15814242892296013,-15.76295228629082,-0.14985765002010332,-18.587315461676326,-18.825373151396974,-82.70880716071811,0.07932892398896663,0.06671500716111861,-1.7320477723029961,0.8163639092154292,0.033926772927161855,0.11639521843891519,-1.7644914732262227,-2.5436239271809566,-0.2966961506511407,0.16990829979442157,-7.326722628009065,-1.4042216933922789,-32.237176533237076,-0.007207129168144058,-0.8223146957146047
2021-07-17,-4.560324341734535,0.1762159439531442,-16.138356713968346,-0.1491690620403931,-23.8680173374735,-22.069310867851254,-84.71161355034475,-0.02100782486941585,-0.1686438866244966,-1.566064239227163,1.2195857886726997,0.046820463630703454,0.11727179543578539,-2.048391418555488,-2.1954078670917183,-0.05605281913192031,0.3193496284222282,-7.38355206080088,-1.3951878166501221,-32.46710133615902,0.01792175424628949,-0.7125246687121288
2021-07-18,-4.007530681166222,0.5766872880919283,-14.668523315493394,-0.15721106956385322,-16.291247260966294,-7.452402153254593,-78.27229980075538,-0.01973488209398813,0.07939754947638951,8.753276433923057,0.6582507863721775,0.025277696339123728,0.09697926382213354,-1.5552511972939242,-1.6004975766168286,-0.1798315483921118,0.2832749479597155,-7.1406392864730766,-1.2766601167326055,-30.133839467490457,0.03999637969817414,-0.9103783029635332
2021-07-19,-4.336831415563136,0.5191923122630552,-15.104572190232487,-0.14897864608276903,-16.506545626763447,-6.80216374748133,-79.4845498027803,-0.023987403713446268,0.0793627194259592,-1.5511670797395147,0.7316925821764414,0.02606921475771015,0.10051586157574699,-1.5734561726977676,-1.6762845338105292,-0.2658081195314224,0.16799651581632985,-7.225943502000441,-1.2962392557095823,-30.62486517057662,0.031050591404179134,-0.9211799670737619
2021-07-21,-2.512819638467032,0.5683302510273898,-13.587961039841728,-0.15671853298603267,-14.446948256811298,10.471606348539948,-76.10794191006005,-0.026383839510913668,0.07433451359901173,-1.451630566464463,0.5924858974335533,0.023400472327420804,-0.31772900889388583,-1.882035516843231,-1.5376732314360408,-0.022951483576904963,0.14343030361421344,-6.970904628173757,-1.892411891963984,-33.92798621738503,-0.28439568290924794,-1.0652207484351959
2021-07-22,-4.173206837903971,0.5287255540797983,-14.844452528514836,-0.1453147371579588,-13.874238569099171,-3.9558995126981347,-78.21677677840526,-0.024886582052190142,0.07848214830765296,-1.6120853433805489,-3.0350257298036305,0.020465355893407096,0.08550452877840217,-1.5348244199353167,-1.4769822314322496,-0.14060158777183346,0.1742180728391943,-7.226404801394096,-1.2956332955477614,-31.23666898000372,0.07803997089322207,-0.9625168086543787
2021-07-23,-3.1968066655275686,0.5827970948176756,-14.790719664736727,-0.14937735849361783,-13.125922184678059,-5.000803291846395,-77.48403209794998,0.06883728164560564,0.0920821808423441,-1.5727248914810523,0.6861216263431366,0.022316742966263018,0.10053430623262045,-1.1126243204764734,-1.2642231353289668,0.04528355141371033,0.2545628294569768,-7.16765826867617,-1.2530439060684075,-29.422592615701774,0.0896110523214844,-0.9298871736031423
2021-07-26,-2.96515867743818,0.4601752421018591,-14.87556163442551,-0.14956113205303606,-14.958368772566526,-3.618331529975952,-77.58347554319738,-0.02467382558062366,0.09800192498863393,-1.5512850572537435,0.7016109314934746,0.024637679345023335,0.0997441989965001,-1.1941691882700223,-1.0451252604689425,0.2236803757734477,0.36668021128542444,-7.175555368896705,-1.2662012788157693,-29.2176162673313,0.07454824956912293,-0.8872355141064407
2021-07-27,-4.019953155783109,0.746992174353848,-15.044688686066976,-0.14961250189797687,-18.848754063621083,-2.22955149742882,-79.23111732926708,-0.025681668064978142,0.07671430927332433,-1.4644732014644588,0.8115474875875769,-0.06364858807070986,0.09501164263460588,-1.6284364458015874,-1.1952585166071392,0.20125015479741953,0.4635761611945934,-7.227531598290805,-1.2767878342186878,-32.804725098673956,0.05899164164579297,-0.8565941119049926
2021-07-28,-2.9356025825611525,0.5611254523925361,-14.785112453122457,-0.1520176912058775,-14.166031889696113,-3.139284147421009,-77.57040872701131,-0.02541698491177913,0.09432207931524055,-1.5696706057114371,0.6852704022527323,0.02379430736714177,-0.3565263730118599,-1.3199583311294727,-1.093981811114025,0.21146903770929076,0.32676384497502514,-7.1849609760834765,-1.2579197096501684,-30.318070840625683,0.09697961753997728,-0.8830267374558386
2021-07-29,-4.419592235556162,-0.27052724436426745,-15.504687681823778,-0.14895397147431944,-18.24334845475005,-15.086467866013846,-81.82934270487642,-0.026301583904734704,0.06392977440925973,-1.5932565049596101,-3.143408632142199,0.022428140035596646,0.09109112643285219,-1.4963582597810987,-1.8283759532850303,0.08652352548640486,0.2854515511586761,-7.321937226074036,-1.340061053796495,-31.645588025912264,0.015572434421147655,-0.8545427739360273
2021-07-30,-4.646855235242594,0.13623615357816884,-16.409634057767992,-0.15232692333629116,-28.864905874576184,-21.97913149675525,-85.94116094167049,0.058029872070053064,0.016424920254564494,-1.380429788559417,1.4151100257754794,0.051273043320115216,0.12084693638201038,-1.9760889208820378,-1.9491653720435955,0.19514144076402423,0.4977030187169913,-7.413359607585436,-1.37874746389181,-32.77149821775859,0.010266337208474806,-0.6475983862555753
2021-08-02,-3.1135859581411744,-0.0065815100744354114,-16.41632336879816,-0.15420137958413843,-29.8883670199796,-22.65458758953569,-85.93613782822989,-0.014054630974028023,0.0203486930278859,-1.336080367385225,1.5157548696866001,0.050588545310739925,0.1227556664459531,-2.3652827155535445,-2.025155049754924,0.26914775378390854,0.3585059731042367,-7.411433074731276,-1.3842146608089447,-32.8291934166806,0.0026683430640925647,-0.6402006914255876
2021-08-04,-4.599520966921926,-0.2762940839093646,-16.51670381147306,-0.1558104961697725,-30.15249412576366,-22.606717908295934,-86.83762955505787,-0.020573376466975875,0.016518260282862015,-1.3350481773782499,1.3080791232872595,0.04260375360057075,-0.40268928744020943,-2.5373691712601922,-2.0018751411529303,0.08135050360751928,0.00027935245687524355,-7.436245575965916,-1.3991572387129476,-33.067750331679164,-0.00784234100701781,-0.663322175734356
2021-08-06,-3.5901829488785753,0.12557287218099764,-16.472459570561004,-0.1611689364467705,-29.597655144835272,-22.428208731598623,-86.3618846662357,0.05594313983314901,0.02048449760724243,-1.3560272400260136,1.41165904859227,0.05088161665615011,0.12547051047560318,-2.401827034783862,-2.0095413491816716,0.12461175914599906,0.061579551267034696,-7.417758620507448,-1.3908091348666947,-32.79327728670149,-0.004009155112877522,-0.6497232704006263
2021-08-07,-4.228298767283356,0.23548761976103766,-15.308500387209842,-0.16177965680006823,-17.159582601235527,-10.580688461145678,-80.81454742892883,-0.023659459276962697,-0.34513248573968863,-1.527203605962298,0.6998643632075564,0.0289091029947427,0.10921247802432552,-1.9469812907497153,-1.5694576397453233,0.15819381218457051,0.1791965847593815,-7.2521916701922375,-1.2861592882637174,-30.905176158492104,0.04113639249798248,-0.8397426319520471
2021-08-08,-3.819493845556378,0.7360561678839357,-14.88610708827079,-0.16962309198882752,-20.44138589622961,-3.3363106710757715,-78.48000224321123,-0.017679840526731574,0.07929688695175076,7.682645155083265,0.8035913301842385,0.02223538498115161,0.09129394895225913,-1.5648037126643641,-0.909697625780026,0.22645745913370977,0.2014655680333955,-7.146636290161599,-1.249355102793234,-30.052697164727686,0.03525150701199288,-0.7617678710093185
2021-08-09,-4.116877474725665,0.6191175734678256,-15.102614485174993,-0.16180135717178218,-17.393228154647748,-3.777134070353334,-79.15295167771131,-0.02270901886619445,0.08743481480268385,-1.4233871154801618,0.796876343216819,0.02623235399889561,0.09719611491893718,-1.3314047644330362,-1.0878262368203568,0.206463882673714,0.26589275797472073,-7.210722453085909,-1.255387554417594,-30.001085253783515,0.057410091724437964,-0.8072301498485309
2021-08-12,-4.125758104309381,-0.23413628163084346,-16.807991958094323,-0.1591087687570597,-32.89526405811973,-24.759831242855697,-88.74287043224669,-0.02259901568295455,0.016021507265439227,-1.3037080440406963,-5.405944779813131,0.018533273667703024,0.08582380424550351,-3.752958494973623,-2.0897299501188504,0.09382478435989151,-0.538702965461317,-7.508053663535069,-1.428472932035773,-34.279007048788365,0.01646450955737509,-0.6385288068397358
2021-08-13,-4.666689285610301,-0.4213993616829151,-16.764729717116715,-0.1623346851731659,-30.493650782604398,-23.746545462919304,-87.6701914132029,0.03771864517778321,0.015146297673724642,-1.2869782189364638,1.3674728059820582,0.0382501736364702,0.11582092028052207,-3.330115039872615,-1.7901446131935974,0.16679260439841528,-0.3761359269859727,-7.47715814770727,-1.3932290487215941,-33.46261193660598,0.020831346652777295,-0.6100697293295401
2021-08-14,-3.806888673646883,-0.5003279719423337,-16.69369161578549,-0.16224278738706255,-30.007245585033036,-22.799384590989337,-87.30487086847972,-0.017849694624988525,-0.08480624928198346,-1.2774297896738258,1.3687910010686142,0.043522910588536086,0.12088709245361795,-3.483835081930937,-1.741494572612187,0.13293920217146432,-0.41189836041234895,-7.4666093351153515,-1.3987786719558752,-33.05876176720098,0.018180832363074478,-0.6061694015209971
2021-08-18,-4.204577883467343,0.1396159843284358,-17.268026822630006,-0.1623789266488405,-33.00283565937122,-26.39871857226656,-90.33412005776736,-0.015829674611564315,0.01738441837824756,-1.2287712785135363,1.2244940628912169,0.020043350734682816,-0.35872501848478183,-7.189375936712146,-1.8417916316003327,0.14768216270504952,-2.9136029560332535,-7.527491400817255,-1.3492766644116034,-34.78484987782033,0.06404502334529166,-0.5255634426476022
2021-08-20,-4.668041692235972,-0.9881325501877999,-17.358779639351365,-0.1616036863501633,-33.25909183635086,-26.811732033001128,-91.18747093721605,0.03831105608189527,0.014802538100847744,-1.2292414320358998,1.1864377875132803,0.026233078754912865,0.10942053802659352,-7.811358392467477,-1.9339060797657799,0.09392099318530427,-3.1920962581797157,-7.540829710200912,-1.3477906886931306,-35.0193212348476,0.06054158163984302,-0.4933229767751463
2021-08-21,-3.7343150010472677,0.20923381569335417,-17.311206550016404,-0.1617528013439055,-33.093944066950286,-27.10565690328276,-90.53351379851922,-0.01604311664057598,-0.07464469250957781,-1.2236922305490385,1.261808245710251,0.023660045855475403,0.11385616501366341,-7.400449462157236,-1.9548113958487974,0.035008133794197156,-2.8597066841731618,-7.524270585837441,-1.3523785563010344,-34.96170543607673,0.0706769348065974,-0.49993760004793325
2021-08-22,-4.997430994769398,0.5256324073607219,-17.226346604121044,-0.16948516383016848,-36.881348339588236,-26.681302429990293,-90.98512041045068,-0.007557336816509098,0.015512648805672883,6.870006223520703,1.2643996204815557,0.03342355173069483,0.10925222025750884,-8.921442923655274,-1.7719543761657441,-0.0883177899192743,-3.560375068178451,-7.498339022749945,-1.5799382594399165,-35.33372433671346,-0.2452377677726974,-0.623859355647979
2021-08-23,-4.635163073740483,-1.0390785147530983,-17.670292055774066,-0.1611701744615199,-35.80086215126589,-28.47907262349352,-93.28884588035025,-0.017608200811878055,0.014647165780606895,-1.2257698004987991,1.064771587868639,0.022806558255556716,0.09619771441879382,-8.688199985145113,-2.889516060367036,-0.6635702830424637,-3.5769293839698997,-7.582370531994007,-1.6195985429599349,-35.99729732434668,-0.06817869797084138,-1.2146324507756507
2021-08-25,-4.964606251064978,0.20121845044281886,-17.50515926431576,-0.16186514429453708,-36.70236013235968,-28.527622084303573,-93.35982392457086,-0.015876223580056803,0.01595049982655034,-1.2100688310013468,1.0982131950237304,0.019728834902784195,-0.36981282297943924,-9.205631970793979,-3.5039988319793007,-1.0188363043704562,-3.968211118076805,-7.645326752873589,-1.6210577940338173,-33.49150629171304,-0.322051719106075,-1.4477719767219732
2021-08-26,-5.572194653819312,-1.1841375233179388,-18.762824125524137,-0.15359971214228088,-37.480259211138346,-30.17599190287338,-95.82002875313283,-0.021814192402135925,0.01573895314925262,-1.2139301910252078,-3.7570705765953702,0.016031092231572314,0.07981645352837612,-9.821975771452093,-3.6504669738492206,-1.0221941250065238,-3.983586155181246,-7.811835111775092,3.3919745363256393,-39.0376465507466,0.05253539808099029,-1.304595717775106
2021-08-28,-4.945237257615929,-1.0232965623094763,-17.50574227407919,-0.15472659829026367,-12.536546954147331,-25.501449352177506,-87.82322895858617,-0.021088949384432468,-0.5831833036976259,-1.677822734596161,0.499361270778495,0.018759883504254397,0.10281023886964283,-8.489686583175393,-3.0491846154518014,-0.6840418001891543,-2.8835249734725,-7.531600503179369,3.0813740455902696,-35.872439211245926,-0.6786341347350415,0.14603776498105148
2021-08-29,-4.865034557059733,-1.3249252355885044,-16.357242296836088,-0.16167352069918245,-9.555942209339676,-17.57451041383906,-82.02043303849588,-0.015480829667440011,0.0908919749915158,7.9177246134372785,0.5411161031847437,0.01987706779453864,0.10629305124478527,-4.267886714005625,-2.094200683152307,-0.4988987370121128,-0.9623659057010568,-7.291650374439665,3.0855617480508744,-32.298475079982325,-0.08350029543663566,-0.3096148779329478
2021-08-30,-4.7464694346412974,-1.2184224559519063,-15.79637615369506,-0.15606143681732762,-6.383842357653191,-16.377299618316613,-80.96506699465564,-0.020527447044053484,0.06770972733495417,-1.5506422615148452,0.5636277987340887,0.020488035617169324,0.12692754583579496,-3.191115215799943,-2.094477051467849,-0.3623999284644966,-0.6965739016266023,-7.33623608457413,0.8857250586446433,-32.14496007446334,0.08068165414353952,-0.5867292346409874
2021-09-02,-4.176664579377632,-0.2369185884122179,-15.390603309010409,-0.1568145327815115,-10.987792387732373,-22.934594261231087,-80.46759932620695,-0.025673031411491982,0.13657437486107707,-1.7093597188457386,-2.4371823912782977,0.015376785061972906,0.10824166779184889,-2.272967414344772,-1.9363242050414105,-0.36275713261365594,-0.1616752431070539,-7.285165558284183,-1.464225336429802,-24.449570921189782,0.042176465638449206,-0.05049340967780362
2021-09-03,-4.693577943448339,-0.1545206796340458,-15.794126332297035,-0.15855464515881387,-11.816913015534128,-22.96466507156207,-82.6899039345896,0.04825918739937619,0.15231518249442824,-1.7300006719768226,0.5502072014690079,0.02198392356948171,0.1209936967630467,-2.2611454052957947,-1.9741558612860273,-0.34663776076912844,-0.09156890362321751,-7.304154215122822,-1.3796255327031397,-30.979883296100315,-0.27921592302912807,-0.28591181485340617
2021-09-06,-4.1774991855397925,0.571617808931731,-14.034268638076949,-0.15194836550338953,-0.8405157206931637,-16.081921626099913,-70.44978952179618,-0.041700988602682114,0.012009276097397464,-1.8247475744325834,0.5775240236598582,0.029415267050143433,0.22812723518680667,-0.20717971251327227,-0.4544203566378301,-0.1605499842526379,-0.5426707366770734,-7.039767508672431,-2.0504090589626394,-0.18060055919051674,0.1550085646517709,0.2565712517566375
2021-09-07,-4.294023133867419,-1.1573981850145716,-15.292666234946472,-0.15335017004481966,-0.3360030526198758,-16.99228678490283,-79.60039680456318,-0.020071665785889675,0.024592295576382834,-2.0473895388493415,0.5660341002441694,-0.07979583455665823,0.16559468612770034,-1.6958332381945969,-1.8966863275368946,-0.4100644819605747,-0.3160172341405445,-7.235030097189453,-0.2862469293233462,-30.349709009017698,0.23099661236243543,-0.5606487257248931
2021-09-08,-4.928250416356523,-1.1207673103929274,-15.502557895719296,-0.1439044254394941,1.9664805871696533,-20.4866762139054,-80.90170372436238,-0.014279843021470269,0.05427425028924013,-2.134125675890826,0.5735604667978497,0.021519037176664604,-0.597645536488888,-2.0683374832685906,-1.8839894547785496,-0.40455083335007674,-0.3581057048423395,-7.237053021761783,-1.3747423116670898,-30.29892797549004,0.004986570894964013,0.6048266930725562
2021-09-09,-4.73955212886006,-1.2831070932859783,-15.211347354589114,-0.14073272092670136,2.395594864121286,-18.339495996205972,-78.99863537828128,-0.018865345642093075,0.033981454684435246,-2.0112257932017363,-2.5166715898459087,0.024932777059116142,0.14315768688725605,-1.5265158809682606,-1.4737156613274525,-0.20637026961274862,-0.2193025373868956,-7.199457941923363,-1.2088494463658515,-27.637406723069063,0.032228939561676856,-0.5065027772752103
2021-09-11,-4.255128283165465,-0.17376105151865717,-14.770352848080162,-0.14690074726093638,-3.634370463650004,-13.49044839714463,-77.27198916374162,-0.024483701105152297,-0.15543777278826426,-1.7987041062058697,0.573932590670901,0.02093302754311495,0.1828372001197731,-1.548189849620761,0.009472689845636333,-0.06066810050941187,-0.09968117251941738,-7.136119638208397,-1.3595327782185274,-29.732984076415878,0.07809749482502393,-0.1629831896931363
2021-09-13,-4.4330303320402376,0.4657645547910908,-14.981355317158986,-0.15041509050849455,-7.435266173925948,-14.758244620590096,-77.01521938697717,-0.023742889652587227,0.10108413940587724,-1.4679120838716895,0.5378574658657843,0.020892223388795202,0.16748966815948282,-0.7475705055569701,0.7482189080690015,0.08834270030462146,0.05588620577143182,-7.170714428136134,-1.147073612541775,-29.413699651703748,0.09265387612555745,-0.37901258022692913
2021-09-14,-3.9671530728893494,0.3683507943976008,-14.495571730777264,-0.1501336801149257,-4.50270440960076,-15.255061833924605,-73.70613026710994,-0.037817128332623545,0.06186402790020122,-1.6269435739886966,0.6082601734672286,-0.07365459139153673,0.19360086455438913,-0.32155637846314383,1.264623300079394,0.18952568950181592,0.06836808664454952,-7.187372946153667,-1.2879639400906369,-18.507136098352845,-0.1160904523541633,0.7594944875655398
2021-09-15,-4.431140607658168,0.40472894264034753,-15.062285581491292,-0.15045097901088714,-8.04250243987004,-14.640910993778412,-77.67269220945789,-0.022878324066404374,0.09860595900027189,-1.4977073986891452,0.5190601761283127,0.018585059659675232,-0.625659900047438,-1.3250124491443667,0.5986703550555575,-0.060145462804343075,0.025899015106192164,-7.1784735754634825,-1.4585520344862253,-30.02855726084497,-0.22270789804496638,-0.07226404661081902
2021-09-16,-4.206956625187881,-0.01806127126250818,-15.110350582419152,-0.1457876861354065,-7.9931852269037895,-22.6813796740671,-78.00329129764388,-0.018641126194290477,0.1517839191619092,-1.6018311293890235,-2.372579227940709,0.01760769425574535,0.14113700362229636,-1.2336188626051598,0.750511165987907,0.06290316540344422,0.20381551891395805,-7.266107237447709,-1.3280839976449081,-27.05970101965867,0.0255718658865798,0.6070615666683339
2021-09-17,-4.9232751363202665,-0.30333249056066136,-15.37616412684851,-0.14911632515616477,-9.503909594805828,-21.065854269772405,-79.3026096401832,0.06403631092108662,0.13672380010055937,-1.5811788558018864,0.5326307749548808,0.021929333885789926,0.15188339381223212,-1.1790216725010736,0.6067219722445996,0.06955480087584248,0.18935040436017272,-7.246375494363301,-1.497910164089543,-30.166139398286088,-0.01382157978373277,-0.5655699220411409
2021-09-19,-3.5286655080810156,-0.06318705397594757,-13.32650433413856,-0.15553252179421512,-1.9186655678124052,-19.235218703461,-68.77774590298657,-0.023418050232300355,0.04658506467787836,9.044450474282845,0.5500209790953472,0.03021812809825505,0.20982226960251288,-0.21958725714442803,1.659891033920074,-0.0767129882822092,-0.36079888590241066,-6.955487981904304,-1.4565531347102176,-3.3656995943722756,0.05011377420893437,-0.510618902066477
2021-09-20,-4.328824839062573,-0.48364563024781243,-15.220606672139928,-0.14668335046756167,-5.831356555150001,-20.937798942674906,-78.12727891937736,-0.02330923307847959,0.11118698164462823,-1.5554222372065387,0.557766079267569,0.01944030176033796,0.18498085284667456,-1.3176230096818213,1.546562342751049,-0.06322483045049268,0.13058374264099304,-7.217079326980666,-1.384700961146289,-28.96981100871009,0.017733548373001198,-0.3686444033295479
2021-09-22,-4.945842839329308,-1.5561919781036335,-14.99839694224102,-0.14412973681955496,-4.132266946679638,-14.690105247963437,-78.00675344349696,-0.027497609783993356,0.02267587716930802,-1.7428166681762831,0.5212905600583442,0.01736860288275248,-0.714915249234241,-1.9078988197876607,1.0363974102313487,-0.23709869022896782,-0.22289632246432842,-7.1764291321398215,-1.1454640694960145,-29.851337817240196,-0.12153973903195962,-0.40647202440391733
2021-09-23,-4.278084324955317,0.5818552974987794,-13.935021500432107,-0.14215877071565092,-5.793684767436214,-19.258849252767277,-69.04484377850005,-0.04568768395519283,0.023579152617753407,-1.6733794131754494,-2.405190195310474,0.024714763057737923,0.17685536387710546,-0.26026627773535194,1.3440081920726434,-0.16071408881218885,-0.8613206927567976,-7.057726418460951,-2.141614087578484,2.1012965907515806,-0.22012046193371057,-0.6424000164127192
2021-09-24,-4.3872837160250295,0.041472021187951805,-14.862493408306433,-0.1469687165190298,-6.291311046613921,-14.64305437731054,-76.40062953292374,0.08706979876226086,0.05623829728513227,-1.465248056923664,0.5428953800939181,0.020621705484099282,0.1909636383190146,-0.9603507788911241,1.6040153192346813,0.17272446700084887,-0.046660088027842064,-7.151905108519769,-1.377851077571689,-29.250669242259715,0.03795805317642238,-0.4485953952226711
2021-09-25,-3.7168044879558453,0.1448410845718428,-13.553039804743882,-0.14370527204335418,-1.0023244901000257,-14.627580167492521,-69.34237531618365,-0.042018667571741185,-0.03421410289980027,-1.625777794825503,0.5755840694723643,0.03133561112358779,0.2664563041143854,0.08612381319069709,2.3350527011815827,0.27024643999202547,-0.043747772815936455,-7.030674619531531,-1.5504075927733827,-7.883217457808541,0.27646237020873315,-0.44241167987996805
2021-09-26,-4.683082063731045,-0.07708139327705174,-14.286650633117471,-0.15474830576672038,-4.5825930801407635,-11.001738131423448,-74.51119810037017,-0.027146814950425303,0.036327788821731204,8.852602822086016,0.5371151377118605,0.02125036571775385,0.17652815515001824,-1.3944642717868447,0.5468008683992471,-0.0028825464654926285,0.007601288180124689,-7.073401782002659,-1.374565738106127,-29.03496732320718,0.14494408255064564,-0.4076782468831595
2021-09-27,-4.619188193616943,0.06033911667612902,-15.03466569046258,-0.1487763804297981,-10.618619956004046,-15.3564115755144,-76.49766966325653,-0.025243377235852037,0.1023398642643086,-1.4311178633714228,0.5239015587350825,0.020765604233066146,0.1546649083296406,-0.893345091876018,1.5558562143123476,0.40141702024998765,0.234559829086995,-7.19008365127428,-1.2770474134208532,-29.757286371501774,0.017371761792075766,-0.33219157721961395
2021-09-28,-5.302981028170337,0.6076054525309835,-13.212109097523205,-0.14860238344949933,-4.9706899382716685,-21.671302327939173,-66.76764183157971,-0.03404042350906422,0.011878715714511542,-1.411082476150979,0.4547714291070116,-0.06561344082272583,0.2029680368598001,-0.616218955960911,1.047614545826029,0.3077861714322699,-0.17888528825974065,-7.263709420911789,-2.9074204469083718,29.139628397842124,-0.12156387694948484,0.4013944062344725
2021-09-29,-4.811816720748748,-0.4936124587106412,-14.513434743636184,-0.1459679522576517,-4.8408409717048535,-12.795592505398252,-75.10030896929536,-0.02658662870532146,0.027279105152661,-1.6135203789610977,0.5814294280740443,0.027203468277832175,-0.6468536667655281,-1.5726496481510193,1.5295927222421077,0.298089859789805,0.18835413068803444,-7.117615666114125,-1.3550459641301666,-27.77070829711581,-0.0036565528712630656,0.554106566255314
2021-10-01,-3.714545431991956,0.491473284218375,-13.445123064106712,-0.13408046644490867,2.6489513167704555,-12.415654171990115,-67.6129810334058,0.14351428372960373,0.0106724414534977,-1.5677045612048235,0.558515363891904,0.03280059530390746,0.24262071126175216,-0.19284613516032453,2.500446043511765,1.0698725627907513,0.7697770721657704,-6.896905931169415,-1.7598558129607158,0.040596848004604835,0.192037808031311,-0.5140833907218888
2021-10-03,-3.928578159115186,0.4108539452792845,-14.191832040297156,-0.154654593646172,-4.052734345554734,-10.938969148813085,-73.93138153172555,-0.01601569684587272,0.038313717253300704,8.818277213432163,0.5562807802340746,0.021294357287354657,0.1739849668078516,-1.2080181764335525,1.2267666529839696,0.24415912915064134,0.29310187820864525,-7.0226998894809505,-1.3169104565161343,-29.559431121455088,0.05488674019064954,-0.4828987242141715
2021-10-05,-5.142986405271279,-1.0419103479564782,-14.965201054093384,-0.13986885194045184,-0.008300517021776716,-15.69929415526286,-76.79049183749858,-0.03281849677589083,0.023644960646668902,-1.8076028484557531,0.5503030545281831,-0.08955862612598701,0.18838436893611515,-1.4121863150586513,1.6405948534918384,0.2536954948397984,0.2847047386309495,-7.153492508138394,-0.24128838343228054,-30.10947702003486,-0.1586381892412945,-0.5081355247651042
2021-10-06,-5.213105062556791,-0.5606215239063709,-15.357500293824387,-0.14633952584061433,-3.724671787715277,-21.876162417804405,-79.25782710539472,-0.023454270441671074,0.06340646634083384,-1.8417668320742475,0.5549809257807088,0.021036798376061858,-0.7631395103957941,-2.108806993209613,1.1660899425002869,-0.02514929556334268,0.30349780660348624,-7.24479176257965,-1.5260691156259085,-31.61747268143692,-0.38334180809445556,-0.6021832361771792
2021-10-08,-5.31703340598338,-0.6531785654901114,-15.124093291288071,-0.13004953054856117,10.47982899483444,-16.039015923114285,-79.81013285322919,0.10522022955279543,0.02791707752586965,-1.8679608721932217,0.7003363191407247,0.03418250463017442,0.14783644624110331,-1.0886258163174316,2.1753305730971326,0.22659934579609917,0.3180160751672035,-7.084851051933325,-1.4116304114602256,-29.82317308408139,0.0006855894614616149,-0.5038735816696429
2021-10-10,-4.366619857792276,0.2533757692951703,-13.475835002743489,-0.1700259117598298,15.863412340781103,-20.66023049078455,-72.53551740805801,-0.020573010704139125,0.011492243216166955,7.475587621253592,0.46135734361909153,0.02366903240668796,0.18204927217149722,-0.3282524250414465,2.1951710414352417,1.2603799367916064,1.981886019084545,-7.131979881207394,-1.260242887145467,30.706055304581994,0.07079886542665771,0.2370265113788095
2021-10-12,-4.937306635638451,-0.5371509082133469,-13.258151717699018,-0.1498619264545423,9.268908153297355,-19.709424068290772,-70.4282458642441,-0.0353605369930044,0.010510661085476389,-1.5041553721980763,0.4754204180854058,-0.06964446588611628,0.20773364086949545,-0.5870808590473671,1.920989464436774,1.4867805040967494,1.7024204828027705,-7.187636625229495,-1.9429624477071714,28.905442756049933,-0.00018718241884244167,0.5416054739298104
2021-10-13,-5.081571338661983,-1.078422994013801,-14.602637475491122,-0.14328438480041192,-1.3056775761039097,-12.964569108482905,-75.79132361609858,-0.0337644714710681,0.031887880622232,-1.7702191450424662,0.5625858147220965,0.023856573765139055,-0.6004299865213599,-1.8023542256172578,1.9851096635345833,0.2769799568139699,0.37768972265765105,-7.18225477174149,-0.7672386031656279,-29.18998904788638,-0.14231266182449992,0.621687654064113
2021-10-14,-4.880501465526344,-1.386796053190776,-14.691047092476042,-0.12531240250549022,3.4121534070657384,-14.059730213120282,-76.83671834216106,-0.0387179427442996,0.022528311279948556,-1.8139761335328988,-2.786661688044447,0.01909242472849076,0.12937138130675963,-1.60749423254164,2.465824223942163,0.11559548734738931,0.38950499092326807,-7.141923729617098,-1.050482126540459,-29.16539517882722,-0.0894859430969812,0.6770941452288747
2021-10-15,-3.680472845743592,-1.3547483773799565,-14.888579727823323,-0.1490271584394198,-13.825759636239994,-12.652692964138232,-76.98315095822647,0.09442708531915485,0.0658662478336994,-1.3942639266268333,0.5701226606761904,0.01923150675285591,0.11602163333850196,-1.8226711710698773,1.6578215427050556,0.4204613130793732,0.2693431751944385,-7.2405913058084925,-1.2475197987805648,-29.75722230505497,0.013784464043595214,-0.012690111444405038
2021-10-16,-4.616699546519429,-1.3215728217723175,-15.092242564842897,-0.14974760598064185,-18.416335519987907,-7.885067828278792,-78.86635145500743,-0.03605484765150506,-0.4700208658636755,-1.4315831016394047,0.6042285990306633,0.020462764738069707,0.10979629987162606,-2.8036668327793275,0.16677035490769618,-0.02585158987201206,0.1395187712803953,-7.3449826602482,-1.446134370922547,-33.79406893704801,-0.08757673800431257,0.6627333921681025
2021-10-18,-3.5460666798659473,-1.3749074218372768,-14.831187931443802,-0.15060018616493565,-17.77124124467134,-6.929109339182516,-77.26913962179233,-0.03333895760676199,0.08985846362227892,-1.3367671066154945,0.6231237419025827,0.02175148107464069,0.09751365442982174,-2.397677824659092,0.6872321585249371,0.2913186862309327,0.2975490746197653,-7.2541658339702675,-1.2344785137631618,-29.170848594945817,0.24106825918724958,0.16178397154427257
2021-10-19,-4.275756074776325,0.15969796725722682,-14.386945472018056,-0.15064607329748947,-16.193638975633654,-6.24947407429974,-74.31937449259884,-0.04002002844610381,0.07854228208453162,-1.5075997054560473,0.679139203191986,-0.07176221203601738,0.130964164214213,-1.6917201013895107,1.0690670024956856,0.3606411888281198,0.3416417773111662,-7.1631415074517415,-1.158917216096575,-22.085511608567266,-0.11524082296223731,0.3243550841525713
2021-10-20,-5.685484738001894,-0.3120989629039125,-13.582797299883945,-0.15487709399496394,-16.45758960198433,-16.56620689557892,-69.02190894864702,-0.03845555501643032,0.03636060680766837,-1.4372378782665842,0.4490102425460879,0.01704044524395056,-0.703544990502355,-0.9335903126885942,0.7059853398218396,-0.42678889734168884,1.2654526314542252,-7.3914614777270895,-3.189078220727928,27.219599144034763,-0.10191772608507779,-0.9670972671114778
2021-10-21,-4.512878327035072,0.22304126793864404,-14.746542157072023,-0.14687368110691734,-17.675202767865464,-9.929311762059944,-76.60049258650274,-0.04115661471635863,0.06426049829783867,-1.4377112624865367,-2.8073221528364063,0.02020425618419046,0.11695107990280137,-1.955268095540114,1.4758150050684145,0.05302144047686425,0.21521956779492799,-7.2532443212882685,-1.3617055631952204,-26.164746370006725,-0.2165896485818623,-0.0301655690828554
2021-10-23,-4.383307813625563,-1.0243632186697378,-15.397174850151382,-0.14983574816324208,-25.622069825583083,-5.776724542142457,-80.26878689957674,-0.032824043643928554,-0.2749150876694337,-1.1902100956798027,0.8378138622250924,0.024496103144055887,0.11074581900989072,-2.1003557475100814,1.2225447905886226,-0.056030134150831565,0.8291437882967169,-7.36808647083485,-1.4266046631972649,-30.47644834534578,0.5294086421456223,-0.34452957689048963
2021-10-25,-4.346438662901571,-0.2473452967283868,-15.162882075308252,-0.14942842190774258,-25.90396437427748,-4.452904024382163,-78.87943309212996,-0.03778889610191056,0.056263537630413446,-1.2266199393022932,0.8926744630620016,0.024933459831529312,0.11613485232678325,-1.7273572926863217,1.5915109120847075,0.03210322893666742,0.9084376888449013,-7.310347164886564,-1.3858446585324184,-28.021107005715375,0.42992682929734927,-0.6230054539786931
2021-10-26,-4.05015432457152,-0.4851660157969865,-14.262251935031008,-0.1488969445658474,-26.091264209453218,-6.981468142170133,-74.71458274872023,-0.043586751083974064,0.03148148688287624,-1.5520127622749964,0.7590501869657857,-0.09826893185818857,0.15371467843517012,-0.9615154423268446,1.6627873449648423,-0.08925230451808129,1.1611675597390445,-7.278002835136973,-1.7935912465459436,-12.830142382883718,0.1479643324295095,-0.4995262865882183
2021-10-29,-4.443367021743763,-1.1373514957892707,-15.005139192345924,-0.14578240301873907,-17.22020501498787,-6.893368159907375,-78.95753067289164,0.1014421697996257,0.09139216785465451,-1.344413805943299,0.5868425913406995,0.02064303237256429,0.11210091857457653,-2.5367972637601475,1.0129436278862722,-0.25054834887229915,0.13039286218261847,-7.2765008655386465,-1.519699890621305,-32.77792593586675,0.09244037128580511,-0.15257500127625065
2021-10-31,-4.524498107574402,-2.237024939963604,-14.859999245714873,-0.15343777090830202,-15.688518186019403,-10.95075017842278,-79.77490127835232,-0.02618271722608832,0.08039210883031588,8.096133100733669,0.5752648283724838,0.018323604454849443,0.0925023063043325,-2.8514180097447017,0.5230415671547157,-0.3533132592049657,-0.0698448286491336,-7.146732861771659,-1.7950897131571566,-33.33806035578761,-0.22009364825384498,-1.0683681672427445
2021-11-02,-3.7957220020056117,-2.143377901063552,-14.976450006463992,-0.14091778287083018,-9.123724760565407,-10.144338760448678,-79.01031436538811,-0.03303184041681557,0.0689764829183997,-1.4543532285063554,0.5592185525790292,-0.05956202873128294,0.11529469812313138,-2.6877839639058294,1.9494101311742893,-0.41783683768105595,0.02383321277807284,-7.120178928832616,-1.5870823433897603,-34.41639449391859,-0.13694921980076544,-1.15522887591765
2021-11-03,-4.683067324996366,-2.236242021697419,-15.079278521803209,-0.14208728461932585,-13.795229752367804,-9.949482350826651,-80.39462729442633,-0.0271691177649493,0.07526935212403651,-1.4848667935345803,0.5583451996556842,0.018098260810326425,-0.37712763845743025,-3.015093914753565,0.766294531887029,-0.5301222896643207,-0.06997708415774007,-7.17158061074737,-1.58153955999934,-35.32345207993293,-0.1498043793584532,-1.2022578099087808
2021-11-06,-4.620569965240917,-0.1318808785955831,-12.873388139181655,-0.14199218869999825,-11.453309245961831,20.63293395916529,-68.7072848539343,-0.05863402604443818,-0.23575625185103355,-1.106123537333887,0.4452494134145651,-7.109507547402695e-06,0.09777112018452436,0.40460339725239947,3.1609564696823234,-0.21786132320872886,0.32590953830779473,-6.699500236140263,-1.992289980879207,-31.59502649199568,-0.5992181674457943,-1.767561124269777
2021-11-07,-4.501282614781357,0.054832544015272856,-12.61309502967623,-0.15097275026822346,-8.308151452958455,18.27723359803479,-65.75004510839632,-0.04156244644842241,0.05627628724659246,5.471043125201796,0.4469974791200017,-0.003877496071584794,0.1024301671347386,0.70568928068859,3.2984179784435503,-0.09889364674761127,0.2929628167654277,-6.6104163712913255,-2.4982225280901114,-31.70078960622822,-0.6051779094627844,-1.6519732337012931
2021-11-08,-3.0031071798676092,0.3848818862000255,-13.831202952394024,-0.14724938475856264,-9.626902746819017,-1.4963833432680391,-66.450719385849,-0.0597296697306189,0.046420143399518554,-1.262010309467124,0.5556607470740133,0.006880698981809449,0.12286075532542223,1.410634500367739,3.0835196683174524,0.029005285530568838,0.6158194729630763,-6.902984280949468,-1.8347717561506178,-33.02980453906541,-0.08688269194250751,-1.2003560112539626
2021-11-10,-4.76496155873143,-0.6907572128188003,-12.19277173418165,-0.1256697165347508,-3.904723472374761,46.57893459365298,-56.204566597170185,-0.016149830398271035,0.026706035354898478,-0.9308555336286255,0.3637626991852796,0.003805710896003886,-0.3296923987465285,0.991947555989543,4.376248702956614,0.1818687329280366,0.056512844064029205,-6.448660035875173,-1.5180621374127963,-28.337613154318433,-0.6616381121638307,-1.6162327867034136
2021-11-11,-5.033001312665404,-0.855165532881992,-12.788419624276841,-0.13002508087922712,-1.6681824290763723,51.47827249785041,-59.12126231733023,-0.013526882463801224,0.02362577168157213,-0.9782086570932145,-1.4885030462549393,0.0021744991607907903,0.08023020734381367,1.059287422030824,4.803648764641795,0.252118787392159,0.18492367513435795,-6.427356183103177,-1.6664700034105397,-28.278906828942592,-0.6894755156806035,-1.7149235067839277
2021-11-13,-3.6842729283596265,0.3251825575227357,-11.895317791266878,-0.12351362941969143,0.08786961354880546,48.99489368457272,-52.30417374810306,-0.010547137794840693,-0.08677805706076819,-0.9507032238180151,0.36128715056759314,0.0037633314775681586,0.1118446331420373,1.184471544243592,11.850921234047762,0.21275284978563444,1.7590116580267263,-7.791076249517976,-1.3100249900257408,-26.41178709224111,-0.3752155354038404,-1.490624124590096
2021-11-14,-3.829162830061857,-0.3050304479545522,-12.106617910099375,-0.1283791983465422,-4.345140451838094,50.42955984586984,-54.16544866766172,-0.00402228991077809,0.036561757665308836,4.558258152355552,0.34620987285243504,0.003950066745916382,0.10365369842475346,1.124844501878053,12.092326766010677,0.11542021197260863,1.6867980367858395,-7.81856306794007,-1.433375693417168,-27.416531900493165,-0.40302314604519596,-1.3529909573221117
2021-11-15,-3.321933753314121,-0.5739895891293209,-11.618414305292186,-0.12873334257634936,-4.251386752537102,48.601864461443725,-51.4660129692267,-0.01112257422265074,0.0361757054022354,-0.9118409191207453,0.364865711394372,0.0010424988180580653,0.1104384354584554,0.9786328109178037,12.619993486573048,0.07251522098836684,1.8748926021474632,-7.787232082430258,-1.4390219026486013,-27.29481979084106,-0.3167085657474417,-1.4084961333774737
2021-11-16,-2.9827428675780134,0.2699622328244327,-11.398158291593676,-0.1557706177597667,-5.171572493164447,44.80578695033486,-51.812341166810214,-0.01097158116317872,0.0335713911843118,-0.8957169039890509,0.38618244047935496,-0.002306772122052669,0.10941644312185843,0.7610423486226218,16.81184490336905,-0.06321523771826877,2.0158419121786006,-8.292130544911387,-1.5250012428217492,-26.67180512914857,-0.36054610112624425,-1.4553974788034656
2021-11-17,-3.7313667849486865,-0.5024099109200711,-11.663733823835209,-0.15601335948214784,-6.74417151453896,38.463706347749046,-55.260788384118456,-0.013975629701041251,0.04455610886279291,-0.8861784039958587,0.382088353889083,0.00031808672105776317,-0.3472149327428359,0.3060676858534582,16.263134330941003,-0.7264829118940404,1.4820464274474097,-8.411416925761534,-1.759723296119471,-28.97013504975823,-0.45045601791414,-1.5848468909873592
2021-11-18,-3.7565363942138417,-0.3679285733258443,-11.741426274072857,-0.15156893161725926,-4.8359426579197375,35.48946309776683,-55.770011794296735,-0.015170102859872947,0.047756168149813816,-0.8867430754735681,-1.6047757655841948,-0.0011631801889720767,0.08935836356814375,0.16777630598488463,16.192555178315438,-0.8367647054345428,1.193036340945051,-8.446178227048183,-1.8994995437404534,-29.880234843688143,-0.5255303603200308,-1.608955596928466
2021-11-19,-4.057286315139282,-0.30397627808751737,-12.381374815635086,-0.16003190719158517,-9.04653332270972,17.831321515037803,-61.32734357469458,0.17386153721602488,0.051846018674532056,-0.9633761529536211,0.413724975429987,0.0002987543303714661,0.10074896286874699,0.026669500068557013,15.257846923825884,-0.72190193245928,0.9191451647465193,-8.692735964999244,-2.8550137823664006,-32.5519183986776,-0.688053539311061,-1.6053357438475515
2021-11-20,-4.080471953133582,-0.11998978559636593,-12.898296310325428,-0.16075046262480994,-8.930854910362344,5.185251565745611,-62.441872272592654,-0.0532860115314731,-0.1383409298195789,-1.07669440565276,0.46927728272998664,0.009769768573199836,0.10240968060437232,0.37537791491358896,14.897230514884424,-0.6203287872689036,1.0955675894208867,-8.771283362728811,-2.948812703746652,-34.165205333198195,-0.16359662132441044,0.3664787769985807
2021-11-21,-4.017296056850342,0.36417864965385466,-10.920901800287886,-0.1792580780263405,-11.741284668448193,6.520075678984706,-56.09422033063485,-0.03940349187071889,0.007035079415766466,5.885912243013344,0.3834699307029846,0.02034969829787288,0.13832778840663873,-0.6142391520421872,16.438574529253376,-1.1390112567977309,1.5028307984563207,-8.653794070612893,-3.1814141225718764,15.200778307728914,-0.01662560204579367,-0.2745281594283834
2021-11-22,-5.314237058151141,0.250443730953158,-11.473743675622488,-0.21656681233892575,-9.684480874882041,5.8112718084051505,-55.891255827238005,-0.016353173644838483,0.012199866046905802,-0.8788541433643134,0.29205408059606636,0.10307445917512698,0.1283760732202901,-0.4528330616493874,16.607456851847747,-0.9010744597813884,2.127107434687046,-8.751383400784714,4.886230476180008,94.1733606225991,2.979665094024768,3.0951429880344272
2021-11-23,-4.491849399593835,-0.2738448862466426,-11.209940727762254,-0.20509584878302067,-10.083881842136252,4.273590350767213,-55.55876149586256,-0.018626492639759455,0.0013901344368818722,-0.9672037300450994,0.293879826166592,-0.17393280516792517,0.12551848933323567,-0.09697827384258025,16.80792582068478,-0.5436386981418406,1.867739113059995,-8.821782455103953,0.01844638150637989,69.94218483782973,2.5723269375957742,2.5172881600562254
2021-11-24,-4.530213581943354,-0.767051106535209,-10.785120151133821,-0.17878859591687268,-14.232071452822058,8.39184230802718,-57.00220723719605,-0.03879976738987708,0.0026297824953980453,-1.2298300822006356,0.3353227303257486,0.018723412856443716,-0.49824917937284535,0.10706807949237301,18.5263661810699,-0.8092004929971889,1.5909673000936624,-9.114995231117005,-4.016195536361875,25.200895936556112,2.431048377676974,0.9380824842163631
2021-11-26,-2.802240223585775,0.8479419033436616,-17.268691319061606,-0.2101722009448027,-13.540985858007689,-3.5381495750026892,-50.553187677612016,0.052628489908239956,0.005295351970647986,-0.6345237660216442,0.2193211506978181,0.049517618440528,0.06770256878159653,1.7432119542148414,24.76672691329637,1.2166231297689205,1.5174737853727398,339.7700012844431,5.522854350991154,61.42316245205396,3.6521150252511023,4.149602713301954
2021-11-27,-2.8190777388385238,0.896721169912223,-16.936839286067208,-0.18686708003063796,-13.132230889409412,-5.542414349425481,-51.5086462152915,-0.01560155231834998,-0.03638950275695415,-0.6557990284983833,0.2324870964151676,0.04182443873185147,0.06829663989970244,1.2015845872447373,21.914326217321747,1.2689815110014577,1.1922707107377284,351.2944982150554,-1.4951657172101662,61.98802743146039,1.917278305061199,4.016626194147909
2021-11-29,-2.68798060792643,0.9020868071959366,-16.15201837473072,-0.18417239437846206,-12.78845137840862,-6.760626978976494,-45.95040175412384,-0.014784139533198393,0.005093858172910684,-0.6623943228854883,0.2351567825076455,0.04373989535974949,0.06853396937980659,1.5287235394041685,18.276587424581077,1.241501944436968,1.0372413972261028,350.2917259722967,6.15015691771221,60.597389689432475,2.765583873178749,3.678093231689725
2021-11-30,-3.4516945906312757,-0.5606568079518588,-12.38339838954813,-0.1442258347670504,-14.562838317556958,-11.790544805694353,-55.96320768315956,-0.04104089962814542,0.008826196809343344,-1.4754239168588699,0.44472859523738506,-0.06873236482467135,0.22340915668947672,1.4726401139052745,7.355218890802636,0.1424127419366654,1.4114287476340543,-8.902590874093828,-0.024819682620579563,31.527177355507284,1.0830691661575942,0.7621057132084189
2021-12-01,-3.8676645090643467,-0.4193174235153245,-13.50989075900403,-0.14642173332000138,-12.403851695274048,-10.642318569937162,-58.56141363989068,-0.07990685196453504,0.015257729294654196,-1.764246984514194,0.5440444324689961,0.033544208004594844,-0.8508421861161398,1.5209548575912883,2.5683936396088147,0.11531397045299573,1.3579872828463728,-7.181383625740078,1.5465863215323494,-9.594397806572841,-0.27242621817546525,0.14181591661172088
2021-12-02,-5.0277438776025285,-0.3561317477270672,-12.626933832114252,-0.16299693181129726,-13.540390874174776,-11.743478325993486,-59.13276953792962,-0.026239543997184395,0.007554743296118728,-1.0688989390407717,-1.4955915639878803,0.08888437305397967,0.11549993291526488,1.1399266051110564,2.5400694598806415,0.25702470766472035,1.0368955356511242,-7.240826302021099,-3.584560769414356,51.19365308071612,-0.5127150662256109,-0.6295632508059169
2021-12-03,-3.8732881530887,-0.33279456504275573,-13.050089143141335,-0.14388850873402037,-12.150724848508798,-9.928703612810391,-59.128466570299004,0.2130804280750739,0.013421213125497695,-1.6885611293574896,0.5739585281497578,0.022757997041319988,0.24292116657228977,1.7856590302110276,2.8103814526989614,0.20841553719359035,1.6975876626574813,-7.184598866956082,-2.100787739409768,-7.951250206899381,0.14635197658083907,1.0184320367049873
2021-12-06,-3.6967131775718607,-0.13181727445006125,-13.34461342366016,-0.14886780275493433,-12.583675657772323,-9.523013400264798,-61.05291094325312,-0.06554783347378708,0.031418391933890254,-1.4870962605128304,0.6730807644943743,0.025171780060968568,0.13469245780460015,2.9302336702945158,3.079462922659471,0.4255926414354399,1.0548137047732438,-7.3368071877835686,-0.3399545298283577,-22.448502224604766,0.1606931670458602,0.8818873785888037
2021-12-07,-5.059395717343707,-0.4167949299324749,-12.635972573844759,-0.14890371751176443,-13.859160780148523,-13.123429380871997,-57.733493431041694,-0.04326308364328809,0.007321517717995506,-1.383367217656486,0.449870367707116,-0.0667138875526841,0.21633146866356148,1.5904912471342698,1.2946666208727169,0.2495173124918066,1.7885510708726688,-7.383542238128223,-2.2290508079118467,25.29145243290805,-0.24791516185379814,0.031318996802880285
2021-12-08,-3.6699835671828085,-0.1994381454249493,-13.326938418291013,-0.14701197676893207,-12.497734338361496,-8.116714361053921,-61.335326889057534,-0.07546348163972645,0.029691837601994942,-1.5585075518558107,0.6195211732033494,0.025533047332889514,-0.6331889615660193,2.7107430389870446,2.208853263450856,0.3049695520583109,0.7778825342564865,-7.261447427033963,-1.25441355893489,-22.33806567934349,0.14450070135391252,0.7723650410983873
2021-12-09,-3.9048200659881336,-0.43020397811434663,-13.886742527742026,-0.1434766956389477,-14.169249640825843,-11.968985517743784,-64.38949311846739,-0.07863499464442829,0.020777132944105707,-1.3066705198871493,-2.790032814150188,0.017414532518550647,0.0877884964909567,2.5313898515692936,2.069635785456849,0.15680197924456965,0.4112525833726587,-7.299113441141039,-1.877669381861321,-28.117604471948187,-0.5660263918138682,0.7867994913180095
2021-12-12,-4.502662507685704,-0.4846888154723558,-12.29916339627726,-0.15895407346668952,-14.837633282363772,-14.374516652597585,-56.887780259035985,-0.028656768005998628,0.00930055460647541,6.892914250751361,0.4510361951199109,0.02503133769570696,0.18324250176316545,1.6076850926592372,1.003821655261809,0.24098785422736746,1.7728240189728373,-7.3463943300186445,-0.0735099215242785,28.59356956926229,0.6659100454710098,-0.6666701669109408
2021-12-14,-5.232747716589828,-0.32250692258347685,-12.792299765937257,-0.13619004114478106,-15.163826150373668,-17.306003643138848,-59.39880335322251,-0.03198008527224803,0.004506107121222172,-1.352816923012082,0.4340720243815469,-0.053904144980432576,0.19479965281439254,1.6277344778225995,0.9296681017363677,-0.08951516168262587,1.8202858780801723,-7.466562276491195,-0.14601934998851687,36.60824239186733,-0.2830128834232976,1.1953944724600407
2021-12-15,-4.961661196932405,-0.40594174849036485,-12.976401179665727,-0.14809764973218628,-14.907164510797724,-17.355299805786398,-59.70085502837589,-0.04283137256515037,0.011186120540239201,-1.3589824700642115,0.4364442625263968,0.019570877182140987,-0.6590457130649023,1.5902166048665156,0.7175501813379428,0.07538828422264202,1.5810274216660767,-7.450189402143518,-3.4547113988648444,23.260157472289926,-0.021055342212802634,-0.6723110452061514
2021-12-16,-3.8503762924210423,0.11879166216887732,-13.534594239550433,-0.1432204588458423,-13.827241990722104,-7.104501930879413,-61.24454502358829,-0.10131957738968063,0.02055721253118993,-1.4728043874390382,-2.821597790355335,0.0219192162053129,0.12141703530814826,2.7674428342575728,1.5338904350334583,0.03286811067173094,0.46094967249753793,-7.2837916184250275,-1.342915291461936,-23.797407889408277,0.25999455913954383,-0.1418196592537947
2021-12-19,-3.4397144825367554,-0.3364705446751641,-12.676127125311849,-0.15557640418330965,-11.923952659635743,-7.144506169340179,-58.997840422698076,-0.040939337514634,0.015910536543915138,8.743287360407953,0.5683302655168284,0.026033033862122853,0.22178788648402253,2.3417954585853122,1.0930639797131847,0.01164672863080789,0.556313225523749,-7.090118362278599,-1.565362706072994,-11.979555046479302,0.12571161833202893,-0.21338138249172178
2021-12-20,-3.064583135332965,0.00311441981739176,-13.780018348147136,-0.14680828418636485,-13.047986478400404,-5.954750360754018,-62.239632055289036,-0.09087962430314885,0.03146287970318823,-1.2563154468865902,0.6059793768569357,0.023047778161632795,0.11236477215379018,2.8445651370126877,0.9527311985019888,0.1353690189480869,0.227355474275198,-7.215074400513549,-1.0721922247629998,-29.31514726777778,0.20984189804885603,-0.07334593138213966
2021-12-21,-3.9926177874607625,-0.1011361755306622,-13.783306846050317,-0.146479332938694,-12.468781207847687,-6.155186554126666,-62.32201582214152,-0.08639199399573323,0.02487016347740294,-1.31106852306961,0.6330217988796971,-0.08016026940500115,0.11729165035575506,2.801799740724046,0.8449277431532952,-0.053474140109790874,0.2415265776047096,-7.215275072847116,-1.2203045549142375,-28.681468356344453,0.10547149880733747,-0.37981953302613025
2021-12-22,-4.267083160789597,-0.9060204664894063,-14.152092320298152,-0.14578103336262035,-13.593237026803758,-6.990792758932489,-64.57831345955384,-0.08749616683181682,0.023155421498641086,-1.362933759261685,0.5662956782234845,0.021513390444583384,-0.3999041998991113,2.1924183662977614,0.31998496035126406,-0.4228548268398564,0.04141123509070494,-7.268251450978541,-1.3496143885689447,-32.706735736980555,0.02284811356704063,-0.7421381795293386
2021-12-24,-3.953721165014023,0.11480282281237505,-13.776308710442654,-0.14562732224288874,-11.997269778216134,-3.602906415967312,-61.111640991883114,0.34279265355332966,0.03265914714083196,-1.2456164460913843,0.6142163646665952,0.02419189302318815,0.11380801122276815,3.2174162795567014,0.6932371934515908,-0.11545218458200826,0.1489530375035434,-7.191131289305152,-1.2199695043813914,-28.490269997422583,0.24782492818449248,-0.3639440472674393
2021-12-30,-4.1476423453494675,-0.8295460366059295,-13.84769379668009,-0.14164969500884508,-12.689064121970574,-7.786880867653744,-63.31923121231075,-0.09891313587416015,0.023395041499342194,-1.4065845028532455,-2.8222303557639705,0.02235933289402914,0.08926718264645225,1.9222973559531624,0.5045752111709484,-0.41285949668462796,0.11828222847449904,-7.254022184744483,-1.745821790185275,-28.401699570235216,-0.07561756128735658,-0.11590862744480304
2021-12-31,-4.2897169118355665,-0.5828228106595948,-11.692557882165975,-0.14829808652858123,-13.793567628586507,3.502953510214432,-54.942557677124526,0.17739023956179228,0.007130305368208387,-1.284099181151835,0.37834873958986986,0.021127169909277987,0.1690904187562246,1.3109427225654708,0.09928001167469755,0.5132234037152779,0.8832823874776281,-7.120925990350219,-4.412738049525876,29.48320180982823,-0.20161717254666728,-0.48070214830375696
2022-01-03,-3.907116433663034,0.2325697167689898,-10.933135426681813,-0.1402546660949166,-6.460791653630722,35.13958314332755,-50.731463995545646,-0.02340292993273755,0.0307861563007797,-1.0914736496369115,0.40177884727750396,0.02626238351908824,0.13289308580872783,1.7914577656862771,0.986603180752752,0.32157661017297623,-0.009425499558968271,-6.636116877075011,1.3017196230166863,-17.988034195762438,0.05298319705066287,-0.23960295939363432
2022-01-04,-4.701438172176233,-0.134518476632627,-10.91295114076835,-0.12866139838735927,-8.623036867468503,24.976018330360848,-49.72636449642541,-0.02313329592651595,0.006001510806616529,-1.3394896702551913,0.41164942315154823,-0.07702722721705299,0.14233650523226382,1.2238776359209569,0.5134127266434834,0.5944776670654403,0.4395620797028976,-6.781504686125027,3.0125986428853047,30.376062857712583,-0.10579346625290793,-0.7869379644928649
2022-01-05,-4.551208612826567,0.00542692949560711,-12.07931442696554,-0.13217923999698364,-8.055610570670508,42.64904014352468,-55.57432493599431,-0.02909841452841074,0.023222538333082816,-0.9813455662625298,0.39124368427080297,0.012778325630120796,-0.3594962288810683,2.054055882327871,1.0104442948914814,0.19729291501582355,-0.4449503983723656,-6.666056642410978,0.4074934492999291,-29.046627748978217,-0.9444674812223137,-1.0180517481855755
2022-01-06,-4.5664538291646855,-0.34362033506981904,-10.964896524569978,-0.12527617617773845,-10.32573607108456,26.541615674908602,-49.46318097593395,-0.033748486198363396,0.005094819854225156,-1.4736207342427359,-1.614853276062997,0.024426335725754214,0.1312585283542029,1.2509264561634141,0.24639809914907615,0.6215005005190425,0.4481916221123968,-6.887795262139474,1.9781592939381987,28.095373910985007,-0.11381314958858353,0.8945450776084629
2022-01-07,-4.12788028226295,-0.5495290011617237,-12.24445982553889,-0.12710984529995775,-8.015251229566578,44.093390188407824,-56.61912084016905,0.12883988640017924,0.03130648047912285,-0.9708698338704846,0.3983240467823831,0.013722411889359049,0.09940511701120483,2.1860227166911144,1.0943803071384084,0.254442145733432,-0.33759973398263315,-6.6430549641612435,-1.421686008618894,-27.662560474000884,-0.6939045654976851,-0.9181677618524141
2022-01-08,-4.236206618572139,-0.1454684779527718,-11.49692460179015,-0.14004578227096603,-9.393971105453128,35.58990412444272,-57.02282304418103,-0.046421571636599525,-0.14314182254073685,-0.9725749367445693,0.4181080908311302,0.01677382286203951,0.09504680783402394,1.9001779315144993,1.0510534788577703,0.5199057941920282,-0.0746818925267549,-6.779966428702929,-1.0918771176237343,-29.66639047956972,-0.6838458746092242,2.6656400285636557
2022-01-09,-4.035181021631417,0.05556545618135431,-10.653300675758041,-0.1490982324110054,-11.226413096233854,24.313781014804352,-49.075098758106925,-0.02639575079799219,0.016331540942965937,6.523981618260359,0.3700537076330845,0.03354376272080213,0.1450834205285379,1.297138524861452,0.378716584290274,0.9961070151583218,0.6996107076671073,-6.788936131618689,4.452923513152518,21.30892324047857,-0.03908212101098724,-0.6014171941158928
2022-01-10,-3.8125464708006525,-0.4617132475188389,-11.537254475930384,-0.13773529732636802,-7.882814998748958,42.981901875274204,-54.05278387170639,-0.03650362043406656,0.027778375783800404,-1.0061164031970953,0.4126201335966216,0.020149175950955434,0.10742887012606124,2.1552869684196314,1.083341889216911,0.33614700985618506,-0.1822748237975714,-6.6252352827794905,0.5186223123938309,-27.339070815276656,0.21016288927018972,-0.22749492927306506
2022-01-12,-4.106907881899624,-0.5788113999973188,-14.016328948051846,-0.14494667581241005,-12.322082602576552,-6.196047550655002,-64.08820704724003,-0.0917323893560047,0.02523821225300794,-1.3571423175047908,0.5723362934300491,0.024153809652905686,-0.36049941029761456,3.204355593034517,0.1703183653781943,-0.19829586000448698,0.2015914326040852,-7.25642650469957,-1.0736242679005583,-31.33561966643104,-0.012367407427173965,0.021255717227527282
2022-01-14,-3.6470517376871148,-0.004841012625647561,-13.790354814805799,-0.14527587423894606,-11.860724478682794,-2.1208072298385847,-62.56145538154459,0.3411708702336354,0.02954323860835136,-1.3101257384973475,0.6200168105856209,0.025717423194425753,0.11625980842742406,2.8929867696972136,0.36567681948591296,-0.23671142439860474,0.011150129322346977,-7.138174724217978,-1.4870295023481719,-28.49307809189976,0.1281668401070958,-0.11007240619558253
2022-01-15,-3.8743042763837288,-0.04745430486158983,-12.568106568202277,-0.14912635430357712,-12.930362799055438,7.9043621550401415,-62.371061849511186,-0.0928879586948963,-0.10480900879451814,-1.254902283144302,0.5058037823600638,0.02201007390290791,0.10013222874226287,2.286720007140786,-0.06699127269064331,-0.18345246594064965,-0.1544803467139076,-7.057972318636108,-0.1986296601935367,-34.14904774497014,-0.2734786494406877,1.4824353627922675
2022-01-16,-4.269961248412797,-0.08485974523722632,-12.110491770233846,-0.15686582249500372,-13.337633278043167,18.9667509228777,-61.05519571177065,-0.04995622366451726,0.04341400820112466,5.715897762483236,0.4501447259131339,0.014773456619760313,0.09238903812738741,1.7712186139605053,-0.03901464351394559,-0.022777726449288743,-0.060006350074006246,-6.860441209509523,0.10666457623427901,-32.310675672728784,0.6515430324776786,-0.9088932492711131
2022-01-17,-4.308668817783475,-0.04828446984167874,-15.244949741062067,-0.14547425905195774,-17.304179743598702,-26.276965374804018,-70.92550118726349,-0.04377282497211928,0.033856245523735735,-1.4987218326544034,0.6261040525069801,0.0282331239554931,0.10857526152858092,2.5242026201588934,0.427623946408617,-0.4274038869525069,0.06037301465193615,-7.469699640688617,-0.2713882819533161,-32.24732710111861,-0.025540870351356673,0.9989651693063756
2022-01-18,-4.207834485572218,0.18512605289997222,-13.173403143484665,-0.1832202450711286,-15.39136357567362,-24.23423424430078,-62.60460231861289,-0.01841414407096096,0.015359225060303554,-1.1929649924410268,0.34853531746348565,-0.18521833268807594,0.1184516700756853,1.3443987790493845,-0.33350398599885434,-0.00012626622175967615,-0.41825821895295706,-7.285248408845397,2.4939264046976475,90.73852432577569,0.9501337406690603,1.2656611418513657
2022-01-19,-5.697586997134226,0.06387905982054264,-14.438039376577441,-0.1484228026497972,-11.847795162236437,-29.646677795613837,-66.87773916663662,-0.020877704614010537,0.011039408092849447,-1.4081682935266522,0.41022124824262934,0.02070642173540251,-0.5708990908850742,0.8798743937211386,-0.43353199119664365,-0.7929765508798736,-1.759885351184846,-7.540082264310913,-3.0704197906670743,40.44654672802597,0.5669511192149895,1.4757749763120087
2022-01-20,-4.4064909942738915,-0.40320363214335686,-14.238911212819229,-0.13689252376969746,-11.18489170022976,-28.2892270770089,-66.4509025408937,-0.04401052419170464,0.0212979627266959,-1.8828974759747619,-2.228903461839978,0.02686330960995014,0.14126019983202462,1.3597549537907456,-0.13515633547089723,-1.1358113668469432,-1.3432685131758408,-7.297674081022949,-2.7320743037220105,-1.5004506254809185,-0.3471001248907262,-0.5783379964055362
2022-01-22,-4.43429964987584,0.1787225993211963,-14.629990511413016,-0.1431108611007974,-16.40722321933336,-28.77318273584616,-67.3928901366396,-0.042335060199769285,-0.05191261989444914,-1.851098015087123,0.5548092156892284,0.0272713838401393,0.1340585451740021,1.4612193793376553,-0.3824826537895534,-1.1839757860075988,-1.275565256698076,-7.304300295145639,-2.6021846553586636,-2.9694799741156777,-0.11265404021886581,-0.4202622515094291
2022-01-23,-4.018129658447907,-0.49305769079441314,-14.978128903103443,-0.15573490041812546,-19.039335128289995,-26.20168261962548,-71.54888226963766,-0.03461309855972239,0.02886473951665707,8.033212616178673,0.6329937626107888,0.026010729906817496,0.11873772518948299,2.364084447288351,-0.011253959507142416,-0.2751130548839005,-0.35536819679508214,-7.311194481402493,-1.3067710254428098,-26.681492233405724,0.4096734838156534,-0.6409313018248798
2022-01-24,-4.8000984717785515,-0.1479171442113588,-15.495358203245035,-0.14460732815087912,-18.496076780666506,-25.683855135206997,-72.35165567233672,-0.04249198638509726,0.031079493883466106,-1.5304732013814841,0.6184285214991944,0.027124300390293076,0.10882107953491506,2.0787428995705985,-0.30517312711456757,-0.20347662766048102,-0.2877003740211804,-7.434661421459021,-1.6802100477143977,-30.6890728451755,-0.07713558711556176,-0.683497425506591
2022-01-25,-5.893735914059102,-0.37438680424931,-14.424735225424888,-0.13628716326921703,-16.30154677380716,-30.162657985632706,-66.80367730555824,-0.024189106252202188,0.002699033332948403,-1.3447591433854735,0.44948813908064955,-0.07034025711311638,0.1385776239296366,1.0009457668501338,-0.7993094985399412,-0.6120502502592138,-1.6808360621264298,-7.559611377486384,-3.8658304702389623,36.780882412864685,-0.29583265177895746,-1.0052031223233535
2022-01-27,-4.308609845217994,-0.42316934183630717,-14.32491625980067,-0.140846016390555,-14.66677494617148,-25.175220688141476,-66.59450078134765,-0.05557970380325009,0.015271334307716242,-1.8679669378417831,-2.2799916650487226,0.025008003448325225,0.18204695577801774,1.0354774375742763,-0.578033439281179,-0.5876147207412915,-0.978526634485822,-7.3264170003397675,-1.966646743070216,-6.548912482415615,0.14067899381592178,-0.5370883239299148
2022-01-28,-4.279356048909095,-0.4551957771829998,-15.28150907507443,-0.14601689370241644,-15.550348546057828,-26.059087999596425,-71.57004334909448,0.11083385259415032,0.05519572746205324,-1.5531143698004755,0.5823309913770054,0.02614706191743191,0.10872719711821993,1.9137621253749026,-0.6661505355257639,-0.093484886968135,-0.2683431101349676,-7.377110068244052,-1.5258061638700708,-28.66247550653262,-0.01702012048888281,-0.6573634298430167
2022-01-30,-5.007738362615841,-0.16168061839207523,-12.658596435571898,-0.1912356519110048,-13.580738535981013,-18.890738830469935,-60.11912646483221,-0.01634777679681437,0.009747642239514147,5.496071722951066,0.33525305945557116,0.13087226129079502,0.11768261409531958,1.1955218938638803,-1.0013389709688998,0.14130231516211728,-0.7348556294805447,-7.0848759390700415,1.3477975532834068,78.310542133832,1.3092511836726293,0.3813901613101042
2022-01-31,-5.324739592827986,-0.42289291530564743,-13.861225104091888,-0.14335875280560315,-12.504841073554394,-20.47199972175696,-64.51630879278531,-0.03409500301933905,0.006604235197177134,-1.389522882718339,0.4981232016016986,0.02561973648742756,0.21348946547249414,1.2541827604935647,-0.7556253654665822,0.12619017505261257,-1.3717475400328605,-7.4331808759848,-3.1104916200351975,30.312918787279976,0.4493600680874677,-0.81438833312751
2022-02-02,-4.170448468277805,-0.15706684242950616,-14.037964625870684,-0.14525084491397228,-8.823929404240031,-16.774675579542414,-64.76083665069977,-0.09051677371363961,0.006211925523000215,-1.8571839370277001,0.5290441954958319,0.027226976781275326,-0.924605695561127,1.2017496199943833,-0.6811713897535994,-0.34528873953969164,-0.8572769991238796,-7.137219368370032,-2.151817834826006,-8.394965176740506,-0.24946086629768527,-0.709510615736565
2022-02-03,-4.623766164680023,0.11712191731146453,-13.096986413503952,-0.1692866662807923,-7.080113122953018,-19.560905093350446,-61.02063442538394,-0.019340465638299234,0.003794474136768337,-1.0764403216737517,-1.5474690840628373,0.13070484746498046,0.1321183778594238,1.0484261390557985,-1.134377696039791,0.16377925812683272,-1.1006244328631185,-7.17923237233626,-3.5243476754004224,57.627267743039894,1.274290764258563,-0.9510540762267894
2022-02-04,-2.457899195825704,0.6294121381949818,-13.528201983326062,-0.14899482734828828,-2.762120649184845,-17.080505233770484,-62.044138501916045,0.22893529974805912,0.009343898848070742,-1.6742085328100866,0.5838386098168078,0.0332691277755236,0.2652044646238446,1.3846351491477333,-0.67237225477494,0.3279983937163595,-0.6165014256747122,-7.014113133998274,-2.014396636465236,-2.838818195268837,0.5876841593307349,-0.47660468850057447
2022-02-06,-3.7435045892932526,0.7278561601491631,-13.126540556211861,-0.15413635711199467,-9.62188366048378,-13.46222007222946,-60.882029508849485,-0.033561646400884514,0.027046124238179692,9.4714391694588,0.6012498770618407,0.03350798954209119,0.263049038290202,1.569098051720253,-0.5039017554385394,0.6294753256937708,-0.37043046702558513,-7.002278633534203,-1.9414344670899093,-0.459967162833913,0.6352108932580528,-0.5120202934420948
2022-02-08,-5.525937665735064,-0.38376149569740897,-13.864411592801265,-0.16249391417128703,-10.727882287486167,-23.44558118348416,-64.31713014331767,-0.02137731652077108,0.004677386537586645,-1.1515559708374266,0.3680842379940313,-0.1454590274222004,0.14589512383697675,1.1386013179881156,-1.4034960057402721,0.1969211376638418,-0.9774876917938461,-7.302189091371971,-3.2009304180850697,51.97727604590435,0.8532722885045174,-0.881357504710913
2022-02-09,-5.535381262589334,-0.4017838212278963,-14.087685647293776,-0.14381871698056536,-11.232188451955246,-27.391483318538505,-65.3525586350369,-0.028417895781056423,0.0036898037854565862,-1.5460402898824892,0.436481023753774,0.0075931125175542225,-0.6687681859122787,0.8520827501979396,-1.7555431213587616,-0.1468107945808395,-1.8604230339842132,-7.588675348967676,-0.7769289716307634,33.12920832260543,0.48926738701941336,1.3843342930782117
2022-02-11,-5.297394113439337,-0.3625845073149684,-13.416018704075356,-0.17362675023385302,-10.029696927443831,-23.650034422810748,-63.19672843909967,0.05253415275713776,0.002717196352018586,-1.154896543392756,0.3524132881865054,0.13564493364219868,0.13969228294937802,0.9893472768159403,-1.5631351025763376,0.17931198892853303,-1.3331679445064817,-7.287210328843354,-1.7952203189003326,59.56672233565536,0.8272494800618473,-1.060117200544669
2022-02-12,-5.351883023912267,-0.5175044715161139,-13.873001648511659,-0.15412907776702486,-13.892545958444856,-23.811833211978193,-64.67319331000633,-0.03255194147220193,-0.0360822074676905,-1.4746237632948247,0.4637210293776194,0.01871111722802251,0.16809946517265964,1.0082719209458137,-1.7197357681609469,-0.18183566303731497,-1.8201444283761445,-7.536253094262552,-2.9895086391483545,23.41398304671886,0.47045963329950097,-1.0019993239497167
2022-02-13,-5.513794516968919,0.6050898446997677,-13.822558852664418,-0.15566102060041487,-14.387701837992305,-24.47705171329904,-65.89381909752693,-0.023183079916546178,0.0010574406765030684,7.410714675914952,0.482117994932178,0.023389037688624065,0.17317335152116503,0.9753060417391383,-1.5799374348419004,-0.13848008802545497,-1.6314459336965226,-7.42530563954545,-2.896373942440652,28.716990602791377,0.054986713601606584,-1.1872804362665488
2022-02-14,-5.210013432765509,-0.10540936328894794,-13.66033151327655,-0.1548944472961876,-13.899481833598665,-23.531756041744423,-63.22367444684894,-0.03147068413189469,0.002118156172786794,-1.5106272971250516,0.4601292337293593,0.025766406443715386,0.17475908685678307,0.9305356478791325,-1.7025964536203588,-0.15326872856356094,-1.9775056282715022,-7.544436848578742,0.9867842455206753,27.14710544524992,0.5380901754678771,-1.1706304742015705
2022-02-15,-4.291989685711242,-0.7137683451446659,-13.929915685918663,-0.14637615382016245,-11.755196660302774,-17.03168781898544,-64.05043476744743,-0.08326725001159808,0.008370223856502483,-1.9786811801450874,0.5543566154542885,-0.11921162947634724,0.2048717385673201,1.0429904076567074,-1.4966929979635635,-0.05431757819897343,-1.5814298825403827,-7.222928850041159,-2.0151330965925376,-4.118180851817417,-0.14962051588033573,-0.7063225949635772
2022-02-17,-3.303630573353599,-0.3309135968000808,-14.080157735650577,-0.14511495466775212,-14.037390525902827,-8.593737035448516,-66.09698792993059,-0.08048387031561939,0.01777402183439368,-1.8514660400155643,-2.807934150757822,0.023234401925316058,0.1472348305197608,1.3864503510450088,-1.5739028194944757,0.11477826847602846,-1.463007574872074,-7.3365699952297865,-1.8447124849347634,-24.21601505149282,-0.5186406429704264,-1.0398952257459853
2022-02-18,-3.678227049292554,-0.5762294858137733,-14.234051036972804,-0.14902491116885308,-13.573470603826149,-9.134984446267154,-66.40366164224758,0.23740198697782475,0.009651969058031477,-1.7676688812430452,0.6316685829186945,0.027602592791708073,0.14327607525541747,1.658361228323797,-1.3683060123894608,0.18718224885080745,-1.424798541278549,-7.300582356605589,-1.8328841960488462,-23.148532051547818,-0.08732201695178717,-1.1407115549181697
2022-02-20,-2.30748224128914,0.8722294678816619,-13.097677499683689,-0.1592827162242876,-10.971642031680421,-11.682381865075955,-60.190528897052204,-0.03323912762889273,0.024047956681782907,9.166539702245665,0.6087147840357,0.03002484280215949,0.2283488371473835,1.6043729318555906,-0.7761983563091926,0.3408322885700015,-1.0756528791903774,-7.020155915329197,-2.2451862240134837,-2.1700733912244403,-0.029604547544560773,-0.7043719318062021
2022-02-21,-5.014101422814702,-0.006331245047458979,-12.677103784150217,-0.187637017967123,-14.945136316266648,-11.987438950838552,-59.219381473522446,-0.024474097629854447,0.004876211479026003,-1.1360285882504033,0.3410109200258133,0.1369403875072897,0.11975074932701067,1.038056097898677,-1.5034086223814747,0.15940108334182893,-1.411888820987893,-7.12608542601619,0.8863925764763497,78.6486554080277,0.967384753300766,-1.1618949813579595
2022-02-22,-4.211115595446974,-0.31196315364247124,-13.205538902768092,-0.1852064094285245,-14.367333792205027,-17.350578350782854,-62.22401976956549,-0.02437963210123126,0.005129540328144035,-1.1950702269493454,0.36541305663900736,-0.15605509108321117,0.1277001774140551,1.1704628538932849,-1.3004976823063967,0.0797202783553111,-1.4717200836700002,-7.241470190289878,-1.6185873823600885,59.73878820426899,0.19490597165297854,-0.23911788437648782
2022-02-24,-3.5794360381571533,-0.28022700240335824,-13.368401916516943,-0.15189697221003257,-14.35157138576393,-14.713321815693835,-61.60520895895981,-0.028788358875998014,0.0016450310245327976,-1.2706218309157788,-1.9011752457541753,0.024165353619398096,0.1590960596760442,1.231013737549278,-1.4671806392760514,-0.09670416878152283,-1.7392519906463788,-7.414737899800568,-3.4300031211204054,37.9931524943566,-0.19219818572492522,-0.9031086680675954
2022-02-25,-4.565322926527735,0.20976839327948282,-13.206092218382151,-0.14644642537380542,-13.910536965825012,-12.416834890883479,-60.26915378074954,0.14680394440855593,-0.0010600967958636466,-1.4031599498819387,0.47453992906887477,0.0242049228174965,0.19684652221949725,1.4307424054327265,-1.479992866440071,-0.17811729458004266,-1.4769610079091133,-7.359010512849161,-2.9143606053716296,18.988262910832486,-0.0872394726923527,-0.8887827223356626
2022-02-26,-3.5097009950069147,0.6653467601651804,-13.511700731596758,-0.14879509133787774,-12.352743824574844,-11.553329982953318,-61.39973766898112,-0.08314365323396561,-0.04358472524183314,-1.8056155429249168,0.6006492371187345,0.03025618873559303,0.21052844666538195,1.4174574772904451,-1.1315001538017977,0.057500338659968384,-1.201252300388064,-7.132052759825725,-2.389036597448048,-5.259410394372312,0.17322625732472868,-0.5212119489616676
2022-02-28,-4.819282681514429,-0.2004872018220689,-12.698730864519396,-0.17593292674426897,-13.217614909666922,-7.631267070516193,-58.06491788699397,-0.03593882554968523,0.009045921320489852,-1.1852107581274423,0.3535474171656856,0.11610596182891268,0.14033362148834738,1.3212200439929713,-1.3614913760272802,0.08669013877159118,-0.7832298125254309,-7.167724446314604,-2.2193597384824137,60.52481043131266,0.7518074004967745,-1.1032942601988573
2022-03-01,-3.6206893728180947,-0.5406977964842026,-13.540654203365182,-0.1446372865007761,-11.893240599615398,-10.585361219463696,-62.07680552516919,-0.09063501748182347,0.0005215937731077167,-1.8342403322730316,0.5746848163733935,-0.11016122819392257,0.2226459951205998,1.543351686410806,-1.2601607286527508,0.06001218802774443,-0.8213848076153494,-7.194163484410809,-2.184927749666479,-10.03092991623039,-0.19489850513156123,-0.5487459263209012
2022-03-03,-4.5222282986933555,-0.6701147039657733,-13.327659314600005,-0.14052449940231757,-13.221351097687597,-15.092526803583233,-62.51782187753588,-0.07177097881999796,-0.002517529760521319,-1.7876076500362306,-2.419575175872895,0.020157656895177,0.14620032060918814,1.3279699330913401,-1.5274314516763474,-0.27766732737290895,-1.3539308085793216,-7.302149757830652,-2.5211967780261193,-0.769631622328853,-0.5231130792520204,-0.8294265603405104
2022-03-04,-3.832429022582434,0.1108592989039563,-13.982201493739447,-0.14620460190614468,-11.333323092035704,-11.222556932298712,-64.87537733659458,0.24956723241573198,0.02312110424169591,-1.6067121938297486,0.6266362429782989,0.028287081448687627,0.12811700261058528,2.440706756711434,-1.5163255154227069,0.18617068229889314,-0.3994210036020241,-7.23343123698211,-1.4126081909742432,-23.197313274361704,0.10042073728351197,-0.5840758968706254
2022-03-07,-3.789675859718647,-0.3621630658667055,-13.531847873206013,-0.14492295306795042,-11.667296947740487,-11.067131215144956,-62.613000658481155,-0.07150684592023288,0.010689190563015432,-1.9032896751248036,0.5797838812722155,0.029797540187325926,0.2198393147537452,1.7670979847962485,-1.3337602361218437,0.05000554941568957,-0.47561963434691995,-7.224785621764151,-1.497420513896002,-13.91369256196904,-0.2727152063080511,-0.4104086817568004
2022-03-11,-3.881263767439341,0.07775709304493285,-14.117037687155502,-0.14511699459837002,-11.839456679879877,-14.04961693726909,-65.48632108000058,0.20559739858036805,0.036579511742402836,-1.5522827759775164,0.6207441773545547,0.026242454201371782,0.11765136759168825,2.473318726767891,-1.9747798015776745,-0.03422224201777804,-0.2710368755524763,-7.256178888202365,-1.3075004474641723,-23.201734314403854,0.03881819938493185,-0.030144934854020727
2022-03-13,-3.045993995941652,-0.2567160321536366,-12.046998100646949,-0.18462019697176016,-14.27992277372713,-6.805465243480039,-56.912527985971956,-0.018126113012639087,0.01249199282481547,5.342462455101184,0.33390208152942,0.12657875673967092,0.11372198031314806,1.4712487013397901,-1.481827290702878,0.14544699195884608,-0.3634967838517098,-6.96644070165814,-2.123583957172131,77.33357594890853,0.2567428822599869,0.5143211373956211
2022-03-14,-3.1491785161886563,-0.49688266870032943,-12.886683033801022,-0.1495446262682304,-12.449390620625625,-15.039087450321542,-59.11391480816106,-0.02287317784153206,0.007193108642526907,-1.2244768524459542,0.40635275503785584,0.045057709339010966,0.1502500923306973,1.2757776808037715,-1.5809340235953901,-0.045733548010953765,-0.5291272534993406,-7.291462079369707,-1.9946785128171451,44.42711341804247,-0.24752471248796779,0.35109481249629565
2022-03-15,-1.793075054765707,-0.018045754845030005,-13.911138655461922,-0.14632013006860659,-11.593037476539717,-7.733877439846505,-63.571488760246076,-0.052580997980855415,0.0469842597499638,-1.4121497483203618,0.5909135194995698,-0.06315964608941191,0.09008268761248991,3.0389353759344977,-1.0811742205171075,0.2585478411466332,-0.044454493236561816,-7.224262219943078,-1.0663634225255592,-29.63739237442126,0.12314755996552164,1.7123135415574189
2022-03-16,-3.5449665699810575,-0.01906259724117713,-14.039352267985446,-0.14272394936448593,-9.919512613111639,-9.282369498990267,-64.14178379389024,-0.051137519648773944,0.04657847230730283,-1.4264947158795698,0.5691978429224596,0.024202321711114232,-0.3616322007548566,2.956556300089047,-1.0915054080168467,0.17942898922968403,-0.1010461733938492,-7.218833622638669,-1.092083734661239,-29.38012215736822,0.11675783132699163,1.717051458849607
2022-03-17,-3.211493018085035,-0.11136557713041877,-14.149600618392313,-0.13712351156869892,-9.546578884727426,-14.83651537805022,-64.91908015199722,-0.050614971220948636,0.036841103595256795,-1.4228979411498568,-2.463079768806523,0.021118588019066353,0.08333301764585857,2.8694474928221685,-1.5887246130184123,0.2276018339230643,-0.13982469484747917,-7.244579672319056,-1.1996667818328077,-30.324704106512364,0.08257652311439383,1.678355342747455
2022-03-18,-3.9922404654589148,-0.5394657490673436,-13.385845239659128,-0.13680257624182454,-4.250197857203145,-12.749600932260044,-61.00031622050116,0.19973906359949067,0.0027418146036268408,-1.6382491660506846,0.5619677425638455,0.02923481927955502,0.24863990974064543,1.4339740377552321,-1.8145856900374346,0.002506751841413242,-0.7087006858379185,-7.081778133397504,-2.101923791759148,-8.760757830478637,0.16148737986634099,-0.545114801312631
2022-03-19,-3.6584538848324852,-0.5240725511428853,-13.21093602626212,-0.1378326922733875,-6.035246932161285,-12.156265585178884,-60.72288099495696,-0.0656284091205678,-0.03884652512585365,-1.7282650430729811,0.5574696772084945,0.030394066139069895,0.25525152860341943,1.476028406805589,-1.807415214000657,0.012962786075520621,-0.6057178251259793,-7.102937575552361,-1.7482711174836356,-10.369906367157636,0.16830022862943406,0.4692852622821903
2022-03-21,-4.975138651517901,-0.44437234746842075,-13.451793951363273,-0.12434779625034538,-7.471168911143919,-22.424781515846053,-61.37654823487625,-0.022309590282309964,0.0021161485383324134,-1.2230929389668705,0.4577246306829798,0.023685985596389566,0.20009639505674626,1.2378437306115215,-1.8681738842276907,-0.26331045770312644,-1.3452510954682937,-7.346060857432861,-3.04740859756625,34.6125278035501,-0.2536148686952816,-0.7708088707664068
2022-03-22,-5.533256086756726,-0.6118981759677926,-13.802526147286285,-0.1307501024602875,-12.509151456395735,-22.516741382412963,-64.26993284658406,-0.03076039820314472,-0.0063984366515129195,-1.4073265002581905,0.47390580946733335,-0.055605625215951936,0.17609698895660444,1.0656655677011098,-2.026570369117347,-0.45469304426977214,-1.422550546827503,-7.478418102661399,-2.9121038171366855,27.40098176155523,-0.23154160976843183,-1.0659294106297348
2022-03-26,-3.7180716341843327,0.19582880763468555,-13.707403294054595,-0.13916410165196183,-12.176888088841418,-5.059758448299554,-62.40235086807187,-0.07331443807732287,-0.11395659294852323,-1.5627839693164913,0.64220849168246,0.027169884720166702,0.11576683041621606,2.6325910519801927,-1.5662686539753972,0.07771534715795221,-0.1303629588528584,-7.211338722792709,-1.3804409395949122,-25.424120923732005,0.12932342725127322,-0.5866859245687774
2022-03-27,-3.5605847446496752,-0.11394471110372227,-12.820354678809531,-0.15100289612923173,-12.759863070318481,-1.1171170466501301,-60.083064780589375,-0.041112778305048864,0.02607920792606948,7.3216053380118495,0.6230165326364919,0.028158648314659467,0.14829707018985017,2.5947695284406365,-1.4380465359511754,-0.048096463350778634,-0.014170959458441448,-7.115683542593346,0.3714671927592305,-24.285402220372013,-0.16207271611507745,-0.5285112348596772
2022-03-29,-5.234495142413201,-0.480543681210519,-13.160422034062801,-0.13965192656091965,-9.019331733821025,-16.382647497806193,-58.37911837823388,-0.018078816221158235,0.005579637550063094,-1.1383290098270744,0.3875348311048993,-0.07707655326031033,0.14957199810761374,1.666299551979922,-1.791749479144573,-0.057487631687584376,-0.20577699580214515,-7.256954746392001,-2.89880178685937,43.341440385840684,-0.23290430914669077,-1.0202335361291344
2022-03-30,-3.951432660390847,-0.5601984205981374,-13.030624154207686,-0.13566660272331524,-11.34980565685346,-9.371200412908719,-59.09485348540585,-0.07535553457516524,0.00739298039112633,-1.6725401387581345,0.5153458159103618,0.01876227354652924,-0.7727471464919129,1.795736722359656,-1.8141968820546521,-0.13254490345024897,-0.3942088983038547,-7.182100509096261,-2.45705735269448,-3.978519822507405,0.2413479284023238,-0.9147100953153038
2022-03-31,-4.822201652272036,-0.6305856519125647,-12.777529152973589,-0.138247706275728,-12.870809716608433,-7.99209754553151,-56.02322686638116,-0.03965966906340372,0.004816126048260006,-1.26317010592968,-1.7223653062840276,0.024881917743934494,0.18867917604120718,1.6585721233770854,-1.7377888255571319,0.007673443537282889,0.19185671327915477,-7.317374243937482,-3.103718177096544,41.47435215714799,-0.058013822802467946,-1.0056697935753804
2022-04-02,-4.633193162389072,-0.5048402496127979,-12.48304820498425,-0.12185839530707705,-6.784349182519335,-13.113802111152184,-54.04074253314287,-0.04611853468710014,-0.02806371888248583,-1.1627987559562847,0.4193412590928956,0.02296824203288961,0.17516050671757225,1.8835391002736188,-1.7575355597460025,0.7956239169788327,1.4207884208576802,-7.189786738431184,-3.4221828563224865,38.000942949379,-0.13701224008392238,-0.4387237283784268
2022-04-03,-4.0481745495279835,-0.3280710840269923,-11.843209073750304,-0.17011346886266818,-5.588261483496856,-7.657943636072759,-52.453291284815045,-0.025327943369464572,0.009213887593232665,5.465496569485559,0.34489302468055666,0.11306187379946875,0.15532316986993022,1.7630104115436542,-1.57493862558634,-0.04438408684760177,0.5495432832113876,-6.987971735955405,-1.524438553731394,55.48001195651338,-0.24565506592713243,-1.3253414718822147
2022-04-04,-4.508478975029667,-0.44286488053546524,-12.45848768739751,-0.12356067759273429,-4.3272723251181455,-15.234616436234385,-54.57447472548779,-0.03869060455683522,0.003011897362232783,-1.1863231953872868,0.4380558768945153,0.016642628341812724,0.16123633328945247,1.9653827706474145,-1.7532939557499565,1.1046495325366126,1.5259246246907767,-7.192905604569332,-2.39937810450132,37.321417681859295,-0.033937930957628516,-0.9747557455783024
2022-04-05,-4.798430196530389,-0.4160611757656469,-12.450428399066237,-0.16026350100058925,-8.055364431899605,-12.498532767265147,-55.620912384124,-0.03830839250051944,0.003379261511266732,-1.074462419471417,0.3546339844853897,-0.14126089922025753,0.13752483381519393,1.7920582410892618,-1.7223896888461327,-0.09766643358178283,0.6750742940598096,-7.136046268264214,-3.0122467801595314,51.375768271925224,-0.182737971431405,-1.0353406070533693
2022-04-06,-4.023149120816916,-0.4724175287191471,-12.924377241734174,-0.13733257257783116,-7.488311604033234,-12.263664953108947,-57.01301508223242,-0.10195606228131383,0.007786785804357654,-1.5901830740126959,0.5400163042584706,0.022025588248934927,-0.7316411972740626,2.1137972054806937,-1.8096941111715754,0.9762227078051274,0.8199403592377706,-7.03322148874832,-2.440522856278334,-4.330047036268234,0.1521867569387692,-0.925813776053342
2022-04-08,-3.6377547313902503,-0.46925163963999594,-12.83889893299504,-0.1367731704347636,-8.574110295710407,-5.183782458310661,-55.88720240442902,0.25893223292954665,0.010259336827665874,-1.4480174366071066,0.5298177791350741,0.026225303492258913,0.2188672023023554,2.35851556160647,-1.6271194302107646,0.6738955206478672,0.5994210829495471,-7.017340326405196,-2.055867164173132,-10.078309467009767,0.07393280732501296,-0.897350804576571
2022-04-09,-4.298121628463771,-0.8039182678688044,-12.274585111821898,-0.13496805758773445,-10.054293522781313,-9.050708149657984,-53.72659039787724,-0.05681670602644599,-0.02479362092025214,-1.3232099429827784,0.4219993395521934,0.019737265003111376,0.1850630801274607,1.7806694789554298,-1.8026561427796188,0.5296032100178917,1.0836394713780477,-7.259148371057786,-3.299577334516794,29.38512473594644,-0.4514220088322966,-0.7113670904336783
2022-04-11,-3.6823200081314,-0.4206341905233715,-12.652898966348687,-0.1333614914120076,-1.9809397507751558,-9.984078604092415,-55.126155455066105,-0.09008624228018756,0.0036597648352763505,-1.5575767008135382,0.5439961496002836,0.02760023021910668,0.20655797643137816,1.952057434373692,-2.0095243813173456,1.0352442580884422,0.8144582678672028,-6.9565490147116735,-1.8529276629209661,-3.9368262706396564,0.019763239315266367,-1.0711948573651775
2022-04-12,-3.5820013183217645,-0.4390997013076502,-12.571658360484802,-0.13443675879909825,-6.419596545341537,-6.028298192881137,-53.412490246598374,-0.10239871765623601,0.007170007759806205,-1.4932299573884915,0.527717607230919,-0.08814099109521634,0.19067711186917258,2.2281429030087803,-1.6626671176107657,0.847361661457516,0.7075541031989095,-6.949031034324589,-1.9225291458844453,-5.514044732135078,0.16588724422576212,-0.9809373179433304
2022-04-18,-4.363851493517858,-0.24219231115117637,-11.695894256643358,-0.1167352792081064,-10.071510941180929,35.57554632666442,-48.47256108958321,-0.036722247158146454,0.018383750940343568,-1.258182716631123,0.3530714908119096,0.01866048095597462,0.13482826139967985,0.7811263929328057,-2.421612236068538,-0.5524263746007991,-0.04212112527814236,-6.623851957532834,3.5369687429014776,-5.235873528409218,-0.09264040473283464,-1.3187135297239783
2022-04-19,-5.2058661832818265,-0.4319828978093746,-11.379991159012173,-0.12742449439207937,-13.938019636722562,25.584402068168245,-47.59617246827404,-0.02414813212594887,0.0026712044371139873,-1.3416967225376624,0.36804255331124264,-0.13210802922646206,0.11897208982502522,0.7196891184622952,-2.5477565614077387,-0.7290260468789864,-0.15031998454741513,-6.864101631040383,3.4138602517856667,35.46087016039184,-0.6229634072274638,-1.0712688228081817
2022-04-21,-3.800005662554589,-0.8740146906070002,-11.054502546470935,-0.12254852190870409,-10.814081400805689,21.023303087617823,-48.163746698822045,-0.05146666949566138,0.0024073838794416375,-1.5223520003375473,-1.5949517110062255,0.033186541886382745,0.11669170597055614,0.48087957052223257,-2.668722136065458,-0.8244618430263475,-0.02575430133469379,-6.9007810285424815,1.0781442593660437,21.5445215264571,-0.45890850792371934,-1.4323122664772898
2022-04-23,-1.9567176878386794,0.008846471975473561,-12.663973096400127,-0.13286564470742393,-5.4885931662636676,48.30937787540663,-51.75246886725967,-0.02689609162400577,-0.09376302470454012,-1.1857453978176502,0.3379831143907219,0.024309542395351644,0.11908549378088894,0.7070833103694646,-2.7987599980567883,-0.4856167132762523,-0.1664183676027164,-6.478784885221548,3.678680442924708,-12.822006201127147,0.8371600465720905,1.263832115683664
2022-04-24,-0.8932840168763244,-0.007707859933595877,-12.143416689196666,-0.14676505973598142,0.2992622767354369,48.59871113827461,-50.13358791109705,-0.016246485159212364,0.022659591094524888,5.3388126638511535,0.32434791546465275,0.020851293644190232,0.12096640081174005,1.3121884270041746,-2.3694796964223284,-0.042551040285320585,0.20259824639523474,-6.329848831351613,6.281039950716168,-3.7915586219421864,3.7835425381362264,0.8018557471398043
2022-04-27,-1.6621892402496936,-0.09451778916217103,-10.806581764208616,-0.1965576918938065,13.968556563733946,24.880134935714704,-46.22350025384546,-0.013494096554745257,0.0017216693509445196,-1.0604494889045335,0.31117130438716895,0.09412244788302213,-0.473788664268494,1.3219690743535644,-2.730851892836997,0.24711340361947914,0.6224913636328631,-6.587647232158898,8.337022525669257,53.21606447369144,0.3976525556609577,-0.9419042657414124
2022-04-28,-2.8824952231794545,-0.123488247710985,-11.206310288261287,-0.0976484813089515,-4.715245762941918,36.51773809009985,-43.44121663979656,-0.02276644035279524,0.006782258367656141,-1.3282751860313906,-1.5176650895850914,0.04061681620174805,0.119759656100895,1.393118663693644,-1.8505366325631414,0.2657111535630367,0.7354146703565902,-6.6306659571334,4.302371792916393,32.88742757931224,0.8904093156616523,-1.0272559321890415
2022-04-30,-4.048735832763397,-0.09145191253071275,-10.498609325655968,-0.16350576697478483,12.226646320390513,27.5584875647241,-45.72444144952874,-0.01850260229602829,-0.032017883144127866,-1.063011477503105,0.31601133144926286,0.09061177239687013,0.12878963586274458,1.398157693172554,-2.5526548191175142,0.31749517333818866,0.8183125215502859,-6.5798498444494,3.3937450514156153,52.334947092004676,1.098646910334897,-0.719939155224576
2022-05-01,-3.2639714517366722,-0.17697216704444568,-11.64293385567077,-0.1506113904943035,10.690186657813106,38.48376099432725,-49.31780503013913,-0.007360826188557046,0.007077001740921182,5.46058697202018,0.35848754130413274,0.05844872248360861,0.14352951594201696,1.375963941527724,-2.3197959491942624,0.26205599939926444,1.024618142792643,-6.5172373169118405,6.963365565139565,36.99969473029161,1.378570310001452,-1.0065644876451276
2022-05-02,-4.1313596557083265,-0.1394422334608748,-10.899214523908572,-0.13141623896794422,-0.7902536758532631,32.9503652840795,-43.90039396879672,-0.014403880426272038,0.00044956044847011353,-1.2166564108042055,0.3051029890401997,0.07058219393030046,0.12709450520890478,1.4069447952654313,-1.9989201685444582,0.24421115601419435,0.925791043954271,-6.573471309666933,8.774261578967955,46.55569595792962,2.858872901676095,-0.14773293630631756
2022-05-03,-4.871976382856423,-0.1932506557469921,-11.695620057669464,-0.09687766034129068,-8.244032396135546,35.44242711515692,-45.142667395549815,-0.026449730898096175,0.007798230401340344,-1.3049426537805524,0.37031680256896093,-0.13769597803167483,0.11903963479271179,1.3034601077623038,-1.828089721144107,0.05857357544928422,1.073238281545995,-6.670004844967478,5.959500516870262,32.918152418914794,1.3190261689204208,-0.8895930809495884
2022-05-04,-3.862873570284111,-0.10616934245377875,-10.590467065143102,-0.14807399326332646,0.06439702542900834,27.324238856446247,-43.37415575261936,-0.019485126381498543,0.0028596828833649095,-1.2003147621741859,0.30879777311666734,0.06755654817826212,-0.4805133620226297,1.190821820883818,-2.080076175381244,0.15437816207985547,1.004185431581417,-6.587508338662721,4.724924607516496,46.557153906446835,0.07226712947124438,-0.5742989520987631
2022-05-05,-3.8169793445908136,-0.31411024319192327,-10.656187195589673,-0.14147795242724984,-3.4830500098480552,9.206086614761713,-45.72586972874067,-0.03241236160518037,0.005781146039347015,-1.1469482926195391,-1.3380288910940594,0.04769770187346076,0.15257519097442127,1.0265395064574536,-1.8648547843212935,0.11129025662613647,0.9211101722317242,-6.797704518236426,2.245609165483192,44.83503873616019,-0.4639797436021647,-0.6646777293781986
2022-05-06,-3.5149834645741986,-0.16913216030874534,-10.599217376089273,-0.16765901991113533,-3.04738272192497,12.04191401190245,-44.54657481299007,0.10870601995904366,0.008978101023888305,-0.9754958473520454,0.3011527105342856,0.08804740362841139,0.13800620729180432,1.0477426988796776,-1.9877853191803811,0.24197276983905971,0.9796112733269701,-6.633695964784109,3.7589925370813444,57.74295408462247,-0.6420216303658027,-0.43086907824187265
2022-05-07,-3.2990344802108975,-0.45716704553623777,-10.238466969709027,-0.13152429382291542,-6.983886302918714,26.792539639689878,-43.516872056987864,-0.04093749852076668,-0.030280278993527095,-1.324540962888024,0.3952757334916576,0.02263664536807946,0.1274046526482794,1.033787964982066,-2.1248446208336405,0.08452697080481537,0.8817244737060035,-6.7977364983354125,1.5634219935068627,24.013020240520643,-0.439533979613502,-0.5677021855030341
2022-05-08,-3.2008364807559175,0.04907163973191656,-10.563295286541376,-0.15609106777561174,-6.557692631672892,29.18401503139875,-43.957182865043684,-0.019141169704546185,0.0120778684683179,4.523224507025502,0.28802866776195274,0.09265967703034632,0.11329819254803211,1.1915874138979852,-2.0523345614485304,0.23312832173540896,0.8947913880483344,-6.49549735988662,4.069524882470807,55.56463432459292,2.766919991023925,-0.6721663739239115
2022-05-09,-3.883609655818259,-0.15157176063370126,-10.65368214487096,-0.10912735778999495,-4.7344850290834515,31.32759460754289,-42.86962004434326,-0.027093002443107052,0.007181950006311914,-1.2746419381802625,0.37559888730950497,0.040749514539079316,0.13433301072876735,1.1621713004756367,-1.8969511881937406,0.21459944137987275,1.022245848804338,-6.684096025262816,1.4303285717508438,31.723495254940353,0.2741594421228291,-0.9532916939018288
2022-05-10,-3.4521775188574444,-0.0889370011117088,-10.916479045300617,-0.11977217662870765,-7.186088578024369,37.18794493008615,-44.911595132847765,-0.03712464432722391,0.005608992442599473,-1.1827288399077573,0.36078888258419306,-0.043410577823958366,0.12438091155699608,1.1408595354923994,-2.289259676274078,0.15220486524023674,0.7241763449800679,-6.518163985496402,3.0273038615089227,-3.1839774524995246,0.4768741216310096,-1.3398370302994218
2022-05-11,-3.8661512489247207,-0.2874759671031677,-10.45712463710967,-0.13241948796668554,-1.798902633853821,21.600729823607086,-44.32106003664842,-0.026436893776908197,0.0029326623835263556,-1.283832332890834,0.3670901170124316,0.04486465076974406,-0.5171190973877544,0.9283594746242291,-2.1200786916668317,0.17085381263868363,1.0565724225916044,-6.745211265232441,2.7360006612662735,34.95248520221115,-0.4533350165510363,-0.8384755309858026
2022-05-13,-3.5410941441852173,-0.46407027219045793,-11.110230637653226,-0.12294545049871977,-12.525240699538069,24.851406511537995,-47.59037891899566,0.09699255506584206,-0.0010165699331629,-1.2901803618889638,0.38459948524989357,0.039694620348207824,0.12098122126762459,0.7402825925891622,-2.352685239697475,0.10805194260947644,0.5583701324516367,-6.862312885322291,-3.378401867080989,29.20917997605161,-0.3345906952960283,-0.27736258711596445
2022-05-14,-3.3260726723740257,-0.6870278045993797,-10.945509814935097,-0.1339911011344442,-10.647770037815981,19.11980601809311,-48.69891099418673,-0.049093738236058046,-0.0039519697701678545,-1.1641345130395584,0.37267025656740094,0.028317034672957972,0.11944796712668328,0.4279486486706821,-2.4194248985046256,-0.07264632079047947,0.4754383036394602,-6.775809603988882,-4.1144127072221535,9.8085329659178,-0.5820406147388038,-0.7519719905484596
2022-05-16,-3.3973659406480214,0.6702912955247797,-10.44535841576126,-0.13697973092519827,-11.00787597897538,25.709530152896644,-45.048754197558225,-0.04111969675626429,-0.0003222872085222819,-1.230360131582599,0.3531702353698654,0.034920893321803585,0.1230259868776058,0.8565234937103937,-2.260943723827504,0.07908649691667939,1.4260359828685933,-6.723175383722793,1.4686603467570167,9.957225523197135,-0.20074560419022178,-0.9836233378130691
2022-05-17,-3.52332018104361,0.24250614038036725,-11.080111937228798,-0.1311271250131495,-14.071213505732622,12.049303200273558,-48.24148649943624,-0.04017502794974458,-0.001160563415106214,-1.2219581409069271,0.3700845677128126,-0.0696753506405067,0.13688013912094407,0.6234080644636991,-2.124863257553745,0.029700010612747844,1.4830380654635646,-6.9189001288723535,-2.209062689959233,34.40959560831972,-0.27502149723656333,-0.9813900129464629
2022-05-18,-2.7964614171855855,0.07245544302978141,-11.798348352339412,-0.1452856775418623,-13.063577928861333,9.26145105984362,-51.881998273768964,-0.09061750930301819,0.01203691707848078,-1.212639724611991,0.4668874588772681,0.023223875582627153,-0.4233463246237725,0.8461847343397366,-2.3324566057830602,0.032169511965519,1.2280070091359396,-6.762424824654641,-3.646750963836894,-7.7768621469137065,-0.33113492669253297,-1.4031634355881717
2022-05-20,-1.9381869962016334,0.25361142978110685,-12.460747199097314,-0.14905736706884717,-11.8673816965773,-1.2814157804377397,-53.82505445850185,0.28278577525282567,0.010735138760628352,-1.300677059225363,0.5559135474311909,0.03086917489871012,0.19740620586726776,1.12826173245801,-2.336215549091838,0.17878973104454224,1.3575425139935722,-6.963206938018089,-2.5648099178868944,-14.016617014370127,0.20963051669531751,-0.8924477632173863
2022-05-22,-3.2776693720196244,-0.3389028855982464,-11.080271062845455,-0.14691485517788658,-18.691436970956023,29.487733523273757,-49.19804446093257,-0.025739183572995806,-0.005373390895976081,5.105960643868605,0.45833208232195555,0.01738264933676172,0.11764058631853835,0.37039445934126125,-2.391960144590472,-0.09156454613828956,1.2649104579430006,-6.663969598407403,-3.844866079535425,1.7775539923716925,0.15703019372892082,-1.0701319501327482
2022-05-23,-3.059916844919844,-0.05728139378035526,-11.320920326753967,-0.13656701434318813,-13.293046588402001,32.23903106736891,-48.54099360399407,-0.03625690849100054,0.009625343048837663,-1.027831117791367,0.4041878944210729,0.017898074875582048,0.124866309234665,0.533896629986555,-2.4667094585960307,-0.10532445041173001,1.3631611889651596,-6.596130268266389,-3.9642131205859594,-9.137668975699485,-0.00018113330115108604,-0.8801551185901794
2022-05-24,-3.0974575851926525,0.24390206969929332,-11.173179235374505,-0.1290855841870417,-15.295029711264133,16.58708401328766,-49.32902588197183,-0.029500156758547204,-0.01783116569915287,-1.1584816047368416,0.37718541441761555,-0.06916034522558004,0.12392817179919227,0.30971865410414096,-2.0810609243040017,-0.04544479651287709,1.3591513513183644,-6.920532703367725,-4.667627468029088,31.48547458883407,-0.8677452585966894,-0.8785448075878297
2022-05-26,-3.2722814091899237,-0.16775778821920334,-12.17969514647557,-0.14217681080907527,-13.876226385329389,20.104946561363832,-55.30852823940388,-0.06671296799006679,0.04157280039464403,-1.0193655132737975,-1.9723417437051733,0.011349267817295363,0.06036095264300431,0.7483473800012124,-2.4215691402347925,-0.10836753143321191,0.7920434017371961,-6.829599915367872,-2.8347810145711527,-30.633702873549247,-0.501554978684831,-1.407240343419728
2022-05-27,-3.1100463744580877,0.20759493645717003,-11.529434846558775,-0.17554186791033774,-15.261205298933985,3.53226491584577,-51.44261819606679,0.126905941163729,-0.002021667015738208,-0.9312487026324395,0.3286812566949293,0.07626601648118117,0.09608549860839354,0.4802519812843124,-1.8240598663604801,0.22764036996727977,1.1179954923125437,-6.8487639646789935,-4.5892695121621365,61.95957072056341,-0.23916252017577574,-0.7890207854213365
2022-05-28,-2.354806738624008,0.2520234454907541,-11.266030114317969,-0.1782675941100927,-14.911276311363288,9.933053782837453,-50.25668309191863,-0.03393781367933098,0.00892774949501802,-0.9667703261361882,0.3238892439270744,0.06980316948832561,0.10662490157896534,0.43314781853582324,-2.0130282648673914,0.23754179617877563,1.176948502741038,-6.788026385076934,-4.189249887836463,55.24635864990856,-0.22581059995385636,-0.6344520906131002
2022-05-29,-3.429231361714341,0.2823496470701771,-10.900840737414509,-0.14075840224613256,-15.068223174842025,17.300242263567178,-48.83009799918197,-0.02454018439620016,-0.0030873005837819736,5.872057551409526,0.392462650435864,0.03614827096639121,0.11631942126862765,0.33299339812864737,-2.164022377216394,0.06185797192397922,0.9762851301328112,-6.8321617717767005,-3.9928781318757833,31.016633695242888,-0.7002808598127565,-0.6927611739923597
2022-05-30,-3.6694528055079423,0.1233775511709296,-10.835333191228298,-0.1314973665579748,-13.940898159348095,21.797889237094633,-46.608844779570084,-0.024786061388796937,0.00016120267196794151,-1.2788783555574021,0.3941736914328521,0.02773068875359283,0.12397044599155752,0.5691060160945594,-2.2128955956072414,0.07629001806074867,0.9400537158784017,-6.884244748654514,0.6899599431871628,30.120023186249373,-0.23364677341599988,-0.4295416232985767
2022-06-01,-3.3235152796771845,-0.02099166737808913,-11.415632534403082,-0.13859939187679707,-13.681073780423475,22.51752061584143,-50.5225470579754,-0.03900282084482431,0.017512620160098576,-1.058174722507767,0.41974151010751637,0.017250497114726804,-0.4047472464021117,0.2546584047897161,-2.4145422836775507,-0.02689510563318424,0.48769783677311396,-6.69576209967388,-3.9493126758198533,-8.087654945167438,-0.7256776382491089,-1.3093118693023804
2022-06-02,-3.3733471673152007,-0.23443215528323222,-11.564735501339166,-0.13645747284691676,-13.459550719389199,22.004303698494613,-51.6813365416607,-0.03545209084766947,0.008318120979152792,-1.0059090505392554,-1.6953140785662701,0.015620448854978725,0.09867328077842835,0.1481793213979568,-2.521357087491945,-0.06425258886990674,0.264484333494264,-6.746074947947585,-4.057019300694578,-15.831091672787137,-0.05345235510729596,-1.896729947809471
2022-06-04,-1.025691329165373,-0.18498313682344011,-12.309988103582624,-0.14319225880518138,-13.519132426263285,22.98054810377872,-55.422896642120165,-0.07092050532618993,-0.07772554784216949,-1.0362913719096558,0.4974857210230284,0.019750847274197705,0.08305597129452441,0.7710349093316305,-2.1176767266837784,0.49768966843735973,0.4804722701849007,-6.8140215274520495,-2.3677147925766735,-32.223492866457086,-0.46261838587054727,-1.8607150072468852
2022-06-05,-2.983383398626372,-0.2647473460661978,-11.783023860583002,-0.1487312551308638,-12.889822541935771,29.49095804232172,-54.345237789652096,-0.023958558300537138,0.029049419360975187,4.794238386404728,0.46623918570633605,0.016967840739748646,0.080076116508613,0.4786271529059244,-2.212321161628377,0.4082321819976403,0.12493715562460235,-6.660667904196489,-2.7744879403619693,-31.037817868277624,-0.657974227606457,-1.7793027274517093
2022-06-10,-2.6790834330576505,0.1611976386359031,-11.360653524003325,-0.12732284092939417,-10.726407539175407,10.521408819920186,-49.17255911193187,0.15620477988869666,-0.012588053415840923,-1.176615628598275,0.3648072521052129,0.030881605525053687,0.12984145492661658,-0.2633487536366452,-1.9769915040243442,0.11162852669166329,0.8056825680610202,-6.87295162379614,-4.276971931200583,35.42727877505808,-0.05634277894162265,-0.7069437870782672
2022-06-11,-1.5823229097587421,0.4629307693791731,-10.534327813479987,-0.13532384988810114,-10.757366031522757,16.08806814241769,-47.59731600983353,-0.04750827040215033,0.007081084239926332,-1.171141669640593,0.3643206771438257,0.032388147224276506,0.12970001979990844,-0.312165536673587,-2.1366712505106977,0.3829946428114537,0.7056601639893985,-6.787341858862902,-3.8387298444078075,14.97836734707212,-0.21309669865139777,-0.762271711960035
2022-06-12,-0.8198519595976054,0.6137308649807344,-9.939405677319723,-0.14658360671006648,-4.511128753151404,19.499437609422007,-44.087271680153286,-0.025638156688026065,0.011882140257591997,5.882474597784696,0.3738980734628412,0.02343875006313069,0.12595042283186061,-0.14288550273967235,-1.9234165628660342,0.35454882210877253,1.077061316740918,-6.718414156314784,-2.6599902888602465,26.41972308658603,-0.0687247076842244,-0.6377580371468139
2022-06-14,-2.9976640843818134,0.3458337196082365,-11.16654630228186,-0.13131459327531927,-4.797619331142033,9.45221577347106,-46.29788501116407,-0.04269837980427529,0.007392801102538102,-1.1689146086231346,0.36222637402303764,-0.06901858535632505,0.16397269201009806,0.026611491922886605,-1.8810561242397552,0.195855162435407,0.9488188635696959,-6.804219501608877,-3.488655517060772,36.79040502519236,-0.6216988818552656,-0.7712384728792939
2022-06-16,-3.2513059244317946,-0.015601291452593017,-11.059629467070557,-0.17605593625910712,-5.93363919291755,12.292628719513294,-47.6958804605861,-0.03460398288558961,0.007098256648320525,-0.986967169273124,-1.1316056895274302,0.06495311021142995,0.11827423191048923,-0.47446862442360777,-1.9648845189283746,0.16413844040510284,0.5957195597271019,-6.678120627081204,-2.3427245469288183,61.876640504397194,0.30904950360461986,-1.2089227207429039
2022-06-17,-2.761477734280294,0.23532103378396255,-10.798676797160907,-0.1343763176424616,-6.712907805018558,7.932224930776166,-45.69378989978308,0.16822382312555947,-0.0007385215968918725,-1.2469286440320009,0.38503405216313297,0.022975551610556033,0.1551909161851944,-0.30056622484741685,-1.958383028066961,0.06270720110991605,0.7952519838996767,-6.847805320393875,0.8598357353297519,36.97663122970749,-0.30476957987779096,-0.5983993694760387
2022-06-19,-3.491824415083118,0.19245653019728706,-10.117638724231124,-0.14440042165431669,-4.956299760159645,19.233217273052485,-43.05356114142106,-0.021175231345713943,0.01094696319251631,5.919820216275421,0.39011447063273375,0.030888429417237753,0.1518886252522435,-0.9438059592074394,-2.073289619647293,0.07132925861937718,0.7292134780989623,-6.709828127026546,2.034644666395708,36.31085967426415,0.1279406588138313,0.49130081859641583
2022-06-22,-3.867540138123763,0.15190047915304644,-10.797383140800427,-0.13928753470514593,-14.7407177731523,7.6257026035587465,-46.64090005545551,-0.03534076504611186,0.002992176547345635,-1.3453214441806924,0.37188324738629125,0.031956226388601114,-0.4879895020405513,-1.1049181730396362,-2.4772555154613927,-0.2305192508028941,0.14392665776032493,-7.033003226868267,1.5027098526843083,34.93860151655677,-0.7470067477154401,0.9829126526542551
2022-06-23,-3.3038823833679705,0.738362243383322,-10.093042539288156,-0.14089572373541645,-13.921965233007686,19.139855422573138,-42.596681620040954,-0.03525742080246588,0.006079949987668941,-1.3632764833079145,-1.4857397845202298,0.03224746458762333,0.11300046040522986,-1.1346912559599316,-2.4406176932263777,-0.07416324271822572,0.15158152758910814,-6.946731252887051,0.9327815154481398,22.98146352159867,-0.4734397087826854,-0.7523510836367295
2022-06-25,-3.565442211052455,0.732669684715399,-10.307703907315204,-0.15647628279541184,-11.33961666324411,24.237426023331814,-42.78830411052483,-0.03482507210777349,-0.028936981035194927,-1.365293358257825,0.34552250387312167,0.037517417937971434,0.13227768006992102,-1.207291090905806,-2.4007261233584134,-0.0777604954237799,0.3583688233715671,-6.762966437319249,-0.9445881931519227,14.37182656729263,-0.3995135590477396,-0.24408265551991334
2022-06-26,-4.263977009780931,0.40726710642595315,-10.215496192539705,-0.16200591402253303,-13.214314172887756,28.88324061059836,-36.493868740164324,-0.02207643039365006,0.012029624569769387,5.815808398972068,0.36559295826346677,0.02291049757370938,0.11370142150015454,-1.315126250171744,-2.106899540981365,0.07851502354956566,0.4320935456494168,-6.788829298726286,2.27893275389656,22.858314634359832,-0.15231928559322458,0.4312422440427056
2022-06-27,-4.632191846720076,0.1584555222907522,-10.467322984220985,-0.1541480563755275,-9.70459359238896,30.648634543719428,-33.90746218384953,-0.02224524878140731,0.00710007759317091,-1.3184114671004192,0.3873979014189611,0.016342677168671604,0.11927835483630851,-1.4961724644493672,-2.283484393585223,0.027429569789806166,0.14694291495098488,-6.73516096372705,1.8924473002000348,24.41291436741944,0.23017607918930924,-0.9973982447703783
2022-06-28,-4.861360296349478,-0.018707258362887513,-10.57151149986598,-0.23368506329276037,-13.796843973792559,21.113942554729334,-34.18153225662022,-0.014811159300569093,0.007374006023601252,-1.131319221005726,0.3745588747642921,-0.17724991859193154,0.11800815412164287,-1.5108105629164108,-2.370537424666541,0.179309922730131,-0.03419344084253916,-6.643424862743079,2.6005570931123057,48.35892480016665,-0.6110483776660418,-1.1883935954869056
2022-06-29,-3.671458310612207,0.3437419555703113,-10.407472865611814,-0.16362907177940728,-14.609739846690688,27.603808532049634,-30.20555276599507,-0.030783188625996584,0.000621915847122342,-1.4069949120550156,0.4199546037760976,0.02027393163651685,-0.381727551242107,-1.3817028727429903,-2.188406167359452,0.18001914398665153,0.1472679860020449,-6.782343815119203,2.141403188061596,23.77033349871838,-0.28334782401810193,-1.113404136757395
2022-07-01,-4.339790964787506,0.19435935010648084,-11.005491807297195,-0.1462451504607488,-13.693679542661005,32.65903940271435,-29.166074764340387,0.07165594688465586,0.004628739844979583,-1.3198519445074859,0.3734100429677357,0.018034713037270677,0.1108325175516892,-1.727313377038703,-2.080355640355108,0.13654090374543196,0.17758108361075337,-6.7222723014133505,2.7139308121185253,21.40955136694105,0.039584809275096784,-0.02283060116362075
2022-07-02,-3.2808153912767346,-0.1150000738217352,-10.526988081641582,-0.21891223127477216,-13.51656908490273,23.53633463672147,-10.431660888549834,-0.008244362986982253,0.031180007386465636,-1.2277912548759577,0.4150854141809204,0.05624923906040006,0.11232329564591645,-2.308824434938517,-2.4589991476607214,0.1291175484444296,0.013238755778488313,-6.598558790165559,1.022718487179243,34.93526325048065,-0.5033421832389363,0.45918051864829684
2022-07-03,-4.83842932049638,-0.013261155132814452,-10.166251492789694,-0.19000526366395845,-10.182442984890985,23.615766197634706,-6.381546948705725,-0.008874558697200163,0.006987654503976775,5.564784805982451,0.3881595304207559,0.01708134504291801,0.13575440917149298,-2.140509829504669,-2.238515435131571,0.04244501392128391,0.025919729703514915,-6.547454354377424,0.7168338020492679,6.558200147721228,-0.3751274488463812,-1.5096120566702749
2022-07-04,-5.924446030140917,0.1515418859196456,-11.07414278199861,-0.17354218577204694,-10.564059395807696,29.311927943511144,-5.833180127144638,-0.010345711228959137,-0.0014992904965018584,-1.2317783119941783,0.38732579414613705,0.01920103835616921,0.14042187187002278,-2.69512068387749,-2.143568305738849,0.09880128376567186,0.08280274504863547,-6.641129532578496,1.9286049014442228,16.00886711651222,-0.1652069440947169,-0.8918301745552987
2022-07-05,-6.154215828706188,-0.2289162378801185,-11.449513328940784,-0.17512577641787358,-10.62914460092449,26.638740235498638,-6.391638966477516,-0.012607580798494862,-0.002836988678398736,-1.3021459753634677,0.3753589617700085,-0.04935530590363343,0.1480099077265496,-3.0853342662472887,-2.281806598904059,-0.0854371340525902,-0.061401307674642434,-6.667523245058123,2.417599693764129,14.470025345769777,0.3194819737853193,-1.4922020643177678
2022-07-07,-4.904203788819261,-0.4548163213520651,-11.000624244558976,-0.37995215292623724,10.206499010662387,-2.2121382395232283,8.541348328640531,-0.01873746996569423,-0.015470661836701526,-0.9956265233825491,-1.651366433442207,0.06309727997757876,0.1114919170419591,-2.356042919499236,-3.8945142822567607,-0.06013530732968427,-0.035683075780614505,-6.8126374733758,1.5579225965053973,42.32597801530997,-0.5941203734436209,-2.302949148300318
2022-07-08,-2.4444418382085504,0.05003013886409712,-9.822256006726066,-0.2188944706283394,-4.431981099156957,9.272876235672149,10.958978458146328,0.07352884072289533,-0.0008256148999757529,-1.1467688107522243,0.42372898243635376,0.020862220296706594,0.17429492285179607,-2.3325713530276864,-2.131212572120874,0.02746300736477657,0.030937712775158055,-6.752403445691694,-1.3595298895895744,9.551813730025996,-0.40249415115826015,-1.2637157418207974
2022-07-09,-1.175171430215118,-0.1627257895034313,-10.49574726557838,-0.20749183476186953,-4.9853399066615625,19.167233389520174,14.049704581712101,-0.020049334301162885,-0.029426257242334435,-1.1600273621233224,0.44989612745274365,0.0192751019106678,0.1682601682869365,-1.9942746046373898,-2.2666574474427943,-0.13752825682508746,-0.19834550499672296,-6.402012341089762,-2.4612911028903652,-15.12515866983721,-0.3439229472572821,-1.948958242411992
2022-07-10,0.7201353807610088,0.015580358867431249,-9.868581965158114,-0.2358848344835175,-5.86753036932399,16.82824693722434,13.886280876708867,-0.0008722619287388346,-0.0077667448495024475,5.395884856237824,0.48179692812823044,0.07079720737982789,0.13349409024060505,-1.8953141746849416,-2.0358190694601026,-0.07081550160532679,-0.02959832808946049,-6.526036273978661,1.7539360053416335,32.22006370522657,0.12183397744837025,-1.148392841063234
2022-07-11,-3.3995163923356273,-0.1368257199231326,-10.24432809502919,-0.2659054945964743,-7.598081354718683,16.31475309491982,11.737818605923103,-0.0010365577237447454,-0.010272275411761626,-1.1426702216325206,0.419138685102981,0.07448606771376536,0.11587442208777432,-2.456535885400351,-2.0854989829650172,-0.11342313805881103,-0.023925363654640992,-6.552857746715166,1.414820862678978,38.28061981941467,0.08345771798721532,-1.2277086222184403
2022-07-12,-3.662863712259549,-0.25052750789258443,-10.452109285648698,-0.3523136517675773,-11.315394464992034,1.2467037489731083,10.249241780554234,-0.014316287763945676,0.010516047994438308,-0.9577167265319025,0.39995682265984417,-0.1221716702160857,0.11860154645304494,-1.9802128869833122,-2.168779400527596,0.1711347564484348,-0.47680442683446783,-6.824117504365484,1.2941003524554302,65.94643967511807,-0.5423143936548858,1.6283150561910757
2022-07-13,-3.249539435276546,-0.10475129881243847,-9.799663595671412,-0.3510520062527527,-19.601849023372164,11.74464148621101,12.370572129615027,-0.006287278258249904,-0.004055053954807672,-0.9720593996639713,0.4746672943571972,0.05518268236036633,-0.34733116794430063,-1.9565156641938164,-1.7647687965424679,0.05637470797464538,0.12318222852989003,-6.628618314623365,1.638775953473426,56.8548240797019,-0.3130207276361306,2.074246593622013
2022-07-15,-1.1681132448521938,0.17930672170581138,-9.80683449979596,-0.24046957693223542,-16.78131610480816,9.408183663579198,11.919150734098096,0.06995200247677379,-0.001459859944157729,-1.1938477190717889,0.5036911447218162,0.016455387642264903,0.1528064947913822,-2.344706026762796,-1.8721115371932888,0.006033903575650227,-0.04192857998245004,-6.819809023142303,-1.9753085636298724,5.313894748724814,-0.3131948992234667,-0.8853573234706036
2022-07-16,-2.0825972075150427,-0.06836821892431465,-9.839157403910752,-0.2973219858546176,-9.475836711816266,7.728846358374743,13.650728341049355,-0.012463507665257056,0.04090381263514311,-0.9922330437478241,0.4257211046598662,0.058704496721569195,0.12092790807613907,-1.9476392031330705,-1.637469199642023,0.06594803490120306,-0.07343494122257818,-6.570880271540151,-1.5660532393566937,44.57372748398233,-0.5153154034978685,-1.655427470995924
2022-07-18,-2.9733875989656733,0.20664522991003684,-9.9487405262279,-0.23478544254842376,-13.546793484058213,18.515962443149643,13.400677374074792,-0.017950425627396203,-0.004851250972537098,-1.3357722392233178,0.5168992072246307,0.01565878151931456,0.16469143955024276,-2.194086978275524,-1.7836793430708706,0.02193026738677789,-0.27119533541130464,-6.763758921662622,0.015290293327663323,9.995440274066702,-0.1474938156293014,-0.5389131505206577
2022-07-19,-5.381077678017208,-0.0049888759108290765,-10.12338691290821,-0.23300975954837286,-13.82964675070938,9.393790369640751,10.535044294149124,-0.012157887178848461,-0.012576582618807348,-1.3328654939380566,0.6245760030157972,-0.038098817729299024,0.1651101799962926,-2.8403901570972714,-1.879901052662239,-0.06689771703217517,-0.4326308678402871,-6.795782863700702,-0.21750932290833178,19.729913162577834,2.1099639938664856,-1.0619085580830503
2022-07-23,-2.600474461249064,-0.43918779646013795,-10.057900480478722,-0.266217340576509,-16.25072054589595,0.9015432111629837,11.859086125290734,-0.026059775610987695,0.04602601116982864,-1.2097185432397417,0.44998889577367696,0.01673964508660917,0.14417633676371835,-2.5265144497278262,-1.7412548890208703,-0.09916453697889152,-0.4065349249615968,-6.7862587993848225,-1.735130662307222,1.6848101887183413,-0.44184587795937347,0.19013621947824622
2022-07-24,-3.563282533442517,-0.24748809793442153,-9.5974219924387,-0.3436847464807456,-12.916247943053364,5.991538512005733,18.65567311580852,-0.011543979413450983,-0.014969558792959565,5.058427485371975,0.4629888078934038,0.05839136936089867,0.12981688944477854,-2.035559462888402,-1.4399218331342796,0.19171086792411135,-0.2618457480508855,-6.565096611414662,0.20705769630681944,42.89257717239895,0.14888037874590748,-1.003969172190627
2022-07-27,-6.1428996811086245,0.06256676125497328,-10.774576841271621,-0.27286245744081505,-9.911773063284329,0.8958721224398348,21.37066353128673,-0.025400300916082964,-0.012467339111357435,-1.3952173555353142,0.4955539951325888,0.006518318248852221,-0.5740114358575948,-3.0874744481883822,-1.7164307390528235,-0.028516797544399446,-0.4740642705388904,-6.844998007969461,0.8316832284704084,13.36378113864402,-0.3670925802667822,-1.0998351836602638
2022-07-28,-5.573508255872293,-0.38110372381685376,-10.964026707702214,-0.3632331757552238,-15.010298157424351,13.759085387192162,23.67706072236193,-0.010709500855331056,-0.004789134300289975,-1.0881244703410897,-1.7064325373967049,0.0297782743632838,0.098956731568222,-3.3830855788282554,-1.6224495222132496,-0.009753196602652161,-0.32908456717479895,-6.627738208167313,2.423682325936606,46.228152870396386,-0.25594351319970027,0.26858432038771546
2022-07-29,-4.00645218261945,-0.01530776902479687,-10.416319860029997,-0.2670517354613721,-7.402658167165784,9.383431776482928,23.197832602704146,0.055687376776159314,-0.010865365456205756,-1.4065623809472216,0.5567999076880131,0.013573877017971825,0.19237889073398404,-3.1249444321194906,-1.6398189252167692,0.1105795553081075,-0.35194932222232866,-6.7745138649972745,0.8601319687758031,13.17047428427472,-0.24090102075260733,-1.2477135288682342
2022-07-30,-3.482829838699008,0.07056355692035829,-10.054023424918187,-0.26609577455049366,-8.277017616911516,7.139625152004182,23.144205233145115,-0.024763433796267977,0.030429500757588823,-1.3854947934131796,0.5314379680549477,0.013071549769125819,0.19217685907404358,-2.636423775405356,-1.5038410003489349,0.12026934582964603,-0.28798360496822256,-6.803942672021266,0.9472238463440409,9.58010457083109,-0.3396996215219789,0.1867110529766331
2022-07-31,-5.188829970785155,0.10471205575510696,-10.313746851407448,-0.3658247901243658,-11.213811921576252,10.536338233298075,25.448848159281393,-0.00748786483801457,0.00014992366427509424,4.832798777279784,0.4544196219666045,0.04272536862258035,0.11311862655987952,-2.7242635610356216,-1.2088949209623212,0.43831433744485176,-0.12476739930280743,-6.556765241050769,3.654552708425882,45.55954382728114,-0.16034994548804488,1.3336413867599566
2022-08-01,-4.016588244463898,0.0012553251822362713,-10.910133080827837,-0.25176485839492113,-11.73499516354252,15.453707471944108,23.260122050387334,-0.019471893434902757,-0.006594196963108508,-1.46141731153656,0.5412580112616749,0.012297405240167444,0.166815415324575,-3.6722549963374713,-1.6394691895756612,-0.014657535893431306,-0.3720086912189086,-6.7390096607942285,4.8169409589389165,11.616772368264595,0.08430711804258056,-0.8340174462141114
2022-08-03,-4.25464930983189,-0.1545569785016725,-10.450696249695117,-0.3764665926594115,-14.832132303909,8.997521896616812,23.569728776264803,-0.006405864649432722,-0.014570597362215248,-1.0974466457813399,0.46263904739139244,0.03786810690735214,-0.47811051033560714,-3.1689200279676673,-1.2980986214263182,0.2754205207934099,-0.1924084542615347,-6.626813610644951,3.490059012610366,38.957828446610904,-0.16562246193065075,-0.3246292442010981
2022-08-04,-3.462374920935753,0.059727015737309715,-11.555513841634566,-0.2676067150314128,-24.48911224385447,15.669814805339533,23.2803926877724,-0.02860279263844588,-0.011180638022578281,-1.5689538137044932,-2.517150519697599,0.011902360694022342,0.10490658552932357,-3.892642044306359,-1.5081779216282587,-0.14722413959990202,-0.29523291750839203,-6.8543085978737395,0.8779633806377283,13.035261205906508,-0.39589929520372097,-1.169735226793212
2022-08-05,-3.970091513005785,-0.012829100991776794,-11.223764172665023,-0.27421574039419067,-21.14169050416132,14.420828451876693,22.75550095616797,0.03768359686939213,-0.00509322266396848,-1.533286927332185,0.623794286429468,0.022569006067765025,0.13488489574606752,-3.4889732336170995,-1.378784909108789,-0.03144225428650987,-0.28898727621043235,-6.823571827537966,0.7765617950202462,14.110167094912576,-0.2940665210325457,0.2023704518747005
2022-08-07,-3.04419577030732,0.12139463916664872,-9.790343098229107,-0.26209937301716724,-14.980343483111909,20.168021353030614,24.85992480426104,-0.01740746647644689,0.011793299640225597,5.731601559873765,0.4234977324251679,0.013819083016094526,0.15624510594723112,-2.660503179069112,-1.2212413119211425,0.13198120565727778,-0.15277380791330164,-6.692187784596819,1.1477814291714665,0.6722557328869907,-0.10411738851574326,1.280620515040028
2022-08-09,-4.597827839533612,-0.04859897381953131,-10.287726471505117,-0.37715163487053277,-11.82349314873594,11.131477073633308,23.975286493898984,-0.0011520804891801547,-0.01718790081261971,-1.1451815518276034,0.45124679166430753,-0.09412767955730213,0.1366822858091555,-2.695557054619061,-1.278311749699694,0.2565448319082388,-0.25405067805781056,-6.6345613846877365,0.8843919385133308,33.78199830234138,-0.26455109524931375,-1.1715452794452765
2022-08-11,-2.7823074299304253,-0.14303665084027892,-10.436173550446501,-0.3693545175567033,-13.83988768166238,8.088409846774349,25.04358465431041,-0.009050004540064648,-0.015071896398565094,-1.0495992352850383,-1.7969911974451898,0.03392036187492392,0.1217823762114772,-2.9129815935345698,-1.2089556050287895,0.2273378977327164,-0.2811177443712898,-6.621181650538412,3.2332145538611066,37.71577359285091,-0.17313742364188436,-0.6402035995189679
2022-08-12,-5.9272239308982115,0.08879983226370619,-10.904678872236927,-0.27250788439178847,-15.178001228101223,18.343679904911234,24.80567513698022,0.018859600757860733,-0.007403487131519269,-1.5014963270611807,0.5467424372648356,0.007355068794818737,0.15991501007163794,-3.3580480015987892,-1.30296924495754,0.16312082413252088,-0.27598853301347437,-6.7476840589864535,0.945132842242075,12.567172557397475,-0.21139134979037488,-0.25959429489895597
2022-08-13,-4.156899375314909,-0.13612204123243082,-10.943320745721891,-0.3148244825625246,-17.154609695474733,19.25198641964962,25.94124223969874,0.005258420633335464,-0.00786291170658364,-1.0595315621505972,0.3820467240368485,0.05362566027931309,0.0995494952463123,-3.373598693069533,-1.089246540548706,0.36951475390258864,-0.1931421773580345,-6.580009012379949,0.6669906736922269,33.663696806788494,-0.26948531238191453,-0.7329158887847135
2022-08-14,-3.8102555371309172,0.03940091647005036,-11.075539352040094,-0.2879305147811871,-14.954399920174225,28.616825605853126,28.59818517306604,-0.003961280096970216,0.007198466713657028,6.088979119883358,0.4615125609185703,0.013393586319051036,0.1323663227967378,-3.490337691265862,-0.9890864699621804,0.46781212059637145,-0.128696061150857,-6.582383740332498,3.437942517474086,15.275137851407713,-0.029194453426497746,0.28346481602293994
2022-08-17,-5.250816317875678,-0.010327125803360435,-11.679668193773498,-0.23555087229561317,-19.58435420995153,24.313364805376807,28.186403402969017,0.0010861100371430507,0.0004308473575539742,-1.2929352531913125,0.4627335814666387,0.018137092478789554,-0.4313008597596425,-4.339616979056058,-0.997992633486753,0.24736350246728683,-0.20142606500407295,-6.744507631134485,3.845605069232007,18.65376521211207,-0.5659669767905144,1.1585968835944442
2022-08-19,-5.155336190261395,-0.5523580585499921,-10.952640855179366,-0.26128354311158875,-12.362108930215504,18.55655460237101,25.75293609965086,0.032717740808093275,-0.0022084136014064257,-1.4010356179033845,0.5430183626881535,0.012441433761374077,0.16665773793961836,-4.021303678745177,-1.0048833428444426,0.3094633764132665,-0.37503417251063687,-6.756600167805022,3.454010206285457,13.436149211470768,-0.08946986755932329,1.4720738871731414
2022-08-26,-3.7172189106834863,-0.19343082189216354,-11.194503792820758,-0.22355711588152707,-16.86508545772844,39.48059680273887,40.281061193887716,0.03587102216206858,0.015679813317355743,-1.0770118656276795,0.41097437581256374,0.011338806536459526,0.12331701280032345,-4.377273170290367,-0.8666872026841371,0.09677117188873348,-0.00039923202795804106,-6.431889561643716,-1.977848526602622,-26.503670226072025,-0.1631832966774123,2.6690475550958563
2022-08-27,-5.242189945253686,-0.16944954781914065,-10.811515126721432,-0.2407971717554247,-16.946855948003332,24.921215099680232,28.078523777108064,-0.005789475650626548,0.030039509349740114,-1.3531076867278118,0.49351583844078545,0.010169715031670192,0.1366918967215647,-3.8328456760891823,-0.5394472544534338,0.09831415326309934,-0.03729068871245462,-6.708985393857204,-0.45260464894507674,14.063421138928955,-0.34681313724062285,-0.8853670210584408
2022-09-01,-4.975351692857598,-0.27585010823668493,-11.151170425543064,-0.27363917631370455,-22.482731180164844,16.34596800799323,24.707414030451098,-0.038472710490696393,-0.007361077696020798,-1.5841863005667218,-2.203667940048687,0.010932622056961843,0.11370580043816461,-3.418170147421621,-0.5694804207059805,0.0664795271696102,-0.2825466183985708,-6.843899304483583,0.6991610301252325,7.810348954890125,-0.35317323866470973,-0.008450830584305036
2022-09-02,-3.1213735358066774,-0.24468327796856984,-10.67798983101675,-0.2587023811831886,-17.844723452381707,26.572297549415964,30.034730793667602,0.057464909072797166,0.005958215825596082,-1.220987241043806,0.4754293970816714,0.010748747130496589,0.14352995899559198,-2.499660068147739,-0.5660488635199988,-0.01090605367774684,0.07888483515645513,-6.437517617918596,-0.7953551537517495,-16.439176634962745,-0.20635599740117339,-0.9067349496564924
2022-09-03,-3.7277115518382935,-0.29491981110001764,-10.982918139181384,-0.2650044551378461,-19.722006801709952,25.053177446173112,32.124185796114645,-0.025335554015055172,-0.03015151901524159,-1.2179708166453416,0.49980592328929396,0.009213419555974812,0.1354315826668636,-2.4811813864056926,-0.49004315859161157,0.004270609942057973,0.2373585827443328,-6.497232009917835,-1.6329041777728766,-19.379169653931292,-0.21301403892774298,-1.2775637642946502
2022-09-04,-1.9139791607088181,-0.1220821022517225,-10.23354332148685,-0.2540649302053908,-16.85784998192016,21.03991452155375,27.955476538563804,-0.005014157944257663,0.0038758713381087505,7.034535332285574,0.5015714625864395,0.013515758385960674,0.13724078617062963,-2.06489981273624,-0.24026549746803774,0.07367173914286973,-0.09846478158166111,-6.662963463751021,1.1810006592502298,11.582969065851193,-0.11269611669390436,0.33216321167412904
2022-09-06,-3.9330353902210287,0.2387656545632384,-10.254042812061506,-0.2978118305657978,-18.383772285831412,2.1115044445827458,23.43349972466638,-0.01868841624432996,-0.017534353717004195,-1.3120250721425772,0.6054771519002309,-0.048294759176728076,0.1567825452260148,-2.648551869252841,-0.13092407101581513,-0.0005137876075654114,-0.2633140995042233,-6.8136645268586316,-0.2543309881192735,17.615004391295862,-0.3853684680691512,-1.3127417212261572
2022-09-09,-2.431450501783676,-0.256901368950601,-10.978681802026978,-0.3655223179234581,-23.605732526768694,0.15685312615003894,28.099830902817363,0.10551542208320318,-0.009995649141139748,-1.2163677415384317,0.5669026714935202,0.014877264354369982,0.13725880801120607,-2.7016171607147546,-0.15527257098151667,-0.07560624857114895,0.02889960854516742,-6.63731109112731,-2.1945224091075484,-16.46529776140092,-0.24255152311254047,-0.9700586372073633
2022-09-12,-1.9742703392816152,-0.1463746154994904,-10.17796841770675,-0.26906109359560887,-13.982552364569546,10.484280929985268,23.628099293177293,-0.0236170192302815,0.004412863757991917,-1.2155496020014154,0.47378189106510565,0.014407964617526818,0.20185538441953552,-3.2118987070875993,0.09850508258574153,-0.0036717539378715983,-0.20645382344234653,-6.768859509661182,4.644580205705976,3.881171705380231,-0.3060844289791378,-1.1627768313817861
2022-09-13,-6.133354690226173,-0.25236151358114745,8.010591729516795,-0.321008282069966,-15.45288244664714,7.762414280866802,20.89140628683772,-0.024595876156068282,-0.009401363316721107,-1.313903221643185,0.5884675877378586,-0.035643534329609816,0.18200896647957396,-3.2625017362179904,0.10151850158734291,-0.0032593144469692014,-0.27999269151834566,-7.106124509602343,-1.7098580463581892,12.696521623727438,-0.33665025569655277,0.08109334555927353
2022-09-17,-4.518594746126432,-0.30867403690672623,10.223163970930178,-0.3298793113690413,-19.59208237442609,10.007793063816443,23.59814775801929,-0.012989950066926138,0.041402204960624744,-1.1156475965482033,0.48676139801636137,0.019901571612398136,0.13835853307790075,-2.752404494179691,0.2422842561380802,-0.058504826204511216,-0.16473694697206626,-7.142016175159331,-1.7599482921611482,23.071011089381827,-0.2944480109655301,-0.8769620508684404
2022-09-18,-1.6990935040106447,-0.2221601931843815,7.280363570183414,-0.29990373349614863,-16.518921350129993,14.992750320290153,23.842200824929304,-0.015114600048771937,0.001231317087521784,6.407089730682889,0.5400175454697281,0.012079690197924244,0.15930446347688001,-2.179220191619591,0.3049394614487193,0.1095027376791269,-0.20960917261334963,-6.97956960540654,0.19082086777194762,8.468019255770255,-0.1608910065727292,0.07730123092619146
2022-09-19,0.40502808032599996,-0.13837578744761658,6.522670796689855,-0.43977710026211847,-20.27141693682023,11.85766713168004,25.020837755083274,-0.00891552998826876,-6.28495003308808e-05,-0.8624068061263577,0.45095365086515615,0.037327630893976484,0.10283961994748204,-2.6559391989241625,0.18166700605311153,0.01834293164889957,-0.16564091947091025,-6.795733303398754,1.5323569651984226,48.47114265066589,-0.16094171890579137,-0.8275047966918795
2022-09-20,-0.8803693349333377,-0.43366886533427323,9.670514574719343,-0.4580406637765642,-22.161983625618156,2.166249661906634,21.64763081668293,-0.015300824969530715,-0.022954568819291105,-0.8971934590686731,0.4704385952704621,-0.07720235346965477,0.1489541047150277,-2.5999919272442376,0.2491958795561772,-0.1654499965957677,-0.26794968690364024,-7.089020101791973,-1.457336397390142,36.21595952113766,-0.5113126044281286,-1.062916080170993
2022-09-22,0.09072370747823959,-0.4411578598793659,-6.612965958947615,-0.3612444331201621,-21.00282314271305,4.115419609228946,25.910145265503534,-0.01512000358904886,-0.019365566644070558,-0.9712440101762975,-1.9622732243914425,0.03967532113003172,0.131807647739355,-2.2564386384927775,0.4334895184930569,-0.18598618615882115,-0.3335658931506966,-6.739112599746872,0.9542606842704272,36.87876341293151,0.040655135595888556,-0.7275053680915964
2022-09-23,-3.603345927587579,-0.3528999086521078,6.350717556745064,-0.36143636584810535,-25.32075164966638,0.9757197063414745,19.385868179749988,0.09586260494709736,-0.012964143452763265,-1.1673059149874276,0.5628567172381085,0.01611507038825816,0.13621609586615482,-3.172989802453315,0.284780616821007,-0.351798985868662,-0.43188434679130183,-7.224963006302684,-1.290030482268541,0.5217465415880458,-0.33091140395383645,-0.9164132101005856
2022-09-24,-3.2125203105290847,-0.391158335653837,6.115624825112313,-0.37799897122824105,-22.642977387642116,-1.4294634042108947,22.421369886178734,-0.021377526321316172,0.055728188002859946,-1.1306892910784576,0.6046159318192711,0.01678809836927329,0.14439801220453963,-2.6796833635564465,0.3981195428427338,-0.2571848097364615,-0.39496202662637164,-7.091650288242213,-2.0082251039212187,22.491409344859967,-0.19340574833105365,-1.3665940219229402
2022-09-25,-2.7742321321205634,-0.25642716358186457,-2.977184072602762,-0.2857818046860326,-20.078190964749997,1.0489280281944906,21.638902904823123,-0.028309857870297037,-0.0021601493493211767,6.061966783557151,0.5490574577311336,0.01749861990964264,0.16066254006134204,-2.253599154138942,0.4684016301621253,-0.1491277820715724,-0.2980090132156879,-6.900016560763302,0.43060307346922727,3.028609153920076,-0.3355343690155259,-0.9755914420955948
2022-09-27,-6.181066161850534,-0.38475841143767714,5.710111636182464,-0.3434333734656593,-21.531017394104477,-2.339607559453591,19.877679973171208,-0.022578233166364422,-0.016735042813814233,-1.224144952810569,0.62973906991587,-0.03994236682255365,0.173460793081689,-2.9985463311558145,0.36502328896762465,-0.26876727494820246,-0.36103909501718023,-7.143322160398622,-0.8720446730536272,13.850616153193867,-0.3780834884827741,-0.7053569353454165
2022-09-28,-5.1394502749402005,-0.4376397147660854,0.23766850150077304,-0.4098396000291284,-25.15900911766028,-7.266907760327647,18.818855791244218,-0.031146277505180488,-0.01076285991472544,-1.2425928774081267,0.5119880626916831,0.014828499970731084,-0.527127101649202,-3.2189108733181095,0.19102704543948332,-0.27285285395736264,-0.3130562222028655,-7.162787490414107,-1.1716716901277109,2.9379945828263954,-0.26727626583299224,0.8234055806287922
2022-09-29,-6.711837622626179,-0.46435449421781577,5.618558669704814,-0.36444139441103435,-25.60584624329899,-9.162626672132484,17.96737944722534,-0.024434852957795874,-0.018945699464364626,-1.2185110264624717,-2.2722916676868343,0.0035254517828421177,0.13593512843169167,-3.3158120720303175,0.16900322467408635,-0.2640663511022317,-0.3514649419297715,-7.297717596332227,-1.4837403780961134,14.792729679392858,-0.49312928451971405,1.2631484655186211
2022-09-30,-4.890179922395418,-0.3094499009928459,-2.018008662175656,-0.2978415271830887,-25.12449128662295,7.689030589750064,21.037634301785847,0.06671897937266826,-0.0068148489653109545,-1.242745361718304,0.5711559488146422,0.013751875269479586,0.12909773443355757,-3.265189689233524,0.2874218337025341,-0.26847268875475494,-0.1421222969926148,-6.805707044151431,-0.6374252569584877,-10.03810714051933,-0.3477372367173754,1.082748163601904
2022-10-01,-5.933280864073615,-0.33486429009872876,6.618046795731297,-0.43404401081945976,-25.91759059826502,32.74460495941655,26.684013390466408,-0.03164184197848891,-0.019007795325184814,-1.1408726864467005,0.4442313193509823,0.013026646683577866,0.09268141430671713,-4.408589933063174,0.19676399103941067,-0.3176592023083804,-0.014812762007904276,-6.849072584344017,-2.0175257775199578,-18.53692401164839,-0.5917268351052939,1.024817322773121
2022-10-02,-3.445426529914246,-0.30897252657509194,6.073727040154374,-0.5064823643672873,-22.294807996645087,32.09163130102551,24.654499457767127,-0.010908405599427354,0.009855894216740428,5.168161244776041,0.3647164412404318,0.015230351894727108,0.11862619641798,-3.6577871565822004,0.22054788210119272,-0.10035891180093676,-0.09419083813281665,-7.073579901565433,0.5043393997131318,2.2631861037106815,-0.5973098980270244,1.3051196147990012
2022-10-04,-3.507905745357395,-0.2848753629636582,-7.118971138303754,-0.1993245774647137,-20.704565854654316,23.38773146495969,27.029180835208724,-0.019249650100112144,0.00015458245431915587,-1.3697302156663869,0.5491547921558775,-0.03177838076687682,0.13154164726839843,-3.9397108673637677,0.3165176710124466,-0.018768719904826002,-0.053305745341754196,-6.816702963850405,0.6650657626513389,14.613775517010513,0.5745304002045926,1.2050592663140858
2022-10-10,0.36423017416847,-0.2888868628035705,-2.8325572382592563,-0.3307925679878735,-19.958481905723048,12.773492652098193,26.54102917533962,-0.005169616129539119,-0.012604633646373362,-0.9218565784800598,0.4962993773856536,0.049237682606072135,0.1236217347197541,-2.4507669680019486,0.5167535678708068,-0.05796772992917579,-0.08783009394248445,-6.763110178685675,0.9920606861571836,35.508258269629344,-0.40390420454289905,1.0992883680924428
2022-10-14,-3.0436442401176533,-0.35444993722600854,-2.701138650725569,-0.27045576704559293,-19.585939589364227,2.876154681398231,24.315316296987568,0.03698324984093531,-0.017960004954207315,-1.2219265369407595,0.5967860019930515,0.010792252076041476,0.17487781801282423,-2.466609177830028,0.7436884517027371,-0.1631671337086452,-0.10385184034447353,-6.942643872498081,-1.8749266039108656,19.568370496159336,-0.3857473918234006,1.400462684937485
2022-10-15,-3.127436957898107,-0.31095382623388496,-9.209850749359457,-0.2759163249931193,-22.051338333346294,7.896486433819158,24.851700832526284,-0.025429503130035832,0.029029054065563355,-1.1995764181169974,0.5407286129819149,0.015192718969402228,0.14785409990217765,-2.690311362158623,0.8059038641197115,-0.17185894903285648,-0.14127795890168435,-6.832196255291439,-1.8533663091241805,-3.068651470365278,-0.3110838184934028,1.4620451505094607
2022-10-16,-2.5757717416224826,-0.25558077115224065,-2.2465102827155765,-0.2665789417593634,-19.66538551413033,11.120263298969498,24.204172299035374,-0.018550084535203376,0.0016056912744711969,6.153764942371841,0.5363435935600216,0.012739674953882433,0.15217145203968338,-2.2294589851636593,0.8517486926914303,-0.1369195609222125,-0.033912572268035165,-6.844711538596997,-1.4991408585647654,-2.633278332494913,-0.288312418997571,1.58932465638059
2022-10-17,-3.4423174294254473,-0.18691370598555113,-2.377413433228304,-0.2765028206040416,-17.5412730700112,7.899103784620985,22.462699614839497,-0.0270915694645156,-0.004318736074462321,-1.2642403464287624,0.5249666058510172,0.015351065277484572,0.18217368851966156,-2.815490040705749,0.719746088868818,-0.0835835243146301,-0.18253679774468745,-6.923111830262776,1.1063166538651652,4.662895776132909,-0.3335316506734097,-0.24050702740564575
2022-10-22,-5.000707395114401,-0.18650715873914014,0.9244110334153199,-0.3818875045091088,-16.837483196201394,13.091138518625904,26.52325648942312,-0.009990667831834384,0.040385836180599696,-0.9915286364509387,0.4344861986034187,0.04413805384360472,0.12234742684556557,-2.2353123672467166,0.7459945210274063,-0.05966376081260905,-0.05378549854686883,-6.785335019879547,-2.4092942570778435,32.00885820866621,-0.31716621962729896,-0.9561507558747498
2022-10-23,-3.4563611316261618,-0.10428104475721933,5.70402135070974,-0.2814029570103557,-14.229724897333762,17.938192933359126,26.790190247791845,-0.013317935530229901,0.0031619098837424283,5.867096373978158,0.4487831056187321,0.012356913594434516,0.14221734296426627,-1.865510098997901,0.6577416189579399,-0.03503651647045427,-0.021592238728623755,-6.973046541643998,0.6847250348380265,8.276208013294246,-0.30612198793094153,1.3565672052475959
2022-10-26,-4.305783237971896,-0.1638752401168035,6.172039192762074,-0.268594943397466,-17.68697691180763,18.272596643517232,24.91715439112937,-0.028097498213656397,0.0020637860366325457,-1.1530188487035073,0.3991476464695557,0.014468218870037249,-0.5691496409998711,-1.7339963819600563,0.5581974443274672,-0.09485418615038983,0.03367990977668901,-7.0548716029104686,-1.0819676828174092,1.368383727343688,-0.3244028216854889,-1.2050909562587802
2022-10-27,-4.185746424056848,-0.2422478328850149,9.63756513641755,-0.2611535859355773,-15.334619872775896,17.04800778266656,27.184888561098315,-0.015467698322689719,-0.021547258351386114,-1.0514546762176273,-1.6337186050471886,0.02268287895091129,0.1072006671152034,-0.5557252390530342,0.6547715472620873,-0.08528170032796782,-0.043685152914388334,-7.050845912328519,-1.744147405848849,19.988595923648454,-0.46351920817216813,-0.13382124232199086
2022-10-28,4.084453895174706,-0.33959390503204956,8.223822088396862,-0.4088653855196125,-18.5523795596796,29.727045124264773,29.969146405388717,0.06316953662710403,0.009114263867409666,-0.9193970347594511,0.39977478093975016,0.01551916846715958,0.11462671075285906,-0.33334802526560037,0.6175433426924132,-0.11946458019489001,-0.0038948913532467766,-7.035666504826929,-3.8603732267000126,-5.023486107701731,-0.5141143144657693,-0.5872465642856955
2022-10-29,5.69169779285306,-0.22886436758400924,12.528426565429275,-0.23848710558296424,-12.25146563547583,24.900062711368456,32.832853855377635,-0.02928493653717812,-0.009151753479990993,-0.9121726773364218,0.45874535417271395,0.013071348210560635,0.12373007869098607,-0.24095055038914304,1.4702433023450867,0.1094486695760695,0.0360986384614794,-6.849313994979025,-2.278243489991059,-21.394249242209607,-0.3714194736498547,0.24378045833880668
2022-10-30,5.50753028988735,-0.16961344589754554,12.322747611186017,-0.25429503532366227,9.687691698979705,15.654635376923501,34.49466942087143,-0.014733224834779002,-0.004343982123487353,5.08327573703116,0.44546115392137636,0.014949082595524597,0.13571748083541166,1.6161926801075137,2.8968466240283983,0.22619977813728848,0.03949664800668335,-7.003872188223469,-0.8633841797931834,22.695117714994563,-0.22396845783674937,-0.6323270219520413
2022-11-01,3.804669120700816,-1.2165724935568056,14.158110139787782,-1.016189015691303,15.331049099652818,25.710523045362674,38.93905390971481,-0.02711911306217675,-0.006472211424188636,-0.9956194590814025,0.3281906878968305,-0.09093744591689126,0.09868237149346944,2.066136969492374,1.5295719402106265,-0.03319889328247115,0.07621176048461435,-7.0822745199163,-1.6950122053252985,36.71211769203685,0.39079773110952987,-1.2624383055647566
2022-11-02,4.500919482389668,-0.3326771779287535,12.509224589096625,-0.37724697530245305,10.942350904029674,22.490753195007333,36.848709797754225,-0.02615814544388499,0.003715261824853866,-1.0922401849424905,0.41332568404256703,0.010230418694306,-0.432816615851194,1.2710173794697854,1.8980351611529078,0.12418830090999074,-0.026476951242083192,-7.302676710525762,-0.6997289999796078,2.744969974120393,-0.2748821488672816,0.1551108768037886
2022-11-03,4.636255365356204,-0.3468944511930248,12.735588239781432,-0.2615771102385287,11.419336810968012,20.071774776592715,38.455165440800116,-0.02589131641756263,-0.002788122073276658,-1.145162552820686,-1.9386961129083002,0.0069653451617113366,0.1185906865883924,1.7067095223626028,2.2067185407210976,0.11735016742709785,0.06800003291712817,-7.19753413526834,-2.75232998808404,11.13063929295605,-0.5248553576000593,0.16318133441548693
2022-11-04,4.803979866822911,-0.2645891355938877,12.252353889516082,-0.3425412071992691,2.6349404270503944,23.05038951420868,35.8080200447251,0.08142383541511282,0.0021677376447500575,-0.975506433961906,0.39547720576870216,0.009943109585034825,0.1223119300429978,1.5342598503979052,2.125135179678531,0.2247542099047344,0.24213787157748506,-7.12131952363854,-3.2214042047612512,0.5589181313832353,-0.5132992165330266,-0.21361920491589143
2022-11-05,3.619381753878448,-0.23390834380172737,12.370041926402775,-0.20070317016564,15.069133602652618,15.555262645359457,36.80605580435135,-0.03330845641105089,-0.04238995572991848,-1.0041124599365847,0.4381457098262093,0.014460180892204938,0.15240240964377183,1.2819907546775429,3.1932005078885517,0.08068123215166269,0.31009553454784966,-7.318972564601008,-1.7937464226162931,-0.8268946648652618,-0.37979628560409845,-0.5777833974897868
2022-11-06,5.534516794213395,-0.19775174211136295,14.40279654625141,-0.26359486017319134,17.418062742700737,8.98895014001347,39.76320090550248,-0.01984399034215795,0.011188226034332728,4.269028509718834,0.367175192956648,0.0506774057186412,0.10055568395626877,2.7847410443740777,4.132111069181598,0.09886283113012048,0.46606761501087024,-7.031611792751097,5.0221561685645195,44.71136098801827,-0.018458917591370833,0.4474764567473345
2022-11-07,4.235882658014347,-0.24524034693126248,13.940150529337044,-0.28006113471795263,16.475015280782575,11.199228075207355,40.40235691199791,-0.029137402784109236,0.006811180833076567,-0.9557055430294246,0.3502816612391363,0.05020580841498728,0.09896430681658971,2.7527098607767524,3.850297233230899,0.03405735748466459,0.411598330605211,-7.050307332602268,5.919682731315698,41.634172086034035,0.3730860389301834,0.40822045007068636
2022-11-08,4.1958845909904126,-0.639040379917603,15.052245668399756,-0.326521276517701,20.580524865426728,12.078205504108796,41.401989360437426,-0.021390413788347225,0.07819702171041147,-0.8977244055444248,0.33198045008387056,-0.07571310113383588,0.10307464788361984,2.376149274637783,3.271144167621591,-1.0902765542864392,-0.24621472254647067,-7.514073149843746,4.889876718157065,68.83146927084596,-0.5011749059645958,-0.17810278804373492
2022-11-09,5.152369879710346,-0.630318457476794,14.673472402289741,-0.420076661593565,18.083521534573226,16.554915160788653,41.88068551308181,-0.03189466231782427,-0.0017644191861213789,-0.9751092352283077,0.3349964633486998,0.041499994894945665,-0.32340852684796156,2.8653843534326944,3.7401822237274,0.06454599329281104,0.5325098615824524,-7.0855843550024105,4.815396714631984,37.81468519117383,-0.14954778953993403,2.244752062136718
2022-11-11,4.932317088601883,-0.8906332886077569,14.754461522537177,-0.5991239498003684,18.9394516526674,20.916307993697046,42.691582832542366,0.07150597528391449,-0.0016837491502270383,-0.9766456540235112,0.35134542907936894,0.07591757871323632,0.10876740962864637,2.722615129166572,4.168628575095312,0.3524396978791201,0.6427140604643002,-7.089274624688981,4.918923354868056,46.05887177778619,0.32522757711761313,0.45399824825648055
2022-11-12,3.582587029138016,-0.9982621209918998,14.885617562048841,-0.842892175465439,17.324732351325743,31.098803696609668,42.356414099685736,-0.018784760363012375,0.005519642032880996,-1.0652496742949515,0.33934877502395167,0.07424683965285385,0.09706006826015652,2.9359023834991547,3.429705558423046,0.46923192143739484,0.6727045069637023,-7.135213708668772,6.435244804565536,28.747474063818384,0.7870571411401696,0.34735670449840567
2022-11-13,4.559771243294467,-0.45248911942080006,15.07686533826181,-0.4393774070643937,18.134763272228934,37.20249322670142,43.86585990132996,-0.008087368237739609,0.014875852908062114,4.852665986376292,0.45682628655576596,0.04586372820215963,0.12494056304293925,2.977951909796563,5.4765988085778865,0.35138775961244617,0.9908018398113132,-7.428389284309024,6.321327852007733,13.396470030336378,0.6006459480904646,0.8469079239101099
2022-11-14,4.524379519060476,-0.47289618141185763,14.235097531722188,-0.4452549818906051,17.8902275494268,37.007419123116144,44.09110603488098,-0.015731915228596113,0.003310893941229784,-1.2298170482385988,0.4396050074581624,0.041528952724100704,0.13187408105354098,3.0175349162831973,6.871580827061673,0.3045776422167247,1.046228690585867,-7.601462582374742,7.304918221679553,13.462790554346395,1.0111227004234244,-0.33024688485664166
2022-11-15,2.971446818427409,-1.105708203267028,14.414569248344703,-0.8663514258927862,17.898478225777463,27.301632959125982,40.39924386398499,-0.02900456824007411,-0.0028085560598583043,-1.0620107665884644,0.31114977581325165,-0.14241580266580922,0.09349699925400916,2.497192386472965,6.31046707603975,0.37055240954783397,0.8646345118692808,-7.511562397780618,6.817810516472828,32.19972399900709,0.48663187961895804,0.44912088367447417
2022-11-18,4.023625052411765,-0.5168458631770839,13.110845773791773,-0.485567273775907,15.07873629217918,35.41325339872036,42.827265298479965,0.04038637202691944,0.0065415440262311785,-1.113685412199752,0.43377121992145196,0.011477698650622401,0.1491570356665635,0.87769781385288,17.37965822290696,-0.9614863656281881,1.4889788257479988,-10.231927184421112,4.8456653462700325,11.639467148558856,-0.9132083148222606,-0.7475107093400569
2022-11-19,5.944622126326828,-1.2733732322044422,14.987742087368492,-0.8908011288026961,16.444412659455914,32.25093178639518,43.09703456138112,-0.015361696313053282,0.02564910006448783,-1.0368880954572366,0.2898873532287998,0.07453381252481857,0.09418476233291671,0.582285152374197,16.929457455943147,-0.8059888031092252,1.4352068675892409,-9.904335383375733,6.653209319643993,45.8416917099403,-0.7511796824975713,-0.5887114648341317
2022-11-21,4.4084576050612805,-0.9545611336332067,14.524726412002687,-0.7669002779893112,9.583867965090175,31.855398801213983,40.94601728878586,-0.016708025508666974,-0.010016079333421088,-0.9133082688237434,0.2998211064830019,0.05471113846596403,0.08414355555855119,0.5783852491158202,18.206273955820766,-0.5983821594060923,1.6312389376832637,-10.110386309269094,7.885752120997663,31.891740667882477,-0.23401472339728446,1.21812108510825
2022-11-22,7.023547433667376,-0.5914376333135698,13.929673024942336,-0.17133894349966272,13.97772587858445,34.63074694242935,42.159223576232236,-0.016450806266588,0.012249867188579006,-1.0855157440730538,0.3945750303092821,-0.05686277940861324,0.1450120561105411,0.12757250792425495,17.888840382806425,-0.7933438748486092,1.9186251331701587,-10.27420513964512,5.045593499156343,11.142135608285209,0.14031779711606196,-0.6387745832667238
2022-11-23,6.635327180027068,-0.32349281136063257,12.323667902280407,-0.2858246826694146,-12.250132143188543,23.182875652475428,34.35005919465124,-0.01922408306628992,-0.00288576501041779,-0.903588437749023,0.42581053298716814,0.0012227480981143166,-0.44794288584348874,1.7708911852683729,18.07311521677476,0.41513252198743505,1.5503409620769086,-9.470717985336073,4.639552888838573,7.51476277779155,-0.17817401089565602,0.21557899247598059
2022-11-26,7.473303750915191,-0.8441499715377888,24.980583948166586,-0.5585893888981757,22.708503203223692,24.241677596167122,56.54673217068406,-0.00877453392695778,-0.08411892345447418,-0.5819443306192965,0.21104653221806205,0.03262302312944829,0.06378560402879195,2.3257890553170872,27.035389428377385,2.4167944130308077,1.5843757486539867,351.2527484542618,7.664230572925992,63.05049691772411,0.6857923838187167,3.178247330936783
2022-11-27,7.306451762119908,-0.8170861928000085,23.35820282930146,-0.20628081148173974,19.520688308491376,23.213115588053277,52.85138520122647,-0.008310229503088263,0.0006028901872908012,2.8615749294564785,0.21601417159702627,0.028866785902191654,0.06655451350521281,1.8750421011362144,25.290612486647323,2.003298272062141,1.3482322488506817,347.08264436126916,8.531100114000793,36.18754771335582,0.784837915334976,2.93217014672349
2022-11-28,5.733298994515683,-0.48461807270362856,20.25829346766203,-0.30939237471863057,9.234467425833829,5.232190230129608,41.49011513748742,-0.008726286367261667,-0.0018940852674879818,-0.5898831388631766,0.24530610148132032,0.018964061649007557,0.06623748509193816,1.027631626124191,6.915647897952279,0.7006671113559297,0.4696091461900047,345.8483264077431,7.99412881687326,39.671126535647225,1.5683284888690008,2.5909575673799394
2022-11-29,6.668125390228569,-0.1532983653636713,10.632057722680777,-0.40885769901453106,-15.925871041994451,4.291802048842995,25.052899167441186,-0.012826062078508322,-0.003999858008018014,-0.8254990962258502,0.43754090122146977,-0.03797178679468898,0.08694912710653423,2.1498315746221954,5.41054409193266,0.7270781298710955,0.847012347515764,-7.506759436651741,6.403009466428085,45.94388675638435,1.2371457294024666,0.6888476038017263
2022-11-30,6.9748003190248244,-0.17537714882604905,11.858410583913159,-0.38810171155784845,-16.87722103185778,5.9116044629544655,27.73414752761711,-0.015640820947831025,-0.006753387843361457,-0.8021845371123957,0.4353386708354946,0.021374007920251275,-0.31244446271738796,2.0223768570480707,3.643462459684158,0.6685832282698889,0.7647743763317615,-7.239818219957521,2.702626667121746,42.52922553026633,0.6550439402664399,0.18554456874890374
2022-12-02,7.041623781467862,-0.41288546407884175,12.042050148800135,-0.32510148444936343,-17.658388116546266,-9.49779688263378,26.8476340514892,0.08245068694325117,-0.03318500652004707,-0.9307104150431956,0.5589514289875652,0.01917891602238118,0.19705105976936096,1.6084855681495627,1.7258886172487724,0.5333572949444214,1.3509394432051205,-7.206458129641723,0.9198918175493895,22.05159832938697,0.7041101398849454,-0.9167621789770529
2022-12-04,6.679408201402594,-0.4910897257965849,13.188323001897194,-0.36021139842826894,-23.849769957379156,-23.214212969163295,26.07153339522429,-0.032206540824114054,-0.0306138659416801,4.651909661096423,0.6578264446282129,0.006692105150656658,0.18511720351975236,1.3617439027715197,1.370099219261037,0.356101934134614,1.091023129790971,-7.3654057356505165,3.084676685665446,17.22447119871362,0.6733963607151746,0.4391214578168581
2022-12-06,6.3018648072267025,-0.4634163885469159,13.790659599798019,-0.3601017929010464,-18.38297584520154,-24.887410744862628,27.660114749296216,-0.05166158321804173,-0.026163865909618847,-0.9457419131787104,0.6895033508269753,-0.02496099996368472,0.19536508057088742,1.6185048553539256,1.1448265152639197,0.11784991871298259,1.1618159237812828,-7.390698707882087,0.19610264054453552,12.483563955541998,-0.130430476035416,-0.18542187078732805
2022-12-07,6.292172951101575,-0.5154854247018004,13.521350410614,-0.4158877499440593,-24.42150684649703,-29.244628485098247,28.330463294513336,-0.028407748778408452,-0.03497228942560242,-0.9575606369090529,0.63779094938492,0.007099847933123306,-0.6807853037744517,1.0516844184241274,1.0444640650625774,-0.05789255557569602,0.7496979714540944,-7.481493908214103,0.2785033360894759,18.392690799987633,-0.22490225244166137,0.3808207156276241
2022-12-13,2.349941394607951,-0.3914539193302348,10.619461302206657,-0.3216129168659577,-15.393980010664013,-4.984292043300646,21.041820855235656,-0.04347781071320063,0.001966043750116074,-0.928638030181151,0.6818609214156065,-0.08178455123835994,0.16246446134711967,1.6483073093529528,1.2216890090735655,0.13394437508865042,0.6810781003610064,-7.192594643372292,-1.20151023898361,-9.285353233467147,-0.16356955667132342,0.2784184413872874
2022-12-14,2.6059498632801072,-0.38583719072090744,10.266496053435473,-0.334263351825495,-19.49033460717079,-1.2856557380315945,24.06842333605049,-0.038695254745553895,-0.005598381578124275,-0.9612065099921996,0.7501172071325642,0.012073711828820704,-0.44997256765669524,1.3298787997395134,1.2054547176093184,0.16460582474901983,0.3426206052080159,-7.109821709159429,-1.5835266331486495,-20.18759218119428,1.1885843282770137,0.9414016289321281
2022-12-15,2.0294573844605113,-0.47533199928886083,10.588020507976266,-0.3787812743954851,-24.194472065382254,-8.713404635062322,25.002223654832285,-0.036664625657163455,-0.00986170753600414,-0.9729575852149318,-2.8847253751864055,0.008597573253471007,0.10037991931056901,1.1418879061721408,0.8485774233751473,0.05848030692556239,-0.012370522041728633,-7.20085081843325,-2.515999563762907,-31.687315286817107,1.2042274278789966,-0.89400157630222
2022-12-16,3.154918408848263,-0.30076956740301597,11.221396130620976,-0.28840755544033125,-13.485254681335473,6.3840742643490715,25.036771225265372,0.0927908630503685,-0.017776817371821928,-0.985864140329642,0.556983433855304,0.009716492242136752,0.16635767805982368,2.032439427910224,0.743244006268107,0.07062619090968943,0.1341844929742534,-7.183325069793814,-1.5327596076618022,12.463831633916616,0.3953688147767953,-0.6906735441598185
2022-12-17,4.206612972017713,-0.2578445591791374,10.788928167239037,-0.28347924901598004,-15.217911425284498,15.765550990370622,28.966479098920697,-0.04324517130655653,-0.05217908770160803,-0.9509838426387018,0.5908664477176327,0.011298234630511373,0.12703094241640833,1.357846295019295,1.004694821140762,0.06620754085157,-0.03378698470434343,-6.967655205715387,-1.6559080543009033,-24.467181327961164,1.1540058415493595,0.6932353201950415
2022-12-20,3.942981231648095,-0.2656921946526138,11.41254041385382,-0.30361738302267866,-17.837969536093716,11.38386837486682,28.048811493826324,-0.03555118698872405,-0.0044308679266826904,-0.9959138888674391,0.6006294572782434,-0.025555266206719676,0.13579274216319026,1.420790502457321,0.4873517405611377,0.0077674324172766675,-0.17442006962737383,-6.994751538803026,-1.9566974018826178,-21.077542524013836,0.4642114583470131,-0.5986476583176157
2022-12-21,4.499041795500068,-0.3196841801500671,11.860235185879723,-0.35566374758663516,-22.37837049396347,-1.5008380232795004,27.74314539795717,-0.04375777687818655,-0.008789277483797623,-0.958082259315263,0.8194289236406492,0.007557340108178975,-0.4077146405806988,1.2432687155403173,0.5526410188008637,-0.017521818731397926,-0.2950988465453284,-7.118668253487119,-3.001318036445505,-30.513690699397948,0.593663709613648,-0.8937522431538122
2022-12-23,5.443189106577606,-0.3714304600853891,12.321462207331905,-0.3638512696518338,-23.88113483818374,-6.484262439075924,28.559453489074425,0.10265485675424339,-0.015805012566800437,-0.9560959889776851,0.8824179032482531,0.012500619931788704,0.12316096012178929,1.2164317375855382,0.49279787713064893,-0.10264836731293567,-0.2355850382367221,-7.130030152420953,-2.81336429575573,-25.10472634886436,-0.35671357421519945,-0.8203885270279814
2022-12-25,5.796597717860877,-0.44878997902979517,12.209511540103357,-0.38646040463575243,-25.378506626958814,-9.8899353902165,26.670321201739835,-0.03649638631440965,-0.00862690983518313,5.0603545458526655,0.8512643736727253,0.01212887967709298,0.11971081547234952,1.079481664415815,0.3599844355674125,-0.1864244136799759,-0.2220994305402869,-7.124536594266077,-1.6972877978726775,-24.546919285569814,-0.40296868598334534,1.1898784490120298
2022-12-26,6.288339520276868,-0.42022524869001604,12.327408851050812,-0.3304440879446089,-24.77615256178157,-8.242011298912104,27.052250888646284,-0.042265111685796296,-0.013933232715524359,-0.985941156528833,0.8645279478718234,0.015230963226005175,0.13016135574103493,1.475246941075813,0.3795060893730552,-0.16475236515050137,-0.19461296409591647,-7.127282512406979,-1.3666306272895212,-21.145221137730164,-0.3840881780924863,0.9594439158614408
2022-12-28,6.262071735253744,-0.47302953794529895,11.914671726233015,-0.4573014605089278,-22.589627669074027,-10.52550252385953,24.804760195340158,-0.021085534628948754,-0.023837209321787657,-0.8625022246821092,0.5447194806243004,0.01691788964868883,-0.5131760156869047,0.9920423687487631,0.14288566032427663,-0.3514191510110668,-0.3162144233822915,-7.231613784159482,-2.45910668086498,32.81254805708288,-0.8108462347800697,-0.8480476294121494
2022-12-31,3.4526119830281594,-0.45871530169435365,11.800936054265833,-0.35698820599048176,-18.703181154431505,-10.358945615462037,26.504090983865968,-0.02572780410241231,0.07646734662374888,-0.9356838145860322,0.5871542359509268,0.012679998156035377,0.19149162848710222,2.426097600510606,0.33035400086168165,-0.20495405079346335,-0.17930962623724486,-7.284252717252812,-2.640153358132857,22.450960348804646,-0.5647982806762881,-0.9119407428512653
2023-01-01,5.707690205080738,-0.24444067600241293,12.418750863518895,-0.2589233379369336,-14.90724979129273,20.527845115575932,30.53777443193522,-0.020060056298191048,0.0056126172107205385,4.133133024943738,0.4033031064190423,0.014933725753520085,0.11717825997817884,3.606226209878235,0.3411892278329888,-0.2658567694741813,-0.017350235007403996,-7.10677547262386,-1.5451733701910275,0.9466684421683679,-0.48168453652958537,-0.8957890028576952
2023-01-02,5.723581670966789,-0.23731719472137336,12.494941848951703,-0.24784855917135026,-14.813380810977243,22.697772190527424,33.25944490616631,-0.02074553999396213,0.004787085213270542,-0.895735727089168,0.3875954273319643,0.011908703981413218,0.11850267988200479,3.7463317450428,0.310198378154205,-0.1891593571535621,-0.1949631267047144,-7.076192722969957,2.5602504715497507,2.0309288994707537,-0.7177206148832707,0.10352825386280336
2023-01-04,6.109449217811679,-0.268085767535276,12.077369212959072,-0.33985854402288723,-14.244744557093153,18.449807675189298,32.431074731651556,-0.011022917892690054,-0.0020753300200353113,-0.8778531335960669,0.4504459565371959,0.01588160517897109,-0.3189732271524908,3.101065690884651,0.16294430144888394,-0.2731782736967433,-0.27729924664970423,-6.971037349394761,0.520982112954564,25.615225017341704,-1.0747749514337768,-1.0153373964182395
2023-01-07,5.423113238185025,-0.2654043837367034,12.316419758675405,-0.28103433613314754,-16.99028810501353,11.17175645365612,29.70240607068752,-0.017452752888331504,-0.01939551533229808,-0.9342806355609078,0.46563171751963367,0.01634541679764614,0.13501346093473862,3.6974324604712976,0.5010705088693648,-0.1314097321874709,0.05708064459419899,-7.218902688589864,0.14792195895755902,0.3559624637176108,-0.4978744339498132,-0.331354029324221
2023-01-08,5.839897036209057,-0.2525885114637436,12.866831285458593,-0.2524250098804215,-17.597948999659685,22.26962904412881,33.980649585251975,-0.014654186448309077,0.004249250555974315,4.199613319071999,0.4040540849767602,0.013141458177014367,0.11124235977666556,4.109604037886198,0.3165719249787597,-0.1486959775400858,-0.03875737930848918,-7.012957122181236,0.3974764921520344,-4.088570194139677,-0.5453390622416114,-0.6225948148536886
2023-01-10,5.9712607890963785,-0.3013267802063714,11.967570468144068,-0.3241782670615745,-14.541647418377726,9.486585634444234,31.03110114804371,-0.013304277807616057,-0.004589287940427127,-0.9023835525033647,0.5123254612612462,-0.03705520648285591,0.12818903899999814,2.932793810670186,0.28565970528180074,-0.21061905302350029,-0.043125087645492326,-7.071507687853274,0.8795497524506755,23.39195848321008,-0.8059996029151765,-0.5674073947460456
2023-01-11,4.651862395578835,-0.2880783630863191,12.285576904390767,-0.2706015032172104,-19.494679519617122,16.79820072762738,32.11425162688877,-0.029696319211229703,0.0027206712924146793,-0.944806892800623,0.3950914665776991,0.011293811501159042,-0.40998906154994486,3.2717293410616577,0.1812320934832968,-0.2195651009031851,0.034148695420799985,-7.209027287032879,-1.7581712311098763,2.2216143482503448,-0.9603370758072944,-0.9013673321724052
2023-01-13,4.941589254108221,-0.2942365940821053,12.527071714386425,-0.2523225599239265,-19.2978456503309,17.721991506718023,33.393076254973984,0.07998402472235215,0.0018084938724552795,-0.9449345688465203,0.41664623268376266,0.010709475963483726,0.11893048978706929,3.4694688320638973,0.11262796483826175,-0.2979685081618839,-0.02027041206508504,-7.18621639521049,-1.8552315561694768,4.216938024770479,-0.7637794521700098,-0.8749853306307701
2023-01-15,5.542931307322389,-0.29887362154022923,13.47198144047119,-0.25159528657889907,-17.25394833648306,20.05627370634948,33.96620644608383,-0.02248164927568207,0.003924095204373607,4.27178152383502,0.48402604238296126,0.012346457909747848,0.13113304465291944,3.5288378274087524,0.11739377831430377,-0.3312605157209606,-0.21699857178861673,-7.034065756956371,0.5948388135299839,13.098978167647791,-0.973779251486958,-0.9811547347920794
2023-01-17,6.02384036598647,-0.27746328051782326,12.936550845686742,-0.24395848878596899,-14.659069399999003,21.251136408385687,34.68442608898932,-0.02057291611645326,0.004210417955982601,-0.9283215562375593,0.4819691674364234,-0.03978802865080664,0.1237787021947595,3.8063911918282582,0.13507083219843158,-0.27206935661907306,-0.292615999714249,-7.072592491275345,-1.024217989284398,10.490848347959432,-0.6371479343859664,-0.8432597456423935
2023-01-18,6.3632502968846225,-0.29334673408930767,12.592354616142368,-0.3479539671495226,-15.570015035615503,18.20233774016875,33.18608581072733,-0.012290387665086389,0.0002274672867426901,-0.8336443226008312,0.4638911157275205,0.02318275379723219,-0.3039309469715151,3.2954327914459265,0.11627508412073463,-0.26447476855532603,-0.2515510920848443,-6.983359891585305,-1.6063624152007785,27.605470982959048,-1.015439771271687,-0.9277891575510301
2023-01-23,5.361100869983138,-0.2857186196647665,12.682144776384721,-0.25097888005585045,-19.08122975110363,21.494982457103568,34.70439455396741,-0.02477270805434614,0.0020111965206355787,-0.9392929168468895,0.41226126709172073,0.015386441665350765,0.11370278613672469,3.994379126603396,0.005053564571622955,-0.24311292335884138,-0.2068304901400731,-7.165608098857746,-0.8118774517292823,1.9283029459343637,-0.7275323702065891,-0.767062877131823
2023-01-26,5.000593008016568,-0.847681384281349,13.031006560204432,-0.7562276818726368,-22.724406960395477,28.716431338806867,35.089156120959885,-0.015134067195611736,-0.004068705812710285,-0.8339185128149259,-1.6505795394770975,0.019124480742140442,0.07935891586675879,3.26413180124051,-0.37119861413220023,-0.11690530481233839,-0.35909970331327634,-6.995388108641432,-0.6834535244566627,38.92439889717242,-1.2474919329462129,-1.1581804633107282
2023-01-28,5.130724467311925,-0.4412434947629238,13.47781499307423,-0.5206880780785444,-15.555568038574282,34.625912651024045,36.50906643407089,-0.015793065932231558,-0.015944001816069742,-0.9345506775536335,0.39347235210046033,0.005194969494432439,0.11152339751216676,4.085056845700726,-0.3158448295688748,-0.02064237008947468,-0.2353575782945343,-7.102979804303263,-0.12339211636958736,8.479185483977142,-0.838538603254675,-1.1525197500350568
2023-02-01,4.147570449661199,-0.6028460034636609,13.484239162663044,-0.5116968761762719,16.42079990603976,15.717480515729012,40.55239618769651,-0.03069233982146192,0.005636223094637635,-0.9098939578486888,0.3817803668931944,0.028259716938276756,-0.4152731368644501,2.326290716694471,0.32175848389823386,0.3778069592882532,-0.12727613732004908,-7.135569672120011,1.9556628907565896,37.31693573858377,0.2653911655112561,-1.140616383935103
2023-02-02,4.599361369181064,-0.33423792872287017,12.81871443406055,-0.24845736924226475,13.397530551811752,14.985774257359717,39.4884476457311,-0.023253700184605812,0.010001057946999663,-1.1751017816132052,-2.0343219283258227,-0.01064281145458306,0.15762324091031735,2.448224216462827,0.17040696681793677,0.37196707497665893,-0.101919933615406,-7.330973314212593,2.68913563297513,11.778414365962963,1.0161684047102029,-0.5068710880447168
2023-02-05,3.9792252176430396,-0.5550555387703836,13.027667556104777,-0.5731496852343207,12.020080176415846,32.35452640975067,41.4488720979299,-0.010342940768724804,0.016043840179979497,4.710626236036027,0.4401450599856856,-0.009270951065729827,0.1795332599997121,2.1754170923601674,0.009199535886747328,0.4678693167920866,-0.29460796211374246,-7.246501189343733,4.858429960132983,10.21072990762557,1.2647054033465788,0.7486933975374278
2023-02-06,4.909151425549878,-0.49734753525279485,13.044800735695679,-0.5323916235989634,7.243310713600367,35.42688041480716,42.73002072166044,-0.015237666768551272,0.002646745441728717,-1.0821319766041406,0.41721371173229155,-0.006489012427293514,0.16681765320862282,2.743326047751991,-0.4246651783214435,0.4304857521101811,-0.21305074448350933,-7.122806438788938,5.729889325985427,9.83827682880116,1.228739726837316,-0.08583738592684471
2023-02-07,5.137780859336269,-1.3615809513793828,13.25973962211328,-1.045689586207518,7.4437275390688695,28.687831313899736,39.93107292396146,-0.01487349552357152,-0.004486940753362429,-0.9521513517378863,0.3765619624545426,0.05320387784592484,0.12023025863168586,2.4343513985071774,-0.5972896416123576,0.39643633652124416,-0.1462366753872328,-6.95608168932648,2.6003170877336683,46.018833771164125,1.998528147711632,-0.05241530126231029
2023-02-08,4.5891705235416795,-0.5334700618100034,13.153135024318425,-0.5850993343224573,6.09894262893145,31.486538288122603,39.223139923359106,-0.01954352148956544,0.009295378992936768,-1.109351876959487,0.43153070742891314,-0.005811264788946056,-0.5072828527033688,2.648817886111988,-0.7023382728503299,0.32915420708160664,-0.10343192267448983,-7.193509945278266,-0.4718141721994179,11.26976247215619,1.3100708256385298,0.03268775548205829
2023-02-10,5.094218945656003,-0.43354233903310796,14.046094844530469,-0.4851183672149133,-12.887916541920564,31.751103147385788,37.59064370002065,0.05144206991662103,0.0019621056252074106,-0.9380220270006854,0.465645116040771,0.0035651667810884294,0.12746793417801106,4.399954947770511,-0.7972393246711855,0.33152326766648166,-0.05454085910576865,-7.096449583127513,0.2468327869935082,15.566336548147794,-0.14512189866248199,1.211673666396675
2023-02-11,6.434991306360269,-0.8273438140461662,14.321302793729787,-0.8009829766994229,-13.506558518261457,31.08147114720313,38.22139325460108,-0.014199768907105169,0.0029455840714228566,-0.8103996108493904,0.3807013340693061,0.013576757012573,0.118655410837431,4.537262098465219,-0.779117558762827,0.4562410679895739,-0.05613139288881841,-6.899678141925523,2.469488787502437,34.87159667822348,1.880390139271402,0.9621739508773643
2023-02-12,6.449977554457263,-0.44769853554992295,14.108531535530478,-0.4471339150714505,-11.180177077087855,37.2449428431653,39.98614332360718,-0.01078631365732887,0.0024871358291693978,4.090598467530766,0.4180847684268517,-0.01156856451543099,0.14319919817104723,4.677261763214304,-0.7603941999017736,0.5032742439762913,-0.06882821926810834,-6.968498404935902,3.8769684309000785,14.798959007755313,1.9618732564022336,0.6078306538567326
2023-02-13,4.096820677730295,-0.4675085828327912,13.961152274347139,-0.5109239790879366,-14.457946960712377,34.546041220178346,38.447043237191735,-0.017817989337647767,0.003134075829775404,-0.9507304797408666,0.40116596586463077,0.003994503638033906,0.12415353458146369,4.634729481396989,-0.8096561475252135,0.43755482946000906,-0.0006098377498023902,-7.107437915494268,0.8078900816762368,10.330191855763616,1.6623978015985696,0.6370981936945013
2023-02-15,3.0905249215541306,-0.3639974532142712,12.27380044524065,-0.3582479086831593,-11.316548685581848,24.740545915360638,36.245494364233984,-0.02284354227687627,0.0033869421040861065,-0.9281676792444921,0.41377320582248006,0.008527687586656008,-0.4200047785447779,4.1470843800883,-0.891673776211642,0.29617411396451,-0.22603322541470472,-7.058387299014419,0.4666475749265318,8.638006391841667,1.9315365765365913,0.03058702179232693
2023-02-17,3.68320544551261,-0.44394077648269187,13.16798712385161,-0.5201115460160853,-15.457134152351122,35.52711409446912,36.60252818678567,0.04527887735624581,0.0030841356182163106,-0.9043944550211027,0.35708347752272407,0.007963716309997815,0.1054437669682064,4.000596265625418,-0.9205209479259628,0.38341101175540065,-0.3529582104484909,-7.1443246720217255,-2.305353836722096,4.33670678643746,0.6299029859633747,-0.26238813142205686
2023-02-19,4.644321277017193,-0.4485613529160697,12.89502338896125,-0.5265599965206434,-12.816559934266722,34.7433926529953,36.370616130624896,-0.016185199709140747,0.008613401474467205,4.058967007651334,0.3444577453744269,0.008156756828560253,0.11492160564051734,4.182467988068214,-0.945061382398707,0.5828842909747955,-0.38806487305333387,-7.060175043518961,0.8318406436077115,2.9767033481497496,2.3606122802035094,-0.233967624235835
2023-02-22,2.3226142400711836,-0.7158660350120555,12.905342510272261,-0.740198818580218,-15.556235298153979,33.598244670077484,34.63755579535701,-0.01094172257981457,-0.0019053179586188379,-0.8215101680255618,0.3708822696467604,0.01809207446648087,-0.40083707294389553,4.151657357232306,-0.8825002040751143,0.5853512451055759,-0.33041841031091373,-6.993623538364518,-0.008941364412461298,29.92692562176691,2.2700035015521616,0.0894660622151099
2023-02-24,3.0353517265542864,-0.26660506848736126,12.942335090395822,-0.2475562403092611,-13.888918797561866,25.036213734657665,34.725753280580356,0.09283232729453333,0.007244046800075787,-0.8801251829597484,0.4084435449151108,0.014252849079053843,0.1214591480810796,4.380938604480672,-0.8971381555909632,0.24061965633403765,-0.22812874957580812,-6.989549514513894,-2.298964721079087,-5.894807182126782,-0.518451492890583,-0.9617146690665009
2023-02-25,4.887307291934954,-0.2857477555276508,13.261824686956496,-0.24688080421973657,-5.754987819418971,18.6410834016454,36.05598773544151,-0.017304007302663495,0.02492104030021911,-0.9117019545052472,0.4851171009916313,0.010413965583858664,0.12945160243251616,3.914307079367828,-1.1100241934672983,0.3444541570009051,-0.0720910337347964,-6.977677105916845,1.7925677078201263,19.07075888167063,-0.3887960569114039,0.10890187036457538
2023-02-27,3.0494771380465506,-0.289362868021073,13.231226893122075,-0.36633083116209025,21.19324901537973,-2.4755856063002493,37.68383371754179,-0.02803802122678948,-0.0004936694413169806,-0.9985284737403679,0.5514280134233924,0.013927962351656362,0.22166403442450555,2.345891890778347,-0.9171651488326725,0.35410445696478066,0.21095541233614823,-7.249707494704403,-0.0558661831287232,-24.57929649750549,0.74280747699593,-1.3427677296704181
2023-03-03,4.515225175511654,-0.35783400301867985,13.022608361287686,-0.40992375680209076,23.030188256966035,-9.747337896037168,34.31678932646906,0.04878828019813643,-0.004800837748085498,-0.921169056764074,0.4987219872897512,0.010236797864043688,0.20855985873052477,2.8169129934803117,-1.9093149088638877,0.30474286973528836,0.13162212724061992,-7.43010326766555,3.80036938554822,-9.634452142611599,1.2318629164240837,-1.1434703520923308
2023-03-05,4.173883583189313,-0.2992593387803471,12.05967390884405,-0.3854368294666086,17.779738120375306,0.22001841499396307,32.243363794684704,-0.01339471108378731,0.001180242235061258,4.434787110409167,0.43956732304912793,0.007380734797364527,0.2264902773955506,2.267803439019037,-1.97399000898845,0.1013355833818456,-0.01939747782410501,-7.455952740602866,5.917118978788723,3.7658757572685815,1.0775637764465602,-0.8504390054869451
2023-03-07,1.9708167250260085,-1.278033968920478,13.626218842936131,-1.0162735145078554,13.219109978892156,28.219421331387935,40.62579208617907,-0.022932486373436218,-0.0056575923887947485,-0.9982524684938935,0.3699751930544852,0.04375255962139854,0.1363266966958787,2.163666835407995,-1.3195270376587922,-0.15609496433159076,-0.12602005540134892,-7.169485964843433,2.9060829868090203,34.902980114461734,1.0231205889790354,-0.2351184422095321
2023-03-09,3.0819457433866484,-0.6443139162416157,12.646515263356822,-0.655611037154434,12.1893352116305,25.907719442536074,38.474672263813254,-0.01835289571822784,0.005741755890053457,-1.1692856239290803,-1.8845292988028342,-0.020868507569037503,0.1308945423131233,2.017744614832663,-1.908470979415102,-0.10097034193066769,-0.19751660246143374,-7.3321758359433495,2.4040162460468424,16.41551424430299,0.8627232064727712,-1.7336994872886446
2023-03-10,2.919804426084461,-0.4103361570806056,12.884904995366101,-0.335400368942257,14.754678973712123,19.528485456442862,39.352425646914064,0.06518392262161847,0.010056419893889602,-1.0898447053024556,0.41297604336205124,0.0038743215430965343,0.1494308502718173,2.4207391930581954,-1.8226114725481908,-0.07423382796111302,-0.06140348010464729,-7.376245409034969,1.8478350799763976,3.0306048686094393,1.1192147934352379,-0.9590095421231031
2023-03-12,2.6738971272439733,-0.5703175658693307,12.931783380261676,-0.5240950303420119,17.115608494895316,28.70967898400015,40.838246211695115,-0.012456154097907268,0.011554087664354111,4.871987439730809,0.35950412900248774,0.008721098518992278,0.14093758973148052,2.4411855015830155,-1.473711168650812,-0.05878714406948258,-0.1132166374741623,-7.363330539708506,7.857567983663803,0.4996365111654426,1.4366208000708578,-0.733948262801157
2023-03-13,2.838153042562458,-0.5999207280989455,13.18957371936559,-0.508903203922302,16.337260151525133,32.221187643843315,42.41085648604459,-0.01666141532810126,0.005516512294261676,-1.051367403317265,0.38319212922790513,0.006726572040605082,0.153132091225586,2.503293145386085,-1.5242697345360163,-0.13708977181863033,-0.19048255500273079,-7.3428642828269135,6.381226127021105,4.027423198902546,1.2532890289228922,-1.799224262828166
2023-03-14,2.2153729834925335,-1.117697253691506,13.429297538398519,-0.9523512452897369,16.927396418697874,26.99859407811625,40.74869989236087,-0.02826933240306936,-0.004173843709245679,-1.0278681228895548,0.38203865712688184,0.030265444392832734,0.13072516388805053,2.272796293126125,-1.594514813340532,-0.2148326559124702,-0.30628864258913735,-7.172807405606065,4.792348589041154,34.35430960294507,1.2082946529195635,-1.324154246524657
2023-03-15,2.941412026775678,-0.6068925429524762,13.061847424660485,-0.5245407954107538,15.202653381851805,30.46011803839532,39.92879000244763,-0.017951273779266332,0.00787380401798105,-1.1240310685713528,0.4147530027635464,-0.02281740322827815,-0.5579334652970482,2.299953228000772,-2.0267996555023395,-0.1820369145368543,-0.30797148366458993,-7.403391583832556,3.2760786228092127,8.525088202535107,0.8591793845941231,-0.6871683887439064
2023-03-16,2.4580935084206184,-0.528934145445551,12.542070939630294,-0.5681998093086824,14.70613650180757,26.472386492282237,39.08843647162704,-0.021057085848286167,0.00556571655517787,-1.2461426514505516,-1.8977187025966729,-0.014045176272782879,0.13132705827821373,2.306408986499186,-2.3565614576488416,-0.19022727203005274,-0.27322921679359063,-7.362321828755074,4.271130677530548,13.24568701651311,1.0051374524165664,-1.762608489836314
2023-03-17,2.5115965258493893,-0.5905087342825172,13.278354811123979,-0.5318894804670429,15.336718181663318,29.270318339549622,40.077896273036096,0.06681061774380381,0.00942532463684399,-1.1351510541661745,0.4355196141568074,-0.018079163121374416,0.16396065587002465,2.3538673583137775,-2.183797648612905,-0.15082761165989744,-0.2799614219354777,-7.351633390966295,3.7488113732601143,8.016304237137795,0.3500129142252334,-1.7150450448937495
2023-03-18,2.3816640329537875,-0.6117587742885305,13.066910382074846,-0.5021360009749963,15.684204090465608,30.434767295873826,40.62645167514199,-0.029793810493434162,-0.03661519861178711,-1.1503575306671765,0.3620123835807372,0.009237966180759788,0.13557897615837228,2.6273279038913104,-2.4204803631694696,-0.24485815702161098,-0.31722301637408723,-7.302290581492814,4.411555104505196,-8.15620070723155,1.083352887124497,-1.6652390637236105
2023-03-19,2.5804832120856696,-0.9922250907839675,15.405162567151233,-0.9986744670889598,18.865409388082327,30.75802076937756,43.217248446172334,-0.02281832009100676,-0.0005703904777998306,4.620139134092723,0.3395750034334673,0.10112004398503285,0.11878296542104307,2.753577746790154,-1.7594301623671018,-0.25569513499414576,-0.22727087460835751,-7.078592840114058,8.1174082472309,38.627235363510025,1.159412282575728,-1.2895330690204707
2023-03-20,2.684758589594057,-0.5013859531156531,13.663356378078973,-0.46800225727046424,15.897073579177905,32.63599041076694,43.15705093858115,-0.016613722538324906,0.004288551717432374,-1.2128956610741992,0.453710120869825,0.016156979415940204,0.14159017879774724,2.6051748184961845,-2.4967006871324293,-0.3611407847589525,-0.38153082611408085,-7.3042726798341135,7.8764101751394,13.147400575388428,1.2793616466191071,-1.8366431315267697
2023-03-21,2.337296736106196,-1.3737657694232923,13.474845028475832,-1.1756910833085783,19.276556380462175,27.378487730314703,41.01580865055832,-0.01369320010107626,-0.01028361917430847,-1.0631788253596535,0.35250775992541683,-0.02847546876034295,0.11506582290399825,2.5406833194908267,-2.079917124049519,-0.32054258909349626,-0.3772052065893554,-7.137324246330178,7.268975591820452,45.71257117003468,1.3006232566069176,-1.4483392487961362
2023-03-22,2.3379555817231474,-0.2021435606443169,12.607339496908294,-0.5878839323117334,13.900892589712775,28.52090491998777,39.44995693945007,-0.02112568454768082,0.0064397074589477915,-1.251766497702869,0.46337752843036595,-0.013306762658766312,-0.5486297195884782,2.1912548995888725,-2.8995962771775776,-0.4369789712841075,-0.49460708723781144,-7.388763849646428,4.2660721478814825,10.39660277611127,1.1869391305331443,-1.522818766194294
2023-03-23,2.432704628768106,-0.23609382951679092,13.076641000136592,-0.7914744686599804,16.59562645253866,28.147280704583874,40.056382677643704,-0.010516336194010855,-0.01092751862390917,-1.17112050012712,-1.6368251285928601,0.011847654633799602,0.11780111657851068,2.4547775645695773,-2.6386050347430077,-0.56785282664949,-0.4492741032323446,-7.313016446464254,6.899436858683397,20.765007186098973,1.2854573309472077,-1.5720752852578719
2023-03-26,3.2905331848031807,0.12877298712298488,13.40468510386126,-0.3999278179228664,15.11293090129811,34.17224442675775,43.55522387562056,-0.008443221080593,0.01035116335376674,4.7337943677129095,0.4223034241611529,0.0025909562890098466,0.15120056213152963,2.437175709837329,-2.5401976288423436,-0.370361177873676,-0.24291169472289173,-7.339454939705215,8.348976558314371,10.224049806577305,1.1841340885866856,0.9605188022828082
2023-03-28,2.7871975540294165,-0.4302736989238055,12.283187376377194,-0.2414963476160553,14.692890741294503,19.370932816144826,40.24971965600634,-0.020917255679424967,0.008630058457354779,-1.0927737796982062,0.43048287421099385,0.0036482116515376114,0.16731820340489162,2.4797121218294316,-2.8978287924278554,-0.4473055544260446,-0.2579621234526612,-7.374962239701854,6.743915919008233,9.438412063637703,1.0262971746895095,0.12206754764310603
2023-03-29,2.764011956384552,-0.19088473616713347,11.987096711848908,-0.277196137647343,13.284798912170084,9.810058409845466,35.52222301420567,-0.014635202237604172,0.009538943557534197,-1.0711442965508309,0.44344105806847034,-0.0021897767693925384,-0.5697861830286658,1.9540620756807376,-3.732764612759575,-0.43718035167997016,-0.22376634426308767,-7.470279548203971,3.409095127633868,12.090184146793565,0.9763893242086195,0.11886838024316228
2023-03-30,-0.3499177113835411,-0.20185341226984096,11.956194948180855,-0.2977740778228132,15.430618446545076,4.538604823238582,34.08037312526633,-0.014833361802511878,0.004192617754120103,-0.9903816132537993,-1.580923324007222,0.008980425813746222,0.19505618329619379,2.0020034727118934,-2.838300316268911,-0.2795635637072446,0.00959899616671974,-7.574916883518431,0.8513787627753676,0.28571280086016054,0.13990936204469057,0.7056848386811063
2023-04-01,2.7809904123668634,-0.19001329479754048,11.783886673018946,-0.2515452408323334,14.651926580181359,12.349197816041057,36.35356600205069,-0.01723992015311117,-0.045472709292397474,-1.0430820386744193,0.37609645625989724,0.010376163050524332,0.16998871706784974,2.239653478954793,-3.3621077863871265,-0.24163206215956975,-0.006770063352327866,-7.508406513623317,4.4491869850342045,-1.1986133615963952,0.8000764780890983,0.16725857466241806
2023-04-02,2.8492649488647004,0.1459951361942339,12.694851690011614,-0.3355213783427652,14.943117586519287,25.68704962196532,38.947751736293505,-0.009941164227935681,0.009391745793610098,5.04818997514507,0.44461227303899276,0.009505016127128039,0.16724913721502335,2.434879393503725,-2.9015635488641376,-0.39048420955362856,0.024763944399942357,-7.3637963375312445,6.504153325781709,10.782384186630232,0.6132397226502451,0.7144089583009953
2023-04-04,3.1203293931872547,-0.3094720750218867,12.541039088549077,-0.22849609614583383,17.05334370942156,10.549321803491416,35.351465153067466,-0.018303274056048036,0.01288183191566672,-0.9982786459366749,0.4322823805420886,0.006700833809658532,0.20295060164385068,2.2738610732886504,-3.568855310554707,-0.040931997510265,0.03334721301737156,-7.459917855854447,3.211761391630789,9.068975404222588,0.4022327386869001,0.38510692194610796
2023-04-05,3.0209732222588483,-0.20657597617074724,11.758209099984553,-0.25094162335232645,16.110311883966553,5.797338162820766,33.27860216482389,-0.015322005773906171,-0.0004983380044176415,-0.9739891351964838,0.3814331784560242,0.005885706521106721,-0.5981476764758599,2.1264474151846597,-3.6029919058848305,0.016137514180072816,0.05908598818653631,-7.5725644904799525,3.736753599993547,-0.9375284682813996,-0.029424145657493614,0.3034812068967869
2023-04-07,2.8496169528285664,-0.19001828602754764,12.505478172325311,-0.22791485864920433,14.636557244333979,12.718641339115027,35.99168886751315,0.05660257063736429,0.009465578433881374,-1.0213845833296495,0.4526625742324148,0.008443461977338147,0.20036368452531264,2.1930405405963422,-3.7746771140706903,0.022258321914386283,0.035629059674822224,-7.448758386394422,2.435770721386589,9.909183859411895,-0.16053318616083134,0.009848077694089408
2023-04-08,2.751584311673405,-0.3406893991776621,11.941856859062833,-0.4984374552133826,13.550945405618318,3.342425572613594,30.994429604975018,-0.0075573527139809245,0.026892076988700966,-0.9402437333314169,0.44309183148160325,0.013211644010849566,0.1847925614602157,1.8008463971770419,-4.595190010522106,-0.341804661717024,-0.03631251022587873,-7.44641091000465,2.590898721495148,22.974038254246974,0.256440378888531,-0.13175142775117618
2023-04-09,2.8663568906255987,-0.13744846174727618,11.754792405823869,-0.22759960197043358,16.411601513229964,15.064946143867264,35.994493970142365,-0.01539020298811892,0.013783983366066607,4.782113742625806,0.35748540971735,0.009012676514103611,0.17459299900396538,2.1974251128159037,-3.348356918232992,0.06661827339006769,0.011607700157154614,-7.438095308226384,4.576759628823977,1.3527123093292306,1.3107676992869424,0.24984310161097775
2023-04-12,3.212685063201043,-0.4542798693461241,11.48969142018634,-0.3494100957613803,12.447653611023128,-0.6035653737982986,29.58617526637694,-0.017385559969035243,-0.013565151655876385,-0.9284119152522234,0.393924801895678,0.011743554035392732,-0.6945325352423853,1.7413444876907305,-4.10267869532866,-0.24507645132056108,-0.08045146061381678,-7.592349527272404,0.2832242065257839,-0.41483118791568097,-0.11208858294377277,-0.2842326182035951
2023-04-14,2.483670047435868,-0.3274402348951357,11.192370520390824,-0.28411392310075795,7.090067564964399,5.356913318090004,29.00395699089747,0.05941914837624584,-0.012895935460875658,-0.9372880629422496,0.4493314282784218,0.014225914891959759,0.16337560578667665,1.5957591094588004,-4.132506923969427,-0.1515688164850715,-0.1821831393195405,-7.234444545067785,-0.7998665892118899,-13.426241733292096,0.15747766399090363,0.16659653352189488
2023-04-15,2.805216664448986,-0.21819954206226,11.88764903858936,-0.26138720591762105,13.207563507129858,7.696532455522165,32.16893257427406,-0.02026410410761401,0.03313388048743913,-0.9402387521401716,0.3972744139112112,0.01415722656176909,0.2481305892427396,1.5060849073058769,-4.1680170381842645,-0.29615445841985977,-0.2329218798944502,-7.455224260765071,0.2846106885698795,-7.504764327162599,-0.3257059796785408,0.4642469415738705
2023-04-19,3.22743272165471,-0.4008939668285399,11.6725309865469,-0.35088570153432636,10.047296072956673,0.010018383209816238,28.73078544126358,-0.02016489272170074,-0.026368303390855583,-0.9657671030107512,0.4476086247400203,0.017158208957671107,-0.7783012327907203,1.2133209644583562,-4.468048726705851,-0.4852037827627574,-0.21060295278049093,-7.522109656839498,0.16844162905357737,11.469821242121263,0.3065527005161944,0.3732960971151159
2023-04-21,2.7105326154362706,0.09053681664073175,12.003289970246609,-0.34768698222329636,15.793893155957353,-1.3347203678622879,30.357499490240293,0.036045681192911114,-0.017099413085842247,-0.9308217600602955,0.4670678503245203,0.020318327847424288,0.2308486882082021,1.3161278146247264,-4.070849494774602,-0.2925595711080544,-0.17730030066375171,-7.497598914282705,-2.0765897156479505,-6.98587200729608,-0.37312827793128034,0.6055237558494182
2023-04-25,2.1879016830336053,-0.4045798958007896,11.500757638000534,-0.5183775561725172,13.282311344445063,2.060532603937601,28.62953842606923,-0.0076261843101521655,-0.008379710468911322,-0.9224796944980551,0.4286396766861639,-0.05198700528889928,0.18624388788565974,1.2970151966219106,-4.84633858054954,-0.27530380360548795,-0.08085476847279968,-7.48169641068106,0.32978921496853353,24.973789548621337,-0.37412735513239376,-0.027288281903347634
2023-04-26,2.606199632964882,-0.31304975036193794,11.570854937861615,-0.32803236402231134,13.052320265704394,1.691982415238424,29.546626320823453,-0.015275855296244882,-0.01568793915244163,-0.939613950373828,0.4078110524008073,0.01167975455874663,-0.6815261403189172,1.0953864373433877,-4.195074168625116,-0.24396398660595986,-0.07305523132733734,-7.625534432533961,-1.13151338692454,1.5688286234720497,-0.4945634701245609,1.3842110261543428
2023-04-28,2.865273645362039,-0.22525300177918756,12.50975213101255,-0.37724360243623456,16.852324593048465,-10.494695278278082,29.669891105894592,0.06642960465487463,-0.02984349329576221,-0.8973452465880748,0.5127250111620821,0.01448693901388063,0.2228259053990332,1.1373364504277532,-4.415439826164581,-0.1594771661458761,-0.03028035234328104,-7.686249868904498,-1.4355332642898302,6.552256535065481,-0.0676493319017843,0.541278491618774
2023-04-29,3.533857043260932,-0.14053809282820365,12.256930248706341,-0.5406028513191927,8.253029910668948,-7.8688279748331835,28.959528549888024,-0.023568539448737696,0.12881463664928422,-0.8189363100429107,0.4346528444707963,0.029625297792127303,0.16017072469969226,1.4056409747790375,-4.017101794844207,0.11018455236715141,0.06729139352956003,-7.27446238988545,-1.52009791403258,40.85546473443457,-0.151966610913283,1.0406626180332117
2023-04-30,2.4795718036552423,0.05208199059143144,11.500800547589948,-0.34739557254461145,11.018219349468161,-5.577400706424514,26.903890877830634,-0.018895471625932653,-0.029409663354547526,4.300282050242496,0.45799724162419775,0.01212386093019123,0.2258687223939218,1.2109477644822149,-4.1629221048622345,-0.1529557463788146,0.03633892586265115,-7.447283699699384,0.7702716907653115,8.498810786443844,-0.4517162488231565,0.654738095512194
2023-05-02,3.313457939527254,-0.37755944979698736,11.496868969452033,-0.3585253367130116,15.194495482275755,-7.945239998519956,27.612398558156702,-0.021563110966105976,-0.01655842276458485,-0.8968533828878718,0.4342693481977362,-0.07143698595024782,0.24314320342672763,0.9704508470063696,-4.590179606844046,-0.1476898021416165,-0.15269455842802068,-7.619399086213141,-0.061069123395117914,-0.25330619910342383,-0.7409215898588007,-0.8699602948200806
2023-05-04,1.9289276738705914,-0.34744967212040434,11.522936185210861,-0.5021714943608298,9.11891472356502,-3.4527949269767286,27.904091486668992,-0.012938996558167945,-0.04035561662880794,-0.8773343989419397,-1.7748514291340993,0.014799890242255247,0.1724686444019061,1.1504574033981936,-4.704957551331193,-0.16886003444280143,0.04109394471079046,-7.521380990281779,-2.4701981228662087,23.12106887882995,-0.00696126033716256,1.0199782832233646
2023-05-05,2.8849339796826263,-0.14467065310980146,11.862466997304207,-0.2767892695416617,-5.648507543380641,-3.536165254890998,27.927605662041245,0.09902041106152899,-0.016472223762400536,-0.8801737234762791,0.508440850858234,0.009873376497597411,0.183020571817179,2.0058917614823937,-2.416931007665851,0.182536289081672,0.6938903293132657,-7.246664417011579,-2.5602443817497242,9.639347790884774,-0.17248749134376504,-0.7196560373247257
2023-05-08,3.333749758294407,-0.004881113419846258,11.889653432292679,-0.21494959113153841,-2.680098117211757,14.457440606862749,31.913958165959514,-0.015193612455908065,-0.012778074084646898,-0.9018145626988993,0.5004473139978692,0.009556960048114592,0.16233599294370415,1.8927742872073954,-2.9545950587132626,0.09719202793467405,0.2779825961671756,-7.1127041938919335,1.970604766092592,14.288138488144018,-0.9292722845617858,0.2870226158417315
2023-05-10,2.543079281530358,-0.3355357754237294,11.22212629278713,-0.3573952643902094,5.20467453925967,-2.82405735940085,26.130322132099305,-0.03210405464464044,-0.010239391762105806,-0.8981726297543119,0.4227830015892586,0.010091184158747431,-0.5480091337029595,1.3524299436409646,-4.1957791642001725,0.018918290273471042,0.2842483246718313,-7.441163066449259,-0.4063159981403266,2.7857165443305667,-0.7270835008915802,-1.1176788188384505
2023-05-11,1.7965980299042676,-0.32163586840764596,11.671993336781094,-0.49357422364161246,-10.010419670312531,0.6282596690449339,27.241197699602722,-0.015613571745277196,-0.008454611038121437,-0.8193344964961569,-1.84847940387284,0.020266275804032396,0.11631047158854867,1.5358149824443883,-2.4510627426178364,0.36846849320700126,0.45106130510129894,-7.12629121369367,-1.8710759648683075,43.20144986030205,-0.945715022202151,0.7033051489821076
2023-05-14,1.8644928073086722,0.038784702287029835,11.365332962824217,-0.32449272601840246,0.19660349287655224,7.318393026600249,26.308091355500633,-0.027419833929114953,0.0005834839984602458,4.216981246728609,0.4514783885869771,0.012436904972804703,0.165929299224194,1.0533613559577855,-3.7533414494200303,0.17361841154246074,0.3002638977436942,-7.3005549685583215,-1.5287570433990871,6.2892355681482774,-0.6772564089176691,0.662556837463195
2023-05-15,2.7019005386028514,-0.11744173959595006,11.733541711613972,-0.264523405860475,12.146811664127293,4.603483707744624,29.59892943192826,-0.015255598045723703,-0.00035590863674454305,-0.923929443831718,0.3955469135654974,0.015642650694255553,0.20988043074565443,1.057317288125051,-4.337014407872593,0.11687357346832448,0.1999548511442005,-7.553062268089307,-0.8457767208352883,0.19932422816681333,-0.46302796425516496,0.5116558662523626
2023-05-16,1.892607687744853,-0.06395793809388386,11.374398880280095,-0.42493871663042476,8.824347225912568,0.40636442275139634,27.132319316346393,-0.007065820589042012,-0.024936234970131376,-0.9083973120613166,0.449426794782814,-0.04208454567271638,0.17944511472286495,1.024988433522559,-5.177937085339209,0.31065551397727886,0.2030746717399924,-7.440732362392986,-0.02749051974437366,21.963341147978756,-0.6007119258378957,0.39697345153297303
2023-05-17,2.260917527369659,-0.29193343133239036,11.137180931799715,-0.29786760572168736,1.086757328989737,5.082088693569441,27.136790945923895,-0.039059844528475746,0.0039857467430786,-0.906053077961171,0.38709493362660724,0.013489076470634374,-0.5613753082751255,1.3436963538146942,-3.7645434141650993,0.14421199527503561,0.47447946767943217,-7.388273521635818,-2.368672875779808,-0.9487183899701703,-0.6231395971643464,-0.6312620579216656
2023-05-18,1.4489288526177906,-0.3341964093755938,11.810106354380213,-0.4639494885402802,-0.670771065742727,6.119327929066721,27.702129466324813,-0.019567013656849586,0.004287265252184096,-0.7875094182811905,-1.715269233753115,0.024674367936639335,0.12965793077383947,1.57749971249355,-3.894375062828588,0.26739862842590784,0.5745630934080543,-7.179548471008163,-1.4324740413623656,34.1860704396031,-0.7802415238027024,1.1770286668593493
2023-05-19,2.7243833778757787,-0.22989170896432323,11.21882014649443,-0.284014847870804,-7.096192120942608,6.9215896992962795,27.126936430675492,0.11652843301862317,0.013060676296889867,-0.9104075936381969,0.40797542994683794,0.012645724979121321,0.16884967330583092,1.6954247272962144,-2.5225536876775556,0.22015387931412517,1.0412011316141547,-7.257770477266934,-2.145173154615896,0.8698914803992603,-0.6311730885725665,-0.33170724642973626
2023-05-20,1.2349240342221177,-0.3431063767671243,11.844381239797382,-0.526586795648515,2.951141744559059,3.32140977102049,28.64307158418473,-0.009534657286394457,-0.017907564144744603,-0.8030706881608562,0.42626632959502364,0.033287479974030115,0.12258685091168033,1.2763509163278508,-4.350312160488516,0.20034507724612832,0.5737341049387749,-7.12358441865026,-2.3390618204995626,45.178638948278596,-0.3163859207324302,-1.226838927346258
2023-05-21,2.464706417177024,0.3864316960849977,11.99101767003039,-0.3035307648936358,-7.7459467247775216,6.095817524724724,26.962875308306053,-0.028220027111435706,-0.014272319544198424,4.550893269625151,0.5819218519491755,0.013555235503806771,0.19393640181970268,1.7466167081495991,-2.3800879144158174,0.3971903647841606,1.2709778829964082,-7.165992843467694,-1.4786553729190468,15.806172308618049,-0.21894203554478547,0.31413401602275987
2023-05-22,2.6321379484245195,-0.029117500918378465,11.321664497414009,-0.26393624476044736,-7.555184214307123,10.3530000071487,28.110163889377507,-0.0276756539919807,0.005713120736470374,-0.9125874597072023,0.42435795382015346,0.012149309950242696,0.16537007132826684,1.5460037717480608,-2.492231217467689,0.21902238441976307,1.128476787951751,-7.2702449885566045,-2.0729547640418526,2.2319556987813782,-0.4645787512620296,0.3545040859234661
2023-05-24,2.633775257186615,-0.28685346821095375,11.311282105726253,-0.282736161110911,-6.8208026630682035,6.990290306253212,26.76595232604125,-0.04040735352023582,0.0019309570135824239,-0.9427330125248168,0.4402601518479346,0.010482026253174221,-0.5458754816928181,1.4688002973834757,-2.4302877645246026,0.40628124616488775,1.0866893504834882,-7.2299285117146574,-1.763122531823448,5.027977095785862,-0.6141131508235934,-0.6462462884877456
2023-05-26,2.5593858821237183,-0.24469537377847786,11.985771596606302,-0.2885254725714237,1.1255539401478962,5.346920475500806,28.751014150229288,0.08226659621219454,0.005176410982018055,-0.8779661077525565,0.4039001915884157,0.015314245568236299,0.1730289866309737,1.6192198335832733,-3.4641296511728306,0.44623322422393313,1.1471746018659443,-7.337414859867352,-2.9648392756607955,-1.0775271015757677,0.08716122875646876,-0.4882844538834604
2023-05-27,2.3835551572796976,0.04321064619604791,12.411379634585272,-0.2945476362224061,-6.4816999089908505,7.70482356916835,30.912921323582072,-0.044188407297870186,-0.034033740048778495,-0.8898172635558621,0.5382020236460954,0.011651969341771436,0.16405620616725577,1.3818496148649004,-2.8382545424609353,0.5559038560449191,1.3259627285308693,-6.995780255082435,-3.097896053398944,-23.42433129661594,-0.32216233123615534,-0.4219732472607421
2023-05-28,2.427430861491504,0.2031032806052519,12.534431270791124,-0.27935328242057167,-6.852964410632993,12.694952906943298,31.16212764602235,-0.03341405834967369,0.008171106223335077,4.2360980247282605,0.5002483907476952,0.013433335398680997,0.14123653502545871,1.1530016771757599,-2.948419221916642,0.49900147235481984,1.0628503690527387,-6.9437015325379905,-3.274406547051433,-23.45150253412251,-0.322244880462379,-0.20180819737003652
2023-05-29,2.296471828042693,0.08227564167614021,11.517936458275168,-0.40377779079879406,-8.514778171096975,7.393260441990076,27.756284710795665,-0.018808376057993268,0.0008554197470974339,-0.7958624129028848,0.509710789649856,0.03493872125003328,0.13840774324974028,1.934857923386682,-2.5055312612894127,0.6250331828986053,0.7296614511374628,-7.102004374168472,0.7056297910248228,33.428067520120905,-0.3806394124790454,1.286169156949951
2023-05-31,1.7126135650935772,-0.255923387877489,12.153981872450046,1.1725094083965915,-1.4311176187539263,2.4322959749544304,29.05052949215336,-0.01758879388076709,-4.7101761520498755e-05,-0.8073004605796789,0.4558879581092325,0.022697585779222335,-0.4069273022930296,1.5508760510894286,-3.774187095238891,0.44202749556534154,0.3462392350798285,-7.155108771963295,-2.9258216545350204,47.47598191290774,-0.8569314254884512,1.215283834334694
2023-06-01,1.8179470101200552,-0.25182736157791313,11.782026881578268,0.9978481285405604,-6.5420237082912625,10.613550824774784,29.688152808097108,-0.026227886796124707,-0.011369997456360413,-0.9493299479238754,-2.0684051788717146,0.007371287598813333,0.15054049919913667,1.5120137416735009,-2.7513186991732934,0.21971640924112257,0.3683171416997221,-7.218823096348518,-2.0448972541194754,13.870114983223322,-0.9288799671549848,0.20587853615691415
2023-06-02,3.2003124856881806,-0.2374358895069317,12.28078120758816,0.6713737840896059,-3.9012715572981698,17.41930800416147,33.320604077970074,0.05298550217647945,-0.0018960337673619503,-0.8582948702462571,0.3726493160241484,0.015240822265876502,0.16113783102060125,1.8233907398928795,-2.9000005416596375,0.24102678945079925,0.34118435709103856,-7.162524048872095,-2.916960831123681,2.513118622355978,-0.3847514321311395,-0.2438550056227856
2023-06-03,4.894612735784214,-0.2736926925641864,12.93792707187045,0.8127306122129323,6.983137030563041,7.702353699664764,34.02514878569504,-0.018769510474151898,0.020630536348494943,-0.8440992977496009,0.38915931554150524,0.037480518314391253,0.12354175588941992,1.914596691247919,-4.316772462158333,0.35980128510904136,0.1131723684186231,-7.127348266209987,-2.257110793223498,41.36044345785711,-0.3248798796708793,1.4107369843872537
2023-06-04,2.3217265765114012,-0.2864127987979437,11.917005112772724,0.5712444973340801,10.656640051684594,4.551113102649611,28.49911373270918,-0.011285451501937192,-0.005833588881624695,4.441519448073859,0.46110873945016495,0.019302528278184156,0.2567119597742851,1.2314026056175542,-4.616004337833594,0.34254858698297336,0.12593211891933073,-7.47175972511055,-0.5237597979458373,10.150622806664753,-0.23532974885001204,0.9991806023825595
2023-06-05,2.5619625422459187,-0.30204926450357833,12.44450269079376,0.5347744144041507,12.361224719728446,11.270705211172777,33.60733712392911,-0.02635240897359762,0.0041747260827552715,-0.9662408453167168,0.4360202536428949,0.011179553253061629,0.20306625352999996,1.3543347080675243,-4.425972410594781,0.2733645981035441,0.21684776437017428,-7.508013406782421,0.15595460210280526,5.561731309827845,-0.4573406523551087,0.3479525005949467
2023-06-09,6.127826221459686,-0.22470034541325862,12.581580868096454,1.1059882513015127,-5.121634836584836,7.52762103680564,32.758425064804065,0.0914757511872379,-0.009895621237541353,-0.936892236946319,0.5626368238773569,0.01663441352572033,0.17570189858821467,1.8847645915997644,-2.2627509874064673,0.4046980255956058,0.5052344603467206,-7.185238794562371,-2.8297926772961968,16.907347616028037,-0.055646363456446316,0.7257563846411921
2023-06-10,5.4875930769508035,-0.0934585720834987,12.990957969244128,1.513119773108216,-13.13741199132611,1.7584533356915297,32.188740855551345,-0.025395062285508207,0.02323336971613938,-0.7824048161779183,0.48967437475823844,0.024788213563387267,0.13523810387761082,1.9671909220133574,-2.1039651723342607,0.4079774035967371,0.4471494392362955,-7.06114947681003,-2.2147329271739755,47.54434651875152,-0.2510815930200518,1.5756011623908908
2023-06-11,6.762958391611614,0.13366322593636815,12.597158124472845,1.4580376867630103,-8.6679323868257,8.181213036487835,31.83564952313804,-0.01500827483382338,0.010648258867342615,3.945279074887623,0.4574978116615717,0.026504452063414435,0.10509245774934116,2.547380252653058,-2.2223944983670925,0.5175122066931983,0.36840629013389753,-6.977144747345647,-1.4300919364461095,43.65638149186152,-0.5013419323787619,2.363602727648252
2023-06-12,3.822713587998899,-0.09999988378729435,12.677624419786486,0.9756144284664388,5.2163893605343,5.915682603288206,32.663320860837345,-0.01966816832333899,0.009143432430937156,-0.799686624118948,0.3939696584134474,0.03143700174098597,0.14590947126170253,2.290677960608497,-3.922175273018443,0.45081433598919923,0.17327885878795807,-7.130914795857726,0.5386116850677463,41.322057445440635,-0.3725023698345728,0.9358971119816581
2023-06-13,4.1541847859395125,-0.26292264121025055,12.111406980889976,0.35857104302954257,10.305732241897354,10.96242241841066,33.82584886656971,-0.019057143867862076,-0.007265193370977403,-0.9853919447136905,0.46164459232343746,-0.04963414170984288,0.21134712468738656,1.4555229402489849,-4.169237460356515,0.31644634306976044,0.06378285653012761,-7.370641248205786,-1.7599993075013078,11.215295684798235,-0.21924489845895984,2.080086625231669
2023-06-14,3.363035078344509,-0.39248554638341093,12.002983353780222,0.33018189202235154,9.365504705307806,5.907905712490519,32.01025802928287,-0.01812047973306226,-0.006161284688356826,-0.9236506090903716,0.4380681405050092,0.008067164053235251,-0.6470682000807177,0.9615327434232773,-4.355027759641626,0.25975785023703707,0.014229984916577714,-7.499452937019956,-2.6837594768290587,5.193645375211014,-0.5284837967979947,0.49418873078842496
2023-06-16,5.5252139105014155,-0.20985570911896567,12.181055157560024,-0.19577116432003955,-12.86737748246372,-3.370155342611949,28.48491403118132,0.07098648558084093,-0.018101392766588627,-0.9121015371699129,0.6300045652201536,0.014624019670822589,0.20273247244035175,0.4378705973733527,-2.2510148496503097,0.11624829623626762,0.18287078416491276,-7.24378707603291,-2.468716934787536,19.088783091490527,-0.08917435465396548,-0.18949961621480263
2023-06-17,2.282410782765479,-0.0690318446927352,11.102851108738086,-0.18401292109257716,-7.298778526817431,-3.892954934443448,25.88364811600894,-0.04046699666312728,-0.021351530361257393,-0.8861197162410909,0.4956103181424559,0.020233435093776547,0.16002282337430454,0.2219743822351809,-2.50693725081027,0.184243799281467,0.16409167543578337,-7.237223364079176,-2.5624224940533016,-6.539834753507089,0.006256369807016967,-0.5965919985341185
2023-06-18,3.7755865605619845,-0.12858849059598773,12.388625739905343,-0.03401084115409336,9.059347237043816,0.0516590424529058,31.580111572331194,-0.02300511429990878,0.002568494475209635,4.099930679328234,0.3911812861356537,0.031124610973557006,0.13970210940179337,0.9234671320734087,-3.661679331798166,0.1952956852824542,0.0032014767723949843,-7.1985469263015744,-0.9799293205975037,44.747076964508416,-0.12560168916041806,2.567129454577283
2023-06-19,4.102254715718328,-0.07272282925659053,12.217522114019825,-0.15016443347421993,14.437373799224874,-2.772697142140571,29.501472590500693,-0.01813396768699143,-0.02214682829856867,-0.9380115777055903,0.5024169923548805,0.015381092560326673,0.2936343057322678,-0.6630041279026672,-4.042418995929185,0.32630656869991703,-0.0071998180827428015,-7.572516661583514,-0.508509052377577,9.084085005382354,-0.1354276346161011,0.7972834794779137
2023-06-20,3.3966732719280386,-0.30289243983751424,12.127928438944833,-0.22506388506245537,6.97662033369065,-11.72889370257175,27.373440142611447,-0.04345369523966436,-0.010866403624857945,-0.9213447450970613,0.4962506398963629,-0.019600257842453558,0.15023792507428216,-1.250747452668502,-3.922078497562067,0.14079389389798536,-0.006139233605242169,-7.5043324649751195,-1.9795244232215823,3.778958594873251,-0.0035189355482749974,-0.9172579998731158
2023-06-22,3.7044510149635492,0.11923992195488445,10.84014975971424,-0.1685207312248012,-8.08817248430094,-11.073530725992066,23.75825939980636,-0.03135660454811474,-0.008322021898010302,-0.9747527961051511,-1.855772550430376,0.015701430210514206,0.12444181280982253,-2.3724147672022724,-2.5753006113934633,-0.060242012135278335,-0.21368331483000688,-7.451587458655744,-2.2354239898105086,-3.9010881876726233,-0.49797472299408263,0.8414702033083094
2023-06-23,5.429792211387905,0.039975340533747246,12.676506324980592,0.12152802666739995,-18.03217761982814,-8.560145646732845,28.831959452570008,0.10503670318004307,-0.006548134885953419,-1.0370908350090895,0.741851907982492,0.01296494839645038,0.13133222504109301,-2.541758462524555,-2.6197601618532014,-0.06139249776460805,-0.2851164754017162,-7.17911483337528,-2.5464410599047715,-26.68579682571923,-0.1427175981478528,-0.6220846722535815
2023-06-24,5.432488681414381,-0.056694016274126985,12.57970768221126,0.058597376252761485,-14.634339197330805,-2.7193601320424294,28.53512809809736,-0.027396298418690505,0.00815245731407064,-0.7990278247696333,0.4835077845905863,0.023534105090437064,0.1497308664301919,-2.0076793869534835,-2.2457069558115337,-0.08265792541545396,-0.13792289848519043,-7.108206527384086,-2.6202817962689418,48.13743323684313,-0.2535697881155437,-0.4291513009389331
2023-06-25,4.996285360489485,0.13251467920914936,11.986177787066522,0.060816835363924175,-14.226685354898416,-11.670470437649657,25.743812794047642,-0.037836091540959335,0.003427151715597261,5.3318310588828295,0.654038508095006,0.010119167049061389,0.15471390981657057,-1.5412561759391292,-2.238506689906028,-0.10356126952034247,-0.008419676962220497,-7.362675697803717,-2.706201155104203,7.477320073733654,-0.10970805003867706,0.17805385242751717
2023-06-26,5.133535606744493,-0.3834379089893015,11.924897405858612,0.10926761268200616,-17.195948099660637,-10.695501980874301,25.94466938752848,-0.03825401614154185,-0.017619379937276167,-1.079841632705052,0.6456988590821526,0.008006467882450772,0.1998188547264038,-2.589049502768111,-2.2074654237431695,-0.28875065787383775,-0.2180549286789497,-7.366894916172194,-2.1411029780334245,15.265106641615331,-0.6399815411772392,-0.3663355930030321
2023-06-27,2.1593464913814606,-0.3046340303264086,11.036070536162057,0.05946106431707288,-18.36631722236003,-10.945707929541578,21.973009581759523,-0.04814734730222319,-0.01174236443360118,-1.0697512706235932,0.6190670782639812,-0.04461703827924323,0.14970524316369097,-3.1126941187363437,-2.6999037705680564,-0.2748508891916989,-0.3023047166062477,-7.256206278356494,-2.4659420599654913,-12.748046439064316,-0.541058526870668,-0.830940616273674
2023-06-28,2.9133835857240293,-0.6357512229283121,13.26233705502892,-0.24463827827929924,-18.479900191765875,-23.094143065072743,26.74390837197068,-0.056081620117515746,-0.009596075531527883,-1.1610864047976597,0.7115480535659428,0.013830369303964982,-0.5232034687580664,-3.269866447193522,-2.6377042679701095,-0.30367746257678463,-0.2500936881446456,-7.290454202481366,-2.383056819673903,-24.858706935104205,-0.42678240114790034,0.7175805200819592
2023-06-29,2.304470303310447,-0.31115282060154115,14.458647219981481,-0.1861783441972302,-20.91267087186883,-26.881048204957146,32.344233777878145,-0.04520354137773999,-0.002511203477054166,-1.1277617168770426,-2.8633120438851614,0.011251798624945865,0.12291264077887772,-3.3366741014847996,-2.5335970875928355,-0.4612710429104171,-0.3442316230008347,-7.391391303218642,-2.2775595547324357,-36.11104012661197,0.033058757495690455,-0.23107955517551446
2023-07-01,2.8091285211953583,-0.47661437438521675,12.58722905966984,-0.22463334094876602,-17.128840793010966,-21.004470028378954,24.575729099559915,-0.045137799862945895,0.03743887132099079,-1.0642640085608284,0.6137217344450415,0.017054723938906058,0.15127685226000817,-2.8545387282580825,-2.371807465543638,-0.4358180268075002,-0.283263515188593,-7.510361284064046,-3.0337835850139387,5.4169612513124035,-0.5135368453350767,-0.9238350480123434
2023-07-02,3.2699227453842314,0.02319169204374204,11.757205910802684,-0.05466236457663764,-9.391716703188033,-6.282634658075405,25.55610301959741,-0.02693979024451004,-0.00665202823564903,5.259625303010724,0.6101535836583136,0.01543049544301819,0.14755284120755932,-2.3343054690226284,-2.3756608272871507,-0.18008696889268838,-0.06357982329338636,-7.0879414052940595,-2.635774206693321,-14.250755312886978,-0.5027922746324086,-0.2752728487407543
2023-07-11,6.211441615632492,-0.33925928571826586,12.584672826537382,0.019100511615193008,-17.434792193541746,-13.384689374528607,26.452212537167664,-0.019759033809204154,-0.013297877054332993,-0.8102827505617762,0.49968798943790477,-0.036792669517656376,0.14159353263727353,-2.1271765109789733,-1.8735722999427946,-0.46373573048274924,-0.016891682200551046,-7.193305767766087,-3.0812299368033593,59.51737075374463,-0.7611939844128678,2.302646809496032
2023-07-12,2.6380582514038675,-0.6352622032789508,11.604987748433427,-0.08347402063302022,-17.10750960359971,-11.519530231438932,24.141047118426343,-0.02157966658527149,-0.015999862506619514,-0.8323232030905164,0.49213356140377124,0.02134280113451382,-0.5240229025119995,-2.6364369715906317,-1.9873721070633839,-0.16535457614179108,-0.08897821598653083,-7.291993533913987,-3.5139836722423876,39.95485675541792,-0.8055318067545632,1.991975346547332
2023-07-13,3.192154223542246,-0.6101419850083829,10.484781648694028,-0.12269817989285778,-19.912986271307545,-11.855995999082507,22.260279723957662,-0.0420113739995453,-0.018937704716864692,-1.0665524079427262,-2.420624766164019,0.014306231570905284,0.12868316910442826,-3.223153686108365,-2.0397002463392755,-0.31181108753340153,-0.10845914730636706,-7.433175001104203,-3.290503704207934,-7.376105062331281,-0.6313073229494208,0.5753562235068972
2023-07-14,3.1106550186810913,-0.5110712567157504,11.041449710773003,-0.1310259660957882,-14.203527088360783,-1.6728723890866903,25.94059703206464,0.09855254266875378,0.00016162256893783526,-1.0282571114586725,0.6565821617103045,0.016658977786674925,0.1640521186300213,-2.40345314054581,-1.8855346483659843,-0.14783394924770907,-0.05384542462550799,-7.123450585240195,-2.797004805769449,-16.081525651160128,0.04555263740297237,0.37423543457484676
2023-07-15,5.625981135009784,-0.2251089857299042,12.052165947227682,-0.06665527704247474,-14.869949645634497,0.5210708045055813,29.79213522017826,-0.03628602812111702,-0.020167312484688525,-1.0465569262421637,0.7166190266957355,0.013276156003157104,0.1542086765302738,-2.652709655570915,-1.8419883983023835,-0.19282140974958512,-0.004560868443939526,-7.078236391887796,-2.8224092574964024,-25.267617980004793,-0.20008158841221693,0.38829385290813534
2023-07-17,5.556140428667201,-0.21813887706181068,11.427442793345001,0.15192686311527717,-14.298920583784584,17.20956464827637,31.083695090460566,-0.028285994622543054,0.0035225110058938,-1.0462095259466782,0.5149761951997825,0.01479399469015431,0.1404317348218088,-2.6096760145659066,-1.9224102063097788,-0.23128979591963048,-0.0925365444480902,-7.006014608934359,-2.8951191145313016,-15.939008470933603,-0.41693524577367763,0.10033877971886929
2023-07-18,4.161920482184506,-0.04568992746608242,12.159638097906992,0.0231017245075192,-13.287230163170113,15.386894010536048,32.245539431913784,-0.038422377946756354,0.007762896218162212,-1.023684755987357,0.5609621647936375,-0.04415060120342066,0.14837654679538362,-2.666506961876305,-1.8631295581935865,-0.13314395962435993,-0.10217939395885098,-7.014244548311667,-2.9811662483059997,-22.91845673488357,-0.44232321498429517,-0.7878836674783933
2023-07-19,2.975726742213454,-0.355108678372943,12.014780868328302,-0.03707196463251067,10.726803400352587,4.358899774436182,31.60683709144314,-0.021729265536725505,-0.011408324702219181,-0.957126233688345,0.47076251823806203,0.014171268748455765,-0.6305505796347886,-1.6608183512178338,-3.1584406617640672,0.11994008100415983,-0.07490485297099625,-7.470185236775512,-2.8245261845713,5.2281484283607425,0.07527181797793259,0.5367536520911211
2023-07-20,5.167482117873661,0.13773365300511162,11.381245866819345,-0.09939714261013845,-6.353572092324329,-3.649432127621027,28.018794869855785,-0.035743772427906335,-0.0020758421903539805,-0.9111326328761394,-1.838695479620344,0.012923329900429492,0.14277176645492265,-2.102153743545396,-1.7282013703679557,-0.1785690819733161,-0.19470151230057964,-7.249489095725457,-2.8783264796092083,-6.1095079250387085,0.22445695974361482,-0.8425755877634804
2023-07-22,4.604977131432885,-0.3650605288993454,13.747435350707145,-0.020554442185951382,20.15081207662583,-10.280642996459635,38.19212221085298,-0.02828545962110668,0.09634391182495422,-1.0299071598477099,0.5550524942254832,0.01699106416144001,0.1882939346781351,-1.1734160315441615,-2.7949900331428505,0.3248996469182676,0.04194885219455487,-7.326605306041464,-2.662125380993376,-20.6179768360932,0.3223591788210838,-1.0259129598592458
2023-07-23,4.613766722532118,-0.07219335453544048,13.16075015532955,0.03797427545310085,20.740084126128785,-4.720024778257422,35.64488275103844,-0.01860707644345777,-0.009598926165613662,4.965744905545366,0.5121227609319582,0.018242102614938183,0.2054681148346141,-0.7903439909863065,-2.672075837269434,0.41835223519677234,0.19979966482291148,-7.293470490078435,-2.2458223440618448,-16.013542342838093,0.25339797124767666,-0.040766536923946
2023-07-25,4.273621394529506,-0.27633159961186493,12.701956597914153,-0.14433127495085077,17.034577703966512,-8.182939930504947,33.51803677329208,-0.016354823030304295,-0.019344554023112845,-0.9704312410132714,0.5138860870847997,-0.03330124026656132,0.23712202964082177,-1.271398708645259,-3.170215624556994,0.378078010514706,-0.06110927363887167,-7.605276778854573,-2.1351579633883344,14.432219316406064,0.11631180029782812,0.3496181121202608
2023-07-27,4.103731852131468,-0.26325174399840356,11.732716769987931,-0.05030149438042569,8.542572333628929,-9.143922160671986,30.546888000663856,-0.04545743240384578,-0.015888900762052325,-0.9646841290518263,-1.8714089526209716,0.011887798589349048,0.11428826773974347,-1.8193176270926024,-2.7620222223747923,0.10824932284254445,0.0224476182588091,-7.408291471278224,-2.9837850059087145,-7.118168454867428,-0.6577592481605005,-1.3279941162418978
2023-07-28,5.001201737389309,-0.15980005221574803,12.179006428828206,-0.14796024233316768,6.908821125110806,-7.5399003891245675,30.72400780993931,0.0893301272213078,-0.02236204698391478,-0.9684980780030161,0.5412896114030207,0.013553926359039981,0.18309742139656227,-1.8316690055945282,-2.8550986773577147,0.13222792727182528,-0.1677309683851065,-7.389619145640572,-2.457653752290781,9.928360466261164,0.2134771206051536,-1.1353657969983373
2023-08-01,3.342347944865086,-0.16071579263418342,15.68711473737078,0.39633439883787297,18.30480193079452,26.03434025999438,83.94606346022813,-0.007009405008773534,-0.018791867380930166,-1.508186101154173,0.6576850774969218,-0.1227118514731943,0.12769417775734662,-0.8344158154358438,-1.7793793913431764,1.0385895305091113,0.08647111310440991,-7.212443775256348,-0.4999040745738548,11.997919297748808,-0.28124401027474405,-0.2001720792769997
2023-08-02,3.7200876943185595,-0.1956912045180009,16.001393824185467,0.3815074117232872,17.64202616233072,28.504615296233037,87.6202840851598,-0.014815327815060921,-0.031943180433956275,-1.413681369998657,0.5017976152808079,0.053757494258787356,-0.4074243635531384,-0.8377380845618668,-1.3488916421183679,1.6489512205165417,0.19547125996273929,-7.103809072835058,-0.9703410826204446,21.222107983528563,-0.2727868382264417,0.5126532981927127
2023-08-04,2.9768560132827675,0.11442711270214076,16.90365647309029,0.436062471401932,14.928308530003182,29.390761552830774,91.11501360589102,0.028395941111606284,-0.032245258072098784,-1.4529880948571396,0.4416585586091684,0.044438209345502515,0.13559532509024064,-0.30503348729894914,-1.079037284895956,1.7456337485699154,0.10173321641689156,-6.926952561809611,0.5158609395832355,40.52562756361794,-0.37306012306889885,0.04315435190818395
2023-08-05,3.3176168380147404,0.19542417945762378,17.414296928786825,0.41837515884220655,19.271185845100593,35.50177799968541,91.94946223872147,-0.006531122614176104,0.02379513231014649,-1.163744521330556,0.44787703176270766,0.042302925493995336,0.11031543325600254,-0.08973746215121763,-0.684735049806752,2.3509726839260683,0.5040904585783723,-6.938309399584499,2.099631235846977,30.609735948475297,-0.05907555215097131,-0.19653027364481615
2023-08-06,4.2137031229170745,0.3086803083507849,18.08939129799467,0.6831464157688274,21.144102204924415,36.099800472787685,94.86582967397663,0.00442004687372717,0.0013511636402561977,4.834587904989001,0.4058619861972475,0.041623847195113875,0.09917241930975308,0.2804889777452082,-0.7084706659185418,2.4751818145631774,0.3551437341586417,-6.829989721516636,5.566617294255392,37.37385867799817,-0.1286838871349369,0.32002949419338667
2023-08-07,4.597019456959806,0.3930099156171909,18.125074743648153,0.6460508944749846,21.554572967722684,37.62190880316534,96.81139004211715,0.003997452640838015,-0.010381574397350152,-1.111625686074089,0.40037109671384613,0.05536318409103923,0.10507409375291822,0.45359733653974094,-0.7578565611036491,2.512418792496044,0.2584302262288174,-6.817812194282303,5.597843290371497,42.22423066657998,-0.145393764686097,1.806277020288888
2023-08-08,4.7209655616564845,0.4437331046206393,18.38258029507686,0.8662309124339385,23.118264748944384,35.6911191701649,96.6164228388341,0.0064203452615534985,-0.015012803520616949,-1.1772363333611948,0.4054408021643111,-0.1709508165531861,0.10184359165839277,0.2993225974551367,-0.6830841023393392,2.2792953996071104,0.24373300328845715,-6.7735244648310236,6.209712700627294,50.90691717141277,0.013041091321286493,1.7147128266652691
2023-08-11,4.530832174605109,0.34181893343938075,17.38137562684131,0.30333419914376386,21.349100723145458,34.549959187929595,95.44535021632322,-0.02298513441161653,-0.021539855018737203,-1.1704211572237366,0.41760385638253716,0.057174624080961835,0.10274698575915149,0.21740464152098207,-0.6130646508076315,2.269049816329281,0.3344546155229691,-6.84194147642305,4.684970003335047,44.39621613801276,-0.10841351857626838,0.3539377720028718
2023-08-12,5.703813230455472,0.3482633714202958,17.38510878276063,0.3681590263524292,21.89924311164585,33.82308029893739,95.52845973302527,0.000323042598466846,0.057201571764515236,-1.1171035044389728,0.39822761199713763,0.06042117214506332,0.10721238960176714,0.24936950177012124,-0.6781483167813187,2.2013749595619894,0.28373281673479916,-6.82443881364095,5.229024069400906,41.125945783368735,0.17038977564807922,0.38454602762419743
2023-08-14,6.638195613298257,0.40235341578919515,17.95390194093273,0.6411455266856358,22.006670193803927,35.96779933597053,97.35992128785942,0.0012134980366638203,-0.007465945931016934,-1.0530567142253093,0.39776030599288387,0.0706044412784523,0.09568876070062547,0.24880257495861613,-0.6081594232690745,2.5513604470018367,0.297398351088376,-6.795126327468277,5.855461400122287,45.591246364084384,0.8035484247963594,1.9648899819245418
2023-08-15,5.9923651351132134,0.21761748711996096,17.522306981521986,0.554840441973809,21.65024395541699,35.07641054058806,95.7541475193581,0.0018689074960935412,-0.003880107700148936,-1.014888685423038,0.3847742097368942,-0.12450499112808448,0.09659076757037448,0.4270167770520737,-0.4945102070564629,2.6595417974205464,0.3979601657900737,-6.832718983006355,4.197064800772708,39.02495235625034,0.5172451882768163,0.6160129963222082
2023-08-16,6.15974783894229,0.1879826372429283,17.210935072162847,0.5726792366852856,21.006373520441933,33.4070154333699,93.63466882675809,-0.0015829280350719431,-0.015767623839588397,-1.083807464671162,0.41809759632812726,0.05206440741135128,-0.38448152384630885,0.03324247382973303,-0.2302305516884497,2.8449227819169915,0.43183160005342597,-6.893046889509733,4.916134683506007,32.58103545224256,0.7370757408754778,1.9712522880926364
2023-08-17,5.9258569312988,0.05749657347951075,17.70657808722855,0.5420379601584066,21.453100424361878,34.646577239563136,96.23880370398336,-0.002481724325434836,-0.006699908043502899,-1.1296881660844134,-1.6631037981336423,0.061665219561593536,0.08428176499247797,-0.41607444408021904,-0.5263454159685915,2.4086327713736955,0.062409462820052705,-6.8144673538347105,4.122196391009357,47.010039188772744,0.7420044133521613,2.047235122745533
2023-08-18,5.862359069398423,0.010561419594224273,17.64710186899198,0.4339086274556959,19.520700809760722,36.71718215245911,93.70565528458081,-0.009141471919392581,-0.004410873833024447,-1.0515115482513755,0.43319600085987486,0.05637153446864441,0.10787058659819374,0.11585273594820426,-0.1472759262726832,2.77720658508273,0.4962780014520875,-6.885012459512742,4.143307771510948,31.345941620751688,0.7657731143655238,1.9093446096110267
2023-08-19,6.357032984897106,0.2793746516601789,18.25860016569297,0.8318383809300373,21.143646257596114,35.66997842455235,96.64678973633269,0.0018319305203022694,0.02302979839155669,-1.1185539285240376,0.3980040094091322,0.0729963538771277,0.09835758627004125,-0.41124424484614436,-0.3860325322725408,2.280489505293444,-0.013909055958677237,-6.768453760185621,4.318230691307814,49.39187264004654,0.5943941136765053,1.856382077490554
2023-08-20,6.334103647179814,0.15285089647745367,17.288437028047973,0.7285369485986114,20.88577636933861,34.396454818684916,96.11554014641811,0.002015648591290485,0.003908532480454405,4.310381337584407,0.39229834395784413,0.05626990113766041,0.09789758981684217,-0.348878047074398,-0.2926575004283631,2.468288098950587,0.15718750348707314,-6.802339990819251,4.711013298689574,37.69489459710828,0.8051968793322145,1.4547460715402143
2023-08-21,6.628908802441513,0.23142375091696457,17.788924550994494,0.685431339334671,20.644481377929665,36.74956117350293,97.5782503028561,0.0019735846269604723,-0.0015367388855170045,-0.9867387258285393,0.3888951323180519,0.060771446208028865,0.10033158310445119,0.1179254187224925,-0.25085240717226354,2.5540220976678043,0.2047643137688912,-6.803726274866341,5.341585203852115,41.60621410501065,0.8840873382937227,1.626112351694269
2023-08-22,6.3128681470455055,0.009296549476485146,17.501974176223552,0.7292299240557755,21.00321272885887,35.550360815687554,95.5477380179902,-0.00082079071579309,-0.006804644657731345,-1.016380741976334,0.42028550541516874,-0.1316134113704202,0.10585644764052993,-0.010744587945469551,0.15243598487372723,2.6310130164037684,0.48254389015588356,-6.848186406430234,4.507982094216307,33.19082298010938,0.7798944402501989,1.7250625505158932
2023-08-23,5.947916327372003,0.1863434979244295,17.550802766425477,0.7864725508151652,20.545428965483325,33.99148611496254,96.25190230605236,0.001830255552614205,-0.005990657699138392,-1.122204564858954,0.3807986990546723,0.05997772282681787,-0.36351224164050744,-0.46106708464691193,-0.13684783949677723,2.0214491671935257,0.0776986513004654,-6.811651843297482,4.458798698320931,43.42399400443362,0.7717228763503946,0.17590841334994983
2023-08-25,6.693538813776871,-0.00175639506125061,17.23104152801406,0.7876662912479382,19.327104729125065,28.569415151898028,94.3570165908306,-0.006965296307333949,-0.038892742335787045,-1.388884473561189,0.3943434479773785,0.061366516307342335,0.12466823814852461,-0.27250962203856555,-0.17508088214302583,1.891849756191552,0.1149367448149602,-6.860940801846049,3.990546138548466,39.964363951187146,0.739350480548786,0.10965547716270503
2023-08-26,7.31222767652074,0.2795644519666868,17.15398366369593,0.8546228770502898,19.630247838621255,27.352097105550584,94.92144344522046,0.00033499977654797045,0.148320143204723,-1.3176833183321575,0.417685629882862,0.08597539546774997,0.11628233574740646,-0.44290348487223535,-0.3020147062333186,1.8217235804643164,0.07147419050673474,-6.842836889322444,3.4383639248035505,44.92357691740957,0.4722107483601633,2.1914070783792345
2023-08-27,6.856958482728036,0.2309442340633074,16.670592809302054,0.71484045926586,19.16913877541805,24.52888287888631,91.36497976759735,0.0009322859635913137,-0.013018985067253958,5.239242842565122,0.40720971196920697,0.05564654030652609,0.1219339566780495,-0.35738956880059175,-0.24204049274288003,1.3648189607619754,0.07887997913879581,-6.912588664869513,4.748149710291555,33.488395530759846,0.704468667872457,0.735908582730587
2023-08-28,6.414474157290589,-0.03538702845584946,16.458561883746707,0.5971679058361976,14.039918343773788,29.324496634798766,88.37239697675307,-0.0039195458519650835,-0.012653836925605374,-1.2378279822442675,0.5639000386862868,0.05885303658424693,0.12320894875937403,-0.00406927626732592,0.38681271613487556,1.5007672374086005,0.7994287648466696,-7.010569243796251,4.64766644735973,24.31960348913961,0.7815228167513478,0.7699042980287734
2023-08-29,5.478594980035609,0.294894093382109,16.183460768725705,0.4680002748280071,15.708522951096475,27.93108994177243,91.60866353901648,-0.006550921790155893,-0.03148215634834221,-1.5051816938936475,0.41121974324691285,-0.22748730048916677,0.13475174597867803,-0.5043764503109596,-0.2860053732551424,1.131794741347969,0.08247702046141216,-6.841841184931898,3.182937171345977,52.41914088547676,0.7590218042321385,-0.5429159161865263
2023-08-31,6.179351424007562,0.5403869110071704,16.219535923194318,0.5653524506276207,16.382302648491702,22.05742882592511,90.05674159279424,-0.013609389804164672,-0.042917679690651196,-1.4342836993907802,-1.848004597008171,0.0631094153317773,0.11226956227282216,-0.13583117948233148,-0.7938738866444325,0.8611004198254542,0.0018216182414388978,-6.882444023966903,1.676758970151834,50.90684640855454,0.650320931856012,2.145117008726474
2023-09-02,6.539810073486755,-0.11509380039977525,16.583762470605627,0.5922953962427474,15.112479646646161,29.735394255453254,88.05736539523268,-0.0044861689486754884,0.0298553415847404,-1.338180236670798,0.5923491261488625,0.055571746457336646,0.14204326599139658,0.365036381815474,0.3496365159238639,0.9794026736489571,0.7900494896004737,-7.015914505158356,2.887827319683665,19.732433593138595,-0.00045498639816988833,1.5474945413723218
2023-09-09,6.694439052699931,0.13220458150380324,15.933137812641199,0.5027762390865231,13.038320427096005,26.38182326706841,82.70566491992511,-0.016266306454685395,0.05004516260644709,-1.3827314947832803,0.8807116997280967,0.03985394821277406,0.1427581436050738,0.030716613752708975,0.8066167399787115,0.15588695360298727,0.9284859676940894,-7.197788892750279,1.2474268778680964,4.238657810260952,0.13336733520873906,0.9662060337644868
2023-09-10,6.870432499049837,0.29950622502688545,16.181996034526694,0.1771299893431178,13.195789527086104,24.035583337092913,86.29709113931128,-0.008162395558315511,-0.008482665166472218,6.261888122894289,0.6486734935931663,0.0602001229378794,0.13031403060577987,-0.18509466806119426,0.8751472491314048,0.12127547946623513,0.6436353460986661,-6.9659858625742475,2.5471985360739717,23.427232447726073,0.499381313789201,2.59429605995342
2023-09-11,6.424925093547673,0.026780943042782397,15.620487803116088,0.18937334918271276,12.63722411436035,26.321644523461707,82.70760148404706,-0.016878186832323477,-0.009104557632865095,-1.4174263719877294,0.8599643629277349,0.041423849004563335,0.14750752618355428,-0.13084830690987292,1.075805636393134,0.05260468434472363,0.8791976792405748,-7.202434072845435,0.7594669766394934,5.172248015850345,0.7493488757993746,0.6665535561406495
2023-09-13,5.3222544248698425,-0.07995990728377772,13.691599681426858,0.30384919388665343,11.255954518317543,3.660654146598279,75.56602537383152,-0.03426947351491215,-0.011133903380609567,-1.6733701881578127,0.9554695935076145,0.048916715346057314,-0.8018181264591854,-0.5865202375753109,0.9762594278316767,-0.26927441305317296,-0.007783832957505095,-7.2950783675590545,0.6324092184202349,5.603580366030947,0.7040539757337568,0.6869748417789
2023-09-14,5.173595334614672,-0.5778984931158571,14.689369250646719,0.01751410701869022,14.023922231165123,-2.5258272973510825,82.78644279405673,-0.03369540948945941,-0.022138802685995093,-1.197927706784933,-2.019007818103445,0.034766377640281176,0.10120007361228632,-0.5889515586105074,0.5763291055781987,-0.21910176363837053,0.028264811334556193,-7.0394224348311365,0.33325221381176434,50.10477441421787,0.21250740642260355,-0.24943235728153265
2023-09-16,5.670047418112186,0.05245248895805174,14.77746345108177,0.19622262063479187,11.85245752078197,6.601590572176663,77.4373789675896,-0.022176740289786886,0.03643871579180081,-1.6996407532290807,1.024960487359466,0.0664729063472068,0.23492108591319918,-0.5597507659626016,1.0671049460318096,-0.31300693978293204,-0.09143070796761325,-7.240967174184776,0.5209912271382062,9.622718382507996,0.6724007643208868,0.7649583730123436
2023-09-17,6.9621639313627846,0.21061894594016733,15.491659745558477,0.25907775057712695,12.890456510529221,26.217244205794298,83.03970030025614,-0.007570538085202956,-0.0029184591328406027,7.14428373489286,0.8927817428026048,0.03730759839715591,0.12653006408517997,-0.26188399715172844,1.3299730013159559,-0.24951233045240317,0.0990341127560974,-7.106474778034503,1.7402436235292598,7.851020812127724,0.4672091939595286,0.4412494149408733
2023-09-18,5.742606901660236,0.34139818018108625,15.134937364405678,0.10979062110234883,12.257746134231152,13.918253030027058,83.77087856711435,-0.024611580984104337,-0.03795037172797622,-1.3874334240974955,0.4637458855753072,0.04527810504132851,0.12810524951993216,-0.5387714493269267,0.38730856246163187,-0.4748715559856636,-0.12062070683077462,-6.977045162477014,1.826246578262474,48.59654003415991,1.0556631405533208,0.3601072439396611
2023-09-19,3.9188320192803316,-0.44913257200687096,14.505160243667458,0.24429791198436349,9.410992219819642,10.231040483688863,75.86799864105049,-0.02626824271123507,-0.008620101356172716,-1.7604102620475404,1.0877935091557658,-0.179348463689986,0.22309296680733462,-0.7580627878796253,1.108886744075658,-0.4848361162597597,-0.29300726678306455,-7.242658729458502,0.0884939551635945,6.618772568279866,0.8051654549706496,0.17846069137977721
2023-09-20,5.2837399914310055,-0.26659611671252553,14.954022524274896,0.1109111566896773,10.30733191027757,5.409365753844379,80.56232919508001,-0.03123923708685555,-0.01562903871835177,-1.1804926895046504,0.5302058089243341,0.043174692570737944,-0.38986964154331777,-0.7434582251853925,0.8023441981822548,-0.5047836815716785,-0.23117361949130566,-7.006323263559778,-0.6038689828601603,40.98005001229475,0.8012919590248115,-0.17507158315800436
2023-09-21,3.705526778702783,-0.44090180636180215,13.675651570612109,0.2000066689752169,9.089628578864271,7.720373212757918,75.18007800520189,-0.02271794908829753,-0.01625042764046304,-1.729244985152486,-3.387355893222464,0.024589468086167715,0.1052890653424064,-0.8394848340812443,0.9399250057701771,-0.5787917710285263,-0.3984401373286451,-7.224059541393537,0.12455240476449796,18.505368667219024,0.8564224511163897,-0.14734397342021002
2023-09-22,4.019277748571479,-0.12401557868635213,14.477930137103797,0.37206827132294656,10.12784724559004,3.20768036560802,75.05023128552308,0.18688289970011196,-0.010648114561978736,-1.7053428169818439,1.2636921019458236,0.04915761963750929,0.2827584885086658,-0.6771065781830794,1.3648264010088662,-0.5512188196898864,-0.3015548856630861,-7.292250556324153,2.7177605030443637,1.6488179781599444,0.666438415372751,0.4408052979289621
2023-09-23,6.34182659423999,0.2267035569720825,15.971057050139827,0.3558467559457309,12.313476708800492,22.954271460587524,83.223893666658,-0.011341836599639143,0.09761545642230648,-1.5857737136980676,0.7100429612227664,0.05384520241137896,0.11664510779711965,-0.5471783445788202,1.3246167666405477,-0.9212482265549887,-0.5497334487941214,-7.107360798683338,-0.234949347176647,20.422838514052554,0.20899202341336753,0.3165618770048224
2023-09-24,7.350306960004588,0.29206639988029015,15.16241512737533,0.6628885795655062,11.596339252755774,25.903057353935406,82.7947682329144,-0.010384399285145842,0.0005328297422858947,7.148534551645157,0.9011553333771573,0.048094592254756416,0.12531535167766414,-0.32568396178919795,1.39408927913742,-0.5311670140514169,-0.23041390166542283,-7.146640659337549,0.7781477344564491,5.166490484181346,1.0162536032670486,-0.35180783166404944
2023-09-27,5.689650367409242,-0.611921943710372,14.780166223615186,0.44042287895750737,11.332390357869249,11.007795297753598,76.86882975893239,-0.01884102411286668,-0.010480691595197442,-1.8702955029682826,0.9860404768816241,0.061564384239969454,-0.5892190332697221,-0.7097748251361606,1.2687502240155886,-0.49526607311385995,-0.22551724535588777,-7.223446626682485,0.6809889242822775,9.45737191410482,0.6836857625188087,-0.024456362373161674
2023-09-28,4.45837471953193,-0.4091444493935751,14.178145403041407,0.3884950861724404,9.81262903523014,2.0281211500769505,75.88630539877015,-0.07910164293586636,-0.010575260691131055,-1.70286775673588,-4.449009102091316,0.031565779424609856,0.14530088627902685,-0.7423510171166313,1.3044820127749908,-0.5237072640096552,-0.20040213466383877,-7.337216492880966,-1.2270217122362508,-1.4769197874510425,0.6353212923353176,-0.1804658831057082
2023-09-29,4.270561488171741,0.016003041883479372,13.867068459544019,-0.00787952578437829,9.24268749992464,1.8730546566504842,76.77584868861958,0.18074334830220076,-0.012322182237878997,-1.4681630855292247,0.8907289915114136,0.027718479876646357,0.2621315161215229,-0.5947820194096229,1.5198230714921965,-0.0547427943476759,-0.13818393570633883,-7.322002619425498,-1.3835227200985918,-6.300116487695216,0.5498526093338097,-0.22675468367970478
2023-09-30,5.6971461103190055,0.10199582456057008,14.715123987787003,0.07568045407425658,7.262405214684268,2.4406151063560495,82.30901428114231,-0.029358423996283228,0.06333730919125054,-1.1055007423310772,0.5300050922988959,0.045105777811176306,0.11762433048498029,-0.6421549702417524,1.022386469281103,-0.22194093459979386,-0.04379675880571558,-6.900591914005139,-1.9327929956417988,45.98435934720256,0.9398526253195221,-0.7044179844369737
2023-10-02,6.436142218118625,-0.44050283365808096,15.462620928909365,0.4118287554979059,12.06194681924214,22.175006180666088,79.92447665491567,-0.01499766609882146,-0.00953055361690641,-1.7232551348328025,0.9286056763692317,0.05761232754773165,0.13489161610820738,-0.5456074726065749,1.571541675046226,-0.8154681463021101,-0.14161986338355587,-7.208343542118522,0.18239112799256677,11.550948215641352,0.7747654929335293,0.6876790526180979
2023-10-04,5.445636343928537,-0.08996380286324375,14.97057500770714,0.23401694373747278,12.711566089508178,11.559153121598504,77.73255810315123,-0.0381247095865571,-0.010666386039045383,-1.7516181713388062,1.1286031791219517,0.0463064459080901,-0.6278344371911846,-0.7764795895516181,1.3013551045672216,-0.4339836409341857,-0.0816592451036639,-7.273459404492859,-1.291028762888464,2.6925597018283662,0.3772469478046583,0.014168443771198315
2023-10-05,5.414852010338556,-0.971811900109987,14.412819784678966,0.5014984212523931,13.06071295989687,-1.002209070792396,82.43477355194852,-0.0329242850272395,-0.022290474822718155,-1.1921773622128327,-1.9243725522790363,0.038872297660686075,0.0989117740217998,-0.7849917661947932,0.9424952992462786,-0.8811943061933868,-0.062322001417791435,-7.049430291010641,-0.1403565673982815,51.26335800737414,0.6633443313877677,2.675038900222951
2023-10-07,6.1480242742719,-0.43723569514734933,15.38703056070401,0.5426746926302427,4.201171949650642,4.898513034721689,81.97945004699314,-0.036459839441010965,0.06742467373928211,-1.0709086474009921,0.5329718510176582,0.04155619487166409,0.12048427987408636,-0.8318332420459581,1.0664977048696893,-0.30426401277564,0.0474357685961565,-6.838439308732206,-1.9541031074184945,37.56166789755128,-0.05839449710244879,0.8010238178541281
2023-10-09,6.335482283833086,-1.2206359268136204,15.250982779207737,1.0174402976342873,-0.5307634803111687,18.83286630026962,84.17859958300268,-0.02363547519987869,-0.05161727942644384,-1.308431754650484,0.4367981568920788,0.04957608358920364,0.10615134094760209,-0.7518201608486047,0.7360022579156724,-0.8575436909937781,-0.1447688153214145,-6.763787008590821,-0.6540744397502702,45.41219303333485,1.223493598597795,0.41765195050499726
2023-10-10,5.70833933130609,-1.929607829334324,15.619596889642747,0.7695800352149573,5.639489630427765,22.731429447335316,87.02308687418225,-0.01758892358073329,-0.0434435546065671,-1.3512186866548488,0.43826274059822884,-0.17670830475411045,0.11648438943557698,-0.7349425348277578,-0.05885972781347125,-2.6233527010632507,-0.9070968863080242,-6.998704251047462,-0.461338241950695,61.66306599713483,0.6668159331800785,2.3188918608315676
2023-10-11,5.465996316650737,-1.0229398339300428,14.582578305235307,0.529534330085887,4.978290265200118,9.912707217981515,81.48940026161289,-0.02230560768125593,-0.021686342014572098,-1.1608319415349717,0.47291262472734147,0.03633253919970907,-0.3554229138490519,-0.7720234692878784,0.9858235038519284,-0.6614917321016023,-0.10762300764581595,-6.8531175382058285,-0.847056598020277,46.812284757783736,0.9942366137942827,0.7695216949738546
2023-10-12,3.768083288619701,-1.3937232398488189,15.409907137207922,0.5582535258993938,4.0745184980944185,20.60280723224129,81.09525731929205,-0.03252176200931857,-0.03242954999629899,-1.3478029758264927,-1.9573986853332372,0.03435910481646336,0.11298937674658528,-0.836290155696709,0.704043381312493,-2.43274664955386,-0.47462181187503155,-6.9096636523063815,-1.8481077086667184,31.44497239341801,0.8553113861921537,0.670151443722337
2023-10-14,6.7251807002382336,-0.23894941464358768,15.55097100616428,0.7937531573011993,0.7217570309289413,23.691295335945185,80.36927400269384,-0.03009433355689172,0.04710127867538307,-1.4655272991094175,0.7135614108899088,0.01782994606492162,0.15823771038810447,-1.0529167060022695,1.0810621706541375,-0.03014637622385353,-0.4088908644255823,-7.037219504623517,-2.148122188421383,-5.609125620431825,-0.38358350633253085,-1.4023383667357205
2023-10-18,4.986523187642441,-0.048515514011080334,13.43108855351135,0.00491737355855274,10.0770155412766,2.8557282930179304,74.42845646262379,-0.07197183642718226,-0.011012787699405864,-1.5435373585654195,0.8276618912267578,0.02382166313988536,-0.7329539954529982,-0.812456720286305,1.576319882643609,-0.20887371918299194,-0.21385387642177442,-7.351682542017963,-0.8295316895017222,-7.300762152853987,0.8940701693697166,0.282413923969184
2023-10-20,5.8822127808133065,-0.188133598978575,14.593210867995161,0.26014501032258985,10.137281798780663,-0.8006110440801636,80.62752930142354,0.12174364858139007,-0.020961582407267913,-1.2775194230177895,0.6781191195273507,0.039706335678895824,0.1563447015564585,-0.910226110024738,1.671414069927983,-0.5519847599327337,-0.1909608692831299,-7.093844778276471,-1.9211887236979246,30.323848529293585,0.6862355187268333,1.3583717762054268
2023-10-22,5.441955850191432,0.013251617489975954,13.670424238699615,1.0379596895446799,6.718270695175307,-3.415007098857593,78.29403770607989,-0.044637197948633106,-0.008210809761804034,6.95626623625381,0.8932475238413123,0.022200369804236987,0.23817602018644843,-0.7490622352402557,1.8014414536183214,-0.05098786925104487,-0.12865656581681653,-7.145696812669296,-0.19026479969143503,-6.4055189728588,0.9955220884283837,0.40949646703611287
2023-10-24,5.906580291326155,-0.5199983027247955,14.149001597233598,0.41149403768848136,5.936193894919637,1.5515894859760564,76.43006678334439,-0.03612815780030576,-0.0098746824010687,-1.7231638487222443,0.8752870469244264,-0.17147698989888202,0.2189710765189337,-0.7881997353046015,1.8674423232638908,-0.473494366297067,-0.20719275332254525,-7.096582569427804,-1.3479678012014293,12.644415463960767,0.7613139205227628,-1.0080993936209899
2023-10-25,6.234489208162238,-0.6311739167733806,14.519732549783122,0.3034046522536018,2.6950838554206507,2.5773811540375315,78.1806409461661,-0.03509331522882056,-0.020502798433097033,-1.0965151653459213,0.4898227873736847,0.04681501130917664,-0.4309489751010037,-0.9216989536174309,1.1371717233450522,-0.3796136227629659,-0.3217265802825444,-6.872813367942754,-0.10566310090140738,39.15532933562987,0.8716732943563756,-0.6075057183597107
2023-10-26,5.1623642285390225,-0.383199084673686,14.385243693631711,0.12731866622881416,9.633660318784047,-1.0518140999438939,74.6147400536869,-0.08391296936920548,-0.013187580861724363,-1.6544255618616173,-4.43159754281599,0.022939398415030312,0.1491321185339881,-0.5514515189874882,1.6875316710017914,-0.38441036375311155,-0.07859809963503271,-7.352966748804118,-1.947682234508752,0.17957879813131716,0.37769858410885404,-0.06369410176701168
2023-10-29,7.59826220238594,0.3039788829944712,16.645933612060478,0.5444180501709328,15.822858645840117,22.777919970003296,88.44799293805175,-0.008771745853174941,-0.014998802913903804,6.559646224651271,0.4331414897975193,0.0758957139882115,0.1393853447421828,0.0396767801925221,1.6210274412341266,-0.08529522411621228,0.016990742302631635,-6.816691656253954,-0.10657982653292453,50.09612761926797,0.9275367851886336,0.35743728386969864
2023-10-30,6.943441969391384,-1.302330615275383,15.360228352221757,0.3786648121809762,11.775483044130995,23.137626311087228,80.12352738838018,-0.011874073134429392,-0.021222826268212536,-1.502826268305537,0.5840658084048795,0.06454736063096349,0.11972766394484018,-0.02617565600228353,1.8871624740821082,-0.7760398432637505,-0.4358657129220931,-7.081112407083843,-0.23350934762340192,24.326114385798167,0.782416918327048,-0.30124655235767833
2023-10-31,5.223254233121719,-0.8072379652128593,15.71512027164585,0.6101313554988446,13.137757312960764,28.837205962429074,81.52628803911452,-0.021084059312018594,-0.01267773308775083,-1.535264169196065,0.7706781845193532,-0.1264066124961558,0.1369753919749005,0.34138507746584296,1.8517492085642016,-0.40926937337456903,-0.3390082165997239,-7.2756482442361206,-1.9032076479016975,-1.3648115892998542,0.7904605736829983,0.4562000604741585
2023-11-04,5.539943281165585,-0.51929579908891,16.420046460098877,0.6620295991971545,15.01186909283971,26.51506279858998,85.54546367217999,-0.018557312663630813,0.1880306380341297,-1.4894535525804784,0.4716188823600272,0.060408712823174275,0.15527815889618227,0.31627906982137516,1.6123543038543842,-0.2307115582778501,-0.04283693053078007,-6.998047559044434,-0.9469101916926596,34.18060421369898,1.1301054768620173,-0.1719566637020104
2023-11-05,7.592012015820401,0.4263589263880295,17.042571797685586,0.6649707616228051,15.46678661545544,29.34671775379183,89.91416218174083,-0.006780287503680966,-0.018746012301570327,7.220203979294102,0.4460620923627667,0.07827598540545991,0.16019789008228627,0.3913651358513029,2.044346999664953,-0.31730638033615377,0.08887710142949837,-6.803343272940902,0.3868300717093924,49.840994655418044,1.1398900543513468,2.894069257866763
2023-11-06,6.821718656571943,0.18259677695316667,15.700769720726374,0.573226811753072,13.596741375069671,27.493550863601307,82.21582833016953,-0.01295798286831507,-0.02193385695289004,-1.4748473740278027,0.5975179019624827,0.0578354308922912,0.11769975118638525,0.4275632555019932,2.3275087387319084,0.18987959823777192,-0.2849413753901547,-7.081754030501675,-0.07994385876026455,21.950855658303258,1.1678947178345416,0.9089130286809982
2023-11-07,6.5143007768036805,-0.16780823922764726,15.357860928391425,0.47435781087901,12.59309757571135,27.97614767116315,79.27937545578011,-0.01123678746200714,-0.014792166672205549,-1.6721629856174884,0.8730962847221556,-0.13184707112150662,0.1323243409264351,0.838682238518899,2.327841827241192,0.17908405334994373,-0.2989965997218325,-7.22273851923339,-0.4745618599873013,6.702723977844798,1.0542742048895068,0.7729939788545156
2023-11-13,6.932441282715133,0.4949162170320027,16.75234630032251,0.5400623354632206,16.087267492600297,32.84588635862423,88.20032654653511,-0.007353921999646611,-0.018040946427093398,-1.4009822033539057,0.4265175619857969,0.06762370029791027,0.14958711890960058,0.959430556112431,4.077184445871965,1.4985565001075178,0.18729669479744387,-7.052226762867688,3.263169097242923,51.77501325499023,0.9409345374090542,1.5055216433492056
2023-11-14,5.799691482360124,0.21068676448679252,15.718734145443728,0.3114835919063651,14.355879848618216,32.09488281037352,82.66636965111762,-0.009946347717285727,-0.01052732001052051,-1.2971104801287827,0.47449507111557887,-0.13919627407760776,0.12357915297995765,0.6597035417331917,5.628478591627767,1.3263578709112656,-0.03568146163172153,-7.378615267465566,0.9077693921122116,26.895512603112188,1.0830982673488991,0.0015571570228773079
2023-11-15,6.037633250038088,0.44722031061845563,16.214742751213958,0.25018219126169494,17.519164067619474,32.4061945648425,88.75118980004387,-0.011474782002443317,0.056682402743127316,-1.2577430713832254,0.4208229299736255,0.06476770085519717,-0.49790693113550627,0.8969955315502127,5.5247156472632035,0.5900058386807886,0.2623303569041861,-7.405846105612432,1.3822856124949525,62.58910310270369,1.0373966779657076,2.4003625033593354
2023-11-16,5.429112072059331,0.17400277271550924,16.048470067443052,0.20153177244039466,15.050317713806649,28.917050704229293,82.89835950565384,-0.01787749080973557,-0.019904879329088833,-1.3925077871170535,-1.7813947459064186,0.0500128772271355,0.13767627285998255,0.050597751552144035,10.299670069228497,0.5374757436262145,0.40016855747904156,-8.945520547377942,1.8368876171736708,34.79635688433618,0.3714041183881891,0.8400779191684836
2023-11-18,6.8398482764210575,0.2680690188202166,15.80534664690032,0.06863857833946614,14.260821888688936,28.875048554331773,85.43082862371756,-0.012702938326068112,0.03406798684574115,-1.3122462323791113,0.5423846938963945,0.05459381722867218,0.1091778077800017,-1.2927010662774063,18.817250086393834,0.05013243511543675,1.078164197425404,-10.065160560230279,-0.7965566273245283,20.420527696223463,0.2539009003449537,0.8934957591905412
2023-11-19,7.181029448232865,0.5895843141271881,16.660182495270003,-0.036328876455241646,18.66391465589636,29.621899209576267,92.00428599035902,-0.00789352647126555,-0.00916930152428246,6.504842998595486,0.4109604415806328,0.09117087925313955,0.13595815039320674,-1.135144067516371,18.235992667032537,0.09800600621479426,1.230949741127322,-9.656271224258685,2.6172971630653366,50.66270107983847,0.667443065749987,3.576986234618728
2023-11-20,7.5138975426382135,0.42102122793646657,15.940240473256795,-0.13282971350380224,15.39323731924301,25.509985804647776,84.06266350554314,-0.01607226365080678,-0.010448824843349127,-1.3044136818170686,0.530552443082329,0.06342435427835146,0.10699007756037075,-1.2937364061863101,19.756433963489865,0.0959493814852285,1.2984992976149532,-9.958034290368147,3.086997258486062,25.145953412733974,0.5706089948994533,0.9602968350349512
2023-11-22,4.269650348494116,0.18498534664632804,14.555740145440096,0.4979758329062265,12.492551241574176,4.620004249525397,78.36965052623238,-0.03675871220905359,-0.019724658996028436,-1.3432121756784015,0.60063076665548,0.04488387672408238,-0.40449228481346844,-1.0591260975727823,20.863862869844393,-0.4302938729222883,0.7439622089162098,-9.989554687848278,1.3912222319662775,27.275507176423403,0.4908241740427185,-0.284031755492932
2023-11-24,6.075960179788029,0.9714870216298346,25.823029318981735,0.6139918758270175,21.416328527110363,1.9116552037967023,95.07828115527217,0.04210842381538912,0.06401670907990085,-0.6576191928379763,0.29000029330696936,0.02519272091636401,0.0759964085752351,1.4318289299365525,30.880586870144967,1.3908757676588355,1.1717869531335114,350.81782448067577,5.777930933783885,70.73136332824284,1.5217528243558847,2.993247780276739
2023-11-26,6.30782131613057,0.9712979235169814,26.916331420239658,0.7369526319996349,25.303243484534462,20.37633281051735,97.7012326483963,-0.004511381457424351,0.06465221006619905,3.253724813616679,0.248890670282967,0.03667814701944279,0.07386906748374415,2.0136783874200828,29.446643480050103,2.8039963535568626,1.5999210646426654,339.6356036997151,5.584186917364409,64.90489180652615,1.5471175084312732,2.3782420297466085
2023-11-29,4.35914399737658,-0.07866432085867282,14.445422422629923,0.19755345629529864,10.364458885461206,0.5075439537059646,74.60398780781655,-0.033513056666688086,-0.01302518922370392,-1.1871372818338883,0.4989967054103917,0.039241116366564965,-0.4745375266709353,0.4492041266631214,6.363315484720041,0.7604405921510681,0.05168618699655064,-7.452224619017113,2.5138295487262106,47.701470245857685,0.8220755603093989,-0.09364673399578928
2023-12-02,3.735575478528327,0.011510420337665814,14.611553530514204,0.12236442791838839,11.395848391771763,2.1762855306854236,74.32736257022401,-0.03524652661312745,0.06365029997983497,-1.402607183769007,0.6617899234098302,0.04146647112537072,0.1546118297688105,0.23912499819502964,2.485469251061852,0.7074151447177868,-0.44394475328256783,-7.213952390676462,1.566959976854288,26.199572458807047,0.742051562761787,0.627526279054921
2023-12-03,4.923127329870102,0.07144673875488701,14.712111440943465,0.2781354677794306,12.33846221911057,4.147133107671505,73.646046710308,-0.017146752666425322,-0.002209363146299074,8.063689695498812,1.0328702006932786,0.055658646621529584,0.22898023875155402,0.579563324512202,2.824261287869159,0.39326720543663035,-0.00700233952738288,-7.255675817119519,3.654016328634982,8.930013353241563,0.7267614186993147,0.916986246033858
2023-12-04,5.196477116413406,-0.0020269557945008826,14.670780240202388,0.2949013640258114,11.267867621213394,0.12626223458103072,76.43074473916344,-0.04340993941484111,-0.012086625321693596,-1.2219630279697498,0.5245528923308352,0.04474774038480641,0.1361384307845599,0.36338631696842194,2.2922321481429497,0.638530878563453,-0.1577779245656238,-7.12125732282886,3.0143649962292143,36.77904310680663,0.8990941642517126,0.2126202147865202
2023-12-06,4.535288563537653,-0.4486640663916821,13.174551709973061,0.1808054652013492,11.170081724673308,0.03818439614342329,71.39945642595332,-0.060116958755979624,-0.011796011706083798,-1.768326360847992,0.8995617278837319,0.04076069247174208,-0.9195497154287059,0.5596125086300405,2.250556912904439,0.21439436488137423,-0.04917934599507287,-7.4214170597686255,2.6237927715090286,3.8290577449311782,0.5476569462993742,0.24733908343203093
2023-12-07,4.319447609775907,-0.24619868415386859,14.883486466844074,0.4825607411021564,12.237313521298702,-3.372400581521527,77.92378228055695,-0.04310279488993307,-0.016077268559144434,-1.1905719424758787,-2.089157047076521,0.035658037449872844,0.12464167403543182,0.45434819498838136,1.7821910799862757,0.6351206395153426,-0.11686607356499669,-7.168487996340007,1.5110957776638936,42.91720152353134,0.7494248263983745,1.0879390408795682
2023-12-08,5.190172232848006,-0.022258250368761515,15.059856595079445,0.5732997365222258,14.423657837286095,-0.7328058175880638,77.27409251406831,0.09606647278956815,-0.025925845330411465,-1.5942045034671937,0.8954563373949047,0.06109478918983732,0.23765503165869786,0.5603572956154479,2.5856016086060363,0.5517057029896266,-0.014550669360427058,-7.305444842798809,1.0063938860315633,15.678275191699035,0.365163748847681,0.7429569681480757
2023-12-09,5.338789742563909,0.07551212350483634,15.033589942964563,0.37814163770979653,17.004231630006476,4.188615127461262,74.70370706528556,-0.019632617677532216,0.03541690851479883,-1.669557213946342,1.035458022255047,0.06666443157780869,0.2688606954003533,0.5941872273150189,2.123880840859189,0.4932253932565407,0.03924982250596412,-7.301659547720769,2.524596121616495,7.580778676595276,0.4395596311538764,0.6681473124058448
2023-12-11,5.371056227638633,0.024207509034448224,15.752836068302567,0.6590934320731684,23.474601355236892,3.1697261347585655,82.11663004909815,-0.02159396912801996,-0.021616929061600187,-1.18632447914269,0.5572072692700079,0.06366959074569609,0.14738060144698997,0.691561832181319,2.0928155373398747,0.857594878255027,0.051665659812160855,-7.036485529524338,3.9029488762329496,36.702528077654534,0.7198052988863584,0.8750758328990881
2023-12-13,5.430352368691865,-1.3496681628553384,15.430400804888977,0.3802850839704494,12.547779534510287,12.125156687453622,78.11309258828976,-0.043735352998671345,-0.03442354210565368,-1.3464619962753936,0.4455875724682971,0.05932736742394799,-0.564858475640081,0.4288254495672668,1.2289602639883979,0.6828959903370936,-0.1902706567249208,-7.134096658004967,2.0210747031112035,35.60411542678656,0.7663274722708383,0.09175214883525232
2023-12-14,4.4125581935286,-0.17497468701297772,14.978583534695623,0.4972845152601115,11.58370820449056,24.990920023317937,74.49420895990653,-0.017310906603108366,-0.009656158263634702,-1.776083886500586,-3.8443765770626497,0.027676761344365666,0.11388989171200244,0.40453226898850736,1.5216232013841349,0.6202924243394652,-0.6585476717367469,-7.3364456765487125,1.504489337934885,3.553757335665261,0.7476071376675664,1.264693297631682
2023-12-15,5.7857037058626535,-1.3475761704469613,15.739344669412588,0.47483753575324733,14.324103269393376,20.354049688125382,80.90767506634307,0.11356631135837238,-0.024170333428635112,-1.4343161220497436,0.461854089971808,0.06818221777061356,0.13728563003021266,0.3531725841927291,1.2046783084710517,1.2388507502943504,-0.3131283317937363,-7.075850792456084,2.206094279844795,31.71736766133866,0.7401243667696832,0.7471096277580721
2023-12-16,4.499349672445485,-0.31068387575919054,15.160459358133222,0.3619761600867178,16.039016493825898,23.80820967998047,78.36542322885695,-0.011380844018772408,0.03953711210241652,-1.7821431913218067,0.9042387367113152,0.04633440195871281,0.14611998166257487,0.4658744306393853,1.6735315071271808,0.6528745640759313,-0.4633653056645679,-7.276213160151429,2.5833943144247207,5.257909821158635,0.6478026431784374,0.8778734038849626
2023-12-17,5.101010031462665,0.004263192026091111,15.754122534179606,0.6550632480660689,19.81487452266915,26.985464691342205,81.16593647354273,-0.00467607381818535,-0.004878860647578817,6.975737338253397,0.8150197288059612,0.04735099560581659,0.12166402579462164,0.6934766509272083,1.675233471835015,1.0391375391555524,-0.15636756092923937,-7.177938331331754,4.39101764134076,8.585450078729084,0.9174446626122764,0.9086187053543933
2023-12-20,5.964007296058926,-0.2539916629261717,15.167056448379308,0.4441311075463038,11.378485338204284,4.842314980712698,78.82542793046204,-0.0397725966768312,-0.0055695121123941925,-1.2132402334203582,0.6001869020304883,0.05022885393624921,-0.4126117573330078,0.5529653657347093,1.2416153647603434,0.5833925812019376,-0.17036096846683696,-7.130059816520024,0.6202611864400327,32.98082896754261,0.8027840952829877,0.44139762345571426
2023-12-21,3.8808589734885324,0.029588336611464875,14.039799952547618,0.44291667142965585,4.730513365308859,3.6660060871600297,71.49999355656861,-0.05662315796700672,-0.009145637159882999,-1.6557064026281751,-4.12928970982852,0.01882365933393092,0.15744690814816487,0.6035911655974253,1.326001148962863,0.12372129892044204,-0.23985507800449174,-7.236707041871304,0.6219845012168508,5.047850025064489,0.8263886601152167,0.867939905327034
2023-12-23,3.1659205650781335,-0.05879642839616999,15.158807940302816,0.33705289998910465,12.550492464460108,5.604130772125908,75.73348481922127,-0.09247364295028,0.03496884387688665,-1.7250412253834322,1.2553669642165675,0.0496205838488986,0.32974102119633963,0.4613431040104188,1.3887030293105567,0.2448451894530973,-0.12365056698727576,-7.398664296540134,-1.4999609739696793,-0.12844923833716823,-0.18499920725686334,-0.06065796513265769
2023-12-24,3.499301745023184,-0.0024074069600554682,15.714993253174368,0.39670156729220163,13.195628228010984,2.2607370089458154,82.19624276163898,-0.01924583544710543,-0.00686180319387815,8.16939307532716,0.8269513094625184,0.03791267039403394,0.16613497162170934,0.47223052003093946,1.9819822333600023,0.4005678378647631,-0.1176262150341691,-7.167402676104752,-1.3890723269366088,23.262954830587475,0.3896288291345856,0.0783673527096618
2023-12-28,3.109281284689201,-0.3735238911109213,12.294632237410923,-0.021802620489789794,10.354722454159138,3.77345819551458,68.37035237235759,-0.06834579324412142,-0.012792635682505158,-1.8408131580762754,-4.6611234826040695,0.024574604853688748,0.16533054896367438,0.40455342363505886,0.7220254394681462,0.057359652466026,-0.30529362085353917,-7.489946152850567,0.6687638005996219,-0.750045901482134,0.588414985580459,0.2059135724347963
2023-12-29,3.1772824331972904,-0.23334246958108196,14.312774678072735,0.10796785638362509,11.944815870539585,-0.008516974359768684,77.33664402296122,0.10603191087703058,-0.021242675370613476,-1.2692849843031067,0.5463148802567339,0.043592964863487134,0.14481794009416513,0.27772070992106795,0.8771476850481801,0.3029002234923656,-0.3068480261334646,-7.140913616401375,0.4388233865616776,44.661999640454646,0.7591312978128504,0.5352774309693934
2023-12-30,3.179850752358892,-0.16650021674883436,14.219159116466866,0.23557320695624878,11.066568064821805,10.423305971159829,74.21898924650718,-0.01653470485143985,0.03651741634426494,-2.000009300661524,1.0409951842872236,0.03927380467364174,0.2099923890144682,0.34084667840808736,1.0369852150545,0.40371931206457756,-0.35653801709003013,-7.315291659426535,0.49973660000854636,10.954422147579079,0.2802277619213341,0.6928417516095049
2024-01-01,3.301541418378003,-0.058399987277864975,15.881929290304308,0.6693208904628205,20.114237057497817,30.121350570087156,80.82898384555583,-0.009431390612749856,-0.013955675331689657,-1.6113153129255318,0.8660457395859331,0.031121336706396063,0.14694831202738912,0.6659435421775938,1.5133174334646398,1.2258221040337642,-0.24696396891103106,-7.247452610505813,2.7724452512655677,5.6115800307544825,0.28404822827461174,1.0817576592509381
2024-01-03,2.887777461446112,-0.10086577747884896,15.540271189745505,0.05516064422038576,17.55231336661309,24.55394690673702,79.18702566364135,-0.010333093493625836,-0.014229394847497204,-1.773858572054115,0.8149484351450776,0.0406918388030393,-0.4524104088199941,0.5901784994023012,1.2606602122393527,0.5913968161956003,-0.5631461759820833,-7.282543343648401,0.018694971216473233,8.599216696738134,0.7417844526841105,0.45269998243818876
2024-01-07,2.6784724779372655,-0.04400816041879708,15.182670281749273,0.22114432773827924,16.674240151747558,18.268267639946384,79.42782714187373,-0.010525893985368111,-0.003395887845701776,7.545990329724028,0.8726777057735009,0.03994538243133725,0.15190330891081766,0.6968414972615402,1.0073480094578144,0.26487578890278046,-0.243997617131568,-7.282734442033794,0.14182667295019652,7.967970288902801,0.260451131614886,0.4398329034714703
2024-01-08,2.970377051757252,0.04805557109182083,14.469573319838952,0.5091135739929765,14.841028818723512,2.8482180837229243,75.33347072207738,-0.05041152240528275,-0.011938800459715895,-1.6299396359410694,1.1795562204314158,0.04552701720063026,0.3564257965384087,0.9758166779370551,1.57413356701259,0.6924634062443576,0.04670408017498614,-7.391553639676844,0.7183379985995613,4.7941592802519954,0.3080019693073081,0.5243908459601595
2024-01-09,2.8119954001279015,-0.35842935072089427,14.184145829640206,0.13224678346607655,13.936641309571813,-3.2478609507859177,73.68518270254727,-0.08602844297681415,-0.016298947609659813,-1.5770888431189423,0.8833246191608195,-0.15085323316706992,0.26731438550430137,0.7275169500845658,1.181795227386154,-0.08654221513026016,-0.07216747706360722,-7.54126545982608,-0.3037450873633041,-9.643638192330036,-0.33519180279278094,-0.1255631676162698
2024-01-10,2.7700922377508332,-0.4583615147895586,13.805016701274157,0.005336253592318111,12.040499919195526,-1.2106460629864544,72.85967189435567,-0.08811667632522537,-0.01585904095328711,-1.6418972302148582,0.7975812570013314,0.02449344134855456,-0.74586190448796,0.6438746759640744,1.0095241609127337,-0.08624190851741997,-0.05017955388648166,-7.533349659362602,-1.5097812493656289,-9.620351161825248,-0.36790545381963313,-0.18724123704312384
2024-01-12,2.228825041743825,-0.1488650541570966,15.133197755957497,0.24482531460570145,13.068917472553041,-0.18476993416719434,78.54017751703519,0.10899167856958455,-0.02514511431263765,-1.593586774029636,0.7272296358592848,0.040686348960928924,0.1763150380155748,0.5102725917242328,1.3077785831774944,0.33302371938855196,-0.07615794537804667,-7.2809715201013105,-1.6877749003754179,23.521575123878605,-0.2624266479286532,1.0251365650190631
2024-01-14,2.767282370813976,-0.02105414107824594,15.701189570119759,0.3171395873633184,16.380827548464055,11.300773076656744,79.32354854432216,-0.00713481656206493,-0.0061168829398459525,8.58997701021953,1.0295461360547637,0.06120641588157298,0.18531716469623466,0.7500768705608842,1.2680823748147527,0.41590869461365426,-0.07492574336223505,-7.253557314743811,-0.3140758463500158,9.620929568322936,-0.04308683167516856,0.25148372796577284
2024-01-18,1.5458379892898606,-0.29059085211989416,15.172014355741794,0.24546465139709428,15.30908989263236,-4.571689091910714,81.567422272583,-0.044010372237773876,-0.027806109622089233,-1.2703724730567236,-2.1968505943944145,0.038600903005024105,0.11026805318141857,0.3485868544428792,0.6747154505925672,0.19218971248247552,-0.33508761080156585,-7.240589703138182,-2.1552931335316017,41.734546851989656,-0.30494370006662863,-0.1059353827243716
2024-01-20,2.1451394753961,-0.13433500291646924,16.30916834482654,0.3562490586939245,18.728964799304467,24.562468789137483,83.45695871283122,-0.015454304966105982,0.10421960332538917,-1.7089346144602533,0.5761711029047449,0.05467156162930603,0.11981773188663492,0.41005055182344735,0.7679432709854679,0.8175840546959371,-0.8828048620543933,-7.2168993727339545,-1.9826703035329558,18.585121301619576,0.11977811620533509,0.29194583677868413
2024-01-21,2.516024859841175,0.5740389350536597,17.5867435639786,0.8414562236060698,21.840022017947334,26.028009977215742,90.92205358030499,-0.0016973537769076775,-0.034919656106523915,7.523491791979695,0.41659954246705566,0.08300897894801225,0.15524824032211199,0.7948100813197168,0.47825894400698643,0.9413270062832402,-0.36347260813907656,-6.8721461317825705,1.2232821556618834,49.70990571592687,0.47799544191087356,0.08861360619357772
2024-01-24,-2.6560312340296983,-0.053126880793426305,16.833686410465425,0.5464982153848362,19.185162123243675,26.112512081953366,85.82289680565319,-0.01636110006437472,-0.07247036015910284,-1.7200694921345319,0.3933859238696112,0.05910573080951142,-0.63581179437533,0.15401999812498773,0.24384896031157965,1.429594204873945,-0.49587237769423137,-7.022220676168334,-0.2935677086448528,35.51218997773304,0.651497175827689,1.0771082672181482
2024-01-26,1.9497314948910194,0.4212975827989763,16.161432555468647,0.6057809844191285,18.541134746962534,17.981995816884112,85.12883896519546,0.03918465374135698,-0.08784933196303668,-1.7165147499278075,0.43822708077663136,0.06262493553304234,0.14071954427888753,0.36809664672571124,-0.019925234285060902,0.7529771414425915,-0.28322533581023207,-7.034374921036891,-0.15142999614108615,45.97296817056225,0.5594993851899576,-0.6555456651104633
2024-01-29,3.4705238521328137,0.013869695243811356,15.614089722306455,0.5062266936227517,19.087494305196117,27.498061290342758,80.65954420957335,-0.009457936752837489,-0.015514556139959036,-1.748434571055062,0.7780827328601178,0.0406941100657183,0.1408206497143839,0.616259008114512,0.8500774263342282,1.237064400827673,0.17736882949153218,-7.22003787826352,3.9175686719043767,9.544368059542727,0.49271037471174073,-0.06993531660483754
2024-02-01,2.555766008770377,0.36597832594819973,16.72964379589192,0.6452773051481554,20.979772878604976,24.499374762501798,87.35046997248494,-0.009914962202458048,-0.10017834616132684,-1.8453888795561053,-1.8205275576323954,0.050727317154234466,0.16467882138480605,0.11209517327722612,-0.26137986544308056,1.6355598415644368,-0.10603596229023979,-7.046112088963431,-0.41844119846766437,42.324190960185696,0.20937348805238373,1.6487388842686093
2024-02-02,2.2516400811903527,0.2267176164418377,16.811218262706376,0.6816554447658633,21.37300670860652,23.62729726781971,86.69614775512953,0.029002720091528652,-0.06405156173421314,-1.6415990815944466,0.4281168815625941,0.06312064784276596,0.1568779315062334,0.32236813455484,0.046944722837280836,1.9932762093290066,0.4071311032800504,-7.081006993291443,-0.5207046196628468,32.10457409309525,0.26325715147648154,1.5417961072001551
2024-02-06,2.5947886585568094,-0.16377794853409214,14.099062635121264,0.6862139768711034,15.952467855872719,-3.5962150122790453,77.82434261827775,-0.0300358328662338,-0.019410585946870184,-1.7332749242561671,0.9341047801133806,-0.14800306885740538,0.28917016001722073,0.6448867978754014,0.6350018055147396,0.5379957283737552,0.17391497704874045,-7.400566647283673,-0.06732393182756218,11.291547142256777,0.7512194865199904,0.7680326780087009
2024-02-07,3.16540358239021,-0.2589247384546311,13.491135034155008,0.6068099822098879,14.733219674439184,-7.786885050712111,75.91515212947901,-0.0863876557865118,-0.01619717835974623,-1.7568529174880527,0.9828878126409664,0.03327949938539269,-0.913766557671905,0.5989628650223442,0.13825011071588192,0.25704497287317735,0.08473696067615423,-7.488709960195975,0.20236922784370354,1.029333930030259,0.2640742567836905,0.4970738948376075
2024-02-08,3.155618938501043,-0.3348617117401619,14.72503430008098,0.6652679568032444,14.449749069387273,-7.463796513298711,77.56996220551942,-0.09669943969464646,-0.015238926738841028,-1.6742494541456792,-4.073980311651292,0.017941389021639546,0.17980836478637469,0.623043942861651,-0.13978636114933182,0.32763652687406863,0.11034088284244262,-7.519586059628017,-1.6772494543818763,-1.5340626261754728,0.4002491473914931,0.5962501424262706
2024-02-09,2.993710269658249,-0.29489662107521813,14.369879231868671,0.5988535324571896,16.261881702790365,-5.156987465497791,77.5755209698483,0.2530572028311158,-0.01461341373902115,-1.6364902153568677,1.0796670875802346,0.037912814310488936,0.3098931923112752,0.5981184664158425,-0.03239297857293543,0.36351429791804046,0.11315849726150912,-7.47790974537547,-0.44020937036151303,-1.1213800945841008,-0.02081901385547906,1.1452613997223369
2024-02-11,3.277796213551366,-0.09463313832610236,14.707784508411123,0.44763585840320935,18.50909556085833,0.11168610927411043,79.28668218243816,-0.050290695187088785,-0.004795662914051811,8.102989586498213,1.0105584312640414,0.04662523872959296,0.27799165037404183,0.6257053559662114,0.2213662031243962,0.30987957769561286,-0.009828429249535578,-7.34069670791136,-0.2954942545592372,2.258591145148747,-0.013033719962596719,1.3372016624408443
2024-02-12,3.4756658274799386,0.04400232816173421,15.47795519396795,0.6792321330874195,23.686750521970456,-0.8223120555217582,84.85165713389078,-0.018402035815216558,-0.03997282566849892,-1.2261230858482188,0.5031859466247883,0.054152909336761576,0.14672028391631523,0.4093836719626682,-0.267753760917818,0.6330536019161537,0.23977008696727728,-7.07699502116949,0.2601321593795078,48.45966429720106,-0.009417648990743382,1.9740500194297437
2024-02-16,3.0026083934295404,-0.27719692547002445,15.031476187466037,0.5955438888557606,16.512664025859966,-4.210458413463135,79.42588081168181,0.24336776405932764,-0.014274965741867195,-1.5827297131773135,1.1032673679411116,0.03905720754004685,0.3042305491201752,0.5853327426918666,-0.08081726342813315,0.41074224190681946,-0.05120687348049396,-7.490769566753917,-1.948755275985235,-2.603638064648109,-0.059088608562678786,0.975221521345735
2024-02-17,2.243220711409037,0.061147363924501416,15.540569773961277,0.6659773216648209,20.614203793745496,-1.7908853670717257,84.9780804590559,-0.022457533890810927,0.08521823400656299,-1.2286161799546422,0.5417589073123297,0.048001422910221574,0.14366766251557914,0.32502673899260065,-0.4235332050239862,0.5804678175939022,0.1085900520251715,-7.120059954100355,-2.0356151973382954,46.96702039182857,0.03683341094133693,2.0307705679101113
2024-02-21,2.6612416666225953,-0.3137906725560991,13.320126201918187,0.5829750005829301,13.966421563783266,0.8678304685579077,73.24745878021604,-0.07328167484943764,-0.016974088077795966,-1.6394384059803682,0.8301619517096646,0.02887075859865024,-0.8077385368864567,0.5202094546166438,-0.4795202562154675,0.13761739301032208,-0.006453445783496859,-7.529626102606804,-0.970242633034985,-8.088215141970872,-0.467164895706812,0.8584939896076316
2024-02-22,2.1544967247136553,-0.11105876756253014,14.624708080582403,0.5236527272352659,13.512177527506143,-3.678122946540286,79.66622195616424,-0.035215885433367705,-0.02762266896988474,-1.2612535151064015,-2.1719587232256945,0.04200185529709155,0.12071157449555055,0.249346311754621,-0.8679597463057128,0.3448787992736671,0.07802892392975481,-7.196079869615191,-0.8950671976986153,45.76055685856469,-0.18357635369685765,1.4117848668438293
2024-02-23,2.746503425786244,-0.2490568075371368,14.359619223197695,0.36523040974691257,15.438073219093507,3.891686024508675,75.06452372159222,0.18701735903651534,-0.014914233328037688,-1.6851088312673321,1.144926669843576,0.04305119479970505,0.3246548149767547,0.6097306287192161,-0.7807578646771465,0.18416605470223726,-0.019042652819427075,-7.430816234270312,-0.3838354984367341,0.3557476177720142,-0.23412945635138163,1.592039198955243
2024-02-24,2.090405045300516,0.1787929355176593,16.340779165234878,0.42982472748744815,14.572555451221223,25.191749402051204,83.99186930956988,-0.017750055380979242,0.059006587274982085,-1.5815433425174361,0.5607774353502968,0.06723906578788422,0.12766753624453478,0.17597696833679752,-0.6383880065461124,1.1429457947418744,0.6507131587753224,-7.190274840449029,-2.7639500737419236,21.47870756070213,-0.09516669452364263,2.1209976824598695
2024-02-25,2.469178392054478,0.2481899784487197,15.671961388994454,0.6597266364897937,13.561100283228521,29.148579104828343,81.73887826788328,-0.010478789192065404,-0.004647454755986231,6.338858163584037,0.795066405007363,0.03715290093478377,0.13810380415895687,0.5209204805237377,-0.41558239038600164,0.898081590168145,0.39155541248107223,-7.237156201806305,0.10872669867121451,3.417754218351067,0.43746877072090595,2.583584840344854
2024-02-26,2.095676510018146,0.03233232191450105,14.786311125617235,0.7074569296662282,11.858119942123901,26.055232943960196,79.06987541120446,-0.027044808087284263,-0.012268753050312288,-1.5479553908673995,0.8797972363212015,0.028573548073016007,0.15593425030871635,0.45947058987344136,-0.5145354879082966,0.7139875446466742,1.121425438799968,-7.3392548383650285,0.5519007869164374,0.9309706462049611,0.7273873746030145,1.4765934145746682
2024-02-27,2.188629030374995,0.032904058494319384,14.928136411989364,0.4595918681440209,12.711676749237599,2.193101537766013,79.09966685298592,-0.02880742182801434,-0.021663807769270016,-1.2608679373609761,0.5183978540178468,-0.1408074607501818,0.13795204111331477,0.38203580865617787,-1.172322213066007,0.3994778945900194,0.22905748803925338,-7.129678447867214,0.1944452531640707,42.55890501422991,0.39531743026093125,1.838383055243841
2024-02-28,2.181869039729406,0.07863449526000447,16.019362491208483,0.6352875352049795,15.731700911655006,22.73559474237892,82.54679403493653,-0.010445042162771683,-0.031468969671308696,-1.6687223432085232,0.6232933616476126,0.05354801642341549,-0.4678372419430181,0.31694249829872323,-0.7862339165384357,0.8659215563994992,0.9404016577134134,-7.208943762907721,-1.295729305806979,19.74839502286597,0.4586225225493198,1.8336020177880246
2024-03-01,3.753311464228212,0.021363175851459637,16.131683090162195,0.5970427135154345,16.754244650349335,31.271200170377302,82.80468107222937,0.011750014503438813,-0.018573283447355128,-1.4914694291046906,0.7635573906083383,0.04689736038939673,0.13898050882115376,0.6220615755424023,-0.5274986954323817,0.994530719383584,0.9576018717199798,-7.262418477616328,-0.7151973848286581,8.215559509440867,0.3608485566571378,2.5027072797592917
2024-03-03,3.503574050239857,0.4024797909572665,17.17576985393638,0.627378723022176,20.593189365958338,32.53670516999016,91.22351383614206,0.0026561764135057497,-0.0189675606104416,6.96435608754511,0.4041174348480021,0.05181545749381442,0.16428822453366176,0.4623865859439512,-0.7302462969649106,1.3413257617494976,0.3419069856971708,-6.85582350691721,4.207087466235171,49.58293645609321,0.8382016753595246,2.5632472520442957
2024-03-08,3.678332866090593,-0.14184309333392192,15.97438349830509,0.6175970200504035,16.068869301628094,31.630281991003347,80.4378558885783,0.031956747383882315,-0.022454473178535102,-1.416394778598933,0.6880460907954224,0.03494188077388322,0.14841043003915091,0.6362764956811932,-0.9485885422106148,-0.12354198451165528,0.767467464688187,-7.334987145504635,3.7349024108063738,-0.6675536895892666,0.4536592518430637,2.534047937796817
2024-03-09,3.355801909766929,0.27324304530654947,16.98344252004869,0.5288867833206783,18.497411860747377,32.8398083852529,86.82678875006097,-0.006389185937188714,0.30415400330950143,-1.6212416450319003,0.41513063285937074,0.05874255006986826,0.18834893930523824,0.1825007514603563,-1.264915726980663,-1.2261290853829636,-0.1044889924179072,-7.003537066829462,4.885544129119844,42.61191116098874,0.7161991288517369,2.175217248531892
2024-03-11,3.9787935470528897,0.34878811889154643,16.248057939133552,0.6221548834102475,17.139194721165087,34.41045176051417,83.83796552289543,-0.005204094764113381,-0.029663454126405392,-1.4399377294634073,0.5506342594786802,0.06614508602056664,0.14169274675656965,0.39062121391942756,-0.9656213901928978,-0.32661372318371273,0.7909547356852238,-7.139977259481525,5.067825914750093,21.74438561390183,0.9093765712122205,2.373550310221311
2024-03-13,2.3713718608702234,0.1863779632785341,16.066614848556096,0.488996015074711,17.806568743737902,30.631345619638708,81.71888738842978,-0.007258737101747205,-0.07867041600092316,-1.5737802508811216,0.44825850500600906,0.05427547823278961,-0.5798945995427643,0.20665267443232352,-1.5207218438258578,-1.8123463031067408,-0.1863332208868076,-7.13958693706472,4.661663300160375,26.952622825253773,0.5566076653768375,2.067660319146155
2024-03-14,3.689476338231093,0.17157000266551678,14.769994851680453,0.444979009007688,15.585574480318117,31.23227412341564,76.55385697900266,-0.010157688500107806,-0.02774998123159383,-1.6780359670657417,-3.246211336662979,0.02389929642579128,0.10929239991939171,0.6083142341100957,-1.8968292746374442,-1.048356878635699,0.1854401766001758,-7.336962750182789,4.5198941233963845,6.803644877870632,0.756150250530995,2.542941983373606
2024-03-15,3.443586638486637,0.4401398276386765,16.28066137551369,0.4435093280937011,17.34934802534537,26.72824308373231,83.20359640282173,0.012825066731345428,-0.12834346809235248,-1.8022093494847544,0.4288677519814908,0.06634873167256608,0.21807028702999212,0.26898242015569523,-1.6457683970576764,-1.608738851298662,-0.22059220465686818,-7.082706514809164,4.7665257102149035,35.89637567877684,0.42924261444971307,1.935768853197375
2024-03-16,3.7995774828970634,0.43560539478849414,16.61417415738862,0.3806870630829875,14.637306236652483,28.27933790497375,83.31703263932846,-0.012874326325086704,0.3918035066536551,-1.7320754075916625,0.46129125599011694,0.06012948729536948,0.2318009898697298,0.20475638286589462,-1.7452024051655772,-1.3722807647429853,-0.22388361963765702,-7.051293244786926,4.714288966465233,39.12339107665752,0.12551577443375758,2.1013978228995707
2024-03-18,3.630377965285269,0.052552610108037405,16.222393077466695,0.43071081571090125,13.296742318498724,30.41303845390073,81.39477092438877,-0.006443736569862341,-0.029530367957860144,-1.6339838305438448,0.6079749240173181,0.06888871872651899,0.13192520112739883,0.47153545933543906,-2.1825183240104837,-1.1779554272946868,-0.19126863799943802,-7.178421738934191,0.9913724277200813,19.414175779282992,0.4951980228773927,2.3771524183193393
2024-03-19,3.116787474578473,-0.015420137379534913,15.513927606687009,0.627566488690348,11.48672123865287,29.46654049697193,77.35815875701203,-0.01518588190651913,-0.020748146902180437,-1.6315936806086786,0.8091411560219675,-0.08430867741369465,0.1476989316721477,0.5444515102002842,-2.320449935162768,-1.0013859443948887,-0.32688771340070627,-7.3781204559482845,0.5805428247657506,1.1394320412529872,0.32815490942749276,2.0920384673551196
2024-03-25,3.61747103966203,-0.04193075041667151,16.38062482890415,0.11124730857089046,13.9762704671573,26.811938320607887,83.91303495940774,-0.012604281617166925,-0.13564901196464452,-1.797250748768905,0.503978091846176,0.04641402319869505,0.21519317949547465,0.25476179921760705,-2.4903022737688407,-1.6907118576635491,-0.3548782522448672,-7.097471465133034,0.011328032350985201,41.98391724089253,0.042764748343173904,1.9415399772873867
2024-03-26,3.1673570370481214,-0.1961092462488922,15.608345286357183,0.18599596038172597,11.340537215011885,26.75251136427383,79.19968759827688,-0.00712191846726101,-0.03891046423536995,-1.705585276668896,0.609071724580225,-0.1457127636850145,0.12156657389702691,0.38821042886386997,-2.6938701060254604,-1.9498495082805778,-0.560488548003065,-7.252332145371004,-0.05756198291910358,19.035805355305374,-0.28802826391645725,2.4210104142771054
2024-03-28,3.10873926389937,-0.13358500428490355,15.735810031340682,0.049234832140326756,11.907428356522527,23.582701564632433,79.04141683117723,-0.023241495661806683,-0.09330186073225268,-1.7189898633590803,-1.9322227135322645,0.04328612138500057,0.1427333716914783,0.2950301427431419,-2.6563409549534294,-3.151135451938642,-0.42334930098689344,-7.225762442404416,0.9684148642231266,30.894989647550112,-0.21190098711617064,1.5809324495078168
2024-03-29,3.0838304092060587,0.056874473468780294,16.079555306037534,0.3551667221481203,11.679106380812414,19.679123022289698,79.82607888576217,0.09641442807060416,-0.08804195897027069,-1.5460199173269504,0.4969247099890675,0.053342367683744854,0.17672489907677463,0.29837157173243317,-2.5954553387467603,-1.903923120804335,-0.3362426824090978,-7.158066364208732,1.469337113262957,34.36548498832811,-0.15910721241504583,1.6185565559609674
2024-03-31,3.7133933909961674,0.6425539436304215,17.21752619777946,0.3414488810332922,14.669626648214269,26.79812543265599,85.94914659909274,-0.013063353344064721,-0.06085676186179833,7.8256530320558815,0.44486159509435563,0.05397208142980129,0.2364116826066039,0.6576250207434025,-2.9487066511860145,-1.6346076329515353,-0.12395505921115807,-6.9365741410859245,1.7556306463477243,51.3179129794397,0.23859364817023698,2.099466877701744
2024-04-01,7.636620233023138,0.034778656761681216,18.27808534626402,1.3904637145174792,-24.169795155432404,-23.974199847116797,98.01822069734455,-0.025147740026313002,-0.021195678543949874,-1.0371791591100243,0.5447123908434138,0.03741108759735202,0.13330757068553947,1.4410840753165037,-2.795656458245826,-1.4881887410925654,-0.6094075067732725,-7.43684343999747,0.38350546648056627,80.12186788634287,0.6889633035577821,2.1803359926245256
2024-04-02,3.4938561338539995,-0.2750850128626893,15.839852849771075,0.4325559480632543,14.157898009476234,24.35827680603107,83.16475880297502,-0.014142499274035936,-0.14669872319730032,-1.9760974052650957,0.425226224629731,-0.16225729666940525,0.2381251866459475,0.2914031729849655,-3.6958429353758016,-3.4740226731557717,-0.3192729814057619,-7.083793019286056,-1.0945727003394121,47.795252801641965,0.3410206068982344,1.8932193068497822
2024-04-03,3.4654068445363886,-0.42818911431786627,16.020742636521543,0.14406118622409658,13.870441815674232,24.777588731073877,80.88774053512121,-0.014299148244860387,-0.14376363871405162,-1.8006695766732526,0.4482832739732239,0.049237929921057966,-0.7887264447340429,0.21928228441593206,-3.2149826407129396,-3.3793843114813518,-0.32731587131007095,-7.137868550931292,-0.005441282992205012,38.31231909961331,-0.15007608562589264,1.9130508865733011
2024-04-04,3.068277662496852,-0.38454880323843393,15.436449392382807,0.33306234857113315,12.517948038419858,25.152301679415366,77.09636073659735,-0.015311722118664068,-0.04521069589584914,-1.7445281056922248,-2.319192636889184,0.05266480780314923,0.1122002413774274,0.35178937583529896,-3.4073121858083852,-2.962215332799211,-0.6433680916450311,-7.306038221424913,-0.40760779774068623,20.579453205261828,-0.06105689234605376,1.5830547043406196
2024-04-05,3.4286729692335576,-0.2233282437502605,15.240974936699583,0.39001680462848914,10.433313298944633,27.47855705543256,74.62727586315904,0.026891516244021054,-0.023745875821536814,-1.7975753412117013,0.862639635765474,0.0278029250364883,0.1514585327007717,0.5530076466409004,-3.2742290790902837,-1.5104148219278624,-0.35361657371287586,-7.3960986946480745,0.9842745191818568,4.924528107588839,0.727409852053753,1.3596381633744188
2024-04-07,6.116631338404102,0.08726670518999163,15.664927966750598,0.44315717708771496,13.542963941458968,27.12839685271428,79.29778544309112,-0.0032319486791580017,-0.023085116895197502,7.162132976713911,0.646363320493353,0.06374646742018789,0.12434467863649068,0.6326966840520807,-3.2588296533213663,-2.242781979717399,-0.3128217640034696,-7.164920961037196,4.700643490156296,19.344423843676065,0.5897315770377229,2.381317136154767
2024-04-08,3.9062002345653744,-0.0016320999269184696,15.70298753087798,0.34945399997313736,14.316510445494668,24.59310237231676,78.9729043075105,-0.01039875468780208,-0.12989698100388064,-1.6955582582821915,0.46445590538153053,0.060073681054944095,0.22212334260198846,0.20519062244714498,-3.302694148855187,-3.407602668263721,-0.37963418712426183,-7.152994421293249,4.363982150172848,35.86477711029676,0.11402922241835299,1.4804214933198505
2024-04-09,2.7886877361971583,-0.30157574436582335,14.798161472258368,0.14417316395334479,11.012191581265835,22.343410156990448,73.07267761307426,-0.015779109614271834,-0.06636964759981727,-1.7167613714609982,0.5014652488414993,-0.23658801827096593,0.134287355684603,0.16672647349660027,-4.451048518619954,-3.546834561633262,-0.7140004872520673,-7.310089206601311,3.6706613986671863,23.922050458399404,0.6994304878101806,1.2555781813703082
2024-04-10,3.0253748653133505,0.23725275401773346,14.843455113594516,0.06331882847106271,12.269446463372702,23.738626387778073,77.74604983403484,-0.014570888695270345,-0.13474043562701876,-1.9904295460340702,0.41282940769612564,0.05633614172837934,-0.9114611762974589,0.16559595114279554,-4.623066561061716,-3.897738599027628,-0.46191157325040305,-7.130535767469329,5.1690048709674326,49.80828407918286,0.6161489887471452,1.505989662177098
2024-04-11,2.9204362561744124,-0.25302553842629544,13.843386163233765,0.13520641479844597,9.15383510430868,27.441210104025796,70.1192498769291,-0.01035530748277129,-0.024260983203123063,-1.8754864857172815,-3.617185492097229,0.02751039222862869,0.1111749865854031,0.49948887723718716,-4.099213858300298,-2.068445418982699,-0.5357187397448828,-7.4400078467157895,3.27742329769074,8.291471216388148,0.9095743762736855,2.031353114610452
2024-04-13,3.2655357357847095,0.34952511238362916,14.809320647603144,0.29463025281477834,10.376994033596196,30.355598824242538,73.34907179333258,-0.0072380189187124565,0.05383197058793757,-1.8049128248998438,0.9348491799512615,0.03263054219155167,0.14267565297323864,0.3342635350169986,-3.7640068464717946,-1.7216422640652278,-0.5122777403413454,-7.364639214448605,3.66904042510669,6.335474806656637,0.8058895394075767,2.855023094056765
2024-04-15,3.831043838916695,0.40056041542009907,15.989183383207253,0.44352667771434995,17.86471421476611,26.652539640625946,81.97721714676607,-0.003069650003546753,-0.13713141455566547,-1.934549635912858,0.4175132609086826,0.05805669096745219,0.23500156331318933,0.336662901678818,-3.9531454449396413,-2.604199666548987,-0.4333019841783369,-7.063539198551995,4.477540062771678,49.2367463151608,0.7072358324400619,2.3473852084171094
2024-04-16,3.094963212848827,0.3658781014759103,14.905015970276898,0.04609053420918335,11.748746717786032,26.112781496586052,74.0969778942216,-0.007686358798593906,-0.03733382721315674,-1.7334787005730703,0.5945917016277791,-0.24354355157038696,0.12200851850793784,0.07183995792642353,-4.531360876230435,-2.839141414351575,-0.8617300373386083,-7.296129951027381,3.8659549681206005,20.065835411197206,0.6108621157237161,2.1146956191771467
2024-04-21,4.854612282560793,0.40152077195575847,15.28437411384736,0.42124578569111987,15.143925787732577,29.14802077336665,76.61291859071473,-0.0056617341300127,-0.010045055648161149,7.3623906131339565,0.894400793210011,0.03809911783498718,0.1317154311665976,0.4828208752517159,-3.909170511682958,-0.9636751042267916,-0.1633265825445909,-7.28770385898291,4.468062406186666,6.5591433204117155,0.3718973259581022,1.766384905392508
2024-04-24,2.7789186770264314,-0.23465561603626367,14.14099090396189,-0.3317733610602582,10.152884508217035,26.541098502235894,68.886245507581,-0.019592689444741886,-0.024051071805388517,-1.7254057455539966,0.6130773567499749,0.021405585998531804,-0.47365167093310306,0.13267808970038195,-5.15542246428126,-1.195285711034929,-0.905182040226935,-7.523862874363472,3.0415196422933723,-6.886380838146341,0.741913218835166,0.9533478230315013
2024-04-25,2.782929542988148,-0.199774247456562,14.138471613664754,-0.2636840598700583,9.260491861250646,23.080045369969643,68.17119808925314,-0.022542155423200497,-0.018892215599100863,-1.8810638107567332,-3.2717720655296874,0.01960887407895657,0.12606429899768554,0.21207020733353193,-4.961094296271438,-0.9686872506121507,-0.9833693488504345,-7.468722180493683,2.586199789967661,1.3906283738707834,0.21322624472587848,1.4382194407413014
2024-04-27,2.91498086753584,-0.13601119249544116,14.572297210732634,-0.3144539511647197,12.313691589301522,27.93233413471489,69.87983628442022,-0.018303024520770934,0.07931901139700726,-1.6303611355722347,0.5963754331421695,0.02192695418176437,0.1492787926647475,0.2873238739586392,-4.668930268927348,-0.8543791861707652,-0.7470677949890482,-7.499970533281677,4.111009272836845,-8.529242153407068,-0.200656369403704,1.4282780623820706
2024-04-29,3.2218280497171894,-0.12690312381357047,14.755934381617596,0.4579868182991371,13.07194200222877,26.939822272119752,71.51697224084839,-0.009627052636228754,-0.02312081592098623,-1.7941501361129037,0.8990067160050599,0.027245671987448653,0.1533308896324296,0.3812283036897679,-4.606745448784333,-0.6555001773313851,-0.5168025965114323,-7.408676383478274,4.5680191778164545,6.183344909531156,-0.11634548051696594,1.6165991794307986
2024-04-30,2.913501991499142,-0.12052282392431217,14.470574899975185,0.5299177267900044,10.195255191157127,15.009680933091357,71.16102781670602,-0.02761777851172872,-0.03660126148528095,-1.6066090750628852,0.5658432917840125,-0.1499349377320461,0.15974604142167131,0.23547020139313748,-4.598950392928261,-0.711040173119154,-0.522325749072751,-7.294302907176275,3.666443697033886,26.783219904054853,-0.07019624159252733,1.2140160038660441
2024-05-04,6.38325409881803,-0.18858946919371075,15.496129986420858,0.221881656559776,14.312766185150391,22.979344278323353,76.07874965956891,-0.005387587928482204,0.12357596797168245,-1.6492256412234567,0.6491480331672448,0.07353763698380661,0.13794618136206774,0.2175001081733183,-5.075143712415105,0.2622835756404521,-0.4088865464756618,-7.226373282510651,3.6610942429250186,21.986552988420623,-0.29291287604376554,1.5859577229025137
2024-05-05,4.570589484339499,-0.019597732370870275,14.465396140013462,0.20055372052893017,13.707332024495095,25.317024178689966,73.47379936501261,-0.018962857402851144,-0.008050315650267587,6.837944124734485,0.6943643718733653,0.02641230361544192,0.14019412528116743,0.42935144659592805,-4.217803304508598,0.07906708348941992,-0.2511999084349878,-7.362417113847925,3.9512428906422383,-4.613025898546616,0.16619986370581502,1.1165647969128647
2024-05-06,4.205460954323769,-0.28162455559605953,12.629258856668786,0.03356742067819082,11.355339256296055,7.3453947509548,67.32778282589318,-0.043269483006342674,-0.017334394367543665,-1.6363628531053382,0.8684968573771373,0.0309517002653887,0.2741973116239598,0.4453106015701262,-3.665017760428447,-0.14240844656037416,0.00510672141210102,-7.506860818828525,3.6192267508473184,-6.879163575364811,-0.49009024592871386,0.8363521142508832
2024-05-07,4.065217647189198,-0.4366027464619059,12.881929718099785,-0.0028679433191092906,10.942020996266006,6.739470681887654,68.41094655530888,-0.0582813619057819,-0.01816875091097999,-1.6173594536835003,0.8359028009605575,-0.11567105974206236,0.28258027690250825,0.4453477696645192,-3.922336858202232,-0.20647969175418868,0.05316289139461565,-7.391139211562422,2.5316810941355,-14.824793408212614,-0.48206621962853236,0.8729041359647304
2024-05-10,4.518998204363433,-0.2879995533733874,14.08557282698147,0.31401506357824194,11.679571461251324,5.824549199416803,71.155351876894,0.17112506399436792,-0.011663727612155535,-1.6796482248740394,1.0519620304663193,0.04363164849204149,0.3100694021142304,0.552537248272868,-4.002387575810924,0.016339172883673318,0.0532557907854953,-7.441351698813013,0.5593672235211301,2.118465665679752,-0.06327048823835998,1.0845529780070875
2024-05-11,4.8327332294721135,-0.15307845806920134,14.716794878350477,0.4008988910461782,9.28136759603093,1.695311725697389,76.2067964225742,-0.030352223473146853,0.0641780359609454,-1.1752358513138612,0.4922771428493916,0.04118277436487463,0.15258251767727388,0.2752051716648315,-4.0549619464065,0.36021734523915905,-0.2698498210499314,-7.131143981408544,0.37156707793189653,40.707419520914435,-0.23538394038885552,1.5617061595061987
2024-05-13,5.4430472461175965,-0.13800657582418013,14.532002613173136,0.38047658623269004,11.801370377786235,1.9788302078373226,75.0650964999104,-0.025350849038108855,-0.01942947894455009,-1.2540803416504465,0.501313905690872,0.038327649419101426,0.16614041025181006,0.26579975293459107,-4.174766546165575,0.39415701741304027,-0.16915381651142594,-7.154086112140252,4.353242293343308,46.12726452187669,-0.047992370376422976,1.818210764998769
2024-05-14,4.586727300768139,-0.3514175292273549,12.76669015884907,0.3017655710476414,9.861715383537575,4.4046694690481845,68.36151762848407,-0.04267576443410556,-0.011151472116428465,-1.8007164038372943,0.9320374392974414,-0.114146193707141,0.2850451401552813,0.40438009449582435,-4.100995790043487,0.18036304606154224,0.059525523614867897,-7.451774892255957,1.8496001502483912,4.023065774060206,-0.41061613047104506,1.3295132270480925
2024-05-15,3.647088192778324,-0.32183373207000415,14.082988091465772,0.46606532891652386,9.605247791290353,1.731633755260556,72.47005716247685,-0.03323077583607746,-0.02730168805689864,-1.4010322075977963,0.5606225026817235,0.038559854165291875,-0.5012869286472107,0.15028948486913368,-4.646352187459796,0.39248708481424466,-0.3734882246961393,-7.272226425917128,0.8406652085588735,29.07743983148493,-0.47247603622111684,1.3349073772453646
2024-05-16,4.466699466534954,-0.48286318338542644,12.839424885198593,0.4669573865635462,9.756509318820143,9.965073220408529,67.4420444091783,-0.034445933039503766,-0.01257125423092193,-1.7946226438193453,-3.094016359257616,0.02050800750814216,0.12612574186100492,0.3310083854732501,-3.6386455733880325,0.17489995872970346,0.06349773528033983,-7.524637192446133,0.5994594185387975,-6.381226116000846,-0.31328233513724585,1.3155435432736662
2024-05-17,4.281249943798689,0.0027155070287394343,12.954520785466826,0.5160900064947552,9.35416475272584,8.237160578097217,70.31647004238964,0.09398150270652567,-0.014543312023143093,-1.6660063939346088,0.8905434247353805,0.029454598413876112,0.2171361260991865,0.29909138775633404,-3.636629133916827,0.17410497843251166,0.7956056254168877,-7.4571335926191145,-0.3535396167945998,-6.161105478733931,-0.3571121016071862,1.6388428025112238
2024-05-18,6.531194018211638,0.7255483968279884,16.285378636145918,0.6558168331842138,14.10245015481323,23.20276892252909,86.31106572864607,-0.01458364108910146,0.2657109447984927,-1.447047482473238,0.4258355698674722,0.05144464811492524,0.16709814305584342,0.41300058691612235,-4.194680574176043,0.6113120846342218,1.0746406766531726,-6.985409151651565,-2.027538934356736,53.41160264280213,-0.24756686835889688,2.7143437368835897
2024-05-19,4.910100075617343,0.4095241637515618,15.279297991581608,0.753152341458888,10.653284992161495,17.0332024521499,79.91005860537624,-0.02165673393366229,-0.00548453885025528,8.508226317732438,1.0095027803084757,0.036865489078601044,0.17116440008487935,0.5594628798313108,-3.413834470873724,0.5209679088866397,0.7492848336790076,-7.247810441066119,-1.8818936525474124,5.242233249885594,-0.011438352627873944,3.181308072796695
